Number xind yind east north data err wgt Elos Nlos Ulos
********************************************************
   0   22  -66 39.252382 38.402467 -4.089377403259277 0.25568872690200806 34 0.5606491565704346 0.13049380481243134 -0.8177065253257751
   1   22  -66 39.262807 38.402751 -4.322140216827393 0.4590327739715576 31 0.5615255236625671 0.13061799108982086 -0.8170850872993469
   2   23  -65 39.271651 38.410364 -5.209615230560303 0.4488319158554077 25 0.5621726512908936 0.13119016587734222 -0.816548228263855
   3   24  -65 39.279748 38.410002 -5.027799129486084 0.3259938359260559 34 0.5628311634063721 0.13124370574951172 -0.816085934638977
   4   23  -66 39.271602 38.403518 -4.480904579162598 0.34671545028686523 20 0.5622314214706421 0.13075023889541626 -0.8165783882141113
   5   24  -66 39.280485 38.403092 -4.748579978942871 0.2995906174182892 31 0.5629194974899292 0.1307981163263321 -0.8160965442657471
   6   25  -64 39.287672 38.418050 -6.435842037200928 0.25105801224708557 27 0.5633744597434998 0.13182948529720306 -0.8156164884567261
   7   26  -64 39.299973 38.417536 -5.745711326599121 0.41169971227645874 30 0.5643481612205505 0.13190732896327972 -0.8149304986000061
   8   26  -63 39.307478 38.423990 -5.705503463745117 0.39271819591522217 30 0.5649315714836121 0.13240154087543488 -0.8144459128379822
   9   27  -63 39.316307 38.423889 -6.352114200592041 0.4165274500846863 41 0.5656419992446899 0.13247692584991455 -0.8139404654502869
  10   26  -64 39.307285 38.417107 -5.336592197418213 0.2778242230415344 32 0.5649576783180237 0.13195161521434784 -0.8145008683204651
  11   27  -64 39.315936 38.417281 -6.02678108215332 0.4610593616962433 24 0.5656795501708984 0.13204945623874664 -0.8139837980270386
  12   25  -65 39.288811 38.409317 -5.11173152923584 0.30782264471054077 16 0.5635496973991394 0.13127879798412323 -0.8155842423439026
  13   26  -65 39.298704 38.409848 -5.704962253570557 0.3937978148460388 17 0.5643250942230225 0.1314018964767456 -0.8150280714035034
  14   25  -66 39.288713 38.402584 -5.164781093597412 0.33913370966911316 31 0.5635342001914978 0.13082891702651978 -0.8156672716140747
  15   25  -66 39.297023 38.402567 -5.06242561340332 0.22157421708106995 47 0.5641812682151794 0.13090063631534576 -0.8152083158493042
  16   27  -65 39.313110 38.407592 -5.1532368659973145 0.5145273804664612 37 0.5655211806297302 0.13139453530311584 -0.8141998052597046
  17   22  -66 39.253044 38.397256 -4.469341278076172 0.3040579557418823 36 0.5607209205627441 0.13016074895858765 -0.8177103996276855
  18   22  -66 39.261677 38.396428 -4.962776184082031 0.5513361692428589 10 0.5614060759544373 0.1301824301481247 -0.8172366619110107
  19   21  -67 39.251162 38.389116 -5.066468715667725 0.47525566816329956 17 0.5605862140655518 0.12960737943649292 -0.8178905844688416
  20   22  -67 39.261388 38.388891 -6.051799297332764 0.6170284152030945 38 0.5613635778427124 0.1296761929988861 -0.8173463344573975
  21   24  -67 39.277969 38.394522 -5.4711480140686035 0.6803008317947388 17 0.5626637935638428 0.13019444048404694 -0.816369354724884
  22   22  -69 39.257188 38.376906 -5.543161869049072 0.8283300399780273 81 0.5609435439109802 0.12882640957832336 -0.8177689909934998
  23   24  -69 39.277708 38.376716 -6.578969955444336 0.6311641931533813 21 0.5626561045646667 0.12901359796524048 -0.8165620565414429
  24   25  -67 39.292408 38.393253 -5.332454681396484 0.6536138653755188 12 0.563759446144104 0.130228191614151 -0.8156076669692993
  25   27  -67 39.311217 38.391918 -5.320991039276123 0.3014952540397644 6 0.5653138756752014 0.1303207278251648 -0.8145162463188171
  26   25  -69 39.294264 38.377862 -7.194842338562012 0.9580696821212769 3 0.5638192296028137 0.12920203804969788 -0.815729558467865
  27   27  -68 39.311754 38.378160 -5.787380695343018 0.32217034697532654 47 0.5651501417160034 0.12936443090438843 -0.8147823214530945
  28   15  -70 39.182216 38.368759 -6.551351547241211 0.5061052441596985 24 0.5546842813491821 0.12755100429058075 -0.822226345539093
  29   16  -70 39.190984 38.368155 -7.049083709716797 0.38194796442985535 72 0.5554078221321106 0.12759652733802795 -0.8217307329177856
  30   15  -70 39.181766 38.361216 -5.649582862854004 0.38407596945762634 76 0.5547318458557129 0.12707221508026123 -0.8222683668136597
  31   16  -70 39.190412 38.361196 -6.290815353393555 0.7297059893608093 58 0.5554718971252441 0.12715929746627808 -0.8217551708221436
  32   17  -70 39.199898 38.367952 -6.301059722900391 0.5117797255516052 147 0.5561711192131042 0.12767758965492249 -0.8212016820907593
  33   18  -70 39.208956 38.368270 -5.400232315063477 0.2286744862794876 126 0.5570157766342163 0.1278066784143448 -0.820608913898468
  34   17  -70 39.199551 38.362186 -7.014750957489014 0.5647981762886047 32 0.5561884641647339 0.1273031234741211 -0.8212480545043945
  35   18  -70 39.208485 38.361707 -5.9674577713012695 0.3230589032173157 34 0.5569376349449158 0.12736065685749054 -0.8207312226295471
  36   16  -72 39.186563 38.349782 -5.958666801452637 0.6886365413665771 19 0.5540605187416077 0.13090527057647705 -0.8221196532249451
  37   17  -72 39.202834 38.348773 -5.805793285369873 0.6669619083404541 24 0.5546618700027466 0.13402940332889557 -0.8212102651596069
  38   19  -70 39.218804 38.366641 -5.927753925323486 0.6460126042366028 20 0.5578809976577759 0.1278049349784851 -0.8200211524963379
  39   21  -70 39.244508 38.365492 -8.234737396240234 1.0815513134002686 26 0.5599402189254761 0.12795895338058472 -0.818592369556427
  40   19  -72 39.220871 38.348124 -5.412561416625977 0.5270910263061523 24 0.555863082408905 0.13583700358867645 -0.8201003670692444
  41   21  -72 39.241360 38.348762 -8.331918716430664 1.3564684391021729 21 0.5571134686470032 0.13715358078479767 -0.8190320730209351
  42   16  -74 39.194203 38.329299 -6.269716739654541 0.7101460099220276 115 0.5529893040657043 0.1355428248643875 -0.822089433670044
  43   20  -74 39.229828 38.327061 -6.632272720336914 1.2513885498046875 78 0.5559075474739075 0.13576273620128632 -0.8200824856758118
  44   23  -71 39.268772 38.355253 -7.845268249511719 1.2230204343795776 44 0.5597473382949829 0.13540589809417725 -0.8175256848335266
  45   26  -71 39.299962 38.359179 -6.044902324676514 0.8429195284843445 31 0.5623582601547241 0.1355094462633133 -0.8157146573066711
  46  133  -24 40.540426 38.773077 -4.241677761077881 0.40696483850479126 46 0.6530135869979858 0.15766267478466034 -0.7407534718513489
  47  132  -25 40.521948 38.759374 -3.9276366233825684 0.36166900396347046 37 0.6519211530685425 0.15660591423511505 -0.7419389486312866
  48  133  -24 40.531076 38.766258 -3.8216352462768555 0.26143747568130493 525 0.6524678468704224 0.15713752806186676 -0.7413457632064819
  49  133  -24 40.540138 38.766173 -4.172108173370361 0.28324413299560547 490 0.6530144214630127 0.15717795491218567 -0.7408557534217834
  50  133  -25 40.530749 38.759509 -3.792613983154297 0.20879784226417542 487 0.6524562835693359 0.15666113793849945 -0.7414566874504089
  51  133  -25 40.540005 38.759011 -3.7442195415496826 0.31692996621131897 324 0.6530248522758484 0.15667535364627838 -0.7409529685974121
  52  136  -20 40.568070 38.808109 -3.288947343826294 0.4638429880142212 47 0.6546177864074707 0.1602708399295807 -0.7387752532958984
  53  136  -20 40.577196 38.808018 -3.465350389480591 0.6642869114875793 49 0.6551958322525024 0.16031841933727264 -0.7382522821426392
  54  136  -20 40.568053 38.801093 -4.457455158233643 1.4212121963500977 43 0.6546312570571899 0.15977737307548523 -0.7388702034950256
  55  136  -20 40.576911 38.801012 -2.757448673248291 0.2375038117170334 52 0.6551864743232727 0.1598224639892578 -0.738368034362793
  56  135  -21 40.558905 38.794091 -4.174554347991943 0.7958036065101624 51 0.654085636138916 0.15923507511615753 -0.7394702434539795
  57  134  -22 40.549626 38.787252 -3.379570484161377 0.276152640581131 49 0.6535333395004272 0.15870457887649536 -0.7400723099708557
  58  135  -22 40.558606 38.787047 -4.568008899688721 0.6556132435798645 46 0.6540905237197876 0.15873967111110687 -0.7395724058151245
  59  136  -21 40.567926 38.793602 -4.372412204742432 1.2985445261001587 50 0.6546441912651062 0.15925031900405884 -0.7389724850654602
  60  136  -21 40.576747 38.793900 -2.9047605991363525 0.36341574788093567 52 0.6552062034606934 0.15932515263557434 -0.7384580373764038
  61   14  -75 39.171492 38.320522 -5.818827152252197 0.8072489500045776 50 0.5510430932044983 0.13471105694770813 -0.8235316872596741
  62   15  -63 39.182125 38.424149 -2.358189582824707 0.4783926010131836 50 0.5549113154411316 0.13124273717403412 -0.8214918375015259
  63   16  -63 39.190902 38.423999 -2.0266530513763428 0.17965060472488403 53 0.5556250810623169 0.13131944835186005 -0.8209969401359558
  64   15  -64 39.182276 38.417480 -2.926532745361328 0.28228166699409485 50 0.5548690557479858 0.1307930201292038 -0.8215920925140381
  65   16  -64 39.191089 38.416975 -2.5928492546081543 0.32017454504966736 47 0.5555986166000366 0.13084878027439117 -0.821090042591095
  66   17  -63 39.199547 38.424361 -2.447385311126709 0.32787713408470154 48 0.5563618540763855 0.1314345747232437 -0.8204793930053711
  67   18  -63 39.208781 38.424306 -2.2433719635009766 0.2391144335269928 49 0.5571033954620361 0.13151809573173523 -0.8199626803398132
  68   17  -64 39.199694 38.417102 -3.202197551727295 0.2317289113998413 50 0.5562812685966492 0.13093562424182892 -0.8206138610839844
  69   18  -64 39.208593 38.417479 -2.4933664798736572 0.25659048557281494 50 0.55699223279953 0.13104349374771118 -0.8201141357421875
  70   15  -65 39.182226 38.410661 -3.5315654277801514 0.3359246850013733 51 0.554832935333252 0.13033677637577057 -0.8216890096664429
  71   16  -65 39.191015 38.410277 -3.123279333114624 0.1887349784374237 50 0.5555378794670105 0.13039445877075195 -0.821203351020813
  72   16  -66 39.183419 38.403012 -3.9434971809387207 0.3786308467388153 49 0.5549778342247009 0.12985655665397644 -0.8216671943664551
  73   19  -63 39.217590 38.424352 -2.9776113033294678 0.4046098589897156 51 0.5577734708786011 0.13159461319446564 -0.8194947242736816
  74   19  -63 39.226543 38.424254 -3.5574324131011963 0.18152643740177155 49 0.5584070086479187 0.13165277242660522 -0.8190538287162781
  75   16  -69 39.190323 38.374944 -6.0796098709106445 0.18516455590724945 41 0.5553528070449829 0.12803760170936584 -0.8216992616653442
  76   18  -68 39.208375 38.381974 -6.786515712738037 0.4126308262348175 52 0.556862473487854 0.12867768108844757 -0.8205767869949341
  77   17  -69 39.200194 38.375606 -6.21762752532959 0.370690256357193 46 0.556257963180542 0.12819665670394897 -0.8210619688034058
  78   18  -69 39.208636 38.374987 -6.5729851722717285 0.4093969464302063 49 0.5569648146629333 0.12823818624019623 -0.8205761313438416
  79   19  -67 39.226655 38.389335 -5.507047653198242 0.265537291765213 48 0.5584495663642883 0.1293592005968094 -0.8193902373313904
  80   21  -66 39.245003 38.396196 -4.829922199249268 0.23926979303359985 48 0.5600407123565674 0.13000701367855072 -0.8182008266448975
  81   20  -67 39.235320 38.389060 -4.877486228942871 0.23784738779067993 50 0.5592365264892578 0.12944158911705017 -0.8188403248786926
  82   21  -67 39.244211 38.389211 -4.642486572265625 0.38532570004463196 48 0.5600181221961975 0.12954816222190857 -0.8182891011238098
  83   19  -68 39.218006 38.382055 -6.193149566650391 0.22473251819610596 45 0.5577040314674377 0.1287868767976761 -0.819987952709198
  84   19  -68 39.226023 38.382435 -5.638453483581543 0.39720743894577026 48 0.5583652257919312 0.12889038026332855 -0.8195215463638306
  85   18  -69 39.217158 38.374470 -6.4812164306640625 0.29814910888671875 48 0.5576687455177307 0.1282881200313568 -0.820090115070343
  86   19  -69 39.224084 38.375639 -6.438262462615967 0.31202948093414307 49 0.5582928657531738 0.1284422129392624 -0.8196411728858948
  87   20  -68 39.235560 38.382857 -4.989133358001709 0.4471554756164551 46 0.5592371821403503 0.12903136014938354 -0.8189045786857605
  88   21  -68 39.241662 38.384180 -4.525446891784668 0.19532138109207153 38 0.5597898960113525 0.12918543815612793 -0.8185025453567505
  89  118  -30 40.367236 38.717192 -4.302334785461426 0.7087662220001221 47 0.6413702964782715 0.1562405824661255 -0.7511544823646545
  90  120  -30 40.379867 38.716926 -3.513448476791382 0.24491877853870392 36 0.6421828269958496 0.15631231665611267 -0.7504450082778931
  91  120  -30 40.386016 38.717932 -3.19294810295105 0.4967653751373291 36 0.6425785422325134 0.15641939640045166 -0.7500839233398438
  92  121  -30 40.397403 38.719451 -2.5931129455566406 0.14205826818943024 47 0.6433200836181641 0.15659897029399872 -0.7494105100631714
  93  119  -31 40.368182 38.711808 -4.24416971206665 0.31437480449676514 45 0.6414764523506165 0.1559171974658966 -0.7511310577392578
  94  119  -31 40.377246 38.711908 -3.6034793853759766 0.3357517719268799 46 0.6420305967330933 0.15598052740097046 -0.7506442666053772
  95  119  -31 40.368149 38.705100 -4.37203311920166 0.5799446105957031 46 0.6415477991104126 0.1555098444223404 -0.7511546015739441
  96  119  -31 40.377140 38.704839 -3.405369520187378 0.2021971046924591 47 0.6420689225196838 0.15554316341876984 -0.7507022023200989
  97  120  -24 40.387359 38.768005 -2.609001874923706 0.20832674205303192 46 0.6452801823616028 0.1496126353740692 -0.7491525411605835
  98  121  -24 40.396271 38.768080 -2.7964813709259033 0.21280242502689362 45 0.6458372473716736 0.1496722251176834 -0.7486604452133179
  99  120  -25 40.387040 38.760792 -3.158482074737549 0.20264440774917603 23 0.6452015042304993 0.14913995563983917 -0.7493144869804382
 100  121  -25 40.396152 38.761052 -2.801262617111206 0.20622439682483673 42 0.6457865834236145 0.14921705424785614 -0.7487949728965759
 101  -14  -81 38.833487 38.269503 -4.523484706878662 0.18931882083415985 46 0.5222956538200378 0.12765216827392578 -0.843156099319458
 102  -15  -81 38.824308 38.262356 -4.487494945526123 0.21938060224056244 46 0.5214783549308777 0.1270906627178192 -0.8437466025352478
 103  -14  -81 38.833556 38.262516 -4.448672294616699 0.3139339089393616 47 0.5222270488739014 0.12719489634037018 -0.8432677388191223
 104  -13  -81 38.842185 38.269569 -4.3493971824646 0.2994482219219208 54 0.5229870080947876 0.1277419924736023 -0.8427138328552246
 105  -12  -81 38.851586 38.269570 -4.313790321350098 0.11650354415178299 42 0.52375328540802 0.12783972918987274 -0.8422229886054993
 106  -13  -81 38.842284 38.262627 -4.836397171020508 0.23615795373916626 47 0.5229146480560303 0.12728621065616608 -0.8428277373313904
 107  -13  -81 38.851317 38.262507 -4.294277667999268 0.07294777780771255 46 0.5236492156982422 0.12737131118774414 -0.8423586487770081
 108  -12  -79 38.860241 38.283822 -4.050254821777344 0.2351243644952774 39 0.5246775150299072 0.12888383865356445 -0.8414883017539978
 109  -11  -79 38.868959 38.283545 -3.847517728805542 0.15142537653446198 15 0.5253638029098511 0.1289510279893875 -0.8410496711730957
 110  -12  -80 38.860277 38.276512 -3.8078746795654297 0.17943891882896423 9 0.5245893597602844 0.1284000724554062 -0.8416171669960022
 111  -11  -80 38.868823 38.276619 -3.895577907562256 0.10807626694440842 93 0.5252646803855896 0.12849000096321106 -0.8411821126937866
 112  -10  -79 38.878159 38.283560 -3.5925991535186768 0.19837088882923126 36 0.5261058211326599 0.1290460079908371 -0.8405711054801941
 113   -9  -79 38.887273 38.283585 -3.318723678588867 0.16713523864746094 28 0.5268617868423462 0.12914589047431946 -0.8400822281837463
 114  -10  -80 38.877858 38.276954 -3.769151210784912 0.12784266471862793 40 0.5260084867477417 0.1286066174507141 -0.8406993746757507
 115  -12  -81 38.860075 38.269365 -4.303022861480713 0.12198048830032349 36 0.5244486331939697 0.12791569530963898 -0.8417786359786987
 116  -21  -82 38.757907 38.252288 -4.48462438583374 0.6750162243843079 43 0.5158001184463501 0.12570595741271973 -0.8474363088607788
 117  -19  -83 38.775660 38.251544 -4.580079555511475 0.34035301208496094 39 0.5172544121742249 0.12584514915943146 -0.8465287685394287
 118  -21  -84 38.757380 38.237583 -4.510019779205322 0.2877652645111084 45 0.5155413150787354 0.12473087757825851 -0.8477378487586975
 119  -20  -84 38.771244 38.241149 -4.069248199462891 0.14227493107318878 38 0.5167822241783142 0.12512338161468506 -0.8469240665435791
 120  -19  -84 38.780360 38.241161 -3.6732125282287598 0.1338585913181305 37 0.5175606608390808 0.12522654235363007 -0.8464332818984985
 121  -20  -85 38.770512 38.234030 -4.226981163024902 0.1271384060382843 39 0.5165976881980896 0.12464103102684021 -0.8471077084541321
 122  -19  -84 38.780117 38.234145 -3.8654162883758545 0.17624428868293762 30 0.5174404978752136 0.12476129084825516 -0.8465754389762878
 123  -18  -83 38.793239 38.251217 -4.088005065917969 0.2800094783306122 26 0.5187166929244995 0.12601426243782043 -0.8456083536148071
 124  -16  -82 38.807155 38.255460 -3.8241913318634033 0.16365596652030945 39 0.5200018286705017 0.1264609694480896 -0.8447518944740295
 125  -16  -82 38.815809 38.255363 -4.028844833374023 0.15177980065345764 42 0.5207160711288452 0.126546248793602 -0.8442990183830261
 126  -16  -83 38.806245 38.248280 -3.702674388885498 0.20735877752304077 34 0.519775927066803 0.12596473097801208 -0.8449650406837463
 127  -16  -83 38.815855 38.248388 -3.5402579307556152 0.10833603143692017 41 0.520632803440094 0.12608741223812103 -0.8444190621376038
 128  -18  -84 38.789299 38.241495 -3.8987419605255127 0.191897451877594 50 0.5183271765708923 0.1253482699394226 -0.8459461331367493
 129  -17  -84 38.797813 38.241141 -4.089134693145752 0.14520137012004852 56 0.5190268158912659 0.1254148930311203 -0.8455070853233337
 130  -18  -84 38.789059 38.234287 -3.7209978103637695 0.08337370306253433 51 0.5182034373283386 0.12487021833658218 -0.8460925221443176
 131  -17  -84 38.798062 38.234469 -3.7787344455718994 0.16181007027626038 34 0.5189594030380249 0.12497887760400772 -0.8456130623817444
 132  -16  -84 38.806376 38.241331 -3.9513068199157715 0.19155417382717133 43 0.5197033286094666 0.12550902366638184 -0.8450775146484375
 133  -21  -85 38.753138 38.227170 -4.5492119789123535 0.14697851240634918 36 0.5150557160377502 0.12400466948747635 -0.8481394648551941
 134  -20  -85 38.762158 38.227005 -4.077728748321533 0.06662527471780777 32 0.5158202648162842 0.12409427762031555 -0.847661554813385
 135  -21  -86 38.753750 38.219976 -4.3131279945373535 0.12353786826133728 39 0.5150406360626221 0.12354782968759537 -0.8482152819633484
 136  -20  -86 38.762548 38.220070 -4.138530254364014 0.08898773789405823 29 0.5157782435417175 0.12364847958087921 -0.8477522730827332
 137  -20  -85 38.771218 38.227355 -4.401735782623291 0.15511389076709747 34 0.5165913701057434 0.12421630322933197 -0.8471739292144775
 138  -19  -85 38.779654 38.227038 -4.462234973907471 0.19076953828334808 35 0.5172918438911438 0.12428583204746246 -0.8467362523078918
 139  -20  -86 38.771135 38.220066 -4.138768196105957 0.0786731019616127 30 0.516492486000061 0.12373926490545273 -0.847304105758667
 140  -21  -87 38.754188 38.215614 -4.326645374298096 0.07971248775720596 5 0.5150377154350281 0.12327193468809128 -0.8482571244239807
 141  -20  -87 38.761921 38.214772 -4.471473693847656 0.13381962478160858 11 0.5156582593917847 0.12329551577568054 -0.8478766679763794
 142  -18  -85 38.788552 38.227292 -4.269269943237305 0.3474976718425751 36 0.5180525183677673 0.12440083920955658 -0.8462541103363037
 143  -16  -88 38.815951 38.206214 -5.573689937591553 0.12546634674072266 35 0.5204259157180786 0.12339343130588531 -0.8449443578720093
 144  -15  -82 38.824340 38.255559 -4.093898296356201 0.20563602447509766 41 0.5213909149169922 0.12664125859737396 -0.8438681960105896
 145  -14  -82 38.833444 38.255189 -4.159348487854004 0.23349271714687347 41 0.5221229791641235 0.1267087608575821 -0.8434053063392639
 146  -15  -83 38.824368 38.248390 -3.6844968795776367 0.06803672015666962 39 0.52133709192276 0.12617775797843933 -0.8439708948135376
 147   58  -49 39.675341 38.556215 -4.794333457946777 0.3348310887813568 29 0.5938994884490967 0.14079371094703674 -0.7921240925788879
 148   56  -49 39.648309 38.549194 -3.981598138809204 0.12593625485897064 40 0.5919603705406189 0.14014078676700592 -0.7936898469924927
 149   57  -49 39.657180 38.549316 -4.1099371910095215 0.13752348721027374 35 0.5926063060760498 0.1402263045310974 -0.7931925058364868
 150   56  -50 39.648317 38.542293 -4.133755207061768 0.27395954728126526 30 0.5919995307922363 0.13973671197891235 -0.7937318682670593
 151   57  -50 39.656998 38.542524 -4.08026123046875 0.38970687985420227 39 0.5926227569580078 0.13982507586479187 -0.793251097202301
 152   58  -49 39.666162 38.549227 -3.9636261463165283 0.11982166022062302 39 0.5932683944702148 0.14030271768569946 -0.7926838994026184
 153   58  -49 39.675312 38.549179 -4.656618595123291 0.254032701253891 33 0.5939277410507202 0.14037851989269257 -0.7921765446662903
 154   58  -50 39.666334 38.542065 -4.160035610198975 0.3358437716960907 35 0.5933154225349426 0.13988280296325684 -0.7927228808403015
 155   58  -50 39.675165 38.542315 -4.632646083831787 0.12035317718982697 30 0.5939371585845947 0.1399703472852707 -0.7922418117523193
 156  175   33 41.030377 39.285061 -1.9206888675689697 0.39744359254837036 41 0.6880605816841125 0.1621733158826828 -0.7072994112968445
 157  175   33 41.037409 39.288264 -1.1133211851119995 0.3543025553226471 37 0.6884369254112244 0.1624303162097931 -0.7068740725517273
 158  172   32 41.000816 39.273740 -1.4313236474990845 0.5570647716522217 28 0.6864935159683228 0.16125072538852692 -0.7090309858322144
 159  173   33 41.014527 39.280624 -1.2846614122390747 0.4905533492565155 41 0.6872186064720154 0.16179515421390533 -0.7082039713859558
 160  174   33 41.022901 39.280636 -1.9933130741119385 0.4240093231201172 39 0.6876760125160217 0.16182954609394073 -0.707751989364624
 161  173   32 41.011416 39.271123 -0.9244251251220703 0.3236221671104431 37 0.6870877742767334 0.16110481321811676 -0.7084882855415344
 162  174   32 41.022305 39.272917 -1.6886513233184814 0.7785560488700867 42 0.6876726746559143 0.1612742394208908 -0.7078819870948792
 163  172   31 40.994500 39.267346 -1.9730414152145386 0.5925135016441345 25 0.6861679553985596 0.16076773405075073 -0.709455668926239
 164  172   31 41.002403 39.264591 -1.888079285621643 0.526139497756958 35 0.6866175532341003 0.16060134768486023 -0.7090582847595215
 165  172   30 41.000747 39.259294 -1.8457345962524414 0.6253098249435425 35 0.6865485906600952 0.16021761298179626 -0.7092118263244629
 166  175   33 41.030057 39.280569 -2.215489387512207 0.1767743080854416 30 0.6880636215209961 0.16185115277767181 -0.7073702812194824
 167  175   32 41.039383 39.279027 -1.3170052766799927 0.3859542906284332 28 0.688604474067688 0.16178098320960999 -0.7068598866462708
 168  175   32 41.031735 39.272028 -1.7057596445083618 0.26955774426460266 36 0.6882146000862122 0.1612517088651657 -0.7073603272438049
 169  166   29 40.924366 39.247811 -0.7316362857818604 0.3483300507068634 23 0.6824308037757874 0.15910959243774414 -0.713422954082489
 170  167   29 40.945485 39.249179 -0.6264249682426453 0.5595209002494812 30 0.683579683303833 0.15928709506988525 -0.7122824788093567
 171  166   27 40.925675 39.235366 -1.0528627634048462 0.38793009519577026 13 0.6825085878372192 0.15821683406829834 -0.7135471701622009
 172  167   28 40.937470 39.238571 -0.22435632348060608 0.43532872200012207 14 0.6831584572792053 0.1584937572479248 -0.7128635048866272
 173  168   28 40.949358 39.238213 -0.262708842754364 0.371082603931427 6 0.6838288307189941 0.15851731598377228 -0.7122151255607605
 174  167   27 40.937444 39.232315 -0.8037791848182678 0.4251483976840973 37 0.6831663250923157 0.1580439656972885 -0.7129557132720947
 175  168   27 40.949183 39.232007 -0.27532511949539185 0.5996747016906738 5 0.683834433555603 0.15807144343852997 -0.7123088836669922
 176  168   29 40.956579 39.253224 -0.5983442664146423 0.3059327304363251 11 0.6841542720794678 0.15961416065692902 -0.7116574645042419
 177  170   29 40.970103 39.249862 -0.6590315103530884 0.24087853729724884 25 0.6849032640457153 0.15942442417144775 -0.7109792232513428
 178  169   29 40.958047 39.245303 -0.2104284167289734 0.23225364089012146 37 0.6842645406723022 0.159053236246109 -0.7116769552230835
 179  169   29 40.966575 39.245760 -0.4500768780708313 0.6626842021942139 33 0.6847294569015503 0.15911979973316193 -0.7112147808074951
 180  170   29 40.974813 39.249973 -0.9554948806762695 0.411906361579895 15 0.6851528286933899 0.15944679081439972 -0.7107337117195129
 181  171   29 40.986557 39.251423 -1.411842703819275 0.4982019066810608 53 0.6858029961585999 0.15960052609443665 -0.7100718021392822
 182  170   29 40.974180 39.246599 -1.0610682964324951 0.40971502661705017 48 0.6851339340209961 0.1592058390378952 -0.7108058929443359
 183  171   29 40.985822 39.244914 -1.3975144624710083 0.40992099046707153 53 0.685789942741394 0.15913231670856476 -0.7101894021034241
 184  168   27 40.955335 39.231465 -0.46908044815063477 0.5393299460411072 51 0.6841666102409363 0.15805448591709137 -0.7119935750961304
 185  165   26 40.921381 39.224917 -1.466591477394104 0.3535259962081909 42 0.682293713092804 0.15745049715042114 -0.7139220237731934
 186  166   26 40.929917 39.224750 -1.2698884010314941 0.30957064032554626 50 0.6827643513679504 0.15747131407260895 -0.7134673595428467
 187  165   26 40.920668 39.218428 -2.0020952224731445 0.19991886615753174 52 0.6821103692054749 0.15768343210220337 -0.7140458226203918
 188  166   25 40.929596 39.217726 -1.454667329788208 0.2840171754360199 47 0.6820154786109924 0.16013914346694946 -0.7135897278785706
 189  167   26 40.937099 39.225307 -0.8336530923843384 0.5596039891242981 45 0.6831657886505127 0.1575401872396469 -0.7130677103996277
 190  168   26 40.949429 39.223825 -0.0967397689819336 0.45354127883911133 46 0.6838604807853699 0.15748383104801178 -0.712414026260376
 191  167   25 40.937511 39.216770 -1.273807168006897 0.759374737739563 47 0.6816105842590332 0.16370928287506104 -0.7131664156913757
 192  168   26 40.947072 39.218188 -1.1131439208984375 0.6762057542800903 51 0.6829702258110046 0.16034528613090515 -0.7126297354698181
 193  165   25 40.921446 39.211231 -1.821730136871338 0.5382177829742432 40 0.6796212792396545 0.16785955429077148 -0.7140995264053345
 194  166   25 40.929683 39.210777 -1.803511381149292 0.2792222201824188 44 0.6800631880760193 0.16791832447052002 -0.7136648297309875
 195  165   24 40.921625 39.203840 -1.757631540298462 0.5829631090164185 43 0.679640531539917 0.1673884242773056 -0.714191734790802
 196  166   24 40.929432 39.203802 -1.9808076620101929 0.29570722579956055 47 0.6800724267959595 0.16741898655891418 -0.7137733697891235
 197  167   25 40.938015 39.210843 -1.9006617069244385 0.4648602604866028 48 0.680534839630127 0.16796144843101501 -0.7132049798965454
 198  169   26 40.957568 39.223621 -0.6507102847099304 0.5325698852539062 46 0.6843066811561584 0.1575002521276474 -0.7119817733764648
 199  171   24 40.981523 39.202452 -1.6429961919784546 0.5494242906570435 44 0.6831391453742981 0.1675853431224823 -0.7107995748519897
 200  -28  142 38.669705 40.285712 -4.001750469207764 0.6773407459259033 43 0.548358142375946 0.13383686542510986 -0.825464129447937
 201   72  -33 39.836589 38.697222 -1.8032262325286865 1.4962784051895142 42 0.6079906225204468 0.14112122356891632 -0.7813016176223755
 202   74  -33 39.851616 38.699515 -2.8955237865448 0.8862514495849609 42 0.6090206503868103 0.1413755863904953 -0.7804529666900635
 203   72  -34 39.833797 38.685467 -1.4640055894851685 0.7222976088523865 39 0.6077562570571899 0.14037452638149261 -0.7816184163093567
 204   73  -34 39.844631 38.688612 -3.7467479705810547 0.4588240087032318 42 0.6085323095321655 0.14065642654895782 -0.7809635996818542
 205   74  -34 39.856596 38.688688 -2.9675910472869873 0.7131286859512329 43 0.6092977523803711 0.14073863625526428 -0.7803517580032349
 206   73  -34 39.846995 38.681746 -4.046034336090088 0.41234251856803894 38 0.6086292266845703 0.14024005830287933 -0.7809630632400513
 207   74  -34 39.855671 38.682005 -2.4399778842926025 0.5893769264221191 34 0.6092016696929932 0.14031751453876495 -0.7805026173591614
 208   75  -32 39.869883 38.699907 -3.1488091945648193 0.5466473698616028 38 0.6102784276008606 0.14154058694839478 -0.7794398665428162
 209   76  -32 39.882129 38.702323 -2.916551351547241 0.3463519811630249 27 0.6111426949501038 0.14178772270679474 -0.7787174582481384
 210  150    7 40.736080 39.051899 -1.7752739191055298 0.2866184115409851 39 0.6696507334709167 0.1557770073413849 -0.726155161857605
 211  151    7 40.753659 39.058850 -3.1716885566711426 0.2303646206855774 35 0.6705471277236938 0.1563224345445633 -0.7252101898193359
 212  141    4 40.631017 39.029138 -0.47123855352401733 0.3913511037826538 167 0.6634484529495239 0.15366491675376892 -0.7322726845741272
 213  -31  102 38.630509 39.923453 1.0630700588226318 0.845687210559845 179 0.538551926612854 0.1311466097831726 -0.8323235511779785
 214  -24  102 38.710594 39.923101 1.1651865243911743 0.5323548316955566 167 0.545107901096344 0.1319674849510193 -0.8279142379760742
 215  -34   61 38.598752 39.553901 0.48471304774284363 0.9265598654747009 41 0.5290352702140808 0.12679199874401093 -0.8390741348266602
 216   -9   62 38.884269 39.562232 0.3675478994846344 1.4400355815887451 41 0.5519106984138489 0.1330251544713974 -0.823224663734436
 217   96   80 40.130147 39.715477 -4.26970911026001 1.2402276992797852 36 0.6409600377082825 0.15435299277305603 -0.7518945336341858
 218    6   89 39.070089 39.807008 0.14265938103199005 0.635757565498352 39 0.5703697800636292 0.13817812502384186 -0.8096820712089539
 219   12   89 39.143631 39.805585 -0.15069131553173065 0.6805652976036072 158 0.5761409997940063 0.13878017663955688 -0.8054822087287903
 220   36  -58 39.423963 38.471588 -5.4689202308654785 0.15108351409435272 40 0.5739611387252808 0.1366071105003357 -0.8074076771736145
 221   35  -59 39.406725 38.465035 -5.275800704956055 0.09865029156208038 44 0.5726202726364136 0.13601422309875488 -0.8084591627120972
 222   34  -59 39.396552 38.458880 -5.482030391693115 0.20490437746047974 32 0.5718352794647217 0.1355111002922058 -0.809099018573761
 223   35  -59 39.406095 38.459070 -4.971983432769775 0.19571596384048462 40 0.5726301670074463 0.13562189042568207 -0.8085180521011353
 224   36  -59 39.415130 38.465985 -5.488636493682861 0.19380182027816772 38 0.5733277201652527 0.13616454601287842 -0.8079322576522827
 225   36  -59 39.423764 38.465675 -5.650529861450195 0.31981807947158813 46 0.5740072727203369 0.13622233271598816 -0.807439923286438
 226   36  -59 39.415352 38.459097 -5.343250274658203 0.44948598742485046 41 0.5734409093856812 0.13572710752487183 -0.8079255819320679
 227   36  -60 39.423867 38.458677 -6.7397637367248535 0.25447505712509155 42 0.5740873217582703 0.13576850295066833 -0.8074594140052795
 228   38  -57 39.443724 38.477539 -6.125641345977783 0.0685780793428421 47 0.5754808187484741 0.13717958331108093 -0.8062280416488647
 229   37  -58 39.433052 38.472403 -5.709319591522217 0.29308098554611206 36 0.5746908783912659 0.13674840331077576 -0.8068644404411316
 230   38  -58 39.442005 38.472882 -5.611103057861328 0.3042829930782318 47 0.575397789478302 0.13686323165893555 -0.8063409924507141
 231   39  -57 39.451253 38.478371 -5.580749988555908 0.20486563444137573 37 0.5760824680328369 0.13730701804161072 -0.8057765364646912
 232   40  -57 39.459775 38.479778 -5.395548343658447 0.10521066933870316 43 0.5767514109611511 0.13747982680797577 -0.8052683472633362
 233   39  -58 39.451199 38.472654 -5.278012752532959 0.18979604542255402 41 0.576122522354126 0.1369318664073944 -0.8058117628097534
 234   40  -58 39.459858 38.472840 -5.295599937438965 0.056144386529922485 44 0.5767659544944763 0.13701415061950684 -0.8053373098373413
 235   37  -59 39.432771 38.465967 -5.253598690032959 0.30484819412231445 41 0.5746868848800659 0.13631680607795715 -0.8069403767585754
 236   38  -59 39.442088 38.465841 -4.9257493019104 0.12186745554208755 44 0.5753957033157349 0.13638697564601898 -0.8064232468605042
 237   37  -59 39.432698 38.458862 -6.216821670532227 0.2701016068458557 38 0.5746971368789673 0.13584087789058685 -0.8070132732391357
 238   38  -59 39.441607 38.458888 -5.479367733001709 0.17498117685317993 42 0.5753324031829834 0.13590781390666962 -0.8065493106842041
 239   39  -59 39.455247 38.462176 -5.413145542144775 0.19571278989315033 39 0.5763760209083557 0.13624556362628937 -0.8057467341423035
 240   50  -92 39.581758 38.166828 -7.351776123046875 1.096415400505066 11 0.5809839367866516 0.13538230955600739 -0.8025766611099243
 241   53  -51 39.611952 38.535652 -3.6914429664611816 0.31192299723625183 24 0.5892589092254639 0.1389976590871811 -0.7958980202674866
 242   54  -51 39.621594 38.535591 -3.380199670791626 0.27056625485420227 11 0.5900311470031738 0.13909588754177094 -0.7953084707260132
 243   53  -52 39.612189 38.528497 -3.731611967086792 0.19352121651172638 19 0.5892950892448425 0.13857747614383698 -0.7959445118904114
 244   54  -52 39.621297 38.528439 -3.935377836227417 0.3055954873561859 33 0.590032160282135 0.1386719048023224 -0.7953817844390869
 245   54  -51 39.630451 38.535207 -4.626027584075928 0.32112765312194824 24 0.5907160043716431 0.13915982842445374 -0.7947887182235718
 246   55  -51 39.639858 38.535696 -4.52766227722168 0.44383445382118225 22 0.5913912057876587 0.1392699033021927 -0.7942671775817871
 247   54  -52 39.629970 38.528360 -5.007205963134766 0.21288764476776123 39 0.5906734466552734 0.13874509930610657 -0.7948929071426392
 248   55  -52 39.639239 38.528487 -5.171816825866699 0.2660582661628723 39 0.5913397073745728 0.13883088529109955 -0.7943824529647827
 249   53  -53 39.616261 38.517711 -5.141748905181885 0.7496163845062256 8 0.589601993560791 0.1379719227552414 -0.7958223819732666
 250   55  -53 39.633843 38.517037 -5.230838298797607 0.39209333062171936 41 0.5909141302108765 0.1380925178527832 -0.7948276400566101
 251   56  -51 39.652478 38.531992 -4.73020601272583 0.5017421841621399 39 0.5922920107841492 0.1391545683145523 -0.7936158776283264
 252   58  -51 39.670755 38.531565 -5.260437488555908 0.6071912050247192 35 0.5936405062675476 0.13929300010204315 -0.7925833463668823
 253   56  -53 39.652884 38.518014 -4.980208396911621 0.5194990634918213 41 0.592341423034668 0.13832616806030273 -0.7937238216400146
 254   58  -53 39.670148 38.518819 -5.889499187469482 0.5871509909629822 34 0.5936279296875 0.13853104412555695 -0.7927263379096985
 255   54  -55 39.624208 38.496950 -5.721186637878418 0.4794476330280304 26 0.590158224105835 0.1367974877357483 -0.7956127524375916
 256   57  -55 39.661647 38.494302 -5.006677627563477 0.5578626394271851 34 0.5930302143096924 0.13699421286582947 -0.7934404611587524
 257  104  -33 40.197943 38.692975 -2.9401426315307617 0.632728636264801 6 0.6307561993598938 0.153592050075531 -0.7606287598609924
 258  107  -33 40.237128 38.689852 -3.3491806983947754 0.7079939842224121 31 0.6334799528121948 0.15372076630592346 -0.7583356499671936
 259  104  -37 40.199830 38.658977 -3.5356945991516113 0.665370762348175 30 0.6310263872146606 0.1515134871006012 -0.760821521282196
 260  107  -37 40.237507 38.659139 -3.747673511505127 0.7147017121315002 11 0.6333637833595276 0.1517620086669922 -0.7588271498680115
 261  111  -33 40.276131 38.688706 -3.6754813194274902 0.4642852246761322 34 0.635791540145874 0.1538732647895813 -0.7563677430152893
 262  113  -33 40.309442 38.687843 -3.133582592010498 0.4401070475578308 49 0.637845516204834 0.15402965247631073 -0.7546045184135437
 263  111  -37 40.276058 38.658474 -3.784043073654175 0.9463363289833069 47 0.6357747912406921 0.1519690603017807 -0.756766676902771
 264  113  -36 40.308604 38.659694 -3.264394521713257 0.7315924167633057 41 0.6378281116485596 0.152259960770607 -0.7549782991409302
 265  115  -26 40.333209 38.754407 -2.5693891048431396 0.6381749510765076 47 0.6417802572250366 0.14839032292366028 -0.7523951530456543
 266  116  -26 40.342426 38.754648 -4.665342330932617 0.8791216611862183 28 0.6423913836479187 0.14847014844417572 -0.7518576979637146
 267  117  -26 40.351150 38.754474 -4.040690898895264 0.6960269212722778 40 0.6429014205932617 0.1485051065683365 -0.7514146566390991
 268  118  -26 40.359722 38.754366 -3.059241771697998 0.2168290913105011 39 0.6434015035629272 0.14854313433170319 -0.7509790658950806
 269  119  -26 40.369542 38.754291 -2.6975739002227783 0.21977554261684418 35 0.6440803408622742 0.14861534535884857 -0.7503826022148132
 270  119  -26 40.378155 38.754259 -2.9211032390594482 0.2741575241088867 45 0.6446523666381836 0.14867331087589264 -0.7498797178268433
 271  120  -26 40.387432 38.754004 -3.1714813709259033 0.23174363374710083 36 0.6452252864837646 0.1487128734588623 -0.7493789792060852
 272  121  -26 40.396116 38.753940 -2.9410605430603027 0.2442973256111145 37 0.6457288861274719 0.14875361323356628 -0.7489369511604309
 273  115  -30 40.332569 38.719240 -4.190101623535156 0.45510607957839966 34 0.6391690373420715 0.15613193809986115 -0.7530509829521179
 274  116  -30 40.341587 38.719371 -4.0215277671813965 0.5588424801826477 45 0.6397923827171326 0.15621404349803925 -0.7525044679641724
 275    3  -75 39.038833 38.319032 -5.573805809020996 0.09663033485412598 43 0.5398417711257935 0.13314758241176605 -0.8311694264411926
 276    4  -75 39.047636 38.318903 -5.6310296058654785 0.08038315922021866 47 0.5406087040901184 0.13324323296546936 -0.8306555151939392
 277    4  -74 39.056644 38.325831 -5.937565803527832 0.19458702206611633 47 0.5414271950721741 0.13349759578704834 -0.8300812840461731
 278    5  -74 39.065941 38.326028 -6.111734390258789 0.1715376377105713 45 0.5421605706214905 0.13390997052192688 -0.8295360803604126
 279    4  -75 39.056706 38.318913 -5.624361515045166 0.08423328399658203 45 0.5414024591445923 0.1333518624305725 -0.830120861530304
 280    5  -75 39.065329 38.319042 -5.931746959686279 0.17808537185192108 53 0.5421434640884399 0.1334596574306488 -0.8296197652816772
 281    6  -74 39.073693 38.332586 -6.872992038726807 0.26325753331184387 47 0.5441582798957825 0.12865938246250153 -0.829058825969696
 282    7  -74 39.083390 38.331882 -7.485222816467285 0.34467583894729614 50 0.5441132187843323 0.13263241946697235 -0.8284621238708496
 283    9  -73 39.105085 38.337579 -8.842009544372559 0.35487937927246094 18 0.547387421131134 0.12685136497020721 -0.8272096514701843
 284    7  -74 39.089231 38.330809 -8.469076156616211 0.4536193311214447 3 0.5441463589668274 0.13448378443717957 -0.8281418681144714
 285    6  -74 39.074530 38.325842 -6.505438327789307 0.10133058577775955 10 0.5429109930992126 0.13400018215179443 -0.8290305733680725
 286    7  -74 39.083475 38.325978 -6.7136969566345215 0.1754481941461563 17 0.5437096953392029 0.13411974906921387 -0.8284875750541687
 287    6  -75 39.074880 38.318931 -6.529046058654785 0.1796143800020218 10 0.543006420135498 0.13357295095920563 -0.8290370106697083
 288    7  -75 39.083638 38.318871 -6.944869041442871 0.13076850771903992 31 0.5437880754470825 0.1336766481399536 -0.8285077810287476
 289    7  -74 39.090287 38.325493 -7.481156349182129 0.4137646555900574 3 0.5443112850189209 0.13416996598243713 -0.8280842900276184
 290    8  -75 39.099452 38.323114 -9.24486255645752 0.5210219621658325 4 0.5451218485832214 0.13412727415561676 -0.8275579214096069
 291    8  -75 39.093058 38.319042 -7.535913467407227 0.5241686701774597 7 0.5446228981018066 0.13380177319049835 -0.8279390335083008
 292    8  -75 39.098160 38.319708 -9.186594009399414 0.5201612114906311 18 0.5450344681739807 0.13389548659324646 -0.8276529908180237
 293   10  -72 39.116224 38.348171 -6.996687889099121 0.2316073328256607 6 0.5487355589866638 0.12545853853225708 -0.8265286087989807
 294   12  -71 39.137936 38.354552 -6.682295799255371 0.11746427416801453 24 0.5508513450622559 0.12615686655044556 -0.8250135183334351
 295   12  -72 39.140135 38.347016 -5.9100341796875 0.19054700434207916 11 0.5510508418083191 0.12569040060043335 -0.8249515295028687
 296    4  -80 39.051334 38.272122 -5.794970989227295 0.4885258674621582 10 0.541084885597229 0.13030244410037994 -0.8308119177818298
 297    7  -80 39.088583 38.270721 -7.739316463470459 1.63136625289917 14 0.544031023979187 0.13056261837482452 -0.8288447260856628
 298   10  -78 39.123614 38.293543 -8.576671600341797 1.35902738571167 3 0.5470220446586609 0.13243098556995392 -0.8265766501426697
 299   14  -77 39.165206 38.303502 -5.90166711807251 0.8884279727935791 4 0.5502451658248901 0.1334613710641861 -0.8242684006690979
 300   10  -80 39.123425 38.273590 -7.397083759307861 1.1144850254058838 19 0.5467333793640137 0.13106371462345123 -0.8269854187965393
 301   14  -80 39.162578 38.273968 -7.13638162612915 1.0851457118988037 14 0.5499579310417175 0.13148634135723114 -0.8247773051261902
 302    6  -85 39.073296 38.230586 -7.3251142501831055 1.2349475622177124 10 0.5426860451698303 0.12779007852077484 -0.8301575779914856
 303   12  -85 39.140937 38.231864 -6.716629505157471 0.9159239530563354 22 0.5480899810791016 0.1285037249326706 -0.8264890909194946
 304   18  -78 39.213587 38.289036 -7.185234069824219 1.213137149810791 12 0.5543012022972107 0.1330256164073944 -0.8216169476509094
 305   25  -79 39.285931 38.287227 -6.457578182220459 0.8974620699882507 10 0.5601935386657715 0.1336217075586319 -0.8175135850906372
 306   18  -85 39.210131 38.227587 -6.460727691650391 0.9507529735565186 114 0.553795576095581 0.12890654802322388 -0.8226138949394226
 307   24  -85 39.284358 38.231289 -6.151028633117676 0.658217191696167 29 0.5597597360610962 0.1298363357782364 -0.8184202313423157
 308    8  -91 39.099723 38.180114 -6.4910888671875 1.3719217777252197 179 0.5443780422210693 0.12467283010482788 -0.829523503780365
 309   71   92 39.838757 39.831668 -3.9048073291778564 1.0234651565551758 23 0.6243441104888916 0.15080401301383972 -0.7664545774459839
 310   68   83 39.803073 39.746055 -3.444236993789673 1.3947676420211792 10 0.6216424107551575 0.14721068739891052 -0.7693437337875366
 311   23  -74 39.264798 38.328685 -7.434598445892334 1.6563687324523926 22 0.5585523843765259 0.13617365062236786 -0.8182151317596436
 312   26  -74 39.303180 38.328142 -6.568902969360352 0.6158648729324341 18 0.5616810321807861 0.13652688264846802 -0.8160115480422974
 313   15  135 39.183929 40.222120 -4.749813079833984 0.8197654485702515 4 0.5858579874038696 0.14081628620624542 -0.7980859875679016
 314   40  136 39.477074 40.226860 -4.624755382537842 0.7421107292175293 4 0.606099009513855 0.14643816649913788 -0.7817927598953247
 315  186  -12 41.149408 38.871017 -2.767366409301758 1.1154849529266357 6 0.6895690560340881 0.16332681477069855 -0.7055627703666687
 316   49   96 39.584126 39.863642 -2.7658698558807373 1.4984991550445557 11 0.6090774536132812 0.14309915900230408 -0.7800944447517395
 317  129  -15 40.492528 38.854858 -2.448080062866211 0.2819324731826782 4 0.6525775790214539 0.15192481875419617 -0.7423350811004639
 318  131  -14 40.519633 38.861416 -2.5597968101501465 0.23043358325958252 3 0.6541613340377808 0.15250881016254425 -0.7408197522163391
 319  133  -14 40.535761 38.860527 -3.6340925693511963 0.8433168530464172 9 0.6551383137702942 0.15252606570720673 -0.7399524450302124
 320  131  -15 40.519201 38.847433 -2.786834478378296 0.348897784948349 3 0.6541894674301147 0.1515316516160965 -0.7409954071044922
 321  133  -15 40.533052 38.850833 -3.875941514968872 0.40867286920547485 10 0.6550047993659973 0.15183427929878235 -0.7402128577232361
 322  133  -15 40.542117 38.850618 -4.295415878295898 0.36562401056289673 50 0.6555595993995667 0.15186522901058197 -0.7397152185440063
 323  133  -16 40.532816 38.843675 -3.0010194778442383 0.28157058358192444 48 0.6550350189208984 0.15133702754974365 -0.7402880191802979
 324  133  -16 40.541720 38.843655 -3.5162274837493896 0.22157233953475952 43 0.6555603742599487 0.1513766646385193 -0.7398146390914917
 325  128  -17 40.483107 38.833998 -2.6992416381835938 0.36876899003982544 51 0.6521162986755371 0.15043215453624725 -0.7430440783500671
 326  130  -17 40.500907 38.833559 -2.469130039215088 0.23764155805110931 10 0.653172492980957 0.15048334002494812 -0.7421054244041443
 327  128  -18 40.482892 38.820166 -3.049004554748535 0.4535459280014038 15 0.6513293981552124 0.15292546153068542 -0.7432252764701843
 328  130  -18 40.501144 38.819576 -2.7597556114196777 0.23023197054862976 15 0.6518601179122925 0.15532487630844116 -0.7422617673873901
 329  131  -17 40.514628 38.836975 -2.099818229675293 0.14534607529640198 7 0.6539961695671082 0.15078945457935333 -0.7413175106048584
 330  132  -17 40.523606 38.836790 -2.5930113792419434 0.20606522262096405 25 0.6545321941375732 0.15081828832626343 -0.740838348865509
 331  131  -17 40.514273 38.829656 -2.7411956787109375 0.2590901553630829 53 0.6539896130561829 0.15027523040771484 -0.7414276003837585
 332  132  -17 40.523608 38.829855 -3.2175893783569336 0.33778637647628784 35 0.6545433402061462 0.15033167600631714 -0.7409274578094482
 333  133  -17 40.532603 38.836769 -2.9297797679901123 0.23914878070354462 48 0.6550641655921936 0.15085892379283905 -0.7403597831726074
 334  133  -17 40.541561 38.836517 -3.471337080001831 0.16761386394500732 31 0.655585765838623 0.15087972581386566 -0.7398936748504639
 335  133  -17 40.532460 38.829703 -3.183969497680664 0.386635959148407 26 0.6550658941268921 0.15036121010780334 -0.7404594421386719
 336  131  -18 40.514275 38.822592 -3.407599687576294 0.2672039270401001 44 0.6529914140701294 0.15401771664619446 -0.741539478302002
 337  132  -18 40.523296 38.822523 -3.0701723098754883 0.1041540876030922 32 0.6530667543411255 0.1560254693031311 -0.7410532236099243
 338   77  -32 39.892193 38.702612 -2.031158685684204 0.9321801662445068 21 0.6118285059928894 0.14188115298748016 -0.7781617641448975
 339   76  -33 39.882953 38.695657 -2.434623956680298 0.33843573927879333 4 0.6111629009246826 0.1413784772157669 -0.7787760496139526
 340   77  -33 39.892346 38.695523 -1.3275288343429565 0.4469861686229706 37 0.6118461489677429 0.14145074784755707 -0.7782261967658997
 341   75  -34 39.864787 38.688868 -1.658931851387024 0.41911834478378296 22 0.6098600029945374 0.14081265032291412 -0.7798991203308105
 342   76  -34 39.874239 38.688493 -1.3443913459777832 0.3342982232570648 3 0.6105239987373352 0.140865296125412 -0.7793698906898499
 343   75  -34 39.865247 38.681815 -1.7294009923934937 0.4587666094303131 7 0.6098772883415222 0.14038240909576416 -0.7799631953239441
 344   76  -34 39.874149 38.681556 -1.8526594638824463 0.5088318586349487 11 0.6105047464370728 0.14043818414211273 -0.7794620394706726
 345   76  -34 39.883021 38.688622 -1.535262942314148 0.2553272545337677 15 0.611142635345459 0.14094316959381104 -0.7788707613945007
 346   77  -34 39.892036 38.688358 -1.8279403448104858 0.23971448838710785 43 0.611779510974884 0.1409997045993805 -0.7783604264259338
 347  -11  -84 38.869030 38.234435 -5.647759437561035 0.19637975096702576 40 0.5251600742340088 0.12579841911792755 -0.8416541218757629
 348  -10  -84 38.878505 38.241432 -5.202383041381836 0.12527117133140564 45 0.526029109954834 0.1263604462146759 -0.841027021408081
 349   -9  -84 38.887320 38.241755 -6.182060241699219 0.41811782121658325 48 0.5267868041992188 0.12647831439971924 -0.8405349254608154
 350  -10  -85 38.878124 38.233913 -5.459427356719971 0.19817189872264862 17 0.5259561538696289 0.12587113678455353 -0.8411459922790527
 351   -9  -84 38.887222 38.234508 -5.288319110870361 0.1583022177219391 38 0.5267851948738098 0.12602131068706512 -0.8406045436859131
 352  -12  -85 38.851577 38.227514 -5.655297756195068 0.19941391050815582 3 0.5236219167709351 0.12515851855278015 -0.8427072763442993
 353  -13  -86 38.842050 38.219715 -6.504185199737549 0.3476836383342743 9579 0.5227078795433044 0.12453795969486237 -0.8433663845062256
 354  -12  -86 38.851859 38.220388 -5.803767204284668 0.1916462928056717 93 0.5236263275146484 0.12470902502536774 -0.8427711725234985
 355  -14  -87 38.833530 38.213204 -5.840600967407227 0.149086132645607 188 0.5220208764076233 0.12404607981443405 -0.8438642024993896
 356  -15  -88 38.824423 38.205933 -5.734396457672119 0.11106645315885544 174 0.5212040543556213 0.12348119169473648 -0.8444517850875854
 357  -14  -88 38.833811 38.206063 -5.729109287261963 0.12459404766559601 17 0.5220651626586914 0.1236058697104454 -0.8439013957977295
 358  -13  -87 38.843021 38.213292 -6.559952259063721 0.22956229746341705 44 0.522839367389679 0.12415647506713867 -0.843341052532196
 359  -13  -87 38.850562 38.213117 -6.313805103302002 0.23409786820411682 51 0.5234314203262329 0.12421613931655884 -0.8429649472236633
 360  -13  -88 38.842930 38.206267 -6.392693042755127 0.3041887879371643 39 0.5228177309036255 0.12371048331260681 -0.8434200286865234
 361  -12  -88 38.851694 38.206229 -5.861162185668945 0.33220723271369934 145 0.5235302448272705 0.12379633635282516 -0.8429653644561768
 362  -12  -85 38.859844 38.226960 -5.882524490356445 0.12293539941310883 24 0.5243546366691589 0.12522141635417938 -0.8422421813011169
 363  -11  -85 38.869435 38.227672 -5.586226940155029 0.10882913321256638 54 0.5252429842948914 0.12538829445838928 -0.8416635990142822
 364  -12  -86 38.860550 38.220426 -5.701801776885986 0.08887618035078049 62 0.5244120359420776 0.12481635808944702 -0.8422665596008301
 365  -11  -86 38.869315 38.220154 -5.740753650665283 0.166508287191391 53 0.5251743793487549 0.12489815056324005 -0.8417792916297913
 366  -10  -85 38.878104 38.227155 -5.633727550506592 0.20601090788841248 53 0.5259681344032288 0.12544693052768707 -0.841201901435852
 367   -9  -85 38.887019 38.227557 -5.414768218994141 0.1634543091058731 49 0.5267195105552673 0.12556761503219604 -0.840713620185852
 368  -10  -86 38.878004 38.220431 -6.038554668426514 0.15317459404468536 54 0.5259145498275757 0.12501026690006256 -0.8413004279136658
 369   -9  -86 38.886994 38.220438 -5.342660427093506 0.24016354978084564 61 0.5266988277435303 0.12511342763900757 -0.8407943248748779
 370  -11  -87 38.864915 38.209559 -5.693535327911377 0.20638738572597504 54 0.5247271656990051 0.12416531145572662 -0.8421664834022522
 371  -10  -87 38.882143 38.210042 -5.437906265258789 0.32023337483406067 60 0.5262454152107239 0.124393992125988 -0.8411847949028015
 372   -9  -76 38.895936 38.312144 -3.3976714611053467 0.17760087549686432 52 0.5303817987442017 0.12098048627376556 -0.8390821814537048
 373   -8  -76 38.904484 38.311517 -3.6807432174682617 0.2531578540802002 51 0.5310401320457458 0.12101264297962189 -0.8386610746383667
 374   -9  -77 38.895378 38.304648 -3.267179489135742 0.13369981944561005 46 0.5285373330116272 0.12742391228675842 -0.8392922282218933
 375   -8  -77 38.905245 38.304863 -3.0252811908721924 0.12493586540222168 38 0.5289422273635864 0.1293877363204956 -0.8387364745140076
 376  -25  127 38.704629 40.144567 -4.381488800048828 0.7869306802749634 44 0.5480208396911621 0.13474345207214355 -0.8255406022071838
 377  -15  142 38.814426 40.284849 -4.1845879554748535 0.7233940958976746 155 0.5595435500144958 0.13609103858470917 -0.8175514340400696
 378   -3  142 38.960733 40.283213 -4.447048664093018 0.5307202339172363 2546 0.5708031058311462 0.13733671605587006 -0.80951988697052
 379  -15  130 38.813379 40.173647 -4.209812164306641 0.7300217747688293 1873 0.557560384273529 0.13455215096473694 -0.8191594481468201
 380   -3  130 38.962754 40.173257 -4.418865203857422 0.6430341601371765 1874 0.5685741901397705 0.1379324048757553 -0.8109858632087708
 381   47  -30 39.544705 38.722461 -2.0933942794799805 0.7124572396278381 36555 0.5869190692901611 0.14011135697364807 -0.797430157661438
 382    0  120 38.998301 40.087917 -4.043710708618164 0.5651041269302368 35990 0.5705099105834961 0.13510262966156006 -0.8101022839546204
 383    0  114 39.001332 40.033575 -3.1232428550720215 0.694098174571991 11963 0.5696258544921875 0.13720692694187164 -0.810370683670044
 384  -69  114 38.190173 40.030648 0.72017502784729 0.6200088858604431 2499 0.5042948722839355 0.12294093519449234 -0.8547351956367493
 385  -33  -38 38.611740 38.653899 -2.821704387664795 0.8548287153244019 1831 0.5119491219520569 0.12252464145421982 -0.8502328395843506
 386   64  -84 39.740120 38.240456 -6.403705596923828 1.3107341527938843 2411 0.5931454300880432 0.14103057980537415 -0.7926467657089233
 387  -31  -79 38.644487 38.287310 -3.8146777153015137 0.6235388517379761 2161 0.5079799294471741 0.11904078722000122 -0.8531035780906677
 388  -25  -80 38.710971 38.274317 -4.125687122344971 0.5325985550880432 11 0.5128429532051086 0.12365949153900146 -0.849529504776001
 389  -30  -85 38.655691 38.226651 -4.641682147979736 0.7656649947166443 25 0.5067349672317505 0.12287637591362 -0.8533000946044922
 390  -26  -83 38.696317 38.244378 -5.27706241607666 1.0156612396240234 12 0.5104320049285889 0.12448770552873611 -0.8508595824241638
 391  -23  -83 38.732100 38.243577 -4.469963550567627 0.4556703567504883 22 0.513518214225769 0.12485194206237793 -0.8489469885826111
 392  -27  -86 38.686189 38.222901 -5.400158405303955 0.8352687358856201 40 0.5093146562576294 0.12298297882080078 -0.8517475128173828
 393  -25  -86 38.703614 38.222654 -5.533022403717041 0.8797527551651001 32 0.5107206106185913 0.12314389646053314 -0.8508819341659546
 394  -27  -87 38.686384 38.209467 -4.130064487457275 0.17006777226924896 42 0.509167492389679 0.12211723625659943 -0.8519600629806519
 395  -25  -87 38.703776 38.210172 -4.6249871253967285 0.5342936515808105 46 0.5106509327888489 0.12235408276319504 -0.8510376811027527
 396  -24  -86 38.721924 38.223871 -4.300561904907227 0.19383715093135834 38 0.5123550891876221 0.1234423816204071 -0.8498554825782776
 397  -22  -86 38.739786 38.224289 -4.346760272979736 0.1503012776374817 53 0.5138912796974182 0.12367089092731476 -0.8488941192626953
 398  -24  -87 38.719077 38.209855 -4.453482151031494 0.4501136541366577 7 0.511943519115448 0.12250171601772308 -0.8502394556999207
 399  -23  -87 38.734578 38.211644 -4.2155914306640625 0.132342129945755 36 0.5133103728294373 0.12279484421014786 -0.8493726849555969
 400  -23  -87 38.735236 38.208712 -4.091348171234131 0.029565395787358284 43 0.5133352875709534 0.12261410057544708 -0.8493837118148804
 401  -32  -90 38.629849 38.187515 -4.717977523803711 0.6049208641052246 23 0.5041396021842957 0.1200915202498436 -0.8552317023277283
 402  -30  -89 38.647658 38.193496 -4.679408550262451 0.5948056578636169 46 0.5056909322738647 0.12066283077001572 -0.8542348742485046
 403  -28  -89 38.671781 38.194598 -5.026994228363037 0.3584880232810974 45 0.5077309608459473 0.1209934800863266 -0.8529770970344543
 404  -30  -90 38.651442 38.180837 -4.375932693481445 0.3334220051765442 42 0.5059402585029602 0.11991117149591446 -0.8541930317878723
 405  -28  -90 38.669023 38.181044 -4.666133403778076 0.19804485142230988 48 0.5074249505996704 0.1201133206486702 -0.8532834649085999
 406  -33  -92 38.615589 38.165730 -4.3609089851379395 0.4006898105144501 43 0.5027121901512146 0.11855412274599075 -0.8562857508659363
 407  -32  -92 38.632959 38.166832 -4.421323776245117 0.29922163486480713 52 0.5042517185211182 0.118825264275074 -0.855342447757721
 408  -33  -93 38.612105 38.156407 -5.3665900230407715 0.46001559495925903 42 0.5022998452186584 0.1179206594824791 -0.8566151857376099
 409  -33  -93 38.619727 38.156774 -5.693944931030273 0.3405458629131317 176 0.5029399991035461 0.11802400648593903 -0.856225311756134
 410  -33  -94 38.612913 38.150558 -5.7870941162109375 0.11009074002504349 2217 0.502339780330658 0.1175658106803894 -0.8566405773162842
 411  -33  -94 38.618138 38.151904 -6.185042381286621 0.12495575100183487 39 0.5027773380279541 0.11770199984312057 -0.8563651442527771
 412  -32  -93 38.628233 38.156565 -5.15208101272583 0.37517809867858887 36 0.5036723017692566 0.11810563504695892 -0.8557834625244141
 413   47  -52 39.549312 38.521587 -5.278493404388428 0.09867126494646072 37 0.5844816565513611 0.13755804300308228 -0.7996618151664734
 414   47  -53 39.540574 38.514666 -5.133027076721191 0.1675606667995453 40 0.583794891834259 0.13705922663211823 -0.800248920917511
 415   47  -53 39.549302 38.514648 -5.171142101287842 0.1501844823360443 45 0.5844677090644836 0.13714323937892914 -0.7997432351112366
 416   48  -52 39.558205 38.521859 -5.571768760681152 0.2738930284976959 18 0.5851756930351257 0.13766299188137054 -0.7991360425949097
 417   49  -52 39.567654 38.521624 -6.119873523712158 0.2790473401546478 42 0.5858981609344482 0.13774031400680542 -0.7985931038856506
 418   48  -53 39.558618 38.514708 -5.2880964279174805 0.2064036875963211 40 0.5852183103561401 0.13724587857723236 -0.7991765141487122
 419   45  -46 39.518177 38.582101 -2.025545597076416 0.3693476617336273 174 0.5822239518165588 0.14086687564849854 -0.8007320761680603
 420   41  -48 39.473813 38.560788 -3.203580617904663 0.5548901557922363 144 0.5790576338768005 0.13875821232795715 -0.8033918738365173
 421   42  -48 39.490923 38.560711 -3.2561206817626953 0.47731104493141174 159 0.5801713466644287 0.1393367499113083 -0.8024876713752747
 422   40  -49 39.469176 38.549968 -2.010517120361328 0.14775821566581726 187 0.5776914358139038 0.1423693597316742 -0.8037434816360474
 423   41  -49 39.478194 38.550374 -2.7916979789733887 0.3506973087787628 123 0.5787004828453064 0.14120334386825562 -0.8032231330871582
 424   40  -50 39.468922 38.542919 -1.9612499475479126 0.10133127123117447 135 0.5776075720787048 0.14187221229076385 -0.803891658782959
 425   41  -50 39.478271 38.543398 -2.1217076778411865 0.23069866001605988 519 0.5784960985183716 0.14147919416427612 -0.8033218383789062
 426   42  -49 39.486866 38.550292 -2.745885133743286 0.33330038189888 497 0.579940676689148 0.13870102167129517 -0.8027645349502563
 427   43  -49 39.496137 38.550092 -2.33855938911438 0.24117442965507507 359 0.5806443691253662 0.13877971470355988 -0.8022421002388
 428   42  -50 39.486700 38.543195 -2.335386037826538 0.23001758754253387 318 0.5799207091331482 0.13830098509788513 -0.8028479218482971
 429   43  -50 39.495847 38.543114 -1.9638206958770752 0.17728452384471893 183 0.5806258916854858 0.13836559653282166 -0.8023269772529602
 430   44  -48 39.509383 38.560238 -2.210432291030884 0.35794350504875183 343 0.5815963745117188 0.1394961029291153 -0.8014277815818787
 431   45  -48 39.522959 38.563987 -1.4996296167373657 0.11915605515241623 526 0.5827034711837769 0.13986951112747192 -0.8005580306053162
 432   46  -48 39.531829 38.563758 -1.2798542976379395 0.06875929236412048 679 0.5834558010101318 0.13996253907680511 -0.799993634223938
 433   45  -49 39.522734 38.557001 -1.2547142505645752 0.10532446205615997 453 0.5826942920684814 0.13945569097995758 -0.8006369471549988
 434   46  -49 39.532135 38.556937 -1.4667396545410156 0.10925781726837158 730 0.5834861397743225 0.13956253230571747 -0.8000414371490479
 435   44  -49 39.505268 38.549904 -2.32236647605896 0.1498270332813263 38 0.5813388824462891 0.13885758817195892 -0.801725447177887
 436   44  -49 39.513512 38.550146 -1.6242940425872803 0.3178892731666565 50 0.5819459557533264 0.13894829154014587 -0.8012691736221313
 437   44  -50 39.504769 38.543006 -2.2795279026031494 0.10711830854415894 46 0.5813028216362 0.13844554126262665 -0.80182284116745
 438   44  -50 39.513808 38.542812 -2.0054166316986084 0.272487610578537 42 0.5819746851921082 0.1385180801153183 -0.8013228178024292
 439   45  -49 39.522716 38.549936 -1.4141086339950562 0.1624421924352646 50 0.5826919078826904 0.1390364170074463 -0.8007116317749023
 440   46  -49 39.531809 38.549633 -1.7583794593811035 0.16108250617980957 51 0.5834182500839233 0.1391156166791916 -0.8001687526702881
 441   47  -45 39.545672 38.588722 -1.7975318431854248 0.608451247215271 49 0.5844088792800903 0.14155635237693787 -0.7990169525146484
 442   49  -45 39.563975 38.589018 -1.87107253074646 0.3952014148235321 48 0.5858709812164307 0.14177244901657104 -0.7979070544242859
 443   47  -47 39.544920 38.574288 -2.180452346801758 0.3400270938873291 43 0.5844579339027405 0.1407165825366974 -0.7991293668746948
 444   48  -46 39.558199 38.577897 -1.9302831888198853 0.24317826330661774 45 0.5854729413986206 0.1410631686449051 -0.7983248829841614
 445   49  -46 39.567480 38.577492 -1.6023340225219727 0.20050522685050964 43 0.5862583518028259 0.1411515474319458 -0.7977327108383179
 446   48  -47 39.558740 38.570846 -1.9875010251998901 0.32209789752960205 45 0.5855880379676819 0.14066781103610992 -0.7983102798461914
 447   49  -47 39.567901 38.570769 -1.6495190858840942 0.2616216242313385 49 0.5863157510757446 0.14076103270053864 -0.7977595329284668
 448   50  -45 39.580429 38.587118 -1.8551002740859985 0.4287879168987274 52 0.5872621536254883 0.14185670018196106 -0.7968688011169434
 449   52  -45 39.600010 38.588815 -2.210414171218872 0.5621601939201355 49 0.5888240337371826 0.14216884970664978 -0.7956596612930298
 450   50  -46 39.577732 38.577800 -2.589564085006714 0.5896973013877869 42 0.587134838104248 0.141293004155159 -0.7970627546310425
 451   51  -46 39.585574 38.577856 -3.0952727794647217 0.4613814353942871 39 0.5876282453536987 0.14134764671325684 -0.7966893315315247
 452   50  -47 39.577586 38.570962 -2.9385628700256348 0.8011395931243896 48 0.5870959162712097 0.14087741076946259 -0.7971649765968323
 453   51  -47 39.585799 38.570928 -4.281888008117676 0.25390738248825073 42 0.5876168012619019 0.14093026518821716 -0.7967717051506042
 454   51  -46 39.594459 38.577879 -2.2412877082824707 0.4243583083152771 48 0.5882406234741211 0.14142218232154846 -0.7962241172790527
 455   52  -46 39.604095 38.577899 -1.816415786743164 0.23056596517562866 50 0.5889987349510193 0.14152421057224274 -0.7956452965736389
 456   51  -47 39.594054 38.570590 -3.3521289825439453 0.7964469194412231 52 0.5881279706954956 0.1409626603126526 -0.7963888049125671
 457   52  -47 39.604067 38.570823 -2.5615687370300293 0.4535306394100189 48 0.5888804197311401 0.14107263088226318 -0.7958130240440369
 458   47  -48 39.540971 38.564205 -1.5524992942810059 0.19190558791160583 44 0.5842593312263489 0.14010562002658844 -0.7993819117546082
 459   47  -48 39.549754 38.564046 -1.9524482488632202 0.2609606385231018 44 0.5849767923355103 0.14019303023815155 -0.7988417148590088
 460   47  -49 39.541118 38.556771 -1.698478102684021 0.18243101239204407 48 0.5842201113700867 0.13965284824371338 -0.7994897961616516
 461   47  -49 39.550081 38.556802 -2.196291923522949 0.2552613914012909 49 0.5849342942237854 0.1397499293088913 -0.7989504933357239
 462   48  -48 39.558606 38.563629 -2.623408317565918 0.3342033326625824 47 0.5856223702430725 0.14024776220321655 -0.7983589172363281
 463   49  -48 39.567773 38.563729 -2.5666401386260986 0.5019588470458984 43 0.5862979888916016 0.14033818244934082 -0.7978470325469971
 464   48  -49 39.558759 38.556890 -2.825139045715332 0.3052159249782562 46 0.5855782628059387 0.1398354470729828 -0.7984636425971985
 465   47  -49 39.540875 38.549863 -1.8643395900726318 0.18046462535858154 42 0.5841126441955566 0.1392190158367157 -0.7996439933776855
 466   50  -48 39.576566 38.563895 -3.0387001037597656 0.3277363181114197 48 0.5869187712669373 0.14042246341705322 -0.7973756194114685
 467   51  -48 39.585646 38.563875 -3.4791078567504883 0.3982204794883728 22 0.5875458717346191 0.1404939889907837 -0.7969011068344116
 468   90  136 40.064191 40.225656 -3.966701030731201 1.3293170928955078 38 0.6437503099441528 0.15489715337753296 -0.7493947148323059
 469   65  111 39.765948 40.001770 -4.949783802032471 0.9862215518951416 35 0.6222034692764282 0.14916908740997314 -0.768512487411499
 470   55   65 39.651573 39.584908 -0.7165637016296387 0.7130590677261353 47 0.608189046382904 0.1456625759601593 -0.7803130745887756
 471   84  -69 39.964942 38.367659 -5.348804950714111 0.866431474685669 41 0.6110142469406128 0.1448267549276352 -0.7782588005065918
 472  149  -27 40.717041 38.735207 -2.2906394004821777 0.5433028936386108 43 0.6642836332321167 0.15601065754890442 -0.7310184836387634
 473  142  -35 40.642864 38.670374 -2.5970301628112793 0.3968273401260376 33 0.658806562423706 0.1564411073923111 -0.735866904258728
 474  149  -36 40.723123 38.662238 -2.2367782592773438 0.4450627565383911 36 0.6627880334854126 0.15999577939510345 -0.7315144538879395
 475  134  -44 40.539912 38.586889 -3.364140272140503 0.4564184844493866 32 0.6510090231895447 0.15586140751838684 -0.7428960204124451
 476  146  -45 40.677173 38.579613 -2.9448564052581787 0.5012628436088562 39 0.6596521735191345 0.15612713992595673 -0.7351756691932678
 477  156   -4 40.800401 38.948845 -2.2110390663146973 0.40906471014022827 36 0.6710683703422546 0.16013534367084503 -0.7238950133323669
 478  161   12 40.863643 39.099554 -1.5910152196884155 0.46585866808891296 37 0.677012026309967 0.15976522862911224 -0.7184217572212219
 479  161   12 40.871707 39.099052 -1.5599639415740967 0.3720940351486206 40 0.6774760484695435 0.15976619720458984 -0.7179840207099915
 480  161   11 40.863880 39.092505 -1.8098599910736084 0.3949442505836487 34 0.6771407723426819 0.15928685665130615 -0.7184066772460938
 481  161   11 40.872078 39.092311 -1.9813112020492554 0.43642091751098633 38 0.6776204109191895 0.1593102663755417 -0.7179490327835083
 482  162   14 40.881747 39.113110 -1.1956127882003784 0.5314626097679138 36 0.6780123114585876 0.16081403195858002 -0.717243492603302
 483  163   14 40.891149 39.112818 -1.5519177913665771 0.3899272084236145 13 0.6786516308784485 0.16085876524448395 -0.7166284918785095
 484  162   13 40.881826 39.105914 -1.5711767673492432 0.5966975688934326 34 0.678159773349762 0.16033048927783966 -0.7172122597694397
 485  163   13 40.889944 39.106387 -1.7110322713851929 0.5628966689109802 23 0.6786757111549377 0.16041035950183868 -0.7167062759399414
 486  164   14 40.901090 39.114117 -2.1365716457366943 0.75403892993927 5 0.6792428493499756 0.16100139915943146 -0.7160361409187317
 487  162   12 40.882674 39.097083 -1.2824138402938843 0.3809722363948822 3 0.6782428622245789 0.15970478951931 -0.7172732353210449
 488  166   23 40.922283 39.196306 -1.38886559009552 0.48627084493637085 8 0.6797012686729431 0.1668514460325241 -0.714259684085846
 489  169   22 40.965169 39.189215 -1.5948208570480347 0.3589685559272766 35 0.6822910904884338 0.16657094657421112 -0.7118518352508545
 490  170   23 40.973726 39.196170 -1.7234987020492554 0.2170121818780899 35 0.6827220916748047 0.1671011745929718 -0.7113140225410461
 491  171   23 40.981364 39.195992 -2.2131130695343018 0.6929001808166504 35 0.683203935623169 0.16713574528694153 -0.7108432054519653
 492  170   22 40.972919 39.189200 -2.231330394744873 0.3862485885620117 31 0.6827424168586731 0.1666080355644226 -0.7114102840423584
 493  169   22 40.963490 39.184359 -1.482877492904663 0.6453946828842163 21 0.6822569966316223 0.16622817516326904 -0.7119645476341248
 494  168   21 40.953836 39.177050 -1.9364714622497559 0.29133352637290955 6 0.6817532777786255 0.1656663864850998 -0.712577760219574
 495  170   21 40.975923 39.174168 -2.030626058578491 0.41147175431251526 32 0.6830488443374634 0.16556547582149506 -0.7113595604896545
 496  171   21 40.982002 39.173618 -1.5476421117782593 0.4041101634502411 14 0.6833692789077759 0.16554702818393707 -0.7110560536384583
 497  168   20 40.946310 39.168238 -1.9815388917922974 0.5024871826171875 45 0.6813885569572449 0.16501007974147797 -0.7130787372589111
 498  167   19 40.937233 39.161398 -1.657681941986084 0.24534036219120026 18 0.6808858513832092 0.1644774228334427 -0.7136818170547485
 499  168   19 40.944681 39.161012 -1.6344459056854248 0.37858521938323975 30 0.6813555359840393 0.16449415683746338 -0.7132295370101929
 500  166   19 40.928900 39.155316 -1.8515892028808594 0.26285088062286377 3 0.6804378628730774 0.16400687396526337 -0.7142171263694763
 501  165   18 40.918923 39.147525 2.2718355655670166 1.6608139276504517 12 0.679912805557251 0.16340948641300201 -0.714853823184967
 502  166   18 40.927686 39.147553 -1.488243579864502 1.0671595335006714 5 0.6804596781730652 0.16346243023872375 -0.7143210768699646
 503  167   18 40.937125 39.154593 -1.6349921226501465 0.30410557985305786 32 0.6809357404708862 0.1639985740184784 -0.7137444019317627
 504  168   19 40.945836 39.155528 -1.7090058326721191 0.5367251038551331 10 0.6814703941345215 0.16411493718624115 -0.7132071256637573
 505  167   18 40.935773 39.146600 -1.8770028352737427 0.6060015559196472 4 0.6809520721435547 0.16343826055526733 -0.7138572335243225
 506  168   18 40.945782 39.146873 -1.0397666692733765 0.25083401799201965 7 0.6815442442893982 0.16350655257701874 -0.7132762670516968
 507  169   20 40.956888 39.168958 -2.055243492126465 0.5791266560554504 27 0.6820534467697144 0.16512586176395416 -0.7124160528182983
 508  169   20 40.965199 39.167443 -0.9876298308372498 0.8694584369659424 4 0.6825186014175415 0.16505067050457 -0.7119877338409424
 509  169   19 40.965221 39.162040 -2.1108124256134033 0.4673463702201843 433 0.6825289130210876 0.16465960443019867 -0.7120684385299683
 510  170   20 40.976523 39.166012 -1.6548658609390259 0.6481953859329224 599 0.6830910444259644 0.1649792641401291 -0.7114551663398743
 511  169   18 40.962620 39.152892 -1.601908564567566 0.5330345630645752 302 0.6824340224266052 0.1639997512102127 -0.7123116850852966
 512    1  -71 39.021189 38.354242 -2.0579612255096436 0.16950729489326477 241 0.5411921739578247 0.12500056624412537 -0.8315563201904297
 513    2  -71 39.030440 38.354093 -3.8250224590301514 1.518420934677124 597 0.5420126914978027 0.12509164214134216 -0.8310080170631409
 514    1  -72 39.020136 38.346938 -2.872849225997925 0.5527687072753906 291 0.5409494042396545 0.1244821846485138 -0.8317919969558716
 515   -2  -73 38.967555 38.340173 -2.5622506141662598 0.6088807582855225 1629 0.5366175770759583 0.12353644520044327 -0.8347337245941162
 516   -2  -73 38.976143 38.339807 -3.98565673828125 0.28095078468322754 2108 0.5372617840766907 0.12358129024505615 -0.8343126177787781
 517   -2  -74 38.967738 38.333111 -2.378005266189575 0.34423574805259705 2028 0.5365057587623596 0.1230582594871521 -0.8348761796951294
 518   -2  -74 38.976410 38.333218 -3.5223865509033203 0.29390010237693787 2199 0.5372094511985779 0.12314535677433014 -0.8344107866287231
 519   -1  -73 38.984804 38.339916 -2.8769869804382324 0.33362051844596863 1689 0.5379356741905212 0.12366507202386856 -0.8338658213615417
 520    0  -73 38.994378 38.340046 -2.455660343170166 0.10008147358894348 2234 0.5387719869613647 0.12377605587244034 -0.8333092331886292
 521   -1  -74 38.984723 38.332837 -2.8238725662231445 0.3005494475364685 3870 0.537809431552887 0.12318246811628342 -0.8340187072753906
 522   -2  -74 38.967825 38.326135 -2.7694170475006104 0.13768474757671356 11339 0.536358654499054 0.1225789338350296 -0.8350412845611572
 523   -2  -74 38.976065 38.326173 -3.0102360248565674 0.16099202632904053 2260 0.5370529890060425 0.12266266345977783 -0.8345825672149658
 524    0  -73 39.002141 38.339820 -3.151608467102051 0.6654275059700012 2200 0.5393573045730591 0.12382429093122482 -0.8329233527183533
 525  142  -14 40.645747 38.859767 -3.3873300552368164 0.3972008228302002 2604 0.6619243025779724 0.15304523706436157 -0.7337802052497864
 526  141  -15 40.629867 38.847577 -4.00965690612793 1.5294965505599976 2532 0.6609825491905212 0.1521058976650238 -0.7348237037658691
 527  142  -15 40.645508 38.845815 -3.4594624042510986 0.7431930899620056 2386 0.6618695259094238 0.1524333655834198 -0.7339569926261902
 528  145  -15 40.672276 38.852236 -3.407620906829834 1.3209364414215088 672 0.6631395816802979 0.1545361429452896 -0.7323691248893738
 529  142  -18 40.638398 38.822751 -4.433103084564209 1.942133903503418 602 0.6589312553405762 0.16151025891304016 -0.7346591949462891
 530  145  -18 40.671715 38.824295 -3.7117178440093994 0.6587939858436584 39533 0.6608933210372925 0.16196933388710022 -0.7327932715415955
 531  149  -16 40.726019 38.837490 -2.7260284423828125 0.7385542988777161 44297 0.6650052070617676 0.15991732478141785 -0.7295166254043579
 532  142  -21 40.635020 38.796865 -3.1167664527893066 0.600976288318634 24090 0.6587682366371155 0.15984758734703064 -0.7351688146591187
 533  145  -21 40.671353 38.795965 -2.818920373916626 0.33771851658821106 2645 0.6610714197158813 0.15999889373779297 -0.7330654263496399
 534  142  -24 40.634723 38.768432 -2.7221176624298096 0.328043669462204 2572 0.6589696407318115 0.15787936747074127 -0.7354136109352112
 535   75   52 39.873309 39.465565 -0.7753633260726929 0.6808834075927734 836 0.6210154294967651 0.14985811710357666 -0.7693389654159546
 536   93   71 40.089146 39.635194 -4.0479512214660645 0.9178344011306763 201 0.6376437544822693 0.15218956768512726 -0.7551482319831848
 537  100   71 40.165442 39.634911 -4.210766315460205 1.061271071434021 148 0.6423487067222595 0.15265920758247375 -0.7510547637939453
 538   81   51 39.941621 39.463098 -1.1367634534835815 0.7101480960845947 203 0.6256651878356934 0.15025079250335693 -0.7654852867126465
 539   87   52 40.012298 39.466406 -1.0601433515548706 0.8281508684158325 50 0.6304857730865479 0.1510227769613266 -0.7613670229911804
 540   28  -63 39.324689 38.423964 -5.413095951080322 0.6903201937675476 52 0.5663002133369446 0.13255764544010162 -0.8134694695472717
 541   29  -63 39.334492 38.423926 -4.1901535987854 0.2710963785648346 55 0.5671703219413757 0.1326664537191391 -0.8128452897071838
 542   28  -64 39.325066 38.417143 -6.317019462585449 0.47998595237731934 49 0.5664106011390686 0.13212448358535767 -0.8134630918502808
 543   29  -64 39.334485 38.416271 -5.507505416870117 0.5687405467033386 203 0.5672516822814941 0.13217368721961975 -0.8128687739372253
 544   30  -64 39.348571 38.419727 -5.797667026519775 0.659477949142456 204 0.5683377385139465 0.1325230598449707 -0.812052845954895
 545  157   22 40.824881 39.188400 -0.5817928910255432 0.5984516143798828 184 0.674260675907135 0.16585023701190948 -0.7196292877197266
 546  154   19 40.786637 39.160656 -1.0866261720657349 0.47211918234825134 206 0.6721158623695374 0.1637018322944641 -0.7221232056617737
 547  156   19 40.816309 39.165109 -0.6197959780693054 0.5710663795471191 50 0.67381352186203 0.1641577184200287 -0.720435619354248
 548  158   19 40.834130 39.165266 -1.4848681688308716 0.729271411895752 54 0.6748178601264954 0.16424530744552612 -0.7194749712944031
 549  156   18 40.815385 39.152742 -1.4529191255569458 0.34609073400497437 52 0.6737841963768005 0.16326840221881866 -0.7206650972366333
 550  158   18 40.829035 39.156142 -1.6371238231658936 0.2034948766231537 54 0.6745449304580688 0.16356967389583588 -0.7198848128318787
 551  158   18 40.837694 39.156266 -1.9086639881134033 0.42693811655044556 51 0.6750187873840332 0.16361312568187714 -0.7194306254386902
 552  158   18 40.828484 39.149228 -1.5968403816223145 0.21339468657970428 55 0.674506425857544 0.16306790709495544 -0.7200347185134888
 553  158   18 40.837684 39.148594 -1.7980338335037231 0.5520210862159729 50 0.6750505566596985 0.1630675345659256 -0.719524621963501
 554  160   23 40.854315 39.194145 -0.9319906830787659 0.4233342409133911 55 0.6759476661682129 0.1664147675037384 -0.7179142832756042
 555  161   23 40.871116 39.194094 -1.1451539993286133 0.42460009455680847 47 0.6768648624420166 0.16647756099700928 -0.7170350551605225
 556  160   21 40.852039 39.180103 -1.0045748949050903 0.25351014733314514 52 0.6758245229721069 0.16539274156093597 -0.7182662487030029
 557  161   22 40.865597 39.183619 -1.35552978515625 0.34143757820129395 41 0.6765672564506531 0.16570010781288147 -0.7174957990646362
 558  162   22 40.875532 39.183174 -1.0692979097366333 0.5539514422416687 45 0.6771022081375122 0.1657053530216217 -0.7169897556304932
 559  161   21 40.865325 39.176724 -1.6068410873413086 0.334514319896698 40 0.6765514016151428 0.16520099341869354 -0.7176258563995361
 560  162   21 40.874949 39.177131 -1.6479572057724 0.3639163076877594 43 0.6770685911178589 0.1652672439813614 -0.7171226143836975
 561  162   23 40.884176 39.197602 -1.901131510734558 0.34072747826576233 44 0.6775242686271667 0.16676945984363556 -0.7163440585136414
 562  163   23 40.892563 39.196739 -1.4632148742675781 0.48488903045654297 44 0.6780077219009399 0.1667478233575821 -0.7158915400505066
 563  162   22 40.883841 39.190214 -2.488205671310425 0.3352603316307068 45 0.6775224804878235 0.16623859107494354 -0.7164691090583801
 564  163   22 40.893069 39.190324 -2.219655990600586 0.4294101893901825 44 0.6780462861061096 0.16628797352313995 -0.7159619927406311
 565  164   23 40.902381 39.196491 -1.2406762838363647 0.46215805411338806 44 0.6785752773284912 0.1667768508195877 -0.7153468728065491
 566  165   23 40.911095 39.195429 -0.7934597134590149 0.9114342927932739 48 0.6790696978569031 0.16673915088176727 -0.7148863673210144
 567  164   22 40.902149 39.190162 -1.9265027046203613 0.4280679225921631 43 0.678562343120575 0.1663171797990799 -0.7154661417007446
 568  165   22 40.911295 39.189674 -1.2464525699615479 0.4255097210407257 43 0.6790863275527954 0.16632510721683502 -0.7149669528007507
 569  162   22 40.883443 39.183244 -2.2150990962982178 0.4158099293708801 31 0.6775180697441101 0.16573777794837952 -0.7165892720222473
 570  163   22 40.892741 39.183398 -2.0661656856536865 0.2839184105396271 49 0.6780360341072083 0.16578862071037292 -0.7160875201225281
 571  162   21 40.883422 39.176659 -2.0852463245391846 0.3314734101295471 31 0.6775370240211487 0.16526760160923004 -0.7166800498962402
 572  163   21 40.892764 39.176447 -2.4703714847564697 0.4291020631790161 36 0.6780935525894165 0.16530053317546844 -0.7161458134651184
 573  164   22 40.901621 39.183049 -1.7714556455612183 0.27466052770614624 32 0.6785562634468079 0.1658078283071518 -0.7155900597572327
 574  159   20 40.847853 39.169757 -0.8888236880302429 0.26559939980506897 40 0.6755731105804443 0.16462408006191254 -0.7186792492866516
 575  160   20 40.856155 39.169683 -1.1012163162231445 0.24933278560638428 34 0.6760556697845459 0.16465899348258972 -0.7182174324989319
 576  159   19 40.846734 39.163081 -1.2672460079193115 0.5103750824928284 41 0.6755090951919556 0.16413798928260803 -0.7188505530357361
 577  160   19 40.856135 39.162673 -1.5278549194335938 0.4077773690223694 29 0.6760547757148743 0.16415351629257202 -0.7183338403701782
 578  161   20 40.864733 39.169813 -1.5681357383728027 0.2633844316005707 36 0.6765211224555969 0.1647009700536728 -0.7177692651748657
 579  161   20 40.873308 39.169491 -1.4270726442337036 0.8560405969619751 36 0.6769915223121643 0.16471052169799805 -0.7173234224319458
 580  161   19 40.864400 39.162796 -1.7734489440917969 0.39105698466300964 28 0.6765182018280029 0.16419655084609985 -0.7178875803947449
 581  162   19 40.874698 39.162136 -1.5066161155700684 0.5413167476654053 32 0.6771472096443176 0.16420671343803406 -0.7172920107841492
 582  159   18 40.847540 39.156053 -1.70884370803833 0.4363231658935547 41 0.6755797863006592 0.16364051401615143 -0.7188975811004639
 583  160   18 40.855838 39.155759 -1.5635597705841064 0.855466365814209 33 0.6760566234588623 0.16365773975849152 -0.7184451818466187
 584  159   18 40.846784 39.149063 -2.7301688194274902 1.2879714965820312 38 0.6755596399307251 0.16314023733139038 -0.7190302014350891
 585  161   18 40.865238 39.154942 -1.1454672813415527 0.5669770836830139 43 0.6766437292098999 0.16365358233451843 -0.7178933620452881
 586  162   20 40.882442 39.169262 -0.3523481488227844 0.5739126801490784 40 0.6775397062301636 0.16474401950836182 -0.7167980670928955
 587  144   -5 40.670404 38.940202 -1.583106279373169 0.3442097306251526 54 0.6632430553436279 0.15885455906391144 -0.7313507795333862
 588  145   -4 40.679248 38.946768 -2.440807819366455 0.13389208912849426 33 0.6637864112854004 0.15937082469463348 -0.7307451963424683
 589  146   -4 40.687886 38.947182 -2.079202175140381 0.263193279504776 33 0.6642972826957703 0.15944263339042664 -0.7302651405334473
 590  145   -5 40.679096 38.940405 -2.2091259956359863 0.24561484158039093 35 0.6637731194496155 0.15891511738300323 -0.7308564782142639
 591  146   -5 40.687818 38.939978 -1.9610012769699097 0.16893582046031952 36 0.664290726184845 0.1589275598526001 -0.7303833961486816
 592  144   -6 40.660729 38.933380 -0.007048184983432293 0.3660012483596802 39 0.662653923034668 0.1583177149295807 -0.7320009469985962
 593  144   -6 40.669981 38.933268 -0.6894732117652893 0.5292457342147827 43 0.6632404923439026 0.15836341679096222 -0.7314595580101013
 594  143   -6 40.660535 38.926256 -0.3916051983833313 0.63771653175354 39 0.6626637578010559 0.15781401097774506 -0.7321007251739502
 595  144   -6 40.669868 38.926386 -1.2083684206008911 0.6878962516784668 36 0.6632437705993652 0.15787452459335327 -0.7315622568130493
 596  145   -6 40.678984 38.933326 -1.5411099195480347 0.30444303154945374 34 0.663772463798523 0.1584106683731079 -0.7309666872024536
 597   92  -26 40.063188 38.757332 -3.1181323528289795 0.2689017951488495 147 0.6238090395927429 0.1466260701417923 -0.7676998972892761
 598  145    4 40.681389 39.031467 -1.3923287391662598 0.5169947743415833 143 0.666483998298645 0.15407675504684448 -0.729423999786377
 599  146    4 40.689945 39.031686 -1.9782588481903076 0.20209796726703644 39 0.666878879070282 0.1541072279214859 -0.7290566563606262
 600  145    4 40.681315 39.024611 -2.6538584232330322 0.6733031272888184 50 0.666389524936676 0.1535676121711731 -0.729617714881897
 601  146    4 40.689496 39.024659 -1.7482295036315918 0.5233036279678345 42 0.6667804718017578 0.1535881608724594 -0.7292562127113342
 602  143    3 40.662516 39.017712 -1.1306949853897095 0.6824101805686951 39 0.6652460098266602 0.15298157930374146 -0.7307833433151245
 603  144    3 40.672690 39.017877 0.30226245522499084 0.48707687854766846 2660 0.6659297943115234 0.1530582308769226 -0.7301442623138428
 604  143    2 40.662008 39.010865 -0.26345551013946533 1.5431416034698486 10064 0.6636027693748474 0.15927749872207642 -0.7309322953224182
 605  144    2 40.672310 39.010704 0.9136203527450562 0.8439722061157227 9748 0.6636852025985718 0.1618604212999344 -0.7302898168563843
 606  145    3 40.680896 39.017596 -2.3620054721832275 0.7958583235740662 10252 0.6663150787353516 0.15322881937026978 -0.7297568917274475
 607  145    2 40.680894 39.010727 -1.3212305307388306 0.5627464652061462 10334 0.6637166738510132 0.16371160745620728 -0.7298484444618225
 608  141    1 40.631212 39.000207 -0.48177456855773926 1.0397286415100098 7383 0.6607851982116699 0.16251668334007263 -0.7327696084976196
 609  142    1 40.644786 39.004057 -0.3486931622028351 0.23838040232658386 2641 0.6615707874298096 0.1632460504770279 -0.7318980693817139
 610  143    1 40.653136 39.003880 -0.4696172773838043 0.32152408361434937 2088 0.6620997190475464 0.1632835566997528 -0.7314112782478333
 611  142    0 40.644015 38.996655 -0.6902953386306763 0.2829532325267792 2094 0.6614528298377991 0.16269509494304657 -0.7321273684501648
 612  143    0 40.653401 38.996793 -0.959510087966919 0.30790790915489197 2512 0.6620672941207886 0.1627669632434845 -0.7315557599067688
 613  141    0 40.630810 38.986721 -1.5787492990493774 0.6258938312530518 2245 0.660784900188446 0.16194863617420197 -0.73289555311203
 614  142    0 40.644089 38.989796 -1.9897574186325073 0.2955508828163147 2530 0.6614480018615723 0.1622028350830078 -0.7322409152984619
 615  143    0 40.653255 38.989771 -1.9166399240493774 0.2417023926973343 2293 0.6619736552238464 0.1622430980205536 -0.7317568063735962
 616  142    0 40.644079 38.982867 -1.4616895914077759 0.27742940187454224 2436 0.6615428328514099 0.1617332249879837 -0.7322591543197632
 617  143    0 40.653247 38.982735 -1.7881323099136353 0.3558039963245392 2302 0.6620804667472839 0.16176845133304596 -0.7317652106285095
 618  144    1 40.662771 39.003922 -0.8422590494155884 0.7359287142753601 2181 0.6625908613204956 0.16331437230110168 -0.7309594750404358
 619  144    1 40.671400 39.003217 -1.554716944694519 0.6065842509269714 2593 0.663063108921051 0.16329887509346008 -0.730534553527832
 620  144    0 40.662356 38.996863 -1.5200016498565674 0.428146630525589 2296 0.6625982522964478 0.16281704604625702 -0.7310636639595032
 621  144    0 40.662092 38.989681 -2.0953009128570557 0.21314476430416107 35801 0.6624919772148132 0.16227999329566956 -0.7312793731689453
 622  147    4 40.698843 39.031553 -1.3909200429916382 0.35167196393013 27096 0.6673563718795776 0.15413059294223785 -0.7286146879196167
 623  147    4 40.708660 39.030965 -1.2586877346038818 0.6128551363945007 460 0.6680514812469482 0.15415936708450317 -0.7279712557792664
 624  151    4 40.753246 39.023313 -1.9256911277770996 0.19585208594799042 626 0.6691992878913879 0.15971316397190094 -0.7257161736488342
 625  152    4 40.762265 39.023476 -1.894243836402893 0.2265453338623047 995 0.6693992614746094 0.1614273637533188 -0.725152313709259
 626  151    3 40.744382 39.016865 -1.4590595960617065 0.1399354338645935 375 0.6674172878265381 0.16465334594249725 -0.7262530326843262
 627  150    2 40.734744 39.009649 -1.9309990406036377 0.15909063816070557 569 0.6668611168861389 0.1640879362821579 -0.7268916368484497
 628  151    2 40.743954 39.009671 -1.6407378911972046 0.2817334532737732 166 0.66748046875 0.1641571968793869 -0.7263072729110718
 629  151    3 40.753248 39.016528 -1.6958448886871338 0.1859196126461029 142 0.6679688692092896 0.16467875242233276 -0.7257400155067444
 630  152    3 40.761950 39.016183 -1.6782710552215576 0.18851900100708008 156 0.6685240268707275 0.16471080482006073 -0.7252213358879089
 631  151    2 40.753131 39.009608 -1.8020422458648682 0.30126234889030457 163 0.6680791974067688 0.16421270370483398 -0.7257440090179443
 632  152    2 40.761775 39.009198 -2.14446759223938 0.2551689147949219 144 0.6685963273048401 0.1642276495695114 -0.7252642512321472
 633  149    1 40.725339 39.002881 -2.4564414024353027 0.2916794717311859 147 0.6663621068000793 0.16356997191905975 -0.7274657487869263
 634  148    0 40.716591 38.995957 -1.6632789373397827 0.29238852858543396 101 0.6658642292022705 0.16303598880767822 -0.7280412912368774
 635  149    0 40.725333 38.995685 -1.915911316871643 0.275599867105484 16 0.66644686460495 0.16307701170444489 -0.7274987697601318
 636  147    0 40.707078 38.988938 -1.3873997926712036 0.25329670310020447 6 0.6652871966362 0.16248361766338348 -0.7286920547485352
 637  147    0 40.698271 38.981992 -2.1936819553375244 0.23329488933086395 344 0.6647458076477051 0.16193877160549164 -0.7293070554733276
 638  147    0 40.707149 38.981898 -2.0950279235839844 0.29578298330307007 79 0.6653273701667786 0.1619909405708313 -0.7287649512290955
 639  148    0 40.716684 38.988665 -1.2816147804260254 0.19156096875667572 99 0.6659270524978638 0.16253156960010529 -0.728096604347229
 640  149    0 40.725050 38.988937 -1.7383683919906616 0.16361461579799652 144 0.6664459705352783 0.16259779036045074 -0.7276068925857544
 641  148    0 40.716302 38.981992 -1.8237087726593018 0.2855955958366394 167 0.6659054756164551 0.1620507836341858 -0.7282235026359558
 642  149    0 40.725202 38.981832 -1.5780152082443237 0.14817485213279724 95 0.6664654016494751 0.16209112107753754 -0.7277021408081055
 643  150    1 40.734731 39.002650 -1.8486098051071167 0.4106605052947998 135 0.6669782996177673 0.16361653804779053 -0.7268903851509094
 644  151    1 40.744070 39.002627 -1.82357656955719 0.2565046548843384 20 0.6675822734832764 0.1636749655008316 -0.7263224720954895
 645  150    0 40.734497 38.995799 -1.430655598640442 0.23214656114578247 27 0.6670518517494202 0.1631467640399933 -0.7269284129142761
 646  151    0 40.743601 38.995506 -1.35422682762146 0.24255076050758362 6 0.6676244735717773 0.16318045556545258 -0.7263950109481812
 647  153   13 40.778032 39.110967 -1.6911005973815918 0.545503556728363 5 0.6718209981918335 0.160141721367836 -0.7231951951980591
 648  154   14 40.791687 39.114547 -2.1432571411132812 0.3455673158168793 31 0.6725340485572815 0.16044242680072784 -0.7224653959274292
 649  155   14 40.800938 39.114304 -2.0579607486724854 0.30055415630340576 45 0.6730196475982666 0.16045533120632172 -0.7220101952552795
 650  154   13 40.791481 39.107749 -1.787208914756775 0.42941904067993164 42 0.6725607514381409 0.15996263921260834 -0.7225468754768372
 651  155   13 40.800164 39.107440 -1.6361658573150635 0.45304203033447266 42 0.6730080842971802 0.15996676683425903 -0.7221292853355408
 652  153   12 40.773011 39.100756 -1.0707683563232422 0.44661760330200195 41 0.6715863943099976 0.15939898788928986 -0.723577082157135
 653  154   12 40.782447 39.100695 -1.289444923400879 0.3792465031147003 41 0.6721041798591614 0.15943072736263275 -0.7230890393257141
 654  153   11 40.773208 39.093360 -1.1959868669509888 0.3247140347957611 37 0.6716506481170654 0.1588820368051529 -0.7236310243606567
 655  154   11 40.782532 39.093840 -1.3122053146362305 0.3685299754142761 41 0.6721412539482117 0.15894633531570435 -0.7231613397598267
 656  154   12 40.791130 39.100323 -1.2680904865264893 0.3190804421901703 37 0.6725683212280273 0.1594347208738327 -0.7226565480232239
 657  155   12 40.800293 39.100337 -1.1079108715057373 0.33520978689193726 37 0.6730630397796631 0.1594686359167099 -0.7221882939338684
 658  154   11 40.791180 39.093487 -1.1286604404449463 0.5016161203384399 45 0.6726203560829163 0.1589556634426117 -0.7227135300636292
 659  156   14 40.809816 39.114215 -1.5709542036056519 0.5155490636825562 40 0.6735278964042664 0.16048721969127655 -0.7215290069580078
 660  156   13 40.809291 39.107024 -1.2167714834213257 0.25763189792633057 44 0.6735581755638123 0.15998278558254242 -0.7216126322746277
 661   70  -37 39.811053 38.661008 -2.085310459136963 0.43065059185028076 35 0.6037200689315796 0.14834009110927582 -0.783273458480835
 662   71  -37 39.820218 38.660974 -1.6968042850494385 0.19545426964759827 607 0.6043934226036072 0.1484241783618927 -0.7827380299568176
 663   70  -37 39.811050 38.656234 -4.257203102111816 2.9579920768737793 190 0.6036909222602844 0.1480419933795929 -0.7833523154258728
 664   71  -38 39.820026 38.654146 -2.520432949066162 1.1156911849975586 205 0.6043280959129333 0.14799392223358154 -0.7828699350357056
 665  194   20 41.253351 39.166611 -2.747321844100952 0.7928906083106995 38 0.6979849338531494 0.1660545915365219 -0.6965937614440918
 666  197   19 41.283708 39.156504 -2.947266101837158 0.861887514591217 49 0.699655294418335 0.16543827950954437 -0.6950629949569702
 667  193   15 41.241966 39.113922 -2.630246877670288 0.8675587773323059 37 0.6978282332420349 0.16255661845207214 -0.6975750923156738
 668  197   15 41.288943 39.119331 -2.4114327430725098 1.1655586957931519 40 0.7002812027931213 0.16314926743507385 -0.6949737668037415
 669  182    1 41.110292 38.992558 -1.7909913063049316 0.5739926099777222 46 0.6886792778968811 0.16459468007087708 -0.7061370015144348
 670  195    2 41.256290 38.998293 -2.301652431488037 1.0364807844161987 45 0.6965620517730713 0.16554661095142365 -0.6981373429298401
 671  127  163 40.499910 40.466571 -2.9758460521698 0.9835766553878784 45 0.6719275712966919 0.16210955381393433 -0.7226574420928955
 672  105   70 40.233393 39.632383 -3.2503979206085205 1.1933132410049438 42 0.6466757655143738 0.15306082367897034 -0.7472501993179321
 673  112   71 40.310970 39.633504 -2.7877073287963867 1.3595964908599854 154 0.6505265831947327 0.1577703356742859 -0.742915689945221
 674  118   70 40.378368 39.628907 -2.8531546592712402 1.1848382949829102 36 0.6542919874191284 0.1602237969636917 -0.7390739917755127
 675  124   69 40.452462 39.616101 -3.374133586883545 0.7909252643585205 30 0.6587527990341187 0.16021600365638733 -0.7351024150848389
 676  118   64 40.379291 39.575671 -2.2987468242645264 0.5900355577468872 32 0.654451847076416 0.15698322653770447 -0.7396277189254761
 677  125   64 40.455117 39.573254 -3.404433250427246 1.2342078685760498 36 0.6592006683349609 0.15724870562553406 -0.7353416681289673
 678  141    9 40.637375 39.076173 -0.34268420934677124 0.7643767595291138 46 0.663806140422821 0.15704335272312164 -0.7312309741973877
 679  145   10 40.676964 39.080621 -0.26521211862564087 0.49439629912376404 41 0.6661563515663147 0.1575518399477005 -0.7289808392524719
 680  141    6 40.638915 39.047097 -0.49501070380210876 0.6783446669578552 44 0.6639557480812073 0.15499019622802734 -0.7315332293510437
 681  144    7 40.666667 39.053978 -0.48454779386520386 0.7086711525917053 46 0.6656414270401001 0.1556219607591629 -0.7298652529716492
 682  146    7 40.687810 39.055649 -0.813655436038971 0.4306725561618805 39 0.6668680310249329 0.15583518147468567 -0.7286990880966187
 683  144    6 40.666898 39.042487 -0.800113320350647 0.4676608443260193 42 0.6656025648117065 0.1547909826040268 -0.7300774455070496
 684  146    6 40.686603 39.041931 -1.27743399143219 0.4880566895008087 41 0.6667776703834534 0.15484455227851868 -0.7289929389953613
 685  149   10 40.726552 39.084509 -1.0786492824554443 0.6625286340713501 46 0.6690464019775391 0.1580568253993988 -0.726219654083252
 686  147    8 40.707386 39.067929 -1.1860934495925903 0.8301511406898499 147 0.6679914593696594 0.1567971557378769 -0.7274627685546875
 687  148    8 40.719872 39.068303 -0.4224826693534851 0.49334195256233215 142 0.6687078475952148 0.1568804234266281 -0.7267862558364868
 688  150   10 40.739794 39.083173 -0.7158128619194031 0.4187062382698059 153 0.6698033213615417 0.15801922976970673 -0.725529670715332
 689  151   11 40.755740 39.087244 -1.5110702514648438 0.31458401679992676 42 0.6707294583320618 0.15838472545146942 -0.7245939373970032
 690  152   11 40.764017 39.087742 -1.6968220472335815 0.25808146595954895 29 0.6711718440055847 0.15844886004924774 -0.7241701483726501
 691  151   10 40.754508 39.079456 -1.3972415924072266 0.26116031408309937 45 0.6706812381744385 0.15782596170902252 -0.7247604131698608
 692  152   10 40.763632 39.079464 -1.5205683708190918 0.21093463897705078 37 0.6711867451667786 0.15786242485046387 -0.7242844104766846
 693  150    9 40.737050 39.073282 -0.8069425821304321 0.27380841970443726 110 0.6697015762329102 0.15731112658977509 -0.7257775068283081
 694  151    9 40.745785 39.072776 -1.4230486154556274 0.3129630982875824 192 0.6701987981796265 0.15731199085712433 -0.725318193435669
 695  150    8 40.737025 39.065664 -0.8808671832084656 0.4287506341934204 42 0.6697443723678589 0.15677693486213684 -0.725853681564331
 696  151    8 40.745051 39.066049 -2.385521411895752 1.055709958076477 61 0.6701579689979553 0.15682420134544373 -0.7254616022109985
 697  151    9 40.754612 39.072870 -1.678816795349121 0.5494459867477417 47 0.6706443428993225 0.15734100341796875 -0.7249000072479248
 698  152    9 40.762575 39.072603 -1.5838145017623901 0.46753013134002686 55 0.6710498332977295 0.15734611451625824 -0.7245234847068787
 699  151    8 40.754017 39.065919 -4.14491605758667 0.8517667651176453 39 0.6706055402755737 0.15683943033218384 -0.7250445485115051
 700  152    8 40.763042 39.065743 -3.9445266723632812 0.9909141063690186 39 0.671065628528595 0.15685349702835083 -0.7246156930923462
 701  147    7 40.705093 39.055927 -0.9242278337478638 0.33219125866889954 55 0.6678814888000488 0.15593431890010834 -0.7277490496635437
 702  148    7 40.717326 39.059018 -0.8107737898826599 0.2303706556558609 45 0.6685585975646973 0.15620358288288116 -0.7270693182945251
 703  149    7 40.725542 39.059288 -0.4943681061267853 0.4441092014312744 29 0.6690850853919983 0.1562727987766266 -0.7265700101852417
 704  148    7 40.717125 39.052162 -0.986169159412384 0.12930956482887268 43 0.6685360670089722 0.15571029484272003 -0.7271958589553833
 705  149    7 40.726844 39.052066 -1.1471991539001465 0.3251523971557617 38 0.6691470146179199 0.15575845539569855 -0.7266234159469604
 706  147    6 40.699003 39.045339 -0.844142496585846 0.266287624835968 38 0.6674414277076721 0.15513309836387634 -0.7283238768577576
 707  147    6 40.708056 39.045419 -1.2284417152404785 0.28778132796287537 44 0.6679822206497192 0.15517950057983398 -0.7278180718421936
 708  147    5 40.699138 39.038605 -1.3530144691467285 0.4556080400943756 48 0.6673980951309204 0.15463970601558685 -0.7284685373306274
 709  147    5 40.708451 39.038487 -0.9262750148773193 0.1911562979221344 42 0.6679698824882507 0.15468120574951172 -0.7279353737831116
 710  148    6 40.717823 39.045105 -1.2014434337615967 0.17365679144859314 52 0.6685631275177002 0.15520350635051727 -0.7272793054580688
 711  149    6 40.726757 39.044889 -1.9860769510269165 0.4894930124282837 42 0.6690967679023743 0.15522949397563934 -0.7267829179763794
 712  148    5 40.717776 39.038086 -0.8081931471824646 0.5398939847946167 37 0.6686028838157654 0.15471124649047852 -0.7273476123809814
 713  150    7 40.736448 39.058293 -1.5768089294433594 0.34462156891822815 42 0.6696983575820923 0.15624095499515533 -0.7260116934776306
 714  151    7 40.745529 39.058723 -2.335963249206543 0.6084578633308411 41 0.6701620221138 0.15629619359970093 -0.7255718111991882
 715  161   14 40.863604 39.113359 -0.783596396446228 0.3564343750476837 47 0.6768012046813965 0.16071021556854248 -0.7184095978736877
 716  162   14 40.873136 39.112927 -0.5553404092788696 0.9029466509819031 48 0.6774500012397766 0.16074606776237488 -0.7177897691726685
 717  161   13 40.863216 39.106107 -1.5418274402618408 0.3271177113056183 43 0.6768745183944702 0.16021011769771576 -0.7184522151947021
 718  161   13 40.872295 39.106471 -1.4083800315856934 0.26979443430900574 42 0.6775063276290894 0.1603023260831833 -0.7178358435630798
 719  160   12 40.854219 39.099455 -0.46422889828681946 0.33610019087791443 43 0.6764025688171387 0.15970148146152496 -0.7190096974372864
 720  159   11 40.845269 39.091793 -1.371734857559204 0.5274685621261597 54 0.675899863243103 0.1591111570596695 -0.7196131348609924
 721  160   11 40.854579 39.092137 -1.2271019220352173 0.48923102021217346 48 0.6765134334564209 0.15919670462608337 -0.7190173268318176
 722   42  -58 39.491838 38.476150 -5.3835225105285645 0.46075552701950073 46 0.5794609189033508 0.13668452203273773 -0.8034564852714539
 723   41  -59 39.472639 38.462203 -5.095390796661377 0.338235080242157 51 0.5776835083961487 0.13638973236083984 -0.804785430431366
 724   42  -59 39.491537 38.461872 -5.823503017425537 0.6581456065177917 50 0.5792804956436157 0.13609932363033295 -0.8036859631538391
 725   45  -58 39.517214 38.469417 -5.8804850578308105 0.5569981932640076 43 0.5817943811416626 0.13435176014900208 -0.8021626472473145
 726  170   18 40.977537 39.149905 -1.7376221418380737 0.545197606086731 43 0.6832348108291626 0.16383807361125946 -0.7115808725357056
 727  174   22 41.016905 39.186121 -1.990100383758545 0.5276806950569153 44 0.6852396726608276 0.16658267378807068 -0.7090111970901489
 728  172   21 40.997196 39.176877 -2.2241337299346924 0.4356077313423157 47 0.6841812133789062 0.16583891212940216 -0.7102067470550537
 729  174   21 41.016166 39.177823 -1.7314481735229492 0.45540350675582886 38 0.6852044463157654 0.16597880423069 -0.709186851978302
 730  176   22 41.038297 39.188978 -2.1629464626312256 0.5966250896453857 37 0.6863460540771484 0.16685940325260162 -0.7078750729560852
 731  173   19 41.004534 39.156529 -1.3881152868270874 0.5105928182601929 41 0.6846778988838196 0.16441546380519867 -0.7100589275360107
 732  176   19 41.038275 39.158520 -1.1837581396102905 0.5289565920829773 48 0.6865520477294922 0.1646987944841385 -0.7081812024116516
 733  165   17 40.918726 39.140282 -0.5183837413787842 0.9418764114379883 41 0.679968535900116 0.16290143132209778 -0.7149167656898499
 734  166   17 40.926567 39.140125 -0.5524046421051025 0.7463051080703735 46 0.6804640889167786 0.16293662786483765 -0.7144370675086975
 735  165   16 40.918661 39.133675 -0.8581887483596802 0.22023996710777283 47859 0.6800210475921631 0.16243724524974823 -0.7149724364280701
 736  166   16 40.925544 39.133850 -0.9391679763793945 0.2860504984855652 42846 0.6804514527320862 0.1624900847673416 -0.714550793170929
 737  166   15 40.920796 39.126241 -1.3465216159820557 0.3957667350769043 2103 0.6802615523338318 0.1619381159543991 -0.7148568630218506
 738  170   16 40.969357 39.133134 -1.7489640712738037 0.7753916382789612 2114 0.6829332709312439 0.16262713074684143 -0.7121478319168091
 739  174   16 41.019254 39.131484 -1.9730350971221924 0.8527754545211792 2288 0.6857107877731323 0.16271154582500458 -0.7094545364379883
 740  153   11 40.772287 39.086471 -1.4024622440338135 0.4102301001548767 2486 0.6716410517692566 0.15839353203773499 -0.7237470149993896
 741  154   11 40.781933 39.086186 -1.2504348754882812 0.5939880013465881 10324 0.6721476912498474 0.1584041863679886 -0.7232742309570312
 742  153   10 40.772702 39.079461 -1.2169133424758911 0.37476029992103577 1449 0.6716865301132202 0.15789780020713806 -0.7238131165504456
 743  154   10 40.781735 39.079174 -1.2246112823486328 0.5310352444648743 1514 0.6721255779266357 0.15789559483528137 -0.7234060168266296
 744  153    9 40.772571 39.072228 -1.4347072839736938 0.2515946328639984 1037 0.6716547012329102 0.1573733389377594 -0.7239569425582886
 745  158   11 40.834405 39.085783 -0.7587657570838928 0.4208202362060547 12256 0.675267219543457 0.15862944722175598 -0.7203130125999451
 746  158   10 40.835693 39.078668 -0.7914302945137024 0.28520411252975464 8845 0.6754610538482666 0.15815305709838867 -0.72023606300354
 747  157    8 40.817433 39.064964 0.9183419942855835 1.0352643728256226 2997 0.6742504835128784 0.15705113112926483 -0.7216101884841919
 748  158    9 40.826697 39.071447 -0.9468313455581665 0.27918148040771484 40 0.6748862862586975 0.15758062899112701 -0.7208999991416931
 749  158    9 40.835234 39.071685 -1.0091346502304077 0.28642138838768005 25 0.6754438281059265 0.15765199065208435 -0.7203620672225952
 750  158    8 40.826407 39.064598 -0.8883066177368164 0.38884249329566956 19 0.6748406291007996 0.15708112716674805 -0.7210517525672913
 751  158    8 40.835342 39.064377 -1.4910168647766113 0.22579194605350494 40 0.6754470467567444 0.15712577104568481 -0.7204740643501282
 752  155    7 40.799779 39.050837 -1.2890863418579102 0.516936719417572 46 0.6732643246650696 0.1559678167104721 -0.7227649688720703
 753  154    5 40.780496 39.037343 -1.341115951538086 0.2574900686740875 15 0.6722418069839478 0.15493778884410858 -0.7239373326301575
 754  154    6 40.789883 39.044070 -2.059967517852783 0.26682722568511963 17 0.672778844833374 0.1554591953754425 -0.7233263850212097
 755  155    6 40.797904 39.045109 -1.6730901002883911 0.2963435649871826 18 0.6732624173164368 0.15557265281677246 -0.7228518724441528
 756  154    5 40.789209 39.037769 -1.451484203338623 0.3683403730392456 53 0.6728192567825317 0.15502291917800903 -0.7233824133872986
 757  155    5 40.799333 39.037037 -1.5056909322738647 0.6028729677200317 42 0.6735010743141174 0.15503685176372528 -0.7227446436882019
 758  170   68 40.990654 39.597160 -3.2248690128326416 1.0629887580871582 27 0.6892094016075134 0.1637933999300003 -0.7058060169219971
 759  155   58 40.810595 39.511708 -4.433763027191162 1.239437460899353 49 0.677523672580719 0.16583187878131866 -0.7165622711181641
 760  162   58 40.890152 39.511746 -4.5615997314453125 1.01649010181427 44 0.6819838881492615 0.16633354127407074 -0.7122016549110413
 761  156   25 40.808893 39.213980 -0.6185178160667419 0.5852289795875549 42 0.6759059429168701 0.1567889302968979 -0.720116913318634
 762  164   28 40.903165 39.245472 -1.2333282232284546 0.6436998248100281 42 0.6812388300895691 0.158852681517601 -0.714618444442749
 763  160   25 40.860419 39.211837 -0.9141844511032104 0.45887279510498047 35 0.6781769394874573 0.15988962352275848 -0.717294454574585
 764  163   26 40.891045 39.220743 -1.690446138381958 0.42442476749420166 35 0.680638313293457 0.1570364087820053 -0.7155913710594177
 765  164   26 40.907946 39.220885 -1.8168541193008423 0.4492219090461731 78 0.6815599799156189 0.15710990130901337 -0.7146974205970764
 766  163   24 40.888863 39.207623 -1.2792868614196777 0.502458930015564 23 0.678403377532959 0.16498109698295593 -0.7159260511398315
 767  164   24 40.904851 39.209605 -1.7366559505462646 0.6052706241607666 50 0.679158627986908 0.1657533049583435 -0.7150309681892395
 768  169   32 40.962564 39.278612 -1.5640826225280762 0.4530617892742157 41 0.6843831539154053 0.16145139932632446 -0.7110225558280945
 769  170   32 40.979668 39.278660 -1.8650240898132324 0.4439420998096466 42 0.6853136420249939 0.1615198850631714 -0.7101101875305176
 770  169   31 40.965322 39.264443 -0.6662638783454895 0.5294767618179321 36 0.6845841407775879 0.16044841706752777 -0.711056113243103
 771  170   31 40.980531 39.264028 -1.2907582521438599 0.386603444814682 45 0.6854169964790344 0.16047723591327667 -0.7102468609809875
 772  120  -31 40.386272 38.711832 -3.1691293716430664 0.11039286106824875 16 0.6426090002059937 0.15603868663311005 -0.7501370906829834
 773   18  -63 39.217580 38.431220 -3.8261196613311768 0.3841641843318939 48 0.5577601194381714 0.13204465806484222 -0.819431483745575
 774   19  -63 39.226477 38.431108 -3.122506856918335 0.24526655673980713 43 0.5584060549736023 0.13210560381412506 -0.8189815878868103
 775   20  -62 39.235635 38.438308 -3.165856122970581 0.09592447429895401 29 0.5592014789581299 0.13268344104290009 -0.8183451890945435
 776   21  -62 39.244335 38.438357 -3.127260684967041 0.24911776185035706 45 0.559848427772522 0.13275621831417084 -0.8178909420967102
 777   20  -63 39.235550 38.431466 -3.2628071308135986 0.13117937743663788 47 0.5591056942939758 0.13220900297164917 -0.8184874057769775
 778   21  -63 39.244566 38.431101 -3.2350869178771973 0.17452213168144226 24 0.5598042011260986 0.13226428627967834 -0.818000853061676
 779   22  -58 39.258600 38.477097 -2.4890599250793457 0.42807871103286743 39 0.5610397458076477 0.1354713886976242 -0.8166283965110779
 780   24  -58 39.276320 38.476564 -2.214398145675659 0.42383188009262085 34 0.5624412894248962 0.13560344278812408 -0.8156418204307556
 781   22  -59 39.258956 38.462398 -3.2864251136779785 0.5491114854812622 44 0.5611175894737244 0.13451161980628967 -0.8167335391044617
 782   -9  -84 38.895757 38.234777 -5.24949836730957 0.33991217613220215 47 0.5275200009346008 0.12613393366336823 -0.8401267528533936
 783   -8  -84 38.904580 38.234388 -5.291100978851318 0.23128585517406464 47 0.5282728672027588 0.12620539963245392 -0.8396428227424622
 784   -7  -84 38.918530 38.237529 -5.772238254547119 0.3962150514125824 46 0.5294994711875916 0.12656670808792114 -0.8388153910636902
 785   -5  -83 38.937013 38.252021 -5.288045883178711 0.3430677652359009 42 0.531212329864502 0.12772470712661743 -0.8375558853149414
 786   -4  -83 38.953987 38.252165 -5.563300609588623 0.13126428425312042 35 0.5326495170593262 0.12791800498962402 -0.8366130590438843
 787   38  -48 39.438612 38.560123 -2.174170970916748 0.4526602625846863 3 0.5774083733558655 0.13421691954135895 -0.8053479790687561
 788   39  -48 39.455792 38.561225 -2.5285990238189697 0.5505101084709167 9 0.578481137752533 0.13543996214866638 -0.8043727874755859
 789   38  -50 39.437519 38.546640 -2.6892170906066895 0.3967488408088684 34 0.5752527117729187 0.1418532431125641 -0.8055817484855652
 790   39  -50 39.455697 38.546715 -2.1806459426879883 0.3576620817184448 8 0.5766059160232544 0.14201286435127258 -0.8045855760574341
 791   44  -43 39.509720 38.607076 -2.7336440086364746 0.8640936017036438 8 0.5815393328666687 0.14225085079669952 -0.800984799861908
 792   48  -40 39.559710 38.630673 -2.1178905963897705 0.7842525839805603 22 0.5861863493919373 0.14064766466617584 -0.7978745698928833
 793   51  -40 39.592921 38.635049 -2.123100519180298 0.45639926195144653 25 0.588740885257721 0.14106516540050507 -0.7959175705909729
 794  156  -10 40.799643 38.892404 -2.6553430557250977 0.41814926266670227 45 0.6712246537208557 0.15613283216953278 -0.7246240973472595
 795  162  -10 40.871605 38.891801 -2.6741740703582764 0.4207184314727783 48 0.6751140356063843 0.15731695294380188 -0.7207444310188293
 796   34  117 39.401631 40.061332 -4.4084858894348145 0.9154382944107056 35 0.5985779166221619 0.14378730952739716 -0.7880544066429138
 797   46  117 39.547307 40.058997 -4.788144111633301 0.9116837978363037 38 0.6087263822555542 0.1449698656797409 -0.7800230383872986
 798   31  108 39.363783 39.975570 -4.008842468261719 0.5860469937324524 45 0.5946747660636902 0.14270877838134766 -0.7911991477012634
 799   37  108 39.438685 39.974508 -4.126177787780762 0.5346834063529968 33 0.5994860529899597 0.14546579122543335 -0.7870554327964783
 800   37  102 39.435651 39.918930 -4.429744720458984 0.6683405637741089 44 0.5984719395637512 0.14501988887786865 -0.7879090309143066
 801   24  108 39.290916 39.974806 -3.639333963394165 0.44788306951522827 26 0.589924693107605 0.14049749076366425 -0.7951410412788391
 802  130   33 40.513633 39.291620 -0.21407881379127502 0.7669618725776672 34 0.6582076549530029 0.16025330126285553 -0.7355824708938599
 803  137   32 40.589571 39.281825 -0.23212502896785736 0.6215072870254517 23 0.662837028503418 0.1599656045436859 -0.7314767241477966
 804  131   27 40.519521 39.234223 0.01814768835902214 0.7784640192985535 41 0.6586249470710754 0.1562168002128601 -0.7360771298408508
 805   78  -32 39.901244 38.702366 -1.0812245607376099 0.39201298356056213 31 0.6124774217605591 0.14194151759147644 -0.7776400446891785
 806   79  -32 39.910096 38.702471 -1.982053279876709 0.37506794929504395 36 0.6131107211112976 0.1420215219259262 -0.7771261930465698
 807   78  -33 39.901278 38.695443 -1.4320683479309082 0.4638541638851166 15 0.6124944686889648 0.14152169227600098 -0.7777031064033508
 808   79  -33 39.910029 38.695369 -1.8049508333206177 0.11208156496286392 6 0.6131132245063782 0.14158806204795837 -0.777203381061554
 809   79  -32 39.919400 38.702343 -2.3623459339141846 0.28748810291290283 5 0.6137881278991699 0.1420939415693283 -0.7765780091285706
 810   14  -70 39.164182 38.361116 -6.425972938537598 0.2673117518424988 5 0.5531818866729736 0.12687444686889648 -0.8233424425125122
 811   15  -70 39.172449 38.361006 -6.173549175262451 0.374509334564209 14 0.5538914799690247 0.12695273756980896 -0.8228530883789062
 812   12  -71 39.146369 38.353976 -6.539644718170166 0.16751161217689514 20 0.5516119599342346 0.1262141764163971 -0.8244963884353638
 813   13  -71 39.154636 38.353667 -6.359602928161621 0.21831080317497253 98 0.552333652973175 0.12628187239170074 -0.824002742767334
 814   12  -72 39.145980 38.347153 -6.176945686340332 0.2985597848892212 45 0.5515981316566467 0.12576934695243835 -0.8245735764503479
 815   13  -72 39.155119 38.347139 -6.275782585144043 0.37394246459007263 19 0.5522123575210571 0.12671314179897308 -0.8240178227424622
 816   14  -71 39.163705 38.353889 -6.086606502532959 0.28054502606391907 46 0.5531405210494995 0.1263967603445053 -0.8234436511993408
 817   15  -71 39.172739 38.354009 -5.94744348526001 0.18255917727947235 31 0.5539628863334656 0.12650811672210693 -0.8228735327720642
 818   14  -72 39.163882 38.346579 -6.101926326751709 0.3381440341472626 42 0.5523448586463928 0.12944459915161133 -0.8235042691230774
 819   15  -72 39.172580 38.346945 -5.931185722351074 0.23319587111473083 36 0.5528777241706848 0.13044589757919312 -0.8229885101318359
 820    9  -73 39.106695 38.337153 -8.829270362854004 0.19178326427936554 57 0.5470162630081177 0.12900874018669128 -0.8271214962005615
 821   10  -73 39.116898 38.339478 -5.865924835205078 0.22234927117824554 33 0.5479477047920227 0.12827832996845245 -0.8266184329986572
 822    9  -73 39.106548 38.335112 -9.723532676696777 0.27961355447769165 50 0.5455703139305115 0.13494504988193512 -0.8271293044090271
 823   10  -73 39.120637 38.333550 -6.256131172180176 0.2582877278327942 30 0.5465755462646484 0.13495759665966034 -0.8264633417129517
 824   10  -75 39.116559 38.321926 -9.139235496520996 0.9421810507774353 42 0.5463058352470398 0.1341712772846222 -0.8267696499824524
 825   11  -75 39.127175 38.320365 -7.888767242431641 2.354339599609375 47 0.5471201539039612 0.13416671752929688 -0.8262317180633545
 826   13  -73 39.152309 38.336311 -6.132899284362793 0.5536025762557983 37 0.5496556162834167 0.13522519171237946 -0.824374258518219
 827   14  -73 39.167169 38.337171 -6.313711166381836 0.7787291407585144 27 0.5508012175559998 0.1357855498790741 -0.8235170245170593
 828   13  -74 39.150668 38.325221 -6.3709397315979 0.8339401483535767 42 0.5491434931755066 0.13475443422794342 -0.8247925043106079
 829    8  -76 39.094127 38.307772 -7.42501974105835 1.0778510570526123 5 0.5448035001754761 0.13310357928276062 -0.8279327750205994
 830    6  -78 39.076359 38.294242 -6.087461948394775 0.9600692391395569 15 0.5433104634284973 0.1320335566997528 -0.8290843963623047
 831    8  -78 39.098419 38.294952 -8.653240203857422 1.614806890487671 45 0.5451017618179321 0.13230149447917938 -0.827864944934845
 832   54  -40 39.626754 38.636399 -2.114502429962158 0.44303157925605774 34 0.5910719037055969 0.14230994880199432 -0.7939659357070923
 833   57  -40 39.662466 38.637136 -2.291774272918701 0.4140741527080536 19 0.5933946967124939 0.1439904421567917 -0.791927695274353
 834   53  -42 39.616791 38.616542 -1.9558641910552979 0.41060584783554077 18 0.5897942185401917 0.14391785860061646 -0.794625997543335
 835   55  -42 39.635731 38.616226 -2.8168725967407227 0.5206795930862427 39 0.5913031697273254 0.14410549402236938 -0.7934697270393372
 836   53  -43 39.617506 38.602452 -2.1917037963867188 0.4691852033138275 35 0.5900547504425049 0.143132746219635 -0.7945743203163147
 837   55  -43 39.635368 38.602003 -2.7343268394470215 0.439904123544693 38 0.5912551283836365 0.1432437151670456 -0.7936615347862244
 838   56  -42 39.653973 38.616473 -3.8645293712615967 0.8079203963279724 37 0.592630922794342 0.1442870795726776 -0.7924454808235168
 839   58  -42 39.670733 38.615904 -2.5821354389190674 0.6510041952133179 40 0.5937312841415405 0.14437678456306458 -0.7916050553321838
 840   56  -43 39.649073 38.605383 -1.9297916889190674 0.2669287323951721 38 0.59220951795578 0.1435617208480835 -0.7928920984268188
 841   57  -43 39.657653 38.605561 -2.1466612815856934 0.4146941900253296 36 0.5928011536598206 0.14364215731620789 -0.7924352884292603
 842   56  -44 39.648755 38.598543 -3.8827462196350098 0.7821251153945923 43 0.5921058654785156 0.1431279182434082 -0.7930479645729065
 843   57  -44 39.657663 38.598400 -2.5497264862060547 0.8414875268936157 31 0.5926883220672607 0.14318402111530304 -0.7926026582717896
 844   58  -43 39.667345 38.605756 -2.2600784301757812 0.32357683777809143 38 0.5934747457504272 0.14373385906219482 -0.7919143438339233
 845   58  -43 39.675545 38.605530 -2.148535966873169 0.19533462822437286 29 0.5939835906028748 0.14377322793006897 -0.791525661945343
 846   58  -44 39.666619 38.598250 -1.8360960483551025 0.3342120051383972 40 0.5933194160461426 0.14325156807899475 -0.7921180725097656
 847   58  -44 39.675463 38.598505 -1.9643136262893677 0.12436792999505997 41 0.5939339995384216 0.14333979785442352 -0.7916414141654968
 848  146   -3 40.687921 38.953943 -2.3770742416381836 0.21533361077308655 37 0.6642946600914001 0.15992484986782074 -0.7301620244979858
 849  140   -4 40.625042 38.947921 -2.214395761489868 0.19344402849674225 32 0.6604330539703369 0.15915371477603912 -0.7338244915008545
 850  100  -20 40.158702 38.809416 -3.2159056663513184 0.413764625787735 32 0.6305465698242188 0.15066324174404144 -0.7613879442214966
 851  102  -20 40.175730 38.809376 -2.7652902603149414 0.25195956230163574 197 0.6316102743148804 0.15077096223831177 -0.7604843974113464
 852  100  -22 40.159125 38.795474 -2.755770444869995 0.4496179521083832 99 0.6304692029953003 0.1497693806886673 -0.7616283893585205
 853  102  -22 40.177024 38.794890 -2.4401402473449707 0.3661852478981018 191 0.6316952705383301 0.14987416565418243 -0.7605910897254944
 854   97  -23 40.117859 38.784927 -3.4026119709014893 0.1909642070531845 701 0.6275770664215088 0.1487724483013153 -0.7642080187797546
 855   97  -23 40.126975 38.784990 -3.1664795875549316 0.5226958394050598 578 0.6281545758247375 0.14883655309677124 -0.7637208700180054
 856   97  -24 40.117888 38.777929 -4.099999904632568 0.3669901490211487 779 0.6275950074195862 0.14834009110927582 -0.7642772793769836
 857   97  -24 40.126837 38.777882 -4.1331048011779785 0.4270027279853821 3003 0.62813800573349 0.14839041233062744 -0.7638213038444519
 858   98  -23 40.135859 38.785074 -2.398045778274536 0.28805550932884216 747 0.6287460327148438 0.1489075869321823 -0.7632201313972473
 859   99  -23 40.145285 38.784677 -3.1350326538085938 0.3031242787837982 746 0.629406750202179 0.14895951747894287 -0.7626652121543884
 860   98  -24 40.135214 38.777595 -3.278306245803833 0.44983378052711487 733 0.6286460757255554 0.14842291176319122 -0.7633968591690063
 861   99  -24 40.145301 38.777850 -3.46573805809021 0.22645974159240723 2171 0.6293526291847229 0.14852094650268555 -0.7627953886985779
 862   97  -24 40.117908 38.770975 -4.743326187133789 0.224687859416008 2680 0.6276183724403381 0.14791205525398254 -0.7643410563468933
 863  100  -23 40.153971 38.784578 -3.867492198944092 0.3472115099430084 2781 0.6299958825111389 0.14902065694332123 -0.7621667385101318
 864  101  -23 40.162428 38.784874 -3.269007921218872 0.6529116034507751 2760 0.6305500864982605 0.14909830689430237 -0.7616930603981018
 865  100  -24 40.153905 38.777619 -4.098936557769775 0.2343207448720932 2529 0.6299213767051697 0.148568794131279 -0.7623164653778076
 866  101  -24 40.162778 38.777486 -3.8522725105285645 0.36693325638771057 2923 0.6305274367332458 0.1486293375492096 -0.7618034482002258
 867  101  -23 40.171987 38.784476 -1.8909896612167358 0.3310282230377197 2705 0.6312167644500732 0.14915095269680023 -0.7611303925514221
 868  102  -23 40.180752 38.784339 -1.87298583984375 0.3963265120983124 2823 0.6318075060844421 0.1492088884115219 -0.7606287002563477
 869  101  -24 40.171574 38.777608 -2.428102970123291 0.44619688391685486 2784 0.6311342120170593 0.14870621263980865 -0.7612858414649963
 870  102  -24 40.180788 38.777281 -2.399550199508667 0.3574974536895752 1777 0.6318064332008362 0.1487673819065094 -0.7607160806655884
 871   29  -52 39.338469 38.525593 -2.4302775859832764 0.3824559450149536 1872 0.5673700571060181 0.1394321322441101 -0.8115724325180054
 872   31  -51 39.365658 38.533130 -1.6233959197998047 0.2143513560295105 2226 0.5694339871406555 0.14021505415439606 -0.8099905252456665
 873   33  -51 39.383859 38.533136 -1.8950600624084473 0.15367774665355682 2138 0.5709531307220459 0.1404109001159668 -0.8088864684104919
 874   31  -53 39.364888 38.518536 -2.0065741539001465 0.4425505995750427 35 0.5694190859794617 0.1392398327589035 -0.8101692199707031
 875   33  -53 39.384452 38.518792 -1.8697659969329834 0.4950772225856781 25 0.5711089968681335 0.13948023319244385 -0.8089374303817749
 876   28  -54 39.330376 38.505307 -2.357224702835083 0.5338758230209351 21 0.5668370723724365 0.1380610167980194 -0.8121791481971741
 877   30  -54 39.347023 38.504872 -2.801067590713501 0.5787442326545715 22 0.5680872797966003 0.1381736546754837 -0.8112859129905701
 878   28  -56 39.329841 38.490868 -1.8824105262756348 0.20605668425559998 146 0.5666866898536682 0.1370643526315689 -0.8124528527259827
 879   29  -56 39.343069 38.494273 -2.5492618083953857 0.28642815351486206 448 0.5677470564842224 0.13741980493068695 -0.8116521239280701
 880   30  -56 39.351374 38.495003 -2.4920692443847656 0.2958785593509674 574 0.5683639645576477 0.13753744959831238 -0.8112002611160278
 881   29  -56 39.342372 38.487807 -2.558636426925659 0.18133503198623657 102 0.5676509737968445 0.13697023689746857 -0.8117952942848206
 882   31  -54 39.365687 38.504671 -2.3956048488616943 0.32889848947525024 155 0.5695614814758301 0.1383371502161026 -0.8102237582206726
 883   33  -54 39.379098 38.508209 -2.318269968032837 0.2836238145828247 197 0.5706384778022766 0.1387065052986145 -0.8094024062156677
 884   33  -54 39.388002 38.508316 -2.5776522159576416 0.1269390881061554 55 0.5713093280792236 0.13878893852233887 -0.8089148998260498
 885   33  -55 39.379279 38.501535 -2.761089563369751 0.13116686046123505 39 0.5705790519714355 0.13824120163917542 -0.80952388048172
 886   33  -55 39.388010 38.502448 -2.627855062484741 0.1458997130393982 48 0.5712385773658752 0.13837720453739166 -0.8090354204177856
 887   31  -56 39.361436 38.494691 -2.643888473510742 0.23827415704727173 44 0.5691705942153931 0.13761469721794128 -0.810621440410614
 888   32  -55 39.368862 38.495530 -2.8060972690582275 0.25213146209716797 96 0.5697329044342041 0.13773442804813385 -0.8102059364318848
 889   35  -51 39.401958 38.532429 -2.130781888961792 0.5360457897186279 197 0.572456955909729 0.14055630564689636 -0.8077975511550903
 890   36  -51 39.419592 38.532489 -2.455444812774658 0.3886492848396301 190 0.5738328099250793 0.1407247930765152 -0.8067914247512817
 891   35  -53 39.402166 38.518879 -3.215060234069824 0.4260873794555664 55 0.5724630951881409 0.13964231312274933 -0.8079517483711243
 892   36  -52 39.414642 38.522268 -2.7452352046966553 0.28457924723625183 37 0.5733384490013123 0.1399618238210678 -0.8072755336761475
 893   36  -52 39.423031 38.523751 -2.77702260017395 0.24382060766220093 55 0.573989987373352 0.14013952016830444 -0.806781530380249
 894   35  -53 39.411853 38.517023 -3.0374462604522705 0.038087278604507446 33 0.573097288608551 0.13957644999027252 -0.8075134754180908
 895   38  -51 39.437415 38.532937 -2.8829612731933594 0.24796737730503082 48 0.5751727819442749 0.14090809226036072 -0.8058046698570251
 896   39  -51 39.451069 38.536067 -2.8820605278015137 0.12659358978271484 33 0.5762251019477844 0.14124414324760437 -0.8049936294555664
 897   40  -51 39.460492 38.536384 -2.9459874629974365 0.1726982742547989 47 0.576935350894928 0.1413463056087494 -0.8044668436050415
 898   39  -52 39.451317 38.529802 -2.6433334350585938 0.086650550365448 48 0.5761797428131104 0.14080649614334106 -0.8051027655601501
 899   40  -52 39.460098 38.529910 -2.7001938819885254 0.11833398044109344 35 0.5768489837646484 0.14089088141918182 -0.8046086430549622
 900   37  -52 39.431834 38.524839 -2.9123387336730957 0.2117769420146942 10 0.5746533870697021 0.14028747379779816 -0.8062834143638611
 901   38  -52 39.439167 38.524707 -2.4757211208343506 0.02554602548480034 43 0.5752125382423401 0.1403459906578064 -0.8058744072914124
 902   34  -54 39.396676 38.508521 -2.8189404010772705 0.12233658134937286 36 0.5719459652900696 0.13887232542037964 -0.8084505796432495
 903   35  -54 39.402902 38.510258 -2.7761406898498535 0.07820899784564972 48 0.5723973512649536 0.13903875648975372 -0.8081024289131165
 904   34  -55 39.394139 38.503613 -2.659189224243164 0.06148425489664078 44 0.5717057585716248 0.13850870728492737 -0.8086828589439392
 905   33  -60 39.388342 38.458384 -5.05138635635376 0.13730311393737793 43 0.5711830854415894 0.13540248572826385 -0.8095777034759521
 906   30  -61 39.352002 38.445129 -5.066415309906006 0.1618724763393402 41 0.5683267712593079 0.1341862827539444 -0.8117873668670654
 907   71  -43 39.819060 38.604543 -4.770043849945068 0.4303783178329468 43 0.6042166352272034 0.1449594795703888 -0.7835234999656677
 908   70  -44 39.809839 38.597575 -4.370262145996094 0.13743731379508972 31 0.603553295135498 0.1444559097290039 -0.7841275334358215
 909   71  -44 39.819312 38.597692 -4.0189690589904785 0.15323849022388458 32 0.6042791604995728 0.14455679059028625 -0.7835496664047241
 910   73  -41 39.838312 38.625306 -4.838234901428223 0.5077628493309021 42 0.6055893301963806 0.14638909697532654 -0.7821968197822571
 911   73  -40 39.846543 38.632426 -4.191137790679932 0.2248910665512085 40 0.6061998009681702 0.14690011739730835 -0.781627893447876
 912   74  -40 39.855516 38.632486 -4.02981424331665 0.2176569700241089 49 0.606860876083374 0.14698781073093414 -0.7810982465744019
 913   73  -41 39.846666 38.625298 -3.8910064697265625 0.2649592459201813 41 0.6062210202217102 0.14647045731544495 -0.7816921472549438
 914   74  -41 39.855403 38.625351 -3.7499380111694336 0.07957322895526886 47 0.606879711151123 0.1465582251548767 -0.7811643481254578
 915   75  -39 39.864477 38.639266 -4.120926380157471 0.10657040774822235 50 0.6075159907341003 0.14748342335224152 -0.7804953455924988
 916   76  -39 39.873357 38.639177 -4.286197185516357 0.09843926876783371 26 0.6081564426422119 0.14755739271640778 -0.7799824476242065
 917   76  -38 39.882713 38.646387 -3.858375310897827 0.2127549946308136 40 0.6088313460350037 0.1480819135904312 -0.7793562412261963
 918   77  -38 39.891657 38.646297 -3.916168212890625 0.17122437059879303 37 0.6094952821731567 0.14816145598888397 -0.7788220047950745
 919   76  -39 39.882463 38.639526 -3.6550750732421875 0.2246095836162567 34 0.6088376641273499 0.14766666293144226 -0.7794301509857178
 920   77  -39 39.891195 38.639314 -3.7252566814422607 0.15628808736801147 44 0.6094832420349121 0.14773520827293396 -0.7789124250411987
 921   75  -40 39.864352 38.632413 -4.014312744140625 0.13237634301185608 40 0.6075100302696228 0.14706505835056305 -0.7805789709091187
 922   76  -40 39.873382 38.632299 -4.25580358505249 0.21192874014377594 22 0.6081772446632385 0.14714229106903076 -0.7800446152687073
 923   75  -41 39.864453 38.625716 -3.92318058013916 0.09463915228843689 27 0.6075534820556641 0.14666567742824554 -0.780620276927948
 924   76  -41 39.872907 38.625021 -4.076849937438965 0.1746155023574829 38 0.6082012057304382 0.14670860767364502 -0.7801076173782349
 925   77  -40 39.885631 38.628525 -4.440793514251709 0.3688686788082123 38 0.6090919375419617 0.14702831208705902 -0.779352068901062
 926   72  -41 39.837076 38.618684 -4.423929691314697 0.4770076274871826 38 0.6055055856704712 0.14597634971141815 -0.7823387980461121
 927   72  -42 39.828180 38.611685 -4.745290279388428 0.18556854128837585 33 0.6048636436462402 0.1454714685678482 -0.7829291820526123
 928   72  -42 39.837474 38.611543 -4.56505012512207 0.2109745889902115 19 0.6055421829223633 0.1455470621585846 -0.7823904156684875
 929   73  -42 39.846364 38.618358 -3.5212912559509277 0.10894671827554703 45 0.6062336564064026 0.14605389535427094 -0.7817602157592773
 930   74  -42 39.855775 38.618385 -3.8427116870880127 0.16047243773937225 43 0.6069477796554565 0.1461467295885086 -0.7811885476112366
 931   73  -42 39.846087 38.611260 -3.9394989013671875 0.3122116029262543 44 0.6061817407608032 0.14561091363430023 -0.7818831205368042
 932   74  -42 39.855784 38.611418 -3.838163137435913 0.1534457951784134 43 0.6069573163986206 0.14572502672672272 -0.7812599539756775
 933   72  -43 39.828116 38.604649 -4.3728766441345215 0.18094152212142944 47 0.6048851013183594 0.1450498402118683 -0.7829907536506653
 934   72  -43 39.837190 38.604510 -4.568040370941162 0.18228065967559814 33 0.6055653691291809 0.14512686431407928 -0.7824504971504211
 935   72  -44 39.828242 38.597557 -4.084322929382324 0.20630523562431335 42 0.6049630045890808 0.1446366012096405 -0.7830070853233337
 936   72  -44 39.837104 38.597323 -4.784792900085449 0.35763800144195557 45 0.6056366562843323 0.1447077989578247 -0.7824729681015015
 937   73  -44 39.849337 38.600307 -4.995620250701904 0.8026788234710693 45 0.6064504981040955 0.1449802815914154 -0.7817918658256531
 938   75  -42 39.869358 38.614933 -4.039287567138672 0.2487994283437729 43 0.6080206632614136 0.14607970416545868 -0.7803663611412048
 939   77  -42 39.886426 38.614697 -4.525884628295898 0.27147674560546875 51 0.6092378497123718 0.14621123671531677 -0.7793917655944824
 940   69   58 39.802494 39.524896 -0.4244226813316345 0.8981501460075378 45 0.6178090572357178 0.14769624173641205 -0.7723327279090881
 941   68   51 39.799603 39.461093 -0.42648550868034363 0.7263297438621521 44 0.6161149144172668 0.14901761710643768 -0.7734314799308777
 942  -68  139 38.190131 40.254449 -3.50140380859375 1.4741519689559937 53 0.5087779760360718 0.12378952652215958 -0.8519513607025146
 943  -62  140 38.262091 40.258968 -4.804661273956299 1.5903629064559937 50 0.5146053433418274 0.1262955367565155 -0.8480747938156128
 944  -52  142 38.377827 40.284010 -4.953636169433594 2.397939920425415 48 0.5252919793128967 0.12681804597377777 -0.8414188027381897
 945  -50  133 38.411279 40.199979 -5.464748859405518 1.2125860452651978 51 0.5264247059822083 0.12630747258663177 -0.8407873511314392
 946  -40  142 38.524444 40.284610 -5.644515037536621 2.662773847579956 52 0.5369591116905212 0.13023075461387634 -0.833495557308197
 947  -12  -66 38.854270 38.399768 -3.7739689350128174 1.6348692178726196 37 0.5273592472076416 0.12621384859085083 -0.8402156233787537
 948  -17  -73 38.797180 38.335211 -3.6679530143737793 1.0332567691802979 41 0.5225658416748047 0.12154142558574677 -0.8438913822174072
 949  -14  -71 38.838284 38.357132 -5.003566265106201 1.0655454397201538 36 0.5260459780693054 0.12335402518510818 -0.8414626717567444
 950  -11  -71 38.870061 38.357482 -4.493366241455078 1.2564754486083984 63 0.5284218192100525 0.12363763153553009 -0.8399310111999512
 951  -14  -74 38.838477 38.331080 -5.03525972366333 1.0812901258468628 57 0.5259148478507996 0.12167687714099884 -0.8417887091636658
 952  -10  -74 38.875346 38.329644 -3.7042860984802246 0.7595388889312744 63 0.5289088487625122 0.12193920463323593 -0.8398727178573608
 953   -6  -66 38.929705 38.400336 -2.8524563312530518 0.5468452572822571 62 0.5339590907096863 0.12711484730243683 -0.8359004855155945
 954   -1  -65 38.980744 38.413475 -2.6032588481903076 0.5738809108734131 46 0.5382992625236511 0.12851057946681976 -0.8328979015350342
 955    1  -65 39.016166 38.413484 -2.241183042526245 0.35552313923835754 50 0.5412201285362244 0.12887264788150787 -0.8309468626976013
 956   -1  -68 38.978993 38.386727 -3.5038201808929443 1.0128173828125 36 0.5379422903060913 0.126723051071167 -0.8334022760391235
 957    1  -68 39.016258 38.385953 -2.16831374168396 0.34706711769104004 50 0.5411627292633057 0.12708108127117157 -0.8312601447105408
 958   -7  -71 38.911475 38.357130 -3.664257049560547 0.6845788359642029 41 0.5318576097488403 0.12403489649295807 -0.8377008438110352
 959   -4  -71 38.946712 38.359253 -3.1438305377960205 0.6341316103935242 68 0.5349005460739136 0.12455261498689651 -0.8356841206550598
 960   -8  -73 38.900935 38.336464 -2.930532932281494 0.39789414405822754 41 0.5310561656951904 0.12263180315494537 -0.8384156227111816
 961   -7  -73 38.918441 38.336648 -4.103702068328857 0.978240966796875 54 0.5324270725250244 0.12279828637838364 -0.8375213146209717
 962   -8  -75 38.899887 38.322219 -2.9963412284851074 0.29119956493377686 51 0.5308499336242676 0.12168965488672256 -0.8386834859848022
 963   -7  -75 38.917948 38.322519 -3.1045339107513428 0.16410627961158752 192 0.5322885513305664 0.12187308818101883 -0.8377444744110107
 964   -5  -73 38.935309 38.334728 -5.620189666748047 1.6751607656478882 35 0.5336823463439941 0.1228104680776596 -0.8367202281951904
 965   -4  -73 38.953869 38.336542 -2.3599510192871094 1.207526683807373 41 0.535277783870697 0.1231246292591095 -0.8356542587280273
 966   -5  -74 38.931456 38.326030 -3.195945978164673 0.2530544102191925 39 0.5334077477455139 0.12222898751497269 -0.8369804620742798
 967   -5  -74 38.940647 38.326153 -4.1177659034729 0.7414678931236267 43 0.5341423749923706 0.12232043594121933 -0.836498498916626
 968  121  -31 40.394968 38.711403 -3.053905487060547 0.10008998215198517 203 0.6431736946105957 0.15607380867004395 -0.7496456503868103
 969  120  -31 40.386033 38.704803 -3.282214403152466 0.17592677474021912 49 0.6426372528076172 0.15560314059257507 -0.7502033710479736
 970  121  -31 40.395219 38.704552 -3.6541669368743896 0.38687390089035034 51 0.6432479023933411 0.15565620362758636 -0.7496687769889832
 971  122  -26 40.405225 38.753781 -2.9950850009918213 0.5199941992759705 50 0.6463044881820679 0.14880141615867615 -0.7484307885169983
 972  122  -26 40.414175 38.753745 -3.2323014736175537 0.3354829251766205 47 0.6468524932861328 0.1488785445690155 -0.7479419112205505
 973  123  -26 40.423052 38.753602 -3.5820224285125732 0.3614410161972046 53 0.6472630500793457 0.14951343834400177 -0.747459888458252
 974   88  -31 40.017244 38.708624 -4.504627704620361 0.42592743039131165 43 0.6205268502235413 0.14323033392429352 -0.7709938883781433
 975   89  -31 40.026861 38.716225 -4.436498165130615 0.19489754736423492 49 0.6211732029914856 0.1437702625989914 -0.7703726887702942
 976   90  -31 40.035423 38.715148 -4.15390682220459 0.3035336434841156 57 0.6218072175979614 0.14377857744693756 -0.7698594331741333
 977   89  -31 40.027978 38.708216 -3.747088670730591 0.24803555011749268 49 0.6214065551757812 0.14332005381584167 -0.7702683210372925
 978   90  -31 40.036047 38.708860 -4.139114856719971 0.5001318454742432 57 0.6220256090164185 0.14343488216400146 -0.7697471380233765
 979   12  -54 39.142218 38.512623 -2.5472164154052734 0.5303946733474731 45 0.5529143810272217 0.13157573342323303 -0.8227840065956116
 980    6  -60 39.069391 38.456218 -2.5920400619506836 0.503324031829834 52 0.5457300543785095 0.1322178691625595 -0.8274642825126648
 981   10  -58 39.124077 38.470218 -2.3558895587921143 0.44551101326942444 49 0.5501849055290222 0.13368618488311768 -0.8242721557617188
 982   13  -58 39.159423 38.470003 -1.9728078842163086 0.5291844606399536 52 0.5530489683151245 0.13402657210826874 -0.8222978115081787
 983   10  -61 39.124097 38.441921 -2.006617784500122 0.4273003935813904 52 0.5502196550369263 0.13184396922588348 -0.824545681476593
 984   13  -61 39.159348 38.444751 -2.5780699253082275 0.8219127655029297 56 0.5531002879142761 0.13238215446472168 -0.822529673576355
 985   28  170 39.338019 40.531255 -3.980510950088501 0.8818941712379456 51 0.6013962030410767 0.14497347176074982 -0.7856878042221069
 986   76  167 39.908008 40.504278 -3.673459529876709 0.9121420383453369 43 0.6379150748252869 0.1540590524673462 -0.7545397877693176
 987  120  -36 40.380308 38.658888 -3.171300172805786 0.33662915229797363 53 0.6423661112785339 0.1526826173067093 -0.751035213470459
 988  123  -33 40.417798 38.686860 -3.267359495162964 0.303413987159729 42 0.6448284983634949 0.1547233611345291 -0.7485031485557556
 989  126  -33 40.453243 38.686285 -3.4256296157836914 0.423596054315567 38 0.6472103595733643 0.15428681671619415 -0.7465348839759827
 990  123  -36 40.416737 38.658785 -3.540215015411377 0.24215008318424225 42 0.6447634100914001 0.15293772518634796 -0.7489259839057922
 991  126  -36 40.451336 38.658364 -3.497021198272705 0.3844468295574188 42 0.646995484828949 0.15313667058944702 -0.7469577789306641
 992  109  -44 40.255476 38.588548 -4.270735740661621 0.8281740546226501 58 0.6338120102882385 0.1495661437511444 -0.7588889002799988
 993  171   -7 40.979288 38.918144 -2.3278255462646484 0.5689125061035156 50 0.6808991432189941 0.1607637107372284 -0.7145147323608398
 994  158  -19 40.826253 38.809640 -2.81227445602417 0.7300160527229309 59 0.6705378890037537 0.16141603887081146 -0.7241020798683167
 995  172  -18 40.984842 38.814868 -2.342288017272949 1.8469189405441284 52 0.67962247133255 0.1628841608762741 -0.7152497172355652
 996    6  120 39.072234 40.088639 -4.091881275177002 0.7177739143371582 52 0.5760876536369324 0.13577936589717865 -0.8060317039489746
 997   12  120 39.145441 40.088739 -4.363519668579102 0.7919276356697083 59 0.5802481174468994 0.14184707403182983 -0.8019922375679016
 998    6  114 39.073254 40.033611 -3.759370803833008 0.9674258828163147 56 0.5745579600334167 0.1399374008178711 -0.8064122200012207
 999   12  114 39.145335 40.031331 -3.9770994186401367 0.7611595988273621 55 0.5797605514526367 0.1408076137304306 -0.8025278449058533
1000   21  117 39.254266 40.060746 -4.309366703033447 0.6991810202598572 41 0.5879918932914734 0.14241476356983185 -0.7962308526039124
1001   84   -7 39.972291 38.932156 -0.7708350419998169 0.9314218163490295 46 0.6201171875 0.14695215225219727 -0.770622968673706
1002   96   -7 40.115546 38.928776 -0.8493074774742126 0.8381293416023254 49 0.6296770572662354 0.14846213161945343 -0.7625390887260437
1003   80  -16 39.932718 38.845741 -1.7796043157577515 1.5220067501068115 46 0.6157308220863342 0.1476249396800995 -0.7740041613578796
1004   87  -16 40.005357 38.846137 -1.1315301656723022 0.9373725056648254 45 0.6203094124794006 0.15019384026527405 -0.7698428630828857
1005   81  -22 39.932317 38.791596 -1.6337940692901611 2.3574466705322266 54 0.6148534417152405 0.14771641790866852 -0.7746838331222534
1006   85  -21 39.987465 38.804333 -0.8015524744987488 2.1189370155334473 42 0.6186800003051758 0.14895354211330414 -0.7713934779167175
1007   88  -21 40.022847 38.804708 -1.944197177886963 1.4044506549835205 43 0.6211161613464355 0.14926213026046753 -0.7693734765052795
1008   85  -24 39.986907 38.775456 -1.5605618953704834 1.403207540512085 49 0.6185973286628723 0.14715547859668732 -0.7718047499656677
1009   88  -23 40.014665 38.782295 -2.7208731174468994 1.2944003343582153 35 0.6205530762672424 0.14780950546264648 -0.7701079249382019
1010   89  -23 40.032544 38.782027 -2.336092472076416 0.5355358123779297 41 0.6217877864837646 0.14793595671653748 -0.7690870761871338
1011   88  -25 40.014494 38.768524 -2.2104547023773193 0.7446314692497253 36 0.6205099821090698 0.1469491422176361 -0.7703072428703308
1012   89  -25 40.031246 38.765695 -2.239785671234131 0.8078814744949341 40 0.6217092871665955 0.14691703021526337 -0.7693458199501038
1013   83  -35 39.954504 38.680790 -4.754485607147217 0.3606666624546051 43 0.6139242053031921 0.1508183479309082 -0.7748231887817383
1014   83  -34 39.963715 38.681049 -4.344371318817139 0.398880273103714 41 0.6145881414413452 0.15091869235038757 -0.7742770910263062
1015   80  -36 39.927820 38.667013 -3.711029529571533 0.28245794773101807 43 0.6120757460594177 0.14975008368492126 -0.7764909267425537
1016   79  -37 39.909536 38.660131 -4.669217586517334 0.12137921899557114 39 0.6107644438743591 0.14916418492794037 -0.7776354551315308
1017   78  -38 39.900415 38.653184 -4.148273468017578 0.11416512727737427 51 0.6101616621017456 0.1486697942018509 -0.7782031297683716
1018   79  -38 39.909718 38.653237 -4.284643650054932 0.2726452648639679 38 0.610833466053009 0.1487576812505722 -0.7776590585708618
1019   79  -37 39.918351 38.659974 -4.336101531982422 0.37146058678627014 43 0.6113854050636292 0.14923012256622314 -0.7771346569061279
1020   80  -37 39.927700 38.660097 -3.660834550857544 0.20122087001800537 43 0.6120731234550476 0.1493254154920578 -0.7765748500823975
1021   79  -38 39.918343 38.653139 -4.963589191436768 0.3366318643093109 46 0.611412525177002 0.14881733059883118 -0.7771925330162048
1022   80  -38 39.927271 38.652974 -3.8792004585266113 0.1731429100036621 40 0.6120259165763855 0.14888060092926025 -0.7766974568367004
1023   32  -60 39.370139 38.452142 -5.545444965362549 0.17247581481933594 40 0.5697649121284485 0.1348222941160202 -0.810673177242279
1024   31  -61 39.360649 38.445135 -5.171757698059082 0.13372650742530823 44 0.5690581202507019 0.1342770755290985 -0.8112598657608032
1025   32  -61 39.369528 38.444704 -5.3367533683776855 0.28957033157348633 37 0.5698050856590271 0.13433952629566193 -0.8107250928878784
1026   33  -60 39.378756 38.451969 -5.728446006774902 0.16743099689483643 41 0.5704582333564758 0.13489240407943726 -0.810173749923706
1027   33  -60 39.387625 38.452135 -5.443604469299316 0.16172003746032715 43 0.5711830258369446 0.1349894106388092 -0.8096467852592468
1028   33  -61 39.378981 38.444520 -5.8267083168029785 0.3222838342189789 36 0.5705701112747192 0.13441704213619232 -0.8101739883422852
1029   33  -61 39.387828 38.444878 -5.82191801071167 0.2598074972629547 40 0.5712876319885254 0.13452591001987457 -0.8096500635147095
1030   31  -62 39.361202 38.437760 -4.9485578536987305 0.29527342319488525 42 0.5692106485366821 0.1338147073984146 -0.8112292885780334
1031   32  -62 39.370204 38.437988 -4.890420436859131 0.3026063144207001 44 0.5699793100357056 0.133924201130867 -0.810671329498291
1032   31  -63 39.360830 38.430978 -4.8341803550720215 0.32258400321006775 43 0.569265604019165 0.133376806974411 -0.8112627863883972
1033   32  -63 39.370033 38.431004 -4.5846967697143555 0.2231401950120926 36 0.5700175762176514 0.13346712291240692 -0.8107197880744934
1034   33  -62 39.383701 38.434209 -5.269432544708252 0.32486164569854736 45 0.5710347294807434 0.13378958404064178 -0.8099504113197327
1035  115  -26 40.324483 38.754685 -0.731499433517456 0.7686964869499207 47 0.6411664485931396 0.14833815395832062 -0.752928614616394
1036   60  -42 39.693918 38.619477 -2.678729295730591 0.3121456503868103 43 0.5954521298408508 0.14481233060359955 -0.7902317047119141
1037   59  -42 39.684104 38.612284 -1.5364137887954712 0.22478283941745758 45 0.5946457982063293 0.14426779747009277 -0.7909381985664368
1038   60  -42 39.694472 38.612213 -2.1780755519866943 0.34209728240966797 46 0.5954577922821045 0.14437246322631836 -0.7903079390525818
1039   61  -42 39.702954 38.619365 -2.4184436798095703 0.20699982345104218 41 0.5960782766342163 0.14488045871257782 -0.7897470593452454
1040   61  -42 39.711742 38.619442 -2.595465660095215 0.17724156379699707 41 0.5966680645942688 0.14495296776294708 -0.7892882227897644
1041   61  -42 39.702577 38.612536 -2.5678365230560303 0.16465827822685242 41 0.5959941148757935 0.14445140957832336 -0.7898891568183899
1042   61  -42 39.711810 38.612318 -2.064030170440674 0.19478502869606018 191 0.5966303944587708 0.14451387524604797 -0.7893972396850586
1043   59  -43 39.684603 38.605525 -1.6676844358444214 0.11486674845218658 57 0.5945971608161926 0.14384442567825317 -0.7910518646240234
1044   60  -43 39.694131 38.605255 -2.0620667934417725 0.1430388242006302 52 0.5952788591384888 0.1439117193222046 -0.7905267477035522
1045   59  -44 39.684394 38.598406 -2.0635159015655518 0.20926138758659363 42 0.59453946352005 0.14340388774871826 -0.7911751866340637
1046   61  -43 39.702689 38.605284 -1.948602557182312 0.1552491933107376 51 0.5958743691444397 0.1439843624830246 -0.7900647521018982
1047   61  -43 39.711553 38.605352 -2.229318857192993 0.14542391896247864 49 0.5965042114257812 0.144065260887146 -0.7895745635032654
1048   62  -42 39.720601 38.619194 -2.1008691787719727 0.21025937795639038 40 0.5972551703453064 0.1450047791004181 -0.7888345718383789
1049   63  -42 39.729648 38.619284 -2.058464288711548 0.10551083832979202 46 0.5978692770004272 0.1450813114643097 -0.7883551120758057
1050   62  -42 39.720848 38.612303 -1.8650768995285034 0.12892991304397583 32 0.5972433686256409 0.14458420872688293 -0.7889206409454346
1051   63  -42 39.729903 38.612326 -1.9284999370574951 0.09053799510002136 51 0.5978694558143616 0.14465975761413574 -0.7884324193000793
1052   64  -42 39.738536 38.619216 -2.2191882133483887 0.1330711841583252 57 0.5984680652618408 0.145146906375885 -0.7878885865211487
1053   65  -42 39.747765 38.619187 -2.809555768966675 0.31280696392059326 39 0.5991052985191345 0.1452202945947647 -0.7873906493186951
1054   53  -45 39.612349 38.591583 -2.7513227462768555 0.5841175317764282 37 0.589636504650116 0.14242562651634216 -0.7950118184089661
1055   54  -45 39.621744 38.591529 -1.9271376132965088 0.19657130539417267 46 0.5903573036193848 0.14251717925071716 -0.7944602966308594
1056   53  -45 39.612648 38.584590 -2.6759495735168457 0.3907248079776764 44 0.5896022319793701 0.14199554920196533 -0.7951141595840454
1057   54  -45 39.621445 38.584429 -2.7787890434265137 0.39785832166671753 40 0.5901705026626587 0.1420477330684662 -0.7946831583976746
1058   54  -45 39.631094 38.592257 -2.3986752033233643 0.32905811071395874 40 0.5910753607749939 0.14265452325344086 -0.7939015030860901
1059   55  -45 39.639768 38.591713 -3.922238349914551 0.5531060099601746 35 0.591643750667572 0.14268381893634796 -0.7934727668762207
1060   54  -45 39.630749 38.584574 -2.447007417678833 0.34230929613113403 51 0.5908625721931458 0.14214597642421722 -0.7941511273384094
1061   55  -45 39.639760 38.584674 -2.940725564956665 0.668937087059021 30 0.5914985537528992 0.14222697913646698 -0.7936630249023438
1062   53  -46 39.612315 38.577732 -2.6477701663970947 0.375730961561203 49 0.5895170569419861 0.14156776666641235 -0.795253574848175
1063   54  -46 39.621530 38.577789 -2.76731276512146 0.37961384654045105 49 0.5901052355766296 0.14163464307785034 -0.7948052883148193
1064   53  -47 39.612518 38.570668 -2.9390454292297363 0.34164169430732727 40 0.5894255638122559 0.14112195372581482 -0.7954006195068359
1065   54  -46 39.630572 38.577536 -2.3020806312561035 0.1417461633682251 53 0.5907249450683594 0.14169158041477203 -0.7943346500396729
1066   56  -45 39.648708 38.591617 -3.9787981510162354 0.447467178106308 43 0.5921919941902161 0.14273428916931152 -0.7930545806884766
1067   57  -45 39.657746 38.591630 -3.3681793212890625 0.5129569172859192 45 0.592746913433075 0.14279086887836456 -0.7926297187805176
1068   56  -45 39.648874 38.584425 -2.6810662746429443 0.2656649947166443 41 0.5920810103416443 0.14227475225925446 -0.793220043182373
1069   58  -45 39.666621 38.591491 -2.550480365753174 0.22133566439151764 12 0.5932852029800415 0.14283739030361176 -0.7922185659408569
1070   54  -50 39.621429 38.542679 -3.573868989944458 0.3852291405200958 40 0.5900049805641174 0.13951466977596283 -0.7952545881271362
1071   55  -49 39.639342 38.549400 -3.790809392929077 0.2090376615524292 819 0.5912929177284241 0.1400701105594635 -0.7941996455192566
1072   54  -50 39.630476 38.542331 -4.646342754364014 0.39533066749572754 314 0.5906955003738403 0.1395803689956665 -0.7947302460670471
1073   55  -50 39.639041 38.542583 -4.165775775909424 0.35730406641960144 908 0.5913108587265015 0.13966909050941467 -0.7942569255828857
1074   57  -49 39.657246 38.556336 -4.285865306854248 0.1342155784368515 593 0.5925540924072266 0.14063403010368347 -0.7931593656539917
1075   58  -48 39.675146 38.563236 -3.991804361343384 0.22783862054347992 3177 0.593856155872345 0.141206756234169 -0.7920830845832825
1076   58  -49 39.666231 38.556335 -4.149572849273682 0.2497941106557846 1561 0.5932150483131409 0.14071550965309143 -0.7926506996154785
1077  131  -19 40.514260 38.815805 -2.901819944381714 0.08927599340677261 85010 0.651343584060669 0.16052696108818054 -0.7416080832481384
1078  132  -19 40.523305 38.815546 -3.061145782470703 0.13090074062347412 2339 0.6518842577934265 0.16055536270141602 -0.7411267757415771
1079  133  -18 40.532421 38.822688 -3.049023389816284 0.20782971382141113 2098 0.6532313823699951 0.1577148288488388 -0.7405502796173096
1080  134  -13 40.554149 38.865805 -3.545165777206421 1.8734779357910156 2481 0.6562502980232239 0.15299172699451447 -0.7388700842857361
1081  135  -13 40.560299 38.864529 -2.224421739578247 0.4961579740047455 2594 0.6566314697265625 0.15293312072753906 -0.7385435700416565
1082  134  -14 40.553711 38.858363 -7.883733749389648 1.0618702173233032 2185 0.6562439799308777 0.15246708691120148 -0.738984227180481
1083   95  -28 40.099349 38.736275 -3.6769466400146484 0.12260275334119797 1187 0.6261017322540283 0.1455554962158203 -0.7660354375839233
1084   96  -28 40.108434 38.735578 -4.421577453613281 0.35397428274154663 2206 0.626707911491394 0.1455773264169693 -0.7655354142189026
1085   90  -30 40.045579 38.722717 -3.6097633838653564 0.19621028006076813 2909 0.6225123405456543 0.14432673156261444 -0.7691866755485535
1086   91  -30 40.054312 38.722093 -3.985630989074707 0.2612578570842743 81 0.6231851577758789 0.14437124133110046 -0.7686333656311035
1087   93  -29 40.072388 38.729392 -4.149229526519775 0.2178892344236374 60 0.6243882179260254 0.14495235681533813 -0.7675468921661377
1088   92  -30 40.063190 38.722308 -4.1762518882751465 0.14198875427246094 366 0.623809814453125 0.14445555210113525 -0.7681106328964233
1089   93  -30 40.072290 38.722270 -4.22964334487915 0.23512692749500275 47 0.624457836151123 0.14452750980854034 -0.7675703763961792
1090   90  -31 40.044602 38.715168 -3.594966173171997 0.30015525221824646 150 0.6224748492240906 0.1438589245080948 -0.7693046927452087
1091   91  -31 40.055232 38.715932 -3.299335479736328 0.12626275420188904 162 0.6233461499214172 0.1440214067697525 -0.7685684561729431
1092   90  -31 40.044970 38.708344 -4.588554382324219 0.43460017442703247 215 0.6225643754005432 0.14345256984233856 -0.7693080902099609
1093   91  -31 40.053583 38.707501 -3.676297187805176 0.17311866581439972 79 0.6230924129486084 0.14345335960388184 -0.7688803672790527
1094   92  -31 40.068158 38.712285 -3.6707749366760254 0.5172840356826782 76 0.6242236495018005 0.14388899505138397 -0.7678806781768799
1095   93  -29 40.080925 38.729099 -4.234563827514648 0.41049090027809143 69 0.6249274015426636 0.1449885219335556 -0.7671011090278625
1096   94  -29 40.090347 38.729111 -3.690304756164551 0.17799495160579681 153 0.6255497932434082 0.1450565606355667 -0.7665807604789734
1097   94  -30 40.081189 38.722093 -4.6624836921691895 0.2708207964897156 28 0.62501460313797 0.1445714384317398 -0.7671087980270386
1098   94  -30 40.090084 38.721980 -4.030328273773193 0.11946886032819748 26 0.6255629658699036 0.1446191966533661 -0.7666527032852173
1099   95  -29 40.099116 38.729090 -3.9583661556243896 0.11202917993068695 38 0.6261568069458008 0.14512351155281067 -0.7660723924636841
1100   96  -29 40.108363 38.728944 -4.381525993347168 0.3841550350189209 43 0.6267961263656616 0.1451854705810547 -0.7655376195907593
1101   95  -30 40.099136 38.722085 -3.983963966369629 0.16232182085514069 31 0.6261886954307556 0.14469531178474426 -0.7661272883415222
1102   96  -30 40.108230 38.721901 -3.7671754360198975 0.10378622263669968 48 0.62679123878479 0.14474733173847198 -0.7656245231628418
1103   94  -31 40.085715 38.711676 -4.102684497833252 0.3065377175807953 24 0.6253232955932617 0.14420673251152039 -0.7669258713722229
1104   96  -31 40.104739 38.711273 -3.944526195526123 0.2751835882663727 49 0.6260504126548767 0.14660580456256866 -0.7658770680427551
1105   97  -27 40.126233 38.742960 -4.230574131011963 0.26736605167388916 54 0.6279637813568115 0.14618028700351715 -0.7643904685974121
1106   97  -28 40.117139 38.735732 -4.529959678649902 0.2031644582748413 42 0.627292275428772 0.1456504911184311 -0.7650427222251892
1107   97  -28 40.125695 38.735638 -3.7173314094543457 0.3189880847930908 50 0.6278798580169678 0.1457110047340393 -0.7645490169525146
1108   98  -27 40.134175 38.742330 -3.3532145023345947 0.2098853886127472 60 0.6284643411636353 0.1461932212114334 -0.763976514339447
1109   99  -27 40.146603 38.742872 -3.202702760696411 0.12110277265310287 154 0.6295749545097351 0.14638160169124603 -0.7630254626274109
1110   98  -28 40.135261 38.735559 -3.136070489883423 0.13329115509986877 43 0.6286054849624634 0.14579465985298157 -0.7639365792274475
1111   99  -28 40.144835 38.735238 -3.1380040645599365 0.14247441291809082 22 0.6293603181838989 0.14587116241455078 -0.7633002400398254
1112  100  -27 40.153415 38.742733 -4.177647590637207 0.4093691110610962 43 0.6300219297409058 0.14641837775707245 -0.762649416923523
1113  101  -27 40.162242 38.742414 -4.488062381744385 0.23249731957912445 46 0.6304858922958374 0.1464332789182663 -0.7622630000114441
1114  100  -28 40.153100 38.735494 -3.5805752277374268 0.14182530343532562 37 0.6299594640731812 0.14595691859722137 -0.7627894282341003
1115  101  -28 40.162338 38.735919 -3.8019442558288574 0.40221646428108215 51 0.630590558052063 0.14605209231376648 -0.7622495889663696
1116  101  -28 40.169905 38.741658 -3.9928929805755615 0.559941291809082 47 0.6309019327163696 0.1464194655418396 -0.7619213461875916
1117  102  -27 40.181220 38.741955 -3.021491765975952 0.19116687774658203 37 0.6317355036735535 0.14653941988945007 -0.7612072825431824
1118  101  -28 40.171030 38.735367 -4.806771755218506 0.4936298727989197 45 0.6310746669769287 0.1460568755865097 -0.7618478536605835
1119  102  -28 40.179573 38.735137 -4.680909156799316 0.6934231519699097 54 0.6315363645553589 0.14608006179332733 -0.7614607214927673
1120   97  -29 40.116986 38.728783 -4.394720077514648 0.3327708840370178 50 0.6273247599601746 0.14522682130336761 -0.7650966048240662
1121   97  -29 40.125817 38.728710 -3.651055335998535 0.20653824508190155 56 0.6278979778289795 0.1452820748090744 -0.7646158337593079
1122   97  -30 40.116760 38.721569 -3.8012235164642334 0.13677896559238434 30 0.627312421798706 0.14477692544460297 -0.7651919722557068
1123   97  -30 40.125784 38.721579 -3.4282138347625732 0.19903096556663513 51 0.6279317736625671 0.14484651386737823 -0.7646706104278564
1124   99  -29 40.139985 38.724957 -3.214094400405884 0.3092116713523865 44 0.6289759874343872 0.14518092572689056 -0.7637484669685364
1125   97  -31 40.121289 38.711640 -3.2644741535186768 0.3890461325645447 44 0.6268793344497681 0.14775359630584717 -0.7649779319763184
1126   99  -31 40.140428 38.710905 -3.445692300796509 0.6284389495849609 42 0.627677321434021 0.1504356563091278 -0.7637999057769775
1127   20  -58 39.230928 38.470069 -2.1339621543884277 0.4488433301448822 45 0.5587828755378723 0.13472826778888702 -0.8182970285415649
1128   16  -61 39.186094 38.449201 -2.048863172531128 0.6698698401451111 41 0.5552574992179871 0.1329357922077179 -0.8209854960441589
1129   17  -61 39.204201 38.448235 -2.7601335048675537 0.6318891048431396 37 0.5567660927772522 0.13305909931659698 -0.8199431300163269
1130   16  -62 39.187060 38.435113 -1.9176675081253052 0.24635601043701172 37 0.5553688406944275 0.13202571868896484 -0.8210570216178894
1131   17  -62 39.205756 38.434943 -2.4889590740203857 1.0279302597045898 35 0.5569238662719727 0.132205531001091 -0.8199740648269653
1132   19  -61 39.222378 38.448706 -3.4360506534576416 0.7655883431434631 39 0.5582161545753479 0.13326230645179749 -0.8189235925674438
1133   20  -60 39.235828 38.452063 -2.484569787979126 0.3250846564769745 34 0.5592712163925171 0.13360841572284698 -0.8181470632553101
1134   21  -60 39.245215 38.452381 -2.834298610687256 0.28117889165878296 19 0.5600816607475281 0.13373292982578278 -0.8175720572471619
1135   20  -61 39.236166 38.444938 -3.23384165763855 0.17040175199508667 24 0.5593416094779968 0.13314980268478394 -0.8181736469268799
1136   21  -61 39.244159 38.445268 -3.364952802658081 0.28455132246017456 163 0.5599225759506226 0.1332332342863083 -0.8177626132965088
1137   18  -62 39.217488 38.438292 -3.360835313796997 0.5254949331283569 166 0.5577795505523682 0.13251762092113495 -0.8193418383598328
1138   19  -62 39.227157 38.438254 -2.9435102939605713 0.13100074231624603 167 0.5585481524467468 0.13260620832443237 -0.8188037872314453
1139   -5  -76 38.931636 38.311698 -2.9313323497772217 0.2653430104255676 712 0.5321784615516663 0.1258821189403534 -0.8372215032577515
1140   -5  -76 38.940532 38.311830 -3.4381730556488037 0.17588940262794495 142 0.5325148701667786 0.12758459150791168 -0.8367497324943542
1141  160   11 40.854151 39.085061 -1.3335392475128174 0.2785223722457886 22 0.6766263842582703 0.15871873497962952 -0.7190167903900146
1142  159   10 40.844546 39.078517 -1.2981497049331665 0.307697057723999 31 0.6760755181312561 0.1582058221101761 -0.7196476459503174
1143  160   10 40.853579 39.077945 -1.5803556442260742 0.48288366198539734 106 0.6766725778579712 0.15822111070156097 -0.7190830111503601
1144  161   11 40.863488 39.086486 -2.1792144775390625 0.4637778699398041 68 0.677236020565033 0.15887780487537384 -0.718407392501831
1145  159    9 40.845770 39.069086 -1.4937801361083984 0.3709953725337982 517 0.6761754155158997 0.15753889083862305 -0.7197002172470093
1146  163    8 40.893074 39.064943 -2.1292312145233154 0.411487877368927 134 0.6789128184318542 0.15744970738887787 -0.7171380519866943
1147  160    6 40.859303 39.041264 -1.7399413585662842 0.529399573802948 35 0.6761468052864075 0.15928731858730316 -0.7193421125411987
1148  163    6 40.888260 39.042341 -1.884305477142334 0.5739889144897461 24 0.6773646473884583 0.16128739714622498 -0.7177488803863525
1149  153    4 40.771322 39.030606 -1.796601414680481 0.318966269493103 42 0.6717510223388672 0.15442439913749695 -0.7245023846626282
1150  154    4 40.779773 39.029707 -1.42362642288208 0.19838306307792664 20 0.6721096634864807 0.15523414313793182 -0.7239965796470642
1151  153    4 40.770951 39.023367 -1.9627975225448608 0.22359731793403625 71 0.6695113182067871 0.16335774958133698 -0.7246163487434387
1152  154    4 40.779471 39.022956 -1.678030252456665 0.3383045196533203 341 0.6696358919143677 0.16530704498291016 -0.724058985710144
1153  154    4 40.789745 39.030959 -1.3167072534561157 0.3451492190361023 280 0.6728670597076416 0.15475384891033173 -0.723395586013794
1154  155    4 40.798008 39.030897 -0.8996790051460266 0.21081696450710297 40 0.6734494566917419 0.1545955389738083 -0.7228872776031494
1155  153    2 40.774643 39.013164 -1.9464266300201416 0.30402085185050964 33 0.6694070100784302 0.16459283232688904 -0.7244331240653992
1156  155    2 40.791985 39.010215 -1.720043420791626 0.5698220729827881 46 0.6705520749092102 0.16449759900569916 -0.7233951091766357
1157  157    4 40.816095 39.027175 -2.3389785289764404 0.6127021908760071 42 0.6722179055213928 0.16388864815235138 -0.7219858169555664
1158  158    4 40.829773 39.025383 -1.9731156826019287 0.5076454281806946 34 0.6725729703903198 0.16555629670619965 -0.7212743759155273
1159  157    2 40.814447 39.011794 -2.170300245285034 0.5607796907424927 43 0.6717444658279419 0.16468946635723114 -0.7222442626953125
1160  158    2 40.830589 39.011969 -2.2635338306427 0.3517971932888031 50 0.672610342502594 0.1647615283727646 -0.7214214205741882
1161  154    0 40.783425 38.990694 -1.9527732133865356 0.29944178462028503 49 0.6700353026390076 0.16304752230644226 -0.7242017984390259
1162  157    0 40.820968 38.990640 -1.9467204809188843 0.3552926480770111 49 0.6722699403762817 0.16323630511760712 -0.7220852375030518
1163  162    2 40.875045 39.003573 -2.1223597526550293 0.49954935908317566 52 0.6752098798751831 0.16437165439128876 -0.7190782427787781
1164  169    5 40.952631 39.036748 -1.6706293821334839 0.6444222927093506 46 0.6798481941223145 0.16644760966300964 -0.714214026927948
1165  168    1 40.945579 39.000418 -1.7227526903152466 0.5648860931396484 56 0.6792626976966858 0.16446657478809357 -0.715229332447052
1166  174    1 41.015919 38.995973 -1.5350199937820435 0.49870532751083374 46 0.6833001375198364 0.16446508467197418 -0.711373507976532
1167  181   70 41.114576 39.615697 -3.3156070709228516 1.0858612060546875 43 0.6959273815155029 0.16580304503440857 -0.6987091302871704
1168  184   53 41.143068 39.462724 -4.307926177978516 0.7749475836753845 42 0.6960927248001099 0.16385309398174286 -0.6990043520927429
1169   68  -29 39.790046 38.735176 -1.7332102060317993 0.8408282995223999 45 0.6048778295516968 0.1430881768465042 -0.7833572626113892
1170   73  -27 39.842982 38.748547 -1.4794423580169678 0.7120211720466614 48 0.6086200475692749 0.14434479176998138 -0.7802218794822693
1171   76  -27 39.877967 38.749142 -2.477574348449707 0.6447564363479614 32 0.61100172996521 0.14465157687664032 -0.7783012390136719
1172   73  -30 39.843082 38.721122 -1.8352537155151367 0.5783088207244873 41 0.6085143685340881 0.1426456868648529 -0.7806167602539062
1173   75  -29 39.870280 38.727583 -2.190325975418091 0.5634247660636902 44 0.610413134098053 0.14325900375843048 -0.7790203094482422
1174   76  -29 39.882197 38.730781 -2.742488384246826 0.2885870635509491 41 0.6112145781517029 0.14354336261749268 -0.7783393263816833
1175   75  -31 39.869870 38.713284 -2.3250906467437744 0.6282634139060974 13 0.6103146076202393 0.14236582815647125 -0.7792612314224243
1176   77  -31 39.887053 38.709876 -2.493422269821167 0.540642261505127 35 0.6114989519119263 0.14229096472263336 -0.7783458828926086
1177   67  -33 39.770272 38.692907 -2.0446269512176514 1.3325254917144775 37 0.6032743453979492 0.14031191170215607 -0.7850940823554993
1178   70  -33 39.804718 38.691345 -2.540245771408081 0.8587391376495361 45 0.6057235598564148 0.14050115644931793 -0.783172070980072
1179   66  -36 39.761668 38.671726 -2.241292715072632 0.896979808807373 37 0.6025379300117493 0.13893024623394012 -0.7859048247337341
1180   67  -36 39.779396 38.671972 -2.1650009155273438 0.8594340682029724 47 0.6038016080856323 0.13909077644348145 -0.7849059104919434
1181   66  -37 39.761530 38.657698 -2.335627317428589 0.52194744348526 43 0.6008672118186951 0.14478625357151031 -0.786126971244812
1182   67  -37 39.779269 38.657688 -2.0473663806915283 0.9474412202835083 38 0.6017131209373474 0.14669381082057953 -0.7851256132125854
1183   69  -36 39.797406 38.671501 -2.085895299911499 0.7960676550865173 42 0.6049407720565796 0.13989509642124176 -0.7838851809501648
1184   70  -35 39.811191 38.675110 -2.045971632003784 0.4524611532688141 41 0.6061244606971741 0.1395544856786728 -0.7830311059951782
1185   71  -35 39.819885 38.674977 -2.777251958847046 0.4917547404766083 34 0.6067269444465637 0.1396138221025467 -0.7825537919998169
1186   70  -36 39.811188 38.668011 -1.9107154607772827 0.21543444693088531 55 0.6051257848739624 0.14311565458774567 -0.7831607460975647
1187   71  -36 39.819934 38.667987 -1.8552131652832031 0.2574480473995209 48 0.6053305268287659 0.14487960934638977 -0.7826780080795288
1188   69  -37 39.793018 38.661134 -2.3064732551574707 0.6540268063545227 43 0.6024242639541626 0.14818446338176727 -0.7842999696731567
1189   69  -37 39.802187 38.661022 -1.7069978713989258 0.45046466588974 44 0.6030867099761963 0.14826154708862305 -0.783776044845581
1190   68  -37 39.792276 38.655385 -4.45031213760376 2.354839563369751 47 0.6023505926132202 0.14782319962978363 -0.7844247221946716
1191   69  -37 39.801435 38.656345 -5.473365783691406 3.498689651489258 43 0.6030036807060242 0.14796355366706848 -0.7838963270187378
1192  151   16 40.751226 39.132512 -1.084319829940796 0.41582170128822327 34 0.6702172756195068 0.16155210137367249 -0.7243685126304626
1193  148   13 40.719343 39.107989 -0.8987208604812622 0.5797612071037292 31 0.6685324907302856 0.1596834659576416 -0.7263370752334595
1194  150   13 40.742007 39.111788 -0.9281066060066223 0.39932021498680115 37 0.669792890548706 0.16004876792430878 -0.7250943779945374
1195  152   13 40.759877 39.111658 -1.0690573453903198 0.8823094964027405 43 0.6708166003227234 0.16011942923069 -0.7241317629814148
1196  150   12 40.742397 39.097986 -1.2234032154083252 0.6475791931152344 48 0.6699205636978149 0.15908609330654144 -0.7251883149147034
1197  152   12 40.759572 39.097354 -1.587032675743103 0.3503957688808441 41 0.6708778142929077 0.15910983085632324 -0.7242975831031799
1198  130    8 40.507774 39.066312 0.1043657436966896 0.47733649611473083 39 0.6558899879455566 0.1556621789932251 -0.7386322021484375
1199  138    7 40.594871 39.057903 -0.21640127897262573 0.5020609498023987 18 0.6612656712532043 0.15553241968154907 -0.7338510751724243
1200  131    3 40.514433 39.019207 -0.5757613778114319 0.46042028069496155 23 0.6563993692398071 0.15263959765434265 -0.7388105392456055
1201  135    3 40.568678 39.022402 -0.6676154732704163 0.4605390131473541 9 0.6597327589988708 0.15288931131362915 -0.7357836365699768
1202  138    3 40.603773 39.021866 -0.863455593585968 0.4846806526184082 9223 0.6617529392242432 0.15300145745277405 -0.7339438796043396
1203  135    1 40.568570 38.998906 -0.924654483795166 0.46498823165893555 2040 0.6584657430648804 0.15692856907844543 -0.7360681295394897
1204  139    0 40.606302 38.994565 -0.8207316994667053 1.0343537330627441 2360 0.6598303318023682 0.16057904064655304 -0.7340560555458069
1205   46  105 39.546985 39.947104 -4.560050010681152 0.9274724125862122 1406 0.6064430475234985 0.1472611427307129 -0.7813712954521179
1206   65  136 39.770212 40.226379 -4.577572822570801 0.9753283262252808 1512 0.625385046005249 0.1509736329317093 -0.7655720114707947
1207   32  216 39.389673 40.945326 -3.8024327754974365 1.4531136751174927 523 0.6104777455329895 0.14776261150836945 -0.7781279683113098
1208   92   53 40.078679 39.481235 -1.450639009475708 0.7350752949714661 420 0.6350165605545044 0.152484729886055 -0.7572994232177734
1209   65   11 39.759055 39.098380 0.07515160739421844 0.8476518988609314 528 0.6081905961036682 0.14477579295635223 -0.7804769277572632
1210   90   11 40.047896 39.095247 0.09748689085245132 0.7695007920265198 101 0.6271349191665649 0.15025557577610016 -0.7642807364463806
1211   29   18 39.341158 39.163362 -0.6964505314826965 0.9267593622207642 151 0.5795332193374634 0.1383822113275528 -0.8031136393547058
1212   68   35 39.791576 39.318649 0.3784544765949249 0.8032053709030151 164 0.6139485239982605 0.14590106904506683 -0.7757448554039001
1213   83   43 39.972455 39.389710 0.14124581217765808 0.9944279193878174 97 0.6268947720527649 0.1495712399482727 -0.7646119594573975
1214   96   40 40.114919 39.356667 0.3698541224002838 0.920009434223175 165 0.6351079344749451 0.15323404967784882 -0.7570714354515076
1215  156   17 40.809947 39.142209 -1.1919583082199097 0.2629622220993042 90 0.6734855771064758 0.16248853504657745 -0.7211204171180725
1216   87  -41 40.001152 38.621035 -4.6768598556518555 0.6889283061027527 52 0.6173211932182312 0.14756253361701965 -0.7727482318878174
1217   81  -47 39.932331 38.564814 -4.6971564292907715 0.5602864623069763 23 0.6125327944755554 0.14355385303497314 -0.7773003578186035
1218   87  -47 40.005047 38.564410 -4.568037986755371 0.6265375018119812 11 0.6176157593727112 0.14411000907421112 -0.7731643319129944
1219   93  -41 40.070340 38.623071 -3.7852602005004883 0.6074724793434143 28 0.6222951412200928 0.1482892632484436 -0.7686085104942322
1220  100  -41 40.148570 38.618686 -3.588146924972534 0.7938253879547119 107 0.627629816532135 0.14862194657325745 -0.7641938924789429
1221   93  -48 40.074569 38.561592 -4.659482479095459 0.9829683899879456 49 0.622283935546875 0.14449773728847504 -0.7693394422531128
1222   99  -48 40.142699 38.560793 -4.523841857910156 0.8238485455513 57 0.6264511942863464 0.1464029848575592 -0.7655880451202393
1223    6  -54 39.070525 38.512155 -3.425787925720215 0.9600187540054321 47 0.5475242733955383 0.12912560999393463 -0.826767086982727
1224   -1  -71 38.985055 38.354227 -2.145578145980835 0.24241112172603607 40 0.5382908582687378 0.12466121464967728 -0.8334882259368896
1225    0  -71 38.994152 38.354025 -2.380608558654785 0.2304556965827942 50 0.5390594005584717 0.12474176287651062 -0.8329793214797974
1226   -1  -72 38.984947 38.347064 -2.8480069637298584 0.2390802800655365 45 0.5381304621696472 0.12416581064462662 -0.8336657285690308
1227    0  -72 38.994578 38.347083 -2.702129602432251 0.12376683205366135 44 0.5389494299888611 0.1242668405175209 -0.8331214189529419
1228    0  -70 39.007447 38.364195 -3.4321882724761963 1.085121750831604 176 0.5403009057044983 0.12555979192256927 -0.8320514559745789
1229    1  -70 39.021375 38.368174 -2.680805206298828 0.2935117483139038 160 0.5415576100349426 0.1259787529706955 -0.8311707377433777
1230    2  -70 39.030125 38.368012 -3.496567964553833 0.6779208183288574 195 0.5422569513320923 0.12604817748069763 -0.8307040929794312
1231    1  -70 39.021400 38.361201 -2.705244779586792 0.38119205832481384 39 0.5413913726806641 0.125491663813591 -0.8313526511192322
1232    2  -70 39.030078 38.361139 -4.186572074890137 1.5059908628463745 39 0.5420982241630554 0.12556873261928558 -0.8308802247047424
1233    0  -71 39.003088 38.354058 -3.1811811923980713 0.4445815682411194 148 0.5397891998291016 0.12482933700084686 -0.8324933648109436
1234    1  -71 39.011952 38.353996 -4.765983581542969 1.1031756401062012 147 0.5404313802719116 0.12489073723554611 -0.8320674896240234
1235    0  -72 39.002542 38.346832 -2.822582721710205 0.13664457201957703 167 0.5395737886428833 0.12432138621807098 -0.832709014415741
1236    1  -72 39.012488 38.347226 -3.970860242843628 0.5954094529151917 136 0.5403876900672913 0.12444096058607101 -0.8321632146835327
1237   31   77 39.362565 39.695085 -0.7983235120773315 0.6131691932678223 193 0.59017413854599 0.14026334881782532 -0.7949973344802856
1238   37   77 39.435708 39.693382 -0.31129175424575806 0.8212125897407532 188 0.5953152179718018 0.14077997207641602 -0.7910630702972412
1239   66  -45 39.765765 38.589840 -5.541234493255615 0.41326776146888733 155 0.6003560423851013 0.14359475672245026 -0.7867357730865479
1240   65  -45 39.756480 38.583963 -5.232126712799072 0.2520880103111267 895 0.5996979475021362 0.14316067099571228 -0.787316620349884
1241   66  -45 39.765292 38.583706 -4.978289604187012 0.27318060398101807 266 0.6003326177597046 0.1432221382856369 -0.7868216037750244
1242   67  -45 39.774180 38.590714 -5.198669910430908 0.26743102073669434 525 0.6009697914123535 0.14372342824935913 -0.7862434983253479
1243   68  -45 39.783153 38.590715 -4.951700210571289 0.20298364758491516 3210 0.6016167998313904 0.14380201697349548 -0.785734236240387
1244   67  -45 39.774350 38.583688 -4.616143226623535 0.24233724176883698 3257 0.6010096073150635 0.14330659806728363 -0.7862892150878906
1245   68  -45 39.783178 38.583714 -5.220749855041504 0.20509539544582367 11103 0.6016553044319153 0.14338696002960205 -0.7857805490493774
1246   65  -46 39.756409 38.576944 -4.826651096343994 0.2322782278060913 11678 0.5997462868690491 0.1427488923072815 -0.787354588508606
1247   66  -46 39.765554 38.576687 -5.129500389099121 0.21534736454486847 2558 0.600403368473053 0.1428123265504837 -0.7868421077728271
1248   65  -47 39.756321 38.570084 -4.256327152252197 0.33021971583366394 2702 0.5998120307922363 0.14235146343708038 -0.7873764038085938
1249   66  -47 39.765037 38.569776 -4.805904865264893 0.42350658774375916 2812 0.6004464030265808 0.14240877330303192 -0.7868823409080505
1250   67  -47 39.778992 38.573190 -4.459176063537598 0.49033135175704956 2620 0.6014204025268555 0.1427297741174698 -0.786080002784729
1251   69  -45 39.792161 38.590559 -4.577543258666992 0.15890540182590485 2109 0.602278470993042 0.14387518167495728 -0.7852137088775635
1252   69  -45 39.801420 38.590687 -4.791981220245361 0.20576819777488708 1694 0.6029736995697021 0.14397038519382477 -0.7846625447273254
1253   68  -45 39.791821 38.583630 -4.267273902893066 0.26410478353500366 2044 0.6022706031799316 0.1434561014175415 -0.7852964401245117
1254   69  -45 39.801487 38.583561 -4.51343297958374 0.3405531048774719 1528 0.6030243635177612 0.1435505598783493 -0.7847005128860474
1255   70  -45 39.814250 38.586986 -4.4398908615112305 0.42560505867004395 2560 0.6039294600486755 0.14386533200740814 -0.7839463949203491
1256   69  -47 39.796194 38.572866 -4.520963191986084 0.4140034019947052 2828 0.6026777029037476 0.14286361634731293 -0.7850921154022217
1257   70  -47 39.814322 38.573056 -4.245343208312988 0.20964553952217102 1270 0.6040177345275879 0.14304034411907196 -0.7840293645858765
1258   67  -49 39.769459 38.551792 -4.731812953948975 0.5614935755729675 1767 0.6007611751556396 0.14135965704917908 -0.7868313193321228
1259   70  -49 39.805083 38.552034 -4.507538318634033 0.49134892225265503 1931 0.603330671787262 0.1416804939508438 -0.7848049998283386
1260   73  -46 39.841582 38.579980 -4.690157890319824 0.5327630639076233 2186 0.6060270667076111 0.1437080055475235 -0.7823549509048462
1261   76  -46 39.877526 38.579593 -4.47052001953125 0.5156904458999634 699 0.608707845211029 0.14401684701442719 -0.7802140116691589
1262   73  -49 39.839945 38.551713 -4.569500923156738 0.3975157141685486 937 0.6059154868125916 0.14197629690170288 -0.7827573418617249
1263   76  -49 39.875278 38.551328 -4.680767059326172 0.6789458990097046 1804 0.6085367798805237 0.14227089285850525 -0.7806676626205444
1264   79  -27 39.908832 38.752532 -2.126965284347534 2.7809014320373535 1761 0.6131027936935425 0.14509782195091248 -0.7765638828277588
1265   82  -26 39.943603 38.756046 -1.4412204027175903 2.6584129333496094 2921 0.6155251860618591 0.14559513330459595 -0.7745519876480103
1266   83  -26 39.960361 38.756019 -1.3275222778320312 1.5410447120666504 44 0.6166948676109314 0.14572928845882416 -0.7735957503318787
1267   81  -28 39.942489 38.740334 1.9558261632919312 3.174692392349243 44 0.6154220700263977 0.1446143388748169 -0.7748176455497742
1268   83  -28 39.960249 38.740870 -0.9198145866394043 1.2944337129592896 45 0.6166613698005676 0.14479024708271027 -0.7737987637519836
1269   80  -29 39.931035 38.727197 -0.16746127605438232 2.098147392272949 44 0.6146000027656555 0.1437096744775772 -0.7756380438804626
1270   78  -31 39.901098 38.708568 -2.4021170139312744 0.6986047029495239 42 0.6124637722969055 0.14231930673122406 -0.7775817513465881
1271   79  -32 39.910183 38.708051 -2.9953420162200928 0.8703550696372986 47 0.6131083965301514 0.1423620581626892 -0.7770657539367676
1272   80  -31 39.928742 38.714981 -2.986074447631836 3.215742826461792 52 0.614417314529419 0.14293766021728516 -0.7759253978729248
1273   79  -32 39.917936 38.707237 -1.5856412649154663 0.8489440679550171 49 0.6136664152145386 0.14237737655639648 -0.7766223549842834
1274   80  -31 39.928921 38.709103 -2.257572650909424 0.9720180034637451 40 0.6144445538520813 0.14258164167404175 -0.7759693264961243
1275   81  -29 39.937466 38.730330 1.8842476606369019 2.1313719749450684 39 0.615053653717041 0.143955260515213 -0.7752328515052795
1276   82  -29 39.946465 38.730300 1.3363415002822876 2.192451000213623 44 0.6156806349754333 0.1440252959728241 -0.7747219800949097
1277   81  -30 39.938556 38.724572 0.5248279571533203 2.092881202697754 43 0.6151195764541626 0.14360862970352173 -0.7752448320388794
1278   82  -30 39.946368 38.723226 -0.6817216277122498 1.1764140129089355 54 0.6156633496284485 0.14358735084533691 -0.7748169898986816
1279   83  -29 39.955483 38.730192 -0.6775006651878357 1.0669150352478027 43 0.6163143515586853 0.14409194886684418 -0.7742054462432861
1280   83  -29 39.964447 38.730193 -1.5684841871261597 0.2994658350944519 42 0.616952121257782 0.14416645467281342 -0.773683488368988
1281   83  -30 39.955280 38.723159 -1.1369761228561401 0.3021848797798157 41 0.6162964105606079 0.14365729689598083 -0.7743005752563477
1282   83  -30 39.964226 38.723180 -1.1330596208572388 0.258205384016037 21 0.616945207118988 0.14373545348644257 -0.773769199848175
1283   81  -31 39.938209 38.715580 -0.6594398617744446 1.1253989934921265 37 0.6150863170623779 0.1430511325597763 -0.7753742933273315
1284   82  -31 39.946407 38.716275 -1.0833765268325806 0.8788747191429138 34 0.6156675815582275 0.14316114783287048 -0.7748925089836121
1285   81  -31 39.937078 38.710040 -1.9075905084609985 0.7162541151046753 33 0.6150242686271667 0.1427062451839447 -0.7754870653152466
1286   83  -31 39.955163 38.716206 -1.3570630550384521 0.2610364258289337 42 0.6162964701652527 0.14323072135448456 -0.774379551410675
1287   85  -26 39.978027 38.754690 -0.7301433682441711 0.8495678901672363 27 0.6179328560829163 0.14579200744628906 -0.7725954651832581
1288   86  -26 39.991986 38.758151 -1.3903467655181885 0.36395999789237976 38 0.6189420819282532 0.14612655341625214 -0.7717239260673523
1289   86  -26 40.000648 38.757952 -1.474186658859253 0.24640339612960815 31 0.61956387758255 0.14618851244449615 -0.7712130546569824
1290   86  -27 39.991537 38.750885 -0.8224213123321533 0.251435786485672 32 0.6189263463020325 0.14567816257476807 -0.7718213200569153
1291   86  -27 40.000462 38.750926 -1.1446123123168945 0.10580763965845108 34 0.6195632219314575 0.1457563191652298 -0.7712953686714172
1292   84  -27 39.973479 38.744182 -1.6200565099716187 0.3968380093574524 31 0.6176042556762695 0.14510580897331238 -0.7729872465133667
1293   85  -27 39.982601 38.744055 -0.7355933785438538 0.6003108024597168 31 0.6182862520217896 0.14518120884895325 -0.7724276781082153
1294   84  -28 39.973336 38.737283 -0.5051416754722595 0.3586515188217163 31 0.6175956726074219 0.14468008279800415 -0.7730739116668701
1295   85  -28 39.982404 38.737012 0.2727760374546051 0.1629481166601181 29 0.6182873845100403 0.1447492241859436 -0.772507905960083
1296   86  -27 39.991860 38.743938 -0.3432222008705139 0.2715226113796234 35 0.6189746260643005 0.14525870978832245 -0.7718616724014282
1297   86  -27 40.000448 38.744000 -1.2972451448440552 0.21192780137062073 36 0.6195812821388245 0.1453329473733902 -0.7713608145713806
1298   86  -28 39.991439 38.736839 -0.47912827134132385 0.6381366848945618 3 0.6189547777175903 0.14481933414936066 -0.7719600796699524
1299   86  -28 40.000038 38.737039 -1.3228685855865479 0.22221805155277252 5 0.6195375919342041 0.1448964923620224 -0.7714779376983643
1300   87  -26 40.009566 38.757908 -1.024895191192627 0.24317848682403564 3 0.6202043890953064 0.14626213908195496 -0.7706840634346008
1301  -10  -77 38.878068 38.297972 -4.157789707183838 0.6244456768035889 14 0.5263184905052185 0.13001321256160736 -0.8402889370918274
1302   -9  -77 38.886994 38.297606 -3.8179492950439453 0.2284630388021469 127 0.5270090699195862 0.13007408380508423 -0.8398465514183044
1303  -10  -78 38.878053 38.290478 -3.190544366836548 0.10062252730131149 55 0.526201069355011 0.1295093595981598 -0.8404402732849121
1304   -9  -78 38.887080 38.290819 -3.2198314666748047 0.1358838826417923 117 0.5269531607627869 0.12962959706783295 -0.8399503231048584
1305  -15  -79 38.828145 38.280138 -5.214145660400391 1.0223652124404907 128 0.5219788551330566 0.12829570472240448 -0.8432546257972717
1306  -13  -79 38.842008 38.283823 -4.115557670593262 0.17638930678367615 49 0.5232025980949402 0.12869659066200256 -0.8424347639083862
1307  -13  -79 38.851091 38.283685 -4.105091094970703 0.3570381999015808 33 0.5239496827125549 0.1287846565246582 -0.8419568538665771
1308  -13  -80 38.842035 38.276496 -3.9082424640655518 0.25002339482307434 48 0.5230486989021301 0.12819655239582062 -0.8426065444946289
1309  -13  -80 38.850851 38.276626 -3.8398563861846924 0.18116088211536407 96 0.5238012671470642 0.128304123878479 -0.842122495174408
1310  -15  -81 38.824375 38.269511 -4.680788040161133 0.19045881927013397 676 0.5215620398521423 0.1275600641965866 -0.8436240553855896
1311  117  -30 40.350655 38.718703 -4.063994884490967 0.6863901615142822 715 0.6403626203536987 0.1562328338623047 -0.7520153522491455
1312  118  -30 40.358529 38.717569 -4.180720806121826 0.3027486205101013 154 0.6408323049545288 0.1562076061964035 -0.751620352268219
1313  115  -31 40.332486 38.712126 -3.1672282218933105 0.20428171753883362 169 0.6392456889152527 0.15570323169231415 -0.7530747056007385
1314  116  -31 40.341382 38.712377 -2.780167579650879 0.3446316123008728 199 0.6398450136184692 0.1557878702878952 -0.7525479793548584
1315  115  -31 40.332421 38.705319 -3.17983341217041 0.24374011158943176 223 0.6392931938171387 0.15528488159179688 -0.7531207799911499
1316  116  -31 40.341192 38.705106 -2.828807830810547 0.12507250905036926 204 0.6398360133171082 0.15532805025577545 -0.7526507377624512
1317  117  -31 40.350307 38.712548 -2.6343960762023926 0.3999086618423462 206 0.6404238939285278 0.15586277842521667 -0.752039909362793
1318  118  -31 40.359765 38.712267 -3.347477436065674 0.6364953517913818 35 0.6410009860992432 0.15590298175811768 -0.7515397667884827
1319  117  -31 40.350169 38.705002 -2.80256986618042 0.15802934765815735 50 0.6404328942298889 0.15538963675498962 -0.7521302103996277
1320  118  -31 40.359639 38.705331 -3.0634143352508545 0.25461840629577637 58 0.6410498023033142 0.15547791123390198 -0.7515861988067627
1321  134   -8 40.556509 38.917390 -1.6238735914230347 0.27523210644721985 55 0.656313419342041 0.15663716197013855 -0.7380497455596924
1322  136   -8 40.574708 38.917043 -1.6783336400985718 0.23029179871082306 48 0.6574198007583618 0.1567067950963974 -0.7370496988296509
1323  135   -9 40.556411 38.903346 -1.5994833707809448 0.5002511143684387 54 0.656288206577301 0.1556367725133896 -0.7382838129997253
1324  136   -9 40.570437 38.906533 -2.0467309951782227 0.1759992241859436 45 0.6571463942527771 0.15593644976615906 -0.7374566793441772
1325  136   -9 40.579236 38.906144 -1.8199584484100342 0.22669005393981934 51 0.6576817035675049 0.15595345199108124 -0.7369757890701294
1326  136   -9 40.570203 38.899623 -2.047631025314331 0.5534296631813049 46 0.6571427583694458 0.1554470807313919 -0.7375633120536804
1327  136   -9 40.579139 38.899328 -1.9046189785003662 0.2509405016899109 48 0.6576917171478271 0.1554737687110901 -0.7370681762695312
1328  137   -7 40.588368 38.920397 -1.5462790727615356 0.14982487261295319 55 0.6582474112510681 0.15701515972614288 -0.7362449765205383
1329  138   -7 40.597330 38.920308 -1.9940227270126343 0.23270674049854279 49 0.6587905883789062 0.1570548415184021 -0.7357504963874817
1330  137   -8 40.588211 38.913405 -1.9777928590774536 0.23482516407966614 51 0.6582240462303162 0.15651459991931915 -0.7363723516464233
1331  138   -8 40.597438 38.913315 -2.1761205196380615 0.22267265617847443 51 0.6587758660316467 0.1565542221069336 -0.735870361328125
1332  139   -7 40.606345 38.920076 -1.6471565961837769 0.16258570551872253 49 0.6593198776245117 0.1570807695388794 -0.7352706789970398
1333  137   -9 40.588086 38.906250 -1.9368565082550049 0.19721367955207825 54 0.6582204103469849 0.15600760281085968 -0.7364832758903503
1334  137   -9 40.588117 38.899276 -2.115298271179199 0.29050618410110474 47 0.6582436561584473 0.15551751852035522 -0.7365661263465881
1335  135  -11 40.556740 38.889613 -1.8830832242965698 1.0993566513061523 52 0.6563434600830078 0.15467408299446106 -0.7384369373321533
1336  136  -10 40.569904 38.892514 -1.5771936178207397 0.23498490452766418 50 0.657143771648407 0.15494678914546967 -0.7376676201820374
1337  136  -10 40.578939 38.892332 -2.3742949962615967 0.3634400963783264 49 0.65770024061203 0.1549810916185379 -0.7371643781661987
1338  136  -11 40.569703 38.885426 -3.0720038414001465 1.0652128458023071 50 0.6571523547172546 0.15444783866405487 -0.7377646565437317
1339  137  -11 40.579107 38.885526 -3.281233787536621 0.5722775459289551 48 0.6577311754226685 0.15450483560562134 -0.7372366786003113
1340  134  -12 40.551880 38.878504 -8.10296630859375 1.6144746541976929 188 0.6560767292976379 0.15386967360973358 -0.7388419508934021
1341  135  -12 40.560726 38.878663 -3.7274155616760254 1.4443378448486328 167 0.6566192507743835 0.1539265364408493 -0.7383480668067932
1342  134  -13 40.553523 38.871879 -5.142010688781738 3.2562472820281982 191 0.6561948657035828 0.15341396629810333 -0.7388318777084351
1343  135  -13 40.560540 38.871424 -2.2793784141540527 0.2548583149909973 135 0.6566276550292969 0.15341690182685852 -0.7384466528892517
1344  136  -12 40.569465 38.878401 -3.134014368057251 0.9800474643707275 50 0.6571583151817322 0.15395377576351166 -0.7378625869750977
1345  136  -13 40.569451 38.871409 -2.468916416168213 0.2528255581855774 51 0.6571762561798096 0.15346336364746094 -0.7379487752914429
1346  140  -13 40.614410 38.870525 -1.8712857961654663 0.17963401973247528 55 0.6599969863891602 0.15364745259284973 -0.7353886365890503
1347  140   -1 40.625928 38.976201 -2.1498210430145264 0.2753775417804718 55 0.6605497002601624 0.16118742525577545 -0.733275294303894
1348  141   -1 40.635036 38.975940 -2.0103652477264404 0.412815123796463 42 0.6610581278800964 0.16120685636997223 -0.732812762260437
1349  140   -2 40.625394 38.969246 -2.503769636154175 0.5957908034324646 46 0.6605225205421448 0.16069038212299347 -0.7334089279174805
1350  141   -2 40.634398 38.969004 -1.7698235511779785 0.4154612720012665 47 0.6610342860221863 0.16071279346942902 -0.7329427599906921
1351  142   -1 40.644009 38.975793 -1.6857340335845947 0.2818162143230438 49 0.6615628600120544 0.16123397648334503 -0.7323511838912964
1352  142   -2 40.643432 38.968886 -1.5167850255966187 0.33367806673049927 57 0.6615567207336426 0.16074571013450623 -0.732464075088501
1353  140   -2 40.625221 38.962120 -2.903621196746826 0.4498586356639862 55 0.6605027318000793 0.16017965972423553 -0.7335385084152222
1354  141   -2 40.634521 38.961953 -2.4231417179107666 0.32996320724487305 53 0.6610226035118103 0.16020594537258148 -0.7330642342567444
1355  140   -3 40.625302 38.954943 -2.4089016914367676 0.18746018409729004 55 0.6604812741279602 0.15966233611106873 -0.7336704730987549
1356  141   -3 40.634234 38.954883 -2.126506805419922 0.19632147252559662 52 0.6609888672828674 0.15969741344451904 -0.7332056164741516
1357  146   -2 40.688664 38.968149 -2.510732650756836 0.1936590075492859 31 0.6641852259635925 0.1609041839838028 -0.7300464510917664
1358  146   -2 40.688864 38.961040 -2.4065990447998047 0.17295260727405548 52 0.6643015146255493 0.16042426228523254 -0.730046272277832
1359  145   -3 40.679717 38.954009 -2.345197916030884 0.24959442019462585 24 0.6637531518936157 0.15987464785575867 -0.7306653261184692
1360  -31  -93 38.637147 38.156377 -4.634538173675537 0.25785061717033386 39 0.5044760704040527 0.11820066720247269 -0.855296790599823
1361  -32  -94 38.628459 38.149769 -6.016919136047363 0.3412145972251892 43 0.5035982728004456 0.11767097562551498 -0.8558869361877441
1362  -31  -94 38.637739 38.149420 -4.917403697967529 0.21701721847057343 41 0.5044317245483398 0.1177596002817154 -0.8553837537765503
1363  -30  -92 38.646376 38.170468 -4.679255485534668 0.18722382187843323 42 0.5054326057434082 0.11920259147882462 -0.8545927405357361
1364  -30  -92 38.655264 38.170518 -4.606409549713135 0.15206292271614075 45 0.5061761140823364 0.11929947882890701 -0.854138970375061
1365  -31  -92 38.646237 38.163458 -4.509004592895508 0.05878140777349472 40 0.505341112613678 0.11875316500663757 -0.8547093868255615
1366  -30  -92 38.655584 38.163716 -4.642506122589111 0.09684090316295624 42 0.5061570405960083 0.11887547373771667 -0.8542094230651855
1367  -29  -92 38.664478 38.170579 -4.708341598510742 0.0899895578622818 31 0.506959080696106 0.11940276622772217 -0.8536601066589355
1368  -28  -92 38.673295 38.170665 -4.55935001373291 0.09697538614273071 38 0.5076903700828552 0.11949926614761353 -0.8532118201255798
1369  -29  -92 38.664438 38.163548 -4.738543510437012 0.10315269231796265 43 0.5069053769111633 0.11895911395549774 -0.853753924369812
1370  -28  -92 38.673188 38.163669 -4.557101726531982 0.04985036700963974 21 0.5076318383216858 0.11905688047409058 -0.8533084988594055
1371  -30  -93 38.646514 38.156442 -4.308542728424072 0.12509441375732422 55 0.5052983164787292 0.11831134557723999 -0.8547959327697754
1372  -30  -93 38.655358 38.156468 -4.495577335357666 0.11334317922592163 42 0.5060476660728455 0.11840712279081345 -0.8543393015861511
1373  -30  -94 38.646458 38.149467 -4.448376655578613 0.11706116050481796 38 0.5051947236061096 0.11786115914583206 -0.8549193739891052
1374   61  -47 39.702124 38.570151 -5.13889217376709 0.083291195333004 46 0.5957524180412292 0.14184577763080597 -0.7905434370040894
1375   61  -47 39.711102 38.569968 -4.911618232727051 0.1284940242767334 9 0.5963893532752991 0.14191092550754547 -0.7900513410568237
1376   64  -45 39.738293 38.583924 -5.1061482429504395 0.5176807641983032 786 0.5983619689941406 0.14299295842647552 -0.7883628606796265
1377   65  -45 39.747354 38.583940 -5.183203220367432 0.4239264130592346 146 0.5990244150161743 0.14307571947574615 -0.7878446578979492
1378   62  -46 39.720453 38.576898 -5.432797908782959 0.5252201557159424 158 0.597059428691864 0.14240910112857819 -0.7894553542137146
1379   63  -46 39.729099 38.577087 -4.489482402801514 0.2860332429409027 147 0.5976887941360474 0.14249756932258606 -0.7889630198478699
1380   62  -47 39.720311 38.570067 -4.877605438232422 0.12504000961780548 146 0.5970579385757446 0.141998291015625 -0.7895304560661316
1381   63  -47 39.729362 38.569973 -4.86063289642334 0.36750516295433044 170 0.5977128148078918 0.14207231998443604 -0.7890214323997498
1382   64  -46 39.738254 38.576973 -4.239943027496338 0.1623811423778534 174 0.5983644127845764 0.14257480204105377 -0.788436770439148
1383   65  -46 39.747407 38.576751 -4.340075492858887 0.16999654471874237 157 0.5990674495697021 0.1426517367362976 -0.787888765335083
1384   64  -47 39.737958 38.569696 -4.1297760009765625 0.2867932915687561 46 0.5983563661575317 0.1421370804309845 -0.7885218858718872
1385   65  -47 39.747359 38.569896 -4.080593109130859 0.149099662899971 37 0.5991160869598389 0.14225047826766968 -0.7879242897033691
1386   59  -48 39.684109 38.563164 -4.299865245819092 0.17557433247566223 35 0.594512403011322 0.14128290116786957 -0.7915770411491394
1387   60  -48 39.693468 38.563246 -4.861751079559326 0.30346551537513733 170 0.5951949954032898 0.14137133955955505 -0.7910481095314026
1388   59  -49 39.683902 38.556229 -4.869795322418213 0.1625850647687912 41 0.5945080518722534 0.14086733758449554 -0.7916543483734131
1389   60  -49 39.693365 38.556140 -5.199141979217529 0.28314197063446045 46 0.5952049493789673 0.1409473419189453 -0.7911162376403809
1390   61  -48 39.702479 38.563302 -5.3352370262146 0.08432222157716751 46 0.5958276391029358 0.14144928753376007 -0.7905577421188354
1391   61  -48 39.711198 38.562976 -5.217124938964844 0.16940726339817047 28 0.5964476466178894 0.1415034383535385 -0.7900804281234741
1392   61  -49 39.702104 38.556090 -5.517893314361572 0.18908748030662537 33 0.5958173274993896 0.14101582765579224 -0.7906429767608643
1393   61  -49 39.711077 38.556045 -5.2873992919921875 0.07068821042776108 26 0.5964345932006836 0.14108434319496155 -0.7901651859283447
1394   60  -50 39.689331 38.545503 -4.865889072418213 0.4446186423301697 152 0.5949509143829346 0.14028242230415344 -0.7914254665374756
1395   61  -50 39.706061 38.545676 -4.4420552253723145 0.6026806831359863 169 0.5961399674415588 0.1404331624507904 -0.7905034422874451
1396   63  -48 39.724460 38.559542 -5.31492805480957 0.23914046585559845 203 0.597402036190033 0.14141136407852173 -0.7893754839897156
1397   64  -48 39.742444 38.558874 -4.778509616851807 0.3021625876426697 40 0.5987473130226135 0.1415388584136963 -0.7883326411247253
1398   63  -50 39.724568 38.545737 -4.611608505249023 0.48532575368881226 24 0.5975473523139954 0.14061339199543 -0.7894080281257629
1399   64  -50 39.743032 38.545078 -5.623142719268799 0.5403178334236145 4 0.5989084839820862 0.14073921740055084 -0.788353443145752
1400   66  -38 39.761505 38.646922 -3.12412691116333 3.0402960777282715 178 0.6001353859901428 0.14703243970870972 -0.7862690091133118
1401   67  -38 39.775021 38.647443 -2.322962760925293 1.269752025604248 47 0.6011070013046265 0.1471853405237198 -0.7854978442192078
1402   68  -38 39.781603 38.647609 -7.624205589294434 1.7862465381622314 46 0.6015751957893372 0.14725425839424133 -0.7851264476776123
1403   67  -39 39.774856 38.642591 -2.66261625289917 1.0415657758712769 36 0.6010813117027283 0.14688529074192047 -0.7855737209320068
1404   66  -40 39.765745 38.629898 -0.9686940908432007 0.13387128710746765 32 0.6004041433334351 0.14602965116500854 -0.7862507104873657
1405   65  -41 39.756753 38.625842 -1.9027490615844727 0.3200734555721283 9 0.5997539162635803 0.14570385217666626 -0.7868072390556335
1406   66  -41 39.765456 38.625614 -2.141047954559326 0.27729737758636475 5 0.6003854870796204 0.1457688957452774 -0.7863134145736694
1407   67  -41 39.771977 38.625268 -2.6716535091400146 0.3412846326828003 42 0.6008430123329163 0.14580345153808594 -0.785957396030426
1408   70  -38 39.814119 38.646773 -4.7577643394470215 1.1946381330490112 9 0.6038947701454163 0.14749187231063843 -0.7832989692687988
1409   68  -44 39.783054 38.596397 -5.106483459472656 0.308135062456131 5 0.6016091704368591 0.14414547383785248 -0.7856771349906921
1410   -5  -75 38.931701 38.319057 -2.877366781234741 0.12470386922359467 15 0.5333596467971802 0.12177196890115738 -0.837077796459198
1411   -5  -75 38.940733 38.318866 -3.186993360519409 0.16727007925510406 3 0.5341095924377441 0.12184787541627884 -0.8365883827209473
1412   -4  -74 38.949077 38.325598 -5.183901786804199 0.5836419463157654 21 0.5347649455070496 0.1223497986793518 -0.8360962867736816
1413   -3  -74 38.958261 38.326244 -3.255544900894165 0.7335820198059082 34 0.5355000495910645 0.12247664481401443 -0.8356070518493652
1414   -4  -75 38.949602 38.319022 -3.687915086746216 0.3313935697078705 11 0.534818708896637 0.12193884700536728 -0.8361219167709351
1415   -3  -75 38.958127 38.318827 -3.7579152584075928 0.2710641026496887 19 0.5354349613189697 0.12212322652339935 -0.835700511932373
1416   -2  -70 38.970798 38.364996 -2.509284257888794 0.526448667049408 5 0.5369728207588196 0.1251787394285202 -0.8342604637145996
1417    0  -70 38.990591 38.363513 -1.6419916152954102 0.2847912311553955 27 0.5388408899307251 0.12533439695835114 -0.8330317139625549
1418   -2  -72 38.971834 38.350004 -2.737534761428833 0.5163238644599915 38 0.537090003490448 0.12423527240753174 -0.8343260884284973
1419  109  -29 40.261092 38.727367 -2.997802972793579 0.25744616985321045 38 0.6354442834854126 0.1534125804901123 -0.7567530274391174
1420  110  -29 40.268976 38.727316 -3.321619987487793 0.24994225800037384 45 0.6354967355728149 0.1550476998090744 -0.7563757300376892
1421  109  -30 40.260680 38.720122 -2.9567346572875977 0.2028120458126068 41 0.6347399950027466 0.15572576224803925 -0.7568716406822205
1422  110  -30 40.269118 38.720196 -3.024470090866089 0.1705271452665329 41 0.6352611780166626 0.1557856798171997 -0.7564219236373901
1423  111  -29 40.278999 38.727180 -3.5231244564056396 0.7577710151672363 13 0.6358274221420288 0.1562778651714325 -0.7558443546295166
1424  111  -29 40.287915 38.726974 -4.067300796508789 0.5217822194099426 36 0.6363512873649597 0.15631501376628876 -0.7553957104682922
1425  111  -30 40.278916 38.719916 -3.73644757270813 0.5806029438972473 5 0.6359438300132751 0.1558498740196228 -0.7558348178863525
1426  111  -30 40.287820 38.720116 -5.054698467254639 0.3237009048461914 10 0.6364281177520752 0.15590333938598633 -0.7554160952568054
1427  110  -31 40.265392 38.710419 -3.444880247116089 0.484809011220932 45 0.6350493431091309 0.15515044331550598 -0.7567302584648132
1428  111  -31 40.282813 38.709873 -3.795072078704834 0.3522368371486664 42 0.6361126899719238 0.15522500872612 -0.7558213472366333
1429  112  -30 40.296619 38.720007 -4.892482280731201 0.29159510135650635 44 0.6368836164474487 0.15593138337135315 -0.7550262808799744
1430  113  -30 40.305667 38.719751 -4.70767879486084 0.3217734694480896 44 0.6374189257621765 0.15596799552440643 -0.7545668482780457
1431  114  -30 40.314295 38.717266 -3.5648231506347656 0.43982741236686707 19 0.6379587650299072 0.15587012469768524 -0.7541307210922241
1432  115  -30 40.324052 38.717856 -4.041866302490234 0.33397677540779114 27 0.63859623670578 0.15597890317440033 -0.7535684704780579
1433  112  -31 40.296421 38.712909 -3.8531949520111084 0.27438926696777344 14 0.6368804574012756 0.15548518300056458 -0.7551209926605225
1434  113  -31 40.305510 38.712702 -3.7912404537200928 0.20902283489704132 33 0.6374409198760986 0.1555313766002655 -0.7546383738517761
1435  112  -31 40.296416 38.706081 -3.4761667251586914 0.16596703231334686 42 0.6369459629058838 0.1550714522600174 -0.7551507949829102
1436  113  -31 40.305514 38.705846 -3.315645217895508 0.20259584486484528 43 0.6375322341918945 0.15512225031852722 -0.7546454668045044
1437  114  -31 40.314501 38.712659 -3.245114326477051 0.2724728584289551 38 0.6380060315132141 0.15558858215808868 -0.7541489005088806
1438  115  -31 40.323458 38.712660 -3.064727544784546 0.2698577046394348 44 0.6386029124259949 0.15565772354602814 -0.7536292672157288
1439  114  -31 40.314389 38.705790 -3.8202717304229736 0.3496827483177185 39 0.6380810141563416 0.1551746129989624 -0.7541707754135132
1440  115  -31 40.323259 38.705477 -3.0602149963378906 0.19437792897224426 47 0.6386619210243225 0.15522007644176483 -0.7536695003509521
1441  191   53 41.223798 39.460040 -4.040816307067871 0.9291555881500244 41 0.7003070116043091 0.16460725665092468 -0.6946038603782654
1442  106   45 40.237566 39.400465 -0.613178551197052 1.0962482690811157 45 0.6433117985725403 0.15511421859264374 -0.7497263550758362
1443  112   45 40.302351 39.405332 -0.3633583188056946 1.1782563924789429 44 0.6472038626670837 0.15616516768932343 -0.7461498975753784
1444  107   40 40.244738 39.356599 0.02149794064462185 0.7836712598800659 40 0.6430509686470032 0.15573008358478546 -0.7498223185539246
1445  112   40 40.306547 39.358508 -0.16284683346748352 1.0717483758926392 38 0.647163987159729 0.1552552729845047 -0.7463743090629578
1446  118   39 40.377600 39.347492 -1.2044042348861694 0.9149521589279175 43 0.6521218419075012 0.1521560251712799 -0.7426881194114685
1447  124   39 40.449392 39.344300 -1.1393225193023682 0.6557589769363403 38 0.6563296914100647 0.1535293012857437 -0.7386881113052368
1448  109   29 40.266352 39.262100 -0.6494373679161072 0.8951777219772339 46 0.6435800194740295 0.1529824286699295 -0.7499340772628784
1449  121   30 40.409853 39.263927 -0.7547541260719299 1.1091725826263428 41 0.6517189741134644 0.1574437916278839 -0.7419392466545105
1450  133  -12 40.535891 38.874783 -3.8766157627105713 1.9770861864089966 37 0.6551098227500916 0.15352633595466614 -0.739770770072937
1451  115   12 40.338886 39.102437 -0.08854114264249802 0.8920637369155884 167 0.645878255367279 0.15390612185001373 -0.7477661371231079
1452  134   18 40.551361 39.156181 0.005707321222871542 0.6463537216186523 43 0.659250795841217 0.15768742561340332 -0.7352026700973511
1453  143   20 40.659510 39.175097 -0.16645321249961853 0.5733417868614197 42 0.6656199097633362 0.15983349084854126 -0.7289742231369019
1454  149   20 40.735315 39.174867 -0.29428011178970337 0.6398590207099915 46 0.6695255041122437 0.1628257930278778 -0.7247229814529419
1455  143   14 40.659768 39.122899 -0.49524936079978943 0.6838582158088684 44 0.6648815870285034 0.16042816638946533 -0.7295171618461609
1456  148   16 40.716932 39.133120 -1.0659681558609009 0.7189316153526306 35 0.6683100461959839 0.16145367920398712 -0.7261504530906677
1457   81   83 39.948170 39.746808 -3.981170415878296 0.8469062447547913 48 0.6311701536178589 0.14831243455410004 -0.7613328099250793
1458   87   83 40.016255 39.743663 -3.077775001525879 0.7128062844276428 37 0.635303795337677 0.14913982152938843 -0.7577245235443115
1459   82   77 39.956154 39.693317 -4.216523170471191 1.0933066606521606 35 0.6298900842666626 0.15316763520240784 -0.7614316940307617
1460   87   77 40.017918 39.691031 -3.5108389854431152 0.8801450133323669 43 0.6333220601081848 0.15516847372055054 -0.7581726908683777
1461  159   17 40.847020 39.141268 -2.0562021732330322 0.48379945755004883 44 0.675632119178772 0.1625940203666687 -0.7190858125686646
1462  161   15 40.872927 39.120334 0.4019419252872467 0.6765847206115723 40 0.6773421764373779 0.16125601530075073 -0.7177771925926208
1463  163   16 40.891621 39.133811 -1.549614667892456 0.28416919708251953 45 0.6783559918403625 0.16229814291000366 -0.7165839076042175
1464  164   17 40.900629 39.140489 -1.3373404741287231 0.3891112506389618 181 0.6788482069969177 0.1628142148256302 -0.716000497341156
1465  165   17 40.909574 39.140306 -1.1170591115951538 0.4215286672115326 136 0.67940354347229 0.16285233199596405 -0.7154648303985596
1466  164   16 40.900405 39.133750 -1.1048812866210938 0.7430135607719421 210 0.6789014935493469 0.16234314441680908 -0.7160568237304688
1467  165   16 40.909591 39.133486 -0.9630205631256104 0.28970867395401 852 0.6794618368148804 0.16237302124500275 -0.7155184149742126
1468  162   15 40.882161 39.127166 -1.3713079690933228 0.3170457184314728 1606 0.6778512001037598 0.1617850959300995 -0.7171773910522461
1469  163   15 40.891262 39.127012 -1.5213961601257324 0.25764796137809753 1606 0.6784195303916931 0.16182629764080048 -0.7166304588317871
1470  162   15 40.882025 39.120255 -0.8319403529167175 0.4329294264316559 2237 0.6779390573501587 0.16130834817886353 -0.7172017097473145
1471  163   15 40.891113 39.119915 -1.3262706995010376 0.40008074045181274 1994 0.6785241961479187 0.1613398790359497 -0.7166410088539124
1472  164   15 40.900156 39.126846 -2.134538412094116 0.58962482213974 9173 0.6789864897727966 0.1618676483631134 -0.7160839438438416
1473  165   15 40.908919 39.126710 -1.8277617692947388 0.6350634098052979 2304 0.679516077041626 0.16190311312675476 -0.7155734300613403
1474  164   14 40.900357 39.119572 -1.0521148443222046 0.5391935110092163 2422 0.6791073679924011 0.16136986017227173 -0.7160816192626953
1475  165   15 40.908255 39.120085 -1.5074485540390015 0.5315449237823486 2126 0.6796277761459351 0.16145755350589752 -0.715567946434021
1476   -5  -84 38.936067 38.238153 -5.683777332305908 0.5565431714057922 1961 0.5310766100883484 0.12681841850280762 -0.837779700756073
1477   -4  -84 38.953898 38.237807 -5.856984615325928 0.37774935364723206 2001 0.5326502323150635 0.12700307369232178 -0.8367520570755005
1478   -8  -86 38.899860 38.224045 -4.939462661743164 0.13263347744941711 2419 0.5278570652008057 0.12549608945846558 -0.8400105237960815
1479   -7  -86 38.918843 38.223962 -5.694075107574463 0.3856774568557739 1959 0.5296143293380737 0.12572963535785675 -0.8388687372207642
1480   -8  -87 38.899847 38.209127 -5.291140079498291 0.2425631582736969 2290 0.5278531312942505 0.12455068528652191 -0.8401537537574768
1481   -7  -87 38.918815 38.210535 -5.606113910675049 0.3243747353553772 8694 0.5296143889427185 0.12487788498401642 -0.8389958739280701
1482   -4  -86 38.945143 38.217542 -6.508275508880615 0.4388692378997803 2453 0.5318527221679688 0.12560409307479858 -0.8374701738357544
1483   -1  -83 38.979302 38.245116 -6.3671345710754395 0.7810158729553223 2552 0.5347655415534973 0.12773434817790985 -0.835290253162384
1484    1  -83 39.014230 38.246726 -5.8526763916015625 0.9892295002937317 1400 0.5378819108009338 0.12825171649456024 -0.833207368850708
1485   -1  -86 38.977493 38.218175 -6.278006076812744 0.46473345160484314 680 0.5346333384513855 0.12599749863147736 -0.8356385827064514
1486    1  -87 39.017571 38.213752 -7.168029308319092 1.3117214441299438 783 0.5381039381027222 0.1261530965566635 -0.8333844542503357
1487  -19  -90 38.781597 38.184161 -5.29728889465332 0.16646821796894073 604 0.5173234343528748 0.12160219997167587 -0.8471064567565918
1488  -20  -91 38.771349 38.175174 -6.580981731414795 0.19619359076023102 342 0.5163208246231079 0.12090019136667252 -0.8478183746337891
1489  -19  -91 38.780233 38.177431 -5.79176139831543 0.2498437613248825 577 0.5170917510986328 0.12114173173904419 -0.8473139405250549
1490  -17  -89 38.797800 38.191993 -5.544768810272217 0.08922630548477173 2121 0.518794596195221 0.12228712439537048 -0.8461076021194458
1491  -16  -88 38.806721 38.198937 -5.682876110076904 0.08525602519512177 647 0.5195980668067932 0.12282771617174149 -0.8455360531806946
1492  -16  -88 38.815599 38.199018 -5.670637130737305 0.10937222093343735 603 0.52040696144104 0.12294171750545502 -0.8450219035148621
1493  -16  -89 38.806854 38.192077 -5.58275032043457 0.12492247670888901 621 0.5196250677108765 0.12240409106016159 -0.8455809354782104
1494  -16  -89 38.815571 38.192126 -5.80979585647583 0.07977334409952164 562 0.5204166769981384 0.12251241505146027 -0.8450782299041748
1495  -18  -90 38.789037 38.184665 -5.371793746948242 0.12168503552675247 408 0.5179910063743591 0.1217215433716774 -0.8466812968254089
1496  -17  -90 38.797883 38.185080 -5.704719066619873 0.17267988622188568 510 0.5187880396842957 0.12185319513082504 -0.8461742401123047
1497  -18  -91 38.788772 38.178229 -5.751956939697266 0.11997003108263016 167 0.5178990364074707 0.12130119651556015 -0.8467978835105896
1498  -17  -91 38.797660 38.177863 -5.9133524894714355 0.17442870140075684 224 0.5187035799026489 0.1213841363787651 -0.8462933897972107
1499  -16  -90 38.811455 38.181572 -5.882729530334473 0.12890303134918213 181 0.5199759006500244 0.12178675830364227 -0.8454543948173523
1500  -21  -92 38.753346 38.170726 -5.9038848876953125 0.15825670957565308 186 0.5147631168365479 0.12042652815580368 -0.8488324284553528
1501  -20  -92 38.761870 38.170756 -6.266363143920898 0.16275301575660706 130 0.5155208110809326 0.12052755802869797 -0.8483580350875854
1502  -21  -92 38.753625 38.163926 -5.503994941711426 0.14703620970249176 86 0.5147876739501953 0.12000817805528641 -0.8488767147064209
1503  -20  -92 38.762602 38.163801 -5.85100793838501 0.3109113872051239 44 0.5155766606330872 0.1201009750366211 -0.8483846187591553
1504  -20  -91 38.770644 38.171100 -6.5667572021484375 0.3842407166957855 50 0.516272246837616 0.12064307928085327 -0.8478845357894897
1505  -19  -91 38.779805 38.172449 -6.455181121826172 0.3458079993724823 44 0.5170149803161621 0.12081538885831833 -0.847407341003418
1506  -20  -92 38.771770 38.163747 -6.911884784698486 0.4192284643650055 45 0.5163430571556091 0.12019142508506775 -0.8479056358337402
1507  -19  -92 38.779550 38.164181 -6.588071346282959 0.42482778429985046 50 0.5169861316680908 0.12029774487018585 -0.8474985957145691
1508  -21  -93 38.753298 38.156887 -5.654449462890625 0.2709982991218567 47 0.5146946310997009 0.11955294013023376 -0.8489974141120911
1509  -20  -93 38.762233 38.156580 -5.49235200881958 0.1866762489080429 49 0.5154841542243958 0.11963526159524918 -0.8485066890716553
1510  -21  -94 38.753285 38.149666 -6.118250370025635 0.24075159430503845 49 0.5146440267562866 0.1190929114818573 -0.8490927219390869
1511  -20  -94 38.762224 38.149833 -6.018065452575684 0.19794046878814697 51 0.5154147744178772 0.11920033395290375 -0.8486100435256958
1512  -19  -93 38.775422 38.153695 -6.463481426239014 0.3739646077156067 47 0.5166154503822327 0.11959701031446457 -0.8478237390518188
1513  -18  -92 38.793485 38.166789 -6.680631637573242 0.5138733386993408 49 0.5182262659072876 0.12062012404203415 -0.8466950058937073
1514  -16  -92 38.810908 38.167495 -6.270492076873779 0.1997106671333313 47 0.5197460055351257 0.1208580955862999 -0.8457289338111877
1515  -18  -93 38.794281 38.153633 -7.090035438537598 1.0545817613601685 19 0.5183311104774475 0.11981675773859024 -0.8467448353767395
1516  -16  -93 38.812111 38.153518 -7.267880916595459 0.4424358904361725 62 0.5198509693145752 0.11999686062335968 -0.8457871079444885
1517  -15  -88 38.824737 38.199081 -5.3983564376831055 0.07688985019922256 48 0.5212404727935791 0.1230573058128357 -0.844491183757782
1518  -14  -88 38.833647 38.198886 -5.726691246032715 0.2467886060476303 47 0.5220181941986084 0.12314517050981522 -0.8439978361129761
1519  -15  -89 38.824893 38.192046 -5.789863109588623 0.11900705099105835 28 0.5212596654891968 0.12261870503425598 -0.8445430994033813
1520  -14  -89 38.833519 38.191990 -5.9275803565979 0.09656821191310883 47 0.5219922065734863 0.1227070540189743 -0.8440777063369751
1521  -13  -89 38.846455 38.195384 -6.207284927368164 0.3301040232181549 44 0.5230761170387268 0.12305528670549393 -0.8433557152748108
1522  -14  -90 38.829440 38.181327 -5.950756549835205 0.14907845854759216 42 0.5215581059455872 0.12197496742010117 -0.8444520831108093
1523  -13  -90 38.847078 38.182123 -6.039945602416992 0.23250031471252441 31 0.5231201648712158 0.12222705781459808 -0.8434487581253052
1524  -11  -90 38.873288 38.188443 -5.916806221008301 0.4776114225387573 45 0.5254226326942444 0.12291961908340454 -0.8419155478477478
1525  -14  -93 38.837043 38.160293 -6.361877918243408 0.6680827140808105 24 0.5220843553543091 0.12070880085229874 -0.8443088531494141
1526  -11  -92 38.872505 38.162550 -6.669736862182617 0.8388115763664246 42 0.5253398418426514 0.12127580493688583 -0.8422055840492249
1527  -21  -95 38.757956 38.139749 -6.637344837188721 0.28761667013168335 2740 0.5150481462478638 0.11852851510047913 -0.8489266633987427
1528  -19  -95 38.775286 38.138761 -6.8503642082214355 0.3600813150405884 2692 0.516596794128418 0.11866480112075806 -0.8479660749435425
1529  -21  -97 38.758610 38.125683 -6.584173202514648 0.3986957371234894 672 0.5151084065437317 0.11766345053911209 -0.8490104675292969
1530  -19  -97 38.775701 38.124546 -6.361289024353027 0.33115121722221375 674 0.5165817141532898 0.11777450889348984 -0.8480993509292603
1531  -17  -96 38.802960 38.132432 -6.342038631439209 0.2648603022098541 528 0.5190474390983582 0.11857986450195312 -0.846480131149292
1532  -20  -98 38.767202 38.113584 -6.201452732086182 0.3878290057182312 531 0.5157831311225891 0.11698918044567108 -0.84869384765625
1533  -20  -80 38.766551 38.270255 -4.8687663078308105 0.618747353553772 130926 0.5168715119361877 0.1267021745443344 -0.8466347455978394
1534  -18  -79 38.793971 38.280024 -5.126828193664551 0.6040838956832886 116698 0.5192027688026428 0.12793271243572235 -0.8450217843055725
1535  -16  -79 38.810720 38.279265 -5.337889671325684 0.7536038756370544 723 0.5205371975898743 0.12805324792861938 -0.8441821336746216
1536  -18  -81 38.793022 38.265943 -4.0363874435424805 0.30545932054519653 708 0.5189680457115173 0.1270013451576233 -0.845306396484375
1537  -16  -81 38.811364 38.266105 -4.474526405334473 0.5086345076560974 731 0.5205032229423523 0.12721170485019684 -0.8443302512168884
1538  -14  -77 38.839256 38.299930 -5.1880950927734375 1.189173698425293 722 0.5246095061302185 0.12392029911279678 -0.842275857925415
1539   -7  -76 38.913422 38.311865 -3.103525161743164 0.30331557989120483 705 0.5316130518913269 0.1217079684138298 -0.8381972908973694
1540   -6  -76 38.922776 38.312057 -2.5123794078826904 0.10849418491125107 11467 0.5320600867271423 0.12324244529008865 -0.8376892805099487
1541   -7  -77 38.913766 38.304878 -3.019263744354248 0.19176897406578064 12719 0.5293363928794861 0.1306157261133194 -0.838297426700592
1542   -6  -77 38.922583 38.304595 -2.8073551654815674 0.16714851558208466 10239 0.529972493648529 0.1309075504541397 -0.8378498554229736
1543   -9  -77 38.895866 38.297786 -3.309044361114502 0.23861224949359894 8308 0.5277095437049866 0.13017301261425018 -0.8393912315368652
1544   -8  -77 38.905494 38.297562 -2.9764819145202637 0.1094387024641037 2645 0.5285139679908752 0.13026496767997742 -0.8388707041740417
1545   -9  -78 38.895912 38.290884 -3.4028568267822266 0.12272326648235321 2702 0.527654230594635 0.12972022593021393 -0.8394961357116699
1546   -7  -77 38.913913 38.297849 -3.048893690109253 0.16405566036701202 2671 0.5292003750801086 0.13037095963954926 -0.8384214043617249
1547  157   17 40.819709 39.142338 -1.8086618185043335 0.3161606788635254 2790 0.6740360856056213 0.16254061460494995 -0.7205941677093506
1548  156   16 40.810563 39.135444 -1.69122314453125 0.2726956009864807 10380 0.6735332608222961 0.16200858354568481 -0.7211838960647583
1549  157   16 40.819016 39.135016 -1.573522925376892 0.31171679496765137 2176 0.6739867925643921 0.162007138133049 -0.7207603454589844
1550  158   17 40.828492 39.141859 -1.7045018672943115 0.2357141226530075 11409 0.6745272874832153 0.16254158318042755 -0.7201341986656189
1551  158   17 40.837134 39.142034 -1.9141898155212402 0.4441392123699188 11357 0.6750224828720093 0.16259482502937317 -0.7196579575538635
1552  158   16 40.828218 39.135194 -1.9060407876968384 0.3480679392814636 2455 0.6745128035545349 0.16206176578998566 -0.7202557921409607
1553  158   16 40.837283 39.134545 -1.4701868295669556 0.3428225517272949 2592 0.6750704050064087 0.16206513345241547 -0.7197324633598328
1554  156   15 40.809947 39.128296 -1.790299892425537 0.3714461922645569 2713 0.67352294921875 0.16149857640266418 -0.7213078737258911
1555  157   15 40.819086 39.128066 -2.6816883087158203 0.31744620203971863 684 0.6740252375602722 0.16151557862758636 -0.7208346724510193
1556  156   15 40.809616 39.121138 -2.444216012954712 0.27454549074172974 554 0.6734778881072998 0.1609748899936676 -0.7214670181274414
1557  157   15 40.818947 39.121063 -2.167358160018921 0.3330540359020233 691 0.6740278601646423 0.16101564466953278 -0.7209441065788269
1558  158   15 40.827396 39.127872 -2.005258083343506 0.15744000673294067 182 0.6744855046272278 0.1615375280380249 -0.7203991413116455
1559  152    1 40.757117 38.998965 -1.6920439004898071 0.33234938979148865 172 0.6684626936912537 0.1635066568851471 -0.7255502939224243
1560  150    0 40.738844 38.984784 -1.7360501289367676 0.20374910533428192 163 0.6673426628112793 0.16238810122013092 -0.7268313765525818
1561  152    0 40.756723 38.984673 -1.9244028329849243 0.18082574009895325 87 0.6684392094612122 0.1624779999256134 -0.7258029580116272
1562  128  -24 40.477270 38.773980 -2.3897788524627686 0.13357514142990112 42 0.6491607427597046 0.15739333629608154 -0.7441893219947815
1563   28  -65 39.330813 38.406270 -5.627844333648682 0.5335190892219543 27 0.5670187473297119 0.1314859837293625 -0.8131427764892578
1564   30  -65 39.346620 38.405953 -5.94427490234375 0.3981388211250305 44 0.568112313747406 0.13156920671463013 -0.8123656511306763
1565   31  -64 39.365602 38.420189 -5.331119537353516 0.45202863216400146 44 0.569572925567627 0.1326812356710434 -0.8111611604690552
1566   33  -64 39.382991 38.420203 -5.358304023742676 0.37355390191078186 55 0.5708283185958862 0.13280968368053436 -0.8102571964263916
1567   31  -65 39.365582 38.406752 -5.4057793617248535 0.4822898507118225 42 0.569476842880249 0.13176049292087555 -0.8113786578178406
1568   33  -65 39.383258 38.406093 -5.781548500061035 0.28814902901649475 44 0.5707563757896423 0.1318454146385193 -0.8104652166366577
1569   29  -67 39.341331 38.387186 -5.739206314086914 0.6162174940109253 38 0.5674885511398315 0.1304069310426712 -0.8129887580871582
1570   32  -68 39.374412 38.385181 -5.3980584144592285 0.4644716680049896 40 0.5695605874061584 0.13207392394542694 -0.8112689256668091
1571   35  -65 39.409649 38.413425 -5.552639484405518 0.5128898620605469 45 0.5727505087852478 0.1325499564409256 -0.8089421391487122
1572   38  -65 39.445751 38.413257 -5.327349662780762 0.3662503957748413 42 0.5755292773246765 0.13284054398536682 -0.8069197535514832
1573   35  -68 39.409399 38.385765 -5.646975994110107 0.7124330997467041 45 0.5718898177146912 0.13398757576942444 -0.8093141913414001
1574   38  -67 39.444979 38.387825 -5.75742244720459 0.7029843330383301 46 0.5745620131492615 0.13519391417503357 -0.8072181344032288
1575   21  -89 39.241555 38.189341 -5.591568946838379 1.4425991773605347 41 0.5559983253479004 0.1266113817691803 -0.8214836716651917
1576   -2  -57 38.965814 38.484351 -3.164567708969116 0.7370336055755615 49 0.5384520888328552 0.12814904749393463 -0.8328548669815063
1577  -18  -66 38.784977 38.403036 -3.282024383544922 0.7557268142700195 40 0.5212913751602173 0.12561236321926117 -0.8440834283828735
1578    9   80 39.109972 39.723582 0.28705450892448425 0.6026180982589722 6 0.5723603963851929 0.13688744604587555 -0.8084957599639893
1579   18   83 39.219063 39.749727 -0.4305775463581085 0.7216043472290039 36 0.5810081958770752 0.13941243290901184 -0.8018689155578613
1580   24   83 39.289890 39.750723 -0.6112310886383057 0.5433972477912903 36 0.5852500200271606 0.14300329983234406 -0.798143208026886
1581   18   77 39.215754 39.694191 0.07588165253400803 0.5748458504676819 43 0.5790877938270569 0.14053210616111755 -0.8030616641044617
1582   25   76 39.291764 39.692650 -0.4478738307952881 0.8573947548866272 43 0.585267961025238 0.13953238725662231 -0.7987440824508667
1583  164  -42 40.884642 38.601410 -2.909756898880005 1.1918854713439941 44 0.6720486879348755 0.15847009420394897 -0.7233518362045288
1584  115   87 40.344241 39.778163 -3.827298164367676 1.3718814849853516 46 0.6548222303390503 0.15660510957241058 -0.7393799424171448
1585   97   29 40.129767 39.262533 0.9369131326675415 0.907642126083374 36 0.635267972946167 0.15042376518249512 -0.7575006484985352
1586   33   68 39.395672 39.613766 0.20328158140182495 0.9328981041908264 44 0.5909644961357117 0.14236149191856384 -0.7940366864204407
1587   43   70 39.508993 39.637248 -1.046252965927124 0.9129467010498047 46 0.5988847613334656 0.14525900781154633 -0.7875511646270752
1588   44   64 39.514807 39.583332 0.11420183628797531 0.8635333180427551 46 0.599213719367981 0.14455047249794006 -0.7874313592910767
1589  -17  -98 38.800956 38.115702 -6.438984394073486 0.19469855725765228 43 0.5187451243400574 0.11748650670051575 -0.8468178510665894
1590  -13  -96 38.848453 38.133096 -6.6893768310546875 0.891822338104248 46 0.523021399974823 0.1191127747297287 -0.8439554572105408
1591   59   56 39.686542 39.507553 0.36065560579299927 0.8019734025001526 42 0.6102746725082397 0.14493192732334137 -0.7788193225860596
1592  100  -29 40.157505 38.724558 -4.037868976593018 0.3263121545314789 54 0.6301665902137756 0.14528560638427734 -0.7627465128898621
1593  102  -29 40.175361 38.725041 -3.3924121856689453 0.5406001210212708 42 0.6313031911849976 0.1455172300338745 -0.7617618441581726
1594  100  -31 40.156489 38.710861 -4.067681789398193 0.5004702210426331 28 0.6282646656036377 0.15218427777290344 -0.7629701495170593
1595  102  -31 40.175317 38.711262 -3.258249282836914 0.28509530425071716 41 0.629148542881012 0.15402697026729584 -0.7618712782859802
1596   91  -33 40.048767 38.697980 -4.037491798400879 0.32082781195640564 33 0.6213895678520203 0.1491895169019699 -0.7691667675971985
1597   92  -33 40.067066 38.697390 -3.2329962253570557 0.32150697708129883 28 0.6220632791519165 0.15150724351406097 -0.7681684494018555
1598   91  -34 40.047593 38.684077 -4.059508800506592 0.3507894277572632 38 0.6204826235771179 0.1518256664276123 -0.7693830728530884
1599   92  -34 40.067030 38.683477 -3.7479360103607178 0.40208685398101807 41 0.6218116879463196 0.1519457995891571 -0.7682855129241943
1600   95  -33 40.095126 38.690521 -3.4581234455108643 0.4672834873199463 26 0.6238203644752502 0.15261855721473694 -0.7665218114852905
1601   92  -36 40.058022 38.662396 -4.313543319702148 0.5798165202140808 35 0.621314525604248 0.15059569478034973 -0.7689533233642578
1602   95  -36 40.092669 38.662714 -3.7185187339782715 0.3885703980922699 31 0.6237375140190125 0.15090586245059967 -0.7669282555580139
1603   99  -34 40.142913 38.679594 -3.3918404579162598 0.6360647678375244 33 0.6271460056304932 0.15235117077827454 -0.7638566493988037
1604   78  -38 39.900418 38.646176 -4.076836585998535 0.10786891728639603 38 0.6101315021514893 0.14823326468467712 -0.7783100008964539
1605   79  -38 39.909655 38.646183 -4.189167022705078 0.27456238865852356 37 0.6108191013336182 0.1483219563961029 -0.7777535915374756
1606   78  -39 39.900739 38.639516 -3.804579496383667 0.2345331311225891 203 0.6102051138877869 0.14784158766269684 -0.7783268094062805
1607   79  -39 39.909087 38.638872 -4.204748153686523 0.2125634253025055 38 0.6108254194259644 0.14788058400154114 -0.7778326869010925
1608   80  -39 39.922055 38.642511 -4.420054912567139 0.37892580032348633 41 0.6116983294487 0.14820358157157898 -0.7770848870277405
1609   78  -40 39.905133 38.628645 -4.214290618896484 0.47605153918266296 39 0.610594630241394 0.14723259210586548 -0.7781367301940918
1610   80  -40 39.922343 38.628417 -4.744359493255615 0.4443114995956421 55 0.6117967367172241 0.1473609060049057 -0.7771676182746887
1611   82  -40 39.949851 38.635171 -4.961599349975586 0.49871334433555603 40 0.6136899590492249 0.14799700677394867 -0.7755524516105652
1612   79  -43 39.913344 38.607176 -4.597947120666504 0.31029757857322693 41 0.6111672520637512 0.14598526060581207 -0.7779221534729004
1613   82  -43 39.949878 38.608294 -4.634588241577148 0.7547497153282166 48 0.6138314604759216 0.14638039469718933 -0.7757472395896912
1614  -50  107 38.412822 39.969700 1.0740984678268433 0.747968852519989 57 0.5229586362838745 0.12314024567604065 -0.843416154384613
1615  -56  102 38.339875 39.922111 1.292340636253357 0.9679496884346008 48 0.5148487687110901 0.12695664167404175 -0.8478282690048218
1616  -49  102 38.418381 39.917828 0.6644797325134277 0.557674765586853 46 0.5211353898048401 0.12849707901477814 -0.8437455296516418
1617  -19  121 38.776352 40.089654 -3.690758466720581 0.8102842569351196 50 0.5532656311988831 0.13316357135772705 -0.8222922682762146
1618  -12  120 38.852335 40.088557 -3.714935541152954 0.7958523631095886 48 0.5592789649963379 0.1338270902633667 -0.8181059956550598
1619   -6  120 38.926245 40.088811 -3.8077805042266846 0.7939529418945312 49 0.5650225877761841 0.13452795147895813 -0.8140342235565186
1620  -43  108 38.490529 39.975398 0.779912531375885 1.0834786891937256 45 0.5290313959121704 0.12607772648334503 -0.8391842842102051
1621  -43  102 38.486314 39.918638 1.2498992681503296 0.5870956182479858 42 0.5266487002372742 0.12927186489105225 -0.8401963710784912
1622  -37  102 38.559954 39.918951 1.1859909296035767 0.6954328417778015 48 0.5327180624008179 0.13009236752986908 -0.8362340927124023
1623   -6  -81 38.923320 38.262621 -5.148895740509033 0.11480851471424103 27 0.5299928188323975 0.12823466956615448 -0.8382502794265747
1624   -5  -80 38.939009 38.274984 -5.4187726974487305 0.03933010622859001 40 0.5312619805335999 0.1291791796684265 -0.8373012542724609
1625   -3  -79 38.958428 38.283798 -4.817868709564209 0.4595673084259033 51 0.5329192280769348 0.12996019423007965 -0.836126446723938
1626   -4  -80 38.950763 38.278115 -4.541231155395508 0.19593308866024017 53 0.5322328805923462 0.12950336933135986 -0.8366344571113586
1627   -3  -80 38.958475 38.276641 -4.590104579925537 0.2777383625507355 50 0.5329017639160156 0.1294981986284256 -0.8362092971801758
1628   -6  -81 38.931423 38.269740 -5.089076519012451 0.07825160771608353 44 0.5306532979011536 0.12877081334590912 -0.8377500772476196
1629   -5  -81 38.940365 38.269595 -5.424098014831543 0.15978364646434784 51 0.5314203500747681 0.12886181473731995 -0.8372496962547302
1630   -6  -81 38.931424 38.262491 -5.190148830413818 0.0699797049164772 47 0.530681312084198 0.1283160150051117 -0.8378021121025085
1631   -5  -81 38.940736 38.262796 -5.234897613525391 0.08279931545257568 49 0.5314998030662537 0.12844450771808624 -0.8372634053230286
1632   -4  -81 38.949906 38.268202 -5.505008220672607 0.15791606903076172 49 0.5322151184082031 0.12887433171272278 -0.8367428183555603
1633   -3  -81 38.958521 38.269623 -5.162048816680908 0.040836893022060394 43 0.5329321622848511 0.1290571540594101 -0.8362581133842468
1634   -4  -81 38.949670 38.262388 -5.418067932128906 0.06019043177366257 45 0.532255232334137 0.1285160481929779 -0.8367723822593689
1635   -3  -81 38.958405 38.262540 -5.4602370262146 0.17571070790290833 41 0.532974362373352 0.12861624360084534 -0.8362991213798523
1636   40  -51 39.468882 38.535789 -2.4009463787078857 0.32752224802970886 45 0.5775438547134399 0.14137284457683563 -0.804025411605835
1637   41  -51 39.477944 38.536162 -1.9566508531570435 0.18029537796974182 46 0.5783994197845459 0.14094440639019012 -0.8034853935241699
1638   40  -52 39.469548 38.529458 -2.8742523193359375 0.10716356337070465 43 0.5775754451751709 0.14094515144824982 -0.8040778040885925
1639   41  -52 39.477767 38.528941 -2.5194356441497803 0.3957020044326782 47 0.5783023834228516 0.1405106782913208 -0.8036311864852905
1640   42  -51 39.487550 38.536193 -2.2307004928588867 0.1408599615097046 48 0.5799486041069031 0.13786569237709045 -0.8029026985168457
1641   43  -51 39.496155 38.536141 -2.4172024726867676 0.19336701929569244 44 0.5805971026420593 0.13794413208961487 -0.8024203777313232
1642   45  -53 39.522519 38.514736 -5.840430736541748 0.2816014587879181 37 0.5824102163314819 0.13688747584819794 -0.8012865781784058
1643   46  -53 39.531526 38.514894 -5.776965618133545 0.18508142232894897 56 0.5830923318862915 0.13698245584964752 -0.800774097442627
1644   41  -56 39.480483 38.491647 -5.298900604248047 0.0510602667927742 51 0.5783281922340393 0.13846008479595184 -0.8039685487747192
1645   40  -56 39.469170 38.485960 -5.28228235244751 0.17178694903850555 41 0.5774660706520081 0.13797754049301147 -0.8046708703041077
1646   41  -56 39.477523 38.486520 -5.340820789337158 0.24442993104457855 55 0.5781154632568359 0.13809040188789368 -0.8041850328445435
1647   42  -56 39.486472 38.492234 -5.2385029792785645 0.048575930297374725 37 0.5789301991462708 0.13795755803585052 -0.8036215305328369
1648   43  -56 39.496239 38.493047 -5.053534984588623 0.1086382269859314 51 0.5803390145301819 0.13534028828144073 -0.8030502796173096
1649   42  -56 39.486270 38.486937 -5.104373455047607 0.15425769984722137 58 0.5788121223449707 0.13808046281337738 -0.8036854267120361
1650   43  -56 39.495435 38.486689 -5.405139446258545 0.08870752155780792 51 0.5802261829376221 0.1352660059928894 -0.8031442761421204
1651   44  -54 39.506157 38.506428 -4.63569450378418 0.19948162138462067 54 0.5811362862586975 0.13623449206352234 -0.8023221492767334
1652   44  -54 39.513558 38.507825 -4.951529502868652 0.4018784165382385 42 0.5817254781723022 0.13639318943023682 -0.8018680810928345
1653   44  -55 39.506473 38.500851 -4.828418254852295 0.3094695806503296 52 0.5811370611190796 0.13590237498283386 -0.8023779392242432
1654   44  -55 39.513655 38.500620 -4.750380516052246 0.2145220935344696 50 0.5817031860351562 0.13596150279045105 -0.8019576072692871
1655   45  -54 39.522357 38.507723 -5.396533489227295 0.4253973066806793 49 0.5823950171470642 0.13647085428237915 -0.8013687133789062
1656   46  -54 39.531695 38.507605 -5.662178039550781 0.15173432230949402 49 0.5831232070922852 0.13655708730220795 -0.8008242845535278
1657   45  -55 39.522574 38.500580 -4.899259090423584 0.15318182110786438 60 0.5823920965194702 0.13604673743247986 -0.8014429211616516
1658   46  -55 39.531504 38.500731 -5.299030780792236 0.11681292951107025 59 0.5830570459365845 0.1361367404460907 -0.8009440302848816
1659   44  -56 39.509540 38.490131 -5.252620697021484 0.23256836831569672 54 0.5813887119293213 0.13530290126800537 -0.8022968769073486
1660   45  -56 39.526401 38.490010 -5.161339282989502 0.32791006565093994 56 0.5826175808906555 0.13544249534606934 -0.8013813495635986
1661   61  -39 39.706931 38.643157 -2.0284202098846436 0.970474362373352 56 0.5962077975273132 0.14631091058254242 -0.7893854379653931
1662   60  -40 39.689915 38.630011 -2.0957112312316895 0.2734943628311157 47 0.5950794816017151 0.1453896462917328 -0.7904064059257507
1663   61  -40 39.707447 38.629977 -2.068155527114868 0.13557040691375732 50 0.596321702003479 0.14554035663604736 -0.7894418239593506
1664   63  -39 39.725325 38.644243 -2.1543216705322266 0.5335195064544678 47 0.5975235104560852 0.146541029214859 -0.7883472442626953
1665   64  -39 39.742473 38.645449 -2.4801509380340576 1.2317681312561035 43 0.5987639427185059 0.14677073061466217 -0.7873627543449402
1666   63  -40 39.725043 38.629854 -1.8914014101028442 0.1686367392539978 54 0.5975282192230225 0.14567597210407257 -0.7885040044784546
1667   64  -40 39.738449 38.632743 -2.222735643386841 0.42425230145454407 52 0.5984503626823425 0.14596034586429596 -0.7877516746520996
1668   64  -40 39.745268 38.631808 -3.123317241668701 0.4425971508026123 52 0.5989333987236023 0.14596445858478546 -0.7873837947845459
1669   64  -41 39.738695 38.626315 -2.130981206893921 0.13281238079071045 47 0.5984801054000854 0.14557728171348572 -0.7878000140190125
1670   65  -41 39.747568 38.625907 -2.7744786739349365 0.4014330208301544 45 0.5990938544273376 0.14562571048736572 -0.7873243689537048
1671   59  -41 39.684924 38.619756 -2.0165202617645264 0.10806579142808914 48 0.5947908163070679 0.1447458267211914 -0.7907418012619019
1672   49  -53 39.567715 38.515034 -6.062223434448242 0.45570284128189087 47 0.5859584212303162 0.13736341893672943 -0.7986137866973877
1673   50  -52 39.576735 38.528638 -4.974549293518066 0.16019700467586517 44 0.5866317749023438 0.13825438916683197 -0.7979654669761658
1674   51  -52 39.585466 38.528613 -4.611417770385742 0.11113293468952179 47 0.5872844457626343 0.13833372294902802 -0.7974715232849121
1675   51  -51 39.594681 38.535381 -5.064990997314453 0.39706429839134216 51 0.5879621505737305 0.13881950080394745 -0.7968875169754028
1676   52  -51 39.603191 38.535457 -4.716981410980225 0.45864954590797424 44 0.5885937809944153 0.13890230655670166 -0.796406626701355
1677   51  -52 39.594274 38.528681 -4.736142635345459 0.1797749400138855 49 0.5879406929016113 0.1384187787771225 -0.7969730496406555
1678   52  -52 39.603617 38.528610 -4.32774543762207 0.11603919416666031 50 0.5886410474777222 0.1385021060705185 -0.7964414358139038
1679   50  -52 39.576423 38.521947 -5.163053035736084 0.21531470119953156 49 0.5865779519081116 0.1378469318151474 -0.7980754971504211
1680   51  -52 39.585165 38.521401 -5.227837085723877 0.4004232883453369 51 0.5872397422790527 0.13789662718772888 -0.7975801825523376
1681   50  -53 39.576368 38.514510 -5.773850917816162 0.4331277310848236 40 0.586598813533783 0.13740983605384827 -0.7981355786323547
1682   51  -53 39.585074 38.514727 -5.731565952301025 0.3198604881763458 36 0.5872600674629211 0.1375047266483307 -0.7976328134536743
1683   52  -53 39.598835 38.518184 -4.9215989112854 0.299984335899353 39 0.5882919430732727 0.13783833384513855 -0.7968144416809082
1684  -43  133 38.485217 40.200097 -4.166675090789795 1.9133449792861938 39 0.5327261686325073 0.12714922428131104 -0.8366814851760864
1685  -37  133 38.556799 40.200528 -4.0651326179504395 0.9281899333000183 33 0.5386842489242554 0.12794190645217896 -0.8327365517616272
1686  -37  126 38.558065 40.142724 -4.030925750732422 1.307919979095459 46 0.5369480848312378 0.12994550168514252 -0.8335472345352173
1687  -31  133 38.632502 40.200809 -3.457634210586548 0.6850664615631104 48 0.5450271964073181 0.12877102196216583 -0.8284705281257629
1688  -25  133 38.705084 40.199897 -4.3036346435546875 0.8111993074417114 44 0.5508154630661011 0.12941238284111023 -0.8245330452919006
1689  -31  127 38.632317 40.143819 -4.293472766876221 0.9046390056610107 47 0.5427222847938538 0.13221478462219238 -0.8294406533241272
1690   75  -43 39.869209 38.601257 -4.076512813568115 0.2537190616130829 46 0.608060359954834 0.1452561318874359 -0.7804890871047974
1691   77  -43 39.886365 38.600899 -4.558216094970703 0.2429545819759369 47 0.6093130111694336 0.14538690447807312 -0.7794871926307678
1692   49   64 39.579758 39.581218 -0.474075049161911 0.7578188180923462 47 0.6033178567886353 0.14486686885356903 -0.7842327952384949
1693   35   54 39.408317 39.494279 0.6471630334854126 0.9287270903587341 41 0.5905410647392273 0.14066749811172485 -0.7946532964706421
1694   48   56 39.559479 39.505566 0.5491974353790283 0.7921146154403687 43 0.6015934944152832 0.14281301200389862 -0.7859323620796204
1695  -68  145 38.189873 40.311654 -3.447549343109131 0.7574067711830139 47 0.510830283164978 0.12099860608577728 -0.8511238098144531
1696  -62  145 38.265269 40.310482 -4.0332560539245605 0.9638887643814087 51 0.5173068046569824 0.12178270518779755 -0.8470906615257263
1697  -79  182 38.064116 40.644077 -4.612029075622559 0.7621501088142395 52 0.5068248510360718 0.12246759235858917 -0.8533055186271667
1698   -9  -38 38.890214 38.654933 -3.385892391204834 1.0266594886779785 53 0.5354934334754944 0.12750418484210968 -0.8348589539527893
1699  -38  -56 38.554482 38.491089 -2.9760422706604004 0.640722393989563 50 0.5038619041442871 0.11874911189079285 -0.8555827736854553
1700  -27  -56 38.680699 38.488893 -2.9732260704040527 0.5584244132041931 50 0.5149346590042114 0.1210528239607811 -0.848639190196991
1701  -37  -69 38.566964 38.375228 -3.3475396633148193 0.577355146408081 49 0.501910924911499 0.12111096829175949 -0.8563980460166931
1702  -29  -69 38.658323 38.376052 -3.334697961807251 0.6180047392845154 8 0.5099911689758301 0.12239737808704376 -0.8514269590377808
1703  -15  -57 38.818456 38.486244 -3.076504945755005 0.5730798244476318 48 0.5263251066207886 0.1244126558303833 -0.8411322236061096
1704   -6  -91 38.923474 38.179307 -6.222180366516113 0.7614033818244934 11 0.5299132466316223 0.12292216718196869 -0.839095950126648
1705    0  -91 39.001510 38.178919 -7.422904968261719 1.1022768020629883 37 0.5363811254501343 0.1236695945262909 -0.834865927696228
1706   -7  -95 38.914405 38.137835 -6.925863265991211 0.9025127291679382 40 0.5289332866668701 0.1201527863740921 -0.8401148319244385
1707  -52   28 38.388559 39.253618 -0.5626381635665894 1.0237088203430176 33 0.505348801612854 0.12132855504751205 -0.8543429970741272
1708  -34  -13 38.602286 38.877069 -2.7539865970611572 0.9900010824203491 17 0.5158693194389343 0.12256758660078049 -0.8478537797927856
1709   -8  -14 38.903747 38.866702 -2.6315479278564453 0.9684815406799316 20 0.5401557087898254 0.12984365224838257 -0.8314880728721619
1710  137   27 40.590642 39.233123 0.0799488052725792 0.36472564935684204 42 0.6629832983016968 0.15651646256446838 -0.7320899963378906
1711  142   33 40.656604 39.287509 -0.3551284372806549 0.5011559724807739 49 0.6668381094932556 0.1607152819633484 -0.7276658415794373
1712  143   26 40.663039 39.227527 -0.2952141761779785 0.4268112778663635 49 0.6673893332481384 0.15649336576461792 -0.7280806303024292
1713  150   26 40.737581 39.224549 -0.23529955744743347 0.5632472634315491 49 0.6718377470970154 0.15664631128311157 -0.7239447832107544
1714   93  -16 40.076558 38.848135 -1.3660014867782593 1.1664141416549683 45 0.6249175071716309 0.15228600800037384 -0.7656938433647156
1715   99  -16 40.150379 38.845598 -1.2915292978286743 1.5110821723937988 42 0.6299021244049072 0.1528422236442566 -0.7614871263504028
1716   92  -21 40.060190 38.804952 -1.6852327585220337 1.0698132514953613 46 0.6236904263496399 0.1495787650346756 -0.76722651720047
1717   94  -20 40.085533 38.809340 -1.9385919570922852 0.9122242331504822 47 0.625461757183075 0.15006178617477417 -0.7656885981559753
1718   95  -20 40.104018 38.806481 -2.267685890197754 0.45202380418777466 45 0.626801609992981 0.15004831552505493 -0.7645947933197021
1719   94  -21 40.087956 38.796846 -2.4485628604888916 0.3864537179470062 46 0.6256595849990845 0.14931119978427887 -0.7656736969947815
1720   96  -22 40.105040 38.795379 -3.1293020248413086 0.3754081726074219 35 0.6268614530563354 0.14936167001724243 -0.7646802067756653
1721   91  -23 40.051450 38.781228 -2.7059412002563477 0.794871985912323 44 0.6230745315551758 0.1480337232351303 -0.7680261135101318
1722   92  -23 40.067129 38.781227 -2.2868874073028564 0.3654768168926239 34 0.624182939529419 0.1481645554304123 -0.7671003341674805
1723   91  -24 40.056665 38.771901 -2.1341803073883057 0.17592696845531464 46 0.623466968536377 0.14750413596630096 -0.7678095102310181
1724   90  -25 40.043414 38.763113 -3.4592127799987793 0.4716775715351105 48 0.6225602626800537 0.14685620367527008 -0.7686690092086792
1725   91  -25 40.055756 38.764466 -2.9843475818634033 0.3432248830795288 46 0.6234352588653564 0.14704327285289764 -0.7679237127304077
1726   92  -24 40.063824 38.771499 -2.8594088554382324 0.4749641716480255 40 0.6239901185035706 0.1475422978401184 -0.7673771381378174
1727   93  -24 40.072590 38.771691 -2.6951980590820312 0.38642340898513794 22 0.6245838403701782 0.14762118458747864 -0.7668788433074951
1728   92  -25 40.063070 38.764349 -3.3899435997009277 0.25750115513801575 70 0.6238927245140076 0.14708170294761658 -0.7675447463989258
1729   93  -25 40.072562 38.764211 -2.9697153568267822 0.2580396234989166 36 0.6245421767234802 0.14714761078357697 -0.7670037150382996
1730   94  -23 40.086669 38.781434 -2.7664120197296143 0.531050443649292 176 0.6255967020988464 0.148348867893219 -0.7659121155738831
1731   95  -23 40.099590 38.785245 -3.827591896057129 0.4344140589237213 57 0.6264940500259399 0.14868858456611633 -0.7651124000549316
1732   96  -23 40.109036 38.785250 -3.5574042797088623 0.28705015778541565 47 0.6270395517349243 0.1487395465373993 -0.7646554112434387
1733   95  -24 40.100276 38.778218 -3.499268054962158 0.3310701847076416 63 0.6265548467636108 0.1482604444026947 -0.7651456594467163
1734   96  -24 40.108873 38.778317 -3.6695492267608643 0.5286378264427185 46 0.6270509362220764 0.1483113169670105 -0.7647293210029602
1735   94  -24 40.081989 38.771329 -2.922302722930908 0.3146055340766907 44 0.6252789497375488 0.1476842761039734 -0.7662999629974365
1736   94  -24 40.090290 38.771315 -3.2080211639404297 0.145631805062294 50 0.6258720755577087 0.1477534919977188 -0.765802264213562
1737   94  -25 40.081635 38.764465 -3.3773093223571777 0.17827054858207703 48 0.6251683831214905 0.14723463356494904 -0.7664766311645508
1738   94  -25 40.090402 38.764897 -3.77459454536438 0.3524133563041687 53 0.6257796883583069 0.14733262360095978 -0.765958845615387
1739   95  -24 40.099306 38.771232 -3.1267075538635254 0.30326515436172485 195 0.6264997124671936 0.1478213220834732 -0.7652757167816162
1740   96  -24 40.108734 38.771084 -4.573494911193848 0.5664826035499573 206 0.6270917654037476 0.14787137508392334 -0.7647810578346252
1741   97  -20 40.124164 38.809392 -2.733081102371216 0.45162975788116455 52 0.6282107830047607 0.1503959596157074 -0.7633690237998962
1742   99  -20 40.140371 38.809168 -2.6369500160217285 0.42486876249313354 73 0.629286527633667 0.15050266683101654 -0.7624613642692566
1743   97  -22 40.123120 38.795766 -3.472529888153076 0.5245094895362854 50 0.6280341148376465 0.14951223134994507 -0.7636879682540894
1744   99  -22 40.140367 38.795402 -2.364494800567627 0.7231340408325195 50 0.6291695237159729 0.14961478114128113 -0.762732744216919
1745  172   34 41.000545 39.290824 -1.5661324262619019 0.4947059750556946 46 0.6864154934883118 0.1624724268913269 -0.708827555179596
1746   47  -55 39.548859 38.500490 -4.637104034423828 0.14657293260097504 33 0.5844157338142395 0.13629654049873352 -0.7999259829521179
1747   49  -54 39.562719 38.503666 -5.353383541107178 0.4721718430519104 43 0.5855497717857361 0.13663381338119507 -0.7990385890007019
1748   47  -56 39.545043 38.490021 -4.994481086730957 0.2769102156162262 38 0.5840811729431152 0.1356297731399536 -0.8002834916114807
1749   49  -56 39.563393 38.489931 -5.31504487991333 0.41024866700172424 41 0.5855069160461426 0.13580329716205597 -0.7992115616798401
1750   50  -54 39.580984 38.503925 -5.44558048248291 0.4522557258605957 55 0.5869449377059937 0.1368231475353241 -0.797981858253479
1751   52  -54 39.598584 38.503984 -5.506703853607178 0.35641929507255554 46 0.5882065892219543 0.13697507977485657 -0.7970262169837952
1752   50  -56 39.580750 38.489918 -5.604940414428711 0.4980025291442871 39 0.586743950843811 0.1359463930130005 -0.7982794642448425
1753   52  -56 39.598245 38.490039 -5.605586528778076 0.4771198630332947 26 0.5880613923072815 0.13611477613449097 -0.7972807288169861
1754   40  -57 39.468840 38.479731 -5.221202373504639 0.09187250584363937 13 0.5774513483047485 0.13755610585212708 -0.8047535419464111
1755   41  -57 39.477556 38.479811 -5.208001136779785 0.15887561440467834 41 0.5781087279319763 0.1376342475414276 -0.8042681217193604
1756   40  -58 39.468559 38.472873 -5.126867294311523 0.08680995553731918 31 0.5774109959602356 0.13708582520484924 -0.8048627972602844
1757   41  -58 39.477298 38.472735 -4.877553462982178 0.19505104422569275 35 0.5780698657035828 0.13714884221553802 -0.8043789267539978
1758  127  -28 40.467515 38.731875 -3.057838201522827 0.20065277814865112 39 0.6485710740089417 0.15437600016593933 -0.7453346252441406
1759  122  -30 40.404661 38.718656 -2.847970485687256 0.1662333905696869 38 0.6438143253326416 0.15660648047924042 -0.7489843964576721
1760  122  -30 40.413247 38.718685 -2.6706085205078125 0.159659743309021 60 0.6443449258804321 0.1566624939441681 -0.7485162019729614
1761  123  -29 40.422399 38.725508 -3.0887553691864014 0.0756344273686409 20 0.6449386477470398 0.1571618616580963 -0.7479000091552734
1762  124  -29 40.431466 38.725312 -3.3443846702575684 0.1325497180223465 5 0.6454987525939941 0.15720756351947784 -0.7474069595336914
1763  123  -30 40.422000 38.718694 -3.110013723373413 0.19520053267478943 10 0.6449029445648193 0.15672366321086884 -0.7480226159095764
1764  124  -30 40.431076 38.718609 -3.366368055343628 0.12267208844423294 18 0.6454730033874512 0.1567789614200592 -0.7475192546844482
1765  122  -31 40.408903 38.707829 -3.5204646587371826 0.35253995656967163 59 0.644111692905426 0.15595556795597076 -0.748864471912384
1766  124  -31 40.427080 38.708028 -3.178804397583008 0.2626798748970032 59 0.6452696919441223 0.1560925543308258 -0.7478383183479309
1767  125  -29 40.440567 38.725211 -3.0811023712158203 0.21994736790657043 40 0.6460583209991455 0.15725889801979065 -0.7469124794006348
1768  126  -29 40.449342 38.725207 -3.630502939224243 0.23808565735816956 46 0.6466909646987915 0.15692941844463348 -0.7464341521263123
1769  125  -30 40.440265 38.718660 -3.214179754257202 0.17460231482982635 38 0.6460413932800293 0.1568412333726883 -0.7470149397850037
1770  126  -30 40.449017 38.717775 -3.3578391075134277 0.2834888994693756 28 0.64659583568573 0.1568213701248169 -0.746539294719696
1771  126  -29 40.458486 38.725687 -3.535794258117676 0.3297455608844757 69 0.64801025390625 0.15389201045036316 -0.7459222078323364
1772  127  -29 40.467527 38.724816 -3.448777437210083 0.3318089246749878 23 0.6485844254493713 0.15388274192810059 -0.7454248666763306
1773  126  -30 40.458463 38.717843 -2.5640575885772705 0.24648524820804596 52 0.6479312777519226 0.1538257896900177 -0.7460044026374817
1774  127  -30 40.467166 38.717792 -2.904531717300415 0.3250252306461334 45 0.6486146450042725 0.1533987671136856 -0.7454984188079834
1775  125  -31 40.444694 38.707638 -2.949582099914551 0.27138978242874146 46 0.6463817358016968 0.15618601441383362 -0.746857762336731
1776  127  -31 40.462234 38.707610 -2.8270199298858643 0.19899292290210724 38 0.6481184363365173 0.15380550920963287 -0.7458460330963135
1777  117  -33 40.344992 38.687152 -3.1356427669525146 0.3272134065628052 159 0.6401101350784302 0.15422824025154114 -0.7526438236236572
1778  120  -33 40.381214 38.687324 -3.360116958618164 0.2779044806957245 160 0.6424620151519775 0.1544962227344513 -0.7505820989608765
1779  117  -36 40.345099 38.659693 -3.360865592956543 0.32510772347450256 170 0.6401483416557312 0.15250347554683685 -0.7529627084732056
1780  188  -40 41.164240 38.617967 -2.920764684677124 1.0256057977676392 608 0.6874061226844788 0.16343393921852112 -0.7076455354690552
1781  127  -66 40.456401 38.388512 -4.700953483581543 0.8534537553787231 134 0.6433557868003845 0.1524496227502823 -0.7502349019050598
1782  176  -63 41.016064 38.413349 -3.6533334255218506 0.9457949995994568 143 0.67658931016922 0.16108021140098572 -0.718526303768158
1783  182   15 41.108603 39.116127 -2.4215197563171387 0.6791893243789673 108 0.6907014846801758 0.16196422278881073 -0.7047687768936157
1784  187   14 41.165382 39.114891 -2.111438751220703 0.7529812455177307 171 0.6937564015388489 0.1620793491601944 -0.701735258102417
1785  131   -4 40.511163 38.946633 -0.8166510462760925 0.41854289174079895 158 0.6536174416542053 0.15848730504512787 -0.7400445938110352
1786  136   -2 40.569413 38.964791 -1.1470729112625122 0.5955398678779602 34 0.6572622060775757 0.16011065244674683 -0.736458420753479
1787  138   -1 40.594831 38.972932 -1.1601142883300781 0.3800183832645416 38 0.6588025093078613 0.16082443296909332 -0.7349250316619873
1788  139   -1 40.612620 38.972538 -1.6056703329086304 0.3807801902294159 42 0.6598066091537476 0.1608722060918808 -0.7340132594108582
1789  138   -3 40.594378 38.958961 -1.479667067527771 0.2379637062549591 49 0.6587230563163757 0.15981486439704895 -0.7352164387702942
1790  139   -2 40.607283 38.962333 -1.5973414182662964 0.19104723632335663 50 0.6595042943954468 0.16012243926525116 -0.7344486713409424
1791  140   -2 40.616084 38.962146 -1.8586922883987427 0.2596835792064667 39 0.6600045561790466 0.16014739871025085 -0.7339937090873718
1792  139   -3 40.607306 38.955304 -1.639198660850525 0.22492201626300812 11 0.6594656705856323 0.15961220860481262 -0.7345944046974182
1793  140   -3 40.616269 38.955104 -2.2199764251708984 0.1375630646944046 7 0.6599797010421753 0.1596377044916153 -0.7341271638870239
1794  135   -4 40.557371 38.945130 -1.4759372472763062 0.371083527803421 43 0.6564644575119019 0.15863344073295593 -0.737488865852356
1795  136   -4 40.575505 38.945234 -1.4954774379730225 0.27678436040878296 44 0.6575384140014648 0.15872979164123535 -0.7365107536315918
1796  135   -6 40.557404 38.931494 -1.6615263223648071 0.295478492975235 36 0.6564263701438904 0.15765638649463654 -0.7377322912216187
1797  136   -6 40.575044 38.931116 -1.4647446870803833 0.27210190892219543 17 0.657475471496582 0.15771609544754028 -0.7367845773696899
1798  138   -4 40.593636 38.944932 -1.8575724363327026 0.25151535868644714 42 0.6586269736289978 0.15880060195922852 -0.7355221509933472
1799  139   -4 40.607201 38.948272 -1.9397050142288208 0.38934624195098877 16 0.6594447493553162 0.15910780429840088 -0.7347226738929749
1800  140   -4 40.616283 38.948062 -2.373699903488159 0.2552199065685272 30 0.6599463820457458 0.1591281145811081 -0.7342677116394043
1801  139   -5 40.607037 38.941410 -2.576780080795288 0.22835367918014526 36 0.6593962907791138 0.158608540892601 -0.7348740696907043
1802  140   -5 40.616189 38.941257 -2.1566545963287354 0.20890791714191437 28 0.6599116921424866 0.15863634645938873 -0.7344052791595459
1803  137   -6 40.588508 38.934360 -1.8159165382385254 0.12955744564533234 31 0.6582843065261841 0.15801364183425903 -0.7359983325004578
1804  138   -6 40.597592 38.934347 -1.9998940229415894 0.18118426203727722 74 0.6588447690010071 0.1580631583929062 -0.7354859709739685
1805  137   -6 40.588617 38.927642 -1.7317962646484375 0.21077151596546173 93 0.6583019495010376 0.157540425658226 -0.736083984375
1806  138   -6 40.597683 38.927092 -1.859163522720337 0.16846486926078796 280 0.6588243246078491 0.15754106640815735 -0.7356163263320923
1807  139   -6 40.606658 38.934186 -2.3731963634490967 0.19761262834072113 354 0.6593698263168335 0.15809252858161926 -0.735008955001831
1808  140   -6 40.615873 38.934257 -2.1399247646331787 0.08327095210552216 44 0.6598986983299255 0.1581382155418396 -0.7345244288444519
1809  139   -6 40.606793 38.927237 -2.19401216506958 0.2703477442264557 38 0.6593641042709351 0.1575961858034134 -0.7351207137107849
1810  129   -8 40.493745 38.910901 -1.3055940866470337 0.39878061413764954 43 0.6524572372436523 0.1558428406715393 -0.7416283488273621
1811  132   -8 40.529672 38.910512 -1.287018060684204 0.48379942774772644 23 0.6546663641929626 0.15600720047950745 -0.7396442890167236
1812  129  -11 40.492865 38.882723 -1.7757736444473267 0.3154665231704712 7 0.6524803638458252 0.15386594831943512 -0.7420206665992737
1813  131  -11 40.520207 38.889485 -2.158205032348633 0.5218300819396973 3 0.6541154980659485 0.1544768214225769 -0.7404524683952332
1814  133  -11 40.537553 38.889815 -3.380777359008789 1.5381320714950562 117 0.6551691293716431 0.1545887589454651 -0.7394968867301941
1815  131  -12 40.520031 38.875462 -2.193021059036255 0.3913379907608032 70 0.6541491150856018 0.15349508821964264 -0.740626871585846
1816  -11  -76 38.865203 38.308064 -3.8237452507019043 0.4945809245109558 57 0.5277893543243408 0.12080458551645279 -0.8407405614852905
1817  -10  -76 38.882671 38.308338 -3.863679885864258 0.6595573425292969 125 0.5288055539131165 0.12252188473939896 -0.839853048324585
1818  -11  -78 38.864921 38.294089 -3.5649099349975586 0.34580790996551514 65 0.5252376198768616 0.12943115830421448 -0.8410547375679016
1819   28  -63 39.324282 38.431239 -5.709325313568115 0.3031681776046753 129 0.566227912902832 0.13302893936634064 -0.8134428858757019
1820   29  -63 39.333582 38.431085 -5.78420352935791 0.39352285861968994 684 0.567023515701294 0.1331177055835724 -0.8128739595413208
1821   29  -62 39.342719 38.437897 -6.3169074058532715 0.35052645206451416 629 0.567639172077179 0.1336294561624527 -0.8123601078987122
1822   30  -62 39.352070 38.438290 -5.558316707611084 0.4322793781757355 2796 0.5684183835983276 0.13375048339366913 -0.811795175075531
1823   29  -63 39.342337 38.431236 -6.502903938293457 0.48040953278541565 178 0.5677679777145386 0.133218452334404 -0.8123376369476318
1824   30  -63 39.351832 38.430834 -5.683560371398926 0.4369586706161499 2679 0.5685222744941711 0.13327889144420624 -0.8118000030517578
1825  -29  -93 38.664639 38.156648 -4.614071369171143 0.13301311433315277 2394 0.5068193674087524 0.11851363629102707 -0.8538669347763062
1826  -28  -93 38.673348 38.156416 -4.609767913818359 0.09026817977428436 978 0.5075342655181885 0.11858731508255005 -0.8534318804740906
1827  -27  -89 38.686830 38.195148 -4.726025581359863 0.5551769733428955 6640 0.5090171098709106 0.12119452655315399 -0.852181613445282
1828  -26  -88 38.699761 38.199171 -4.115015506744385 0.08232203125953674 2882 0.5101845860481262 0.12160089612007141 -0.851425290107727
1829  -26  -89 38.697147 38.193431 -4.244568824768066 0.049916017800569534 728 0.5099095702171326 0.12120575457811356 -0.851646363735199
1830  -27  -90 38.681979 38.184787 -5.09108829498291 0.117134690284729 754 0.5085336565971375 0.120486319065094 -0.8525705933570862
1831  -27  -90 38.690667 38.184659 -4.864253044128418 0.1321856677532196 732 0.5092509388923645 0.1205684244632721 -0.8521307706832886
1832  -27  -91 38.682054 38.177850 -4.7294111251831055 0.1484483778476715 195 0.5084952116012573 0.12005011737346649 -0.8526550531387329
1833  -27  -91 38.690785 38.177622 -4.5926594734191895 0.2383403182029724 38 0.5092319846153259 0.12012927979230881 -0.8522040843963623
1834  -26  -91 38.700359 38.176169 -5.048277854919434 0.1748947650194168 189 0.5100278258323669 0.12013930827379227 -0.8517265915870667
1835  -25  -91 38.710088 38.176335 -5.017743110656738 0.06484951078891754 90 0.510847806930542 0.12025310099124908 -0.8512189984321594
1836  -27  -92 38.681862 38.170704 -4.531088829040527 0.06617502123117447 707 0.5084095001220703 0.11959186941385269 -0.8527705073356628
1837  -27  -92 38.690346 38.170621 -4.497077941894531 0.15643657743930817 523 0.5091160535812378 0.11967510730028152 -0.8523372411727905
1838  -27  -92 38.682041 38.163572 -4.648054599761963 0.12893018126487732 181 0.5083479881286621 0.11913759261369705 -0.8528708219528198
1839  -27  -92 38.690439 38.163290 -4.9331841468811035 0.13779771327972412 174 0.5090485215187073 0.11920768767595291 -0.8524430990219116
1840  -26  -91 38.699906 38.171091 -4.9240498542785645 0.16850873827934265 180 0.5099359750747681 0.11980901658535004 -0.8518280982971191
1841  -22  -92 38.744483 38.164118 -5.636189937591553 0.12778373062610626 178 0.5139389634132385 0.11990606784820557 -0.8494052886962891
1842  -23  -93 38.736030 38.156676 -6.2577104568481445 0.17733561992645264 179 0.5131431221961975 0.11933679133653641 -0.8499664664268494
1843  -22  -93 38.744846 38.156781 -6.197906970977783 0.23345626890659332 42 0.5139375329017639 0.11944743990898132 -0.8494707942008972
1844  -23  -94 38.736086 38.149598 -6.35325288772583 0.20974062383174896 49 0.5131673216819763 0.11890419572591782 -0.8500123620033264
1845  -22  -94 38.744785 38.149880 -6.2769904136657715 0.21491527557373047 48 0.5139285326004028 0.11901823431253433 -0.8495364189147949
1846  -25  -96 38.708773 38.134406 -7.121520519256592 0.3616854250431061 42 0.5106920003890991 0.11764296889305115 -0.8516770601272583
1847  -27  -96 38.683965 38.127756 -6.535126686096191 0.2311173379421234 41 0.508394718170166 0.1169317364692688 -0.8531482219696045
1848  -26  -96 38.692157 38.128016 -6.8645195960998535 0.2490392029285431 42 0.5092217326164246 0.1170622706413269 -0.852636992931366
1849  -27  -97 38.685229 38.121376 -6.463281154632568 0.08359457552433014 26 0.508612334728241 0.11657848954200745 -0.8530668616294861
1850  -27  -97 38.691233 38.121436 -6.362071990966797 0.2768505811691284 11 0.509164035320282 0.11665282398462296 -0.8527274131774902
1851  -26  -96 38.699884 38.128140 -6.762436389923096 0.27431347966194153 24 0.5099143981933594 0.11715909093618393 -0.8522095680236816
1852  -25  -96 38.708638 38.128140 -6.470921039581299 0.1788281500339508 27 0.5107088685035706 0.11726230382919312 -0.8517194390296936
1853  -26  -97 38.700090 38.121583 -6.542961120605469 0.18137997388839722 150 0.5099213719367981 0.11675482988357544 -0.8522608876228333
1854  -25  -97 38.708791 38.121445 -6.2506608963012695 0.12914890050888062 43 0.5106745362281799 0.11684094369411469 -0.8517979979515076
1855  -24  -95 38.718108 38.143016 -7.220472812652588 0.1672775149345398 42 0.5114941000938416 0.1182749792933464 -0.8511080145835876
1856  -23  -95 38.726608 38.142609 -6.901600360870361 0.27662304043769836 554 0.512281596660614 0.1183539554476738 -0.8506232500076294
1857  -24  -95 38.718501 38.135518 -6.802269458770752 0.296766996383667 621 0.5115756392478943 0.11782679706811905 -0.851121187210083
1858  -23  -95 38.726675 38.135790 -6.7146124839782715 0.16091538965702057 1281 0.5123117566108704 0.1179385706782341 -0.8506628274917603
1859  -23  -95 38.735861 38.142644 -6.598184585571289 0.19071798026561737 1353 0.5131140947341919 0.11846324056386948 -0.8501061797142029
1860  -22  -95 38.744647 38.142436 -6.388066291809082 0.17689131200313568 726 0.513863205909729 0.11854364722967148 -0.849642276763916
1861  -23  -95 38.735550 38.135765 -6.7759881019592285 0.19149741530418396 394 0.5130837559700012 0.11803377419710159 -0.8501842021942139
1862  -22  -95 38.743821 38.135922 -6.476151943206787 0.14845392107963562 182 0.5138142704963684 0.1181364431977272 -0.8497286438941956
1863  -24  -96 38.717254 38.128672 -6.555669784545898 0.16862845420837402 186 0.5114734172821045 0.11739195138216019 -0.8512426614761353
1864  -23  -96 38.726584 38.128469 -6.601011753082275 0.09690378606319427 147 0.5122993588447571 0.1174844428896904 -0.8507331013679504
1865  -24  -97 38.717875 38.121430 -6.343914031982422 0.24750113487243652 178 0.5114968419075012 0.11694491654634476 -0.8512901663780212
1866  -23  -97 38.726606 38.121442 -6.092093467712402 0.23643289506435394 2038 0.5122318267822266 0.11703493446111679 -0.8508357405662537
1867  -22  -97 38.739892 38.124919 -6.198620796203613 0.20416109263896942 1453 0.5134375691413879 0.1174049824476242 -0.8500576019287109
1868  -27  -98 38.689379 38.112321 -6.954789638519287 0.555682897567749 1330 0.508931040763855 0.1160564124584198 -0.8529478907585144
1869  -25  -98 38.706369 38.111009 -6.369321823120117 0.4793614447116852 716 0.5103850364685059 0.11615318804979324 -0.8520654439926147
1870  -23  -98 38.730620 38.110587 -6.22865629196167 0.30847275257110596 740 0.5124967694282532 0.11638908088207245 -0.850764811038971
1871  -20  -77 38.768404 38.299136 -4.516693592071533 0.6810412406921387 343 0.5195263624191284 0.11981575936079025 -0.8460121750831604
1872  -16  -77 38.805685 38.299413 -5.399318218231201 1.4589594602584839 559 0.5222520232200623 0.12187820672988892 -0.8440370559692383
1873   47  -54 39.540093 38.507805 -5.2387375831604 0.3077133595943451 11122 0.5837386250495911 0.13664337992668152 -0.8003610372543335
1874   47  -54 39.549547 38.507824 -5.080753326416016 0.25947222113609314 46128 0.5845012664794922 0.13674527406692505 -0.7997868657112122
1875   47  -55 39.540322 38.500651 -4.974185466766357 0.167230024933815 56933 0.5837216377258301 0.13621416687965393 -0.800446629524231
1876  165   18 40.910696 39.147198 -0.38552427291870117 0.8465339541435242 2269 0.6793885827064514 0.1633366197347641 -0.7153686285018921
1877  153   16 40.778894 39.139145 -1.244958519935608 0.5802790522575378 1836 0.6717613935470581 0.16214272379875183 -0.722804605960846
1878  155   16 40.797379 39.139189 -1.1485050916671753 0.45781710743904114 636 0.6728057265281677 0.1622251272201538 -0.7218140363693237
1879  153   15 40.778384 39.125192 -0.6135619878768921 0.4526313245296478 204 0.6717935800552368 0.16115330159664154 -0.7229958176612854
1880  155   15 40.796718 39.124966 -1.4554176330566406 0.5615156292915344 43502 0.672797679901123 0.1612066775560379 -0.7220495939254761
1881  139   87 40.630417 39.778188 -3.2265241146087646 1.3983368873596191 42822 0.6712631583213806 0.16130299866199493 -0.723455011844635
1882   34  -82 39.397438 38.254455 -6.413913249969482 0.7260779738426208 102417 0.5688503980636597 0.13241903483867645 -0.811710774898529
1883   46  -81 39.535113 38.261927 -6.189840793609619 0.7174084782600403 20324 0.5788440704345703 0.13629604876041412 -0.8039670586585999
1884   90  -83 40.028525 38.245033 -5.213013172149658 0.6777773499488831 2509 0.6138063669204712 0.14401976764202118 -0.7762088179588318
1885  -60  182 38.280076 40.637500 -4.802159786224365 0.9999454617500305 2201 0.5244126319885254 0.12693972885608673 -0.8419487476348877
1886  -77  168 38.081347 40.511387 -4.100820541381836 0.8637548089027405 48 0.5056405663490295 0.12261506170034409 -0.8539866209030151
1887  -76  156 38.093318 40.409395 -3.104947090148926 0.49056315422058105 2577 0.5043836832046509 0.12216240167617798 -0.854794442653656
1888  -59  161 38.302491 40.451933 -4.144967555999756 0.9758678078651428 2670 0.5228400230407715 0.1261906623840332 -0.8430386781692505
1889  -25   22 38.709516 39.199770 -1.1687507629394531 1.2096962928771973 2499 0.5312434434890747 0.12691356241703033 -0.837659478187561
1890   40  -13 39.465996 38.880535 -1.9658012390136719 1.071876883506775 1777 0.5838555097579956 0.13934975862503052 -0.799808919429779
1891    9  -32 39.104999 38.709497 -2.5334527492523193 1.017159342765808 1196 0.5537903308868408 0.1309119611978531 -0.8223006129264832
1892   21  -32 39.251276 38.710149 -2.2375733852386475 0.5935421586036682 2540 0.5650812387466431 0.13415469229221344 -0.8140550851821899
1893   10  -44 39.115732 38.599362 -2.9418833255767822 0.7582129240036011 2598 0.5524013638496399 0.13167642056941986 -0.823112428188324
1894   20  -44 39.236110 38.602510 -2.5860586166381836 1.2781192064285278 2627 0.5619730353355408 0.13301679491996765 -0.8163901567459106
1895   34  -31 39.391303 38.712956 -2.288475751876831 0.5948804616928101 38 0.5754519701004028 0.13758400082588196 -0.8061797618865967
1896   29  -39 39.333835 38.639969 -8.12894344329834 9.194052696228027 37 0.5697049498558044 0.1364191472530365 -0.8104481101036072
1897   31  -49 39.359317 38.555961 -2.586634874343872 1.5797119140625 37 0.5711075067520142 0.1325625777244568 -0.8101008534431458
1898   35  -46 39.411598 38.581515 -2.366471290588379 0.5281453132629395 41 0.5755905508995056 0.13313964009284973 -0.8068267107009888
1899   39  -46 39.448503 38.582024 -2.7084848880767822 0.5147310495376587 175 0.5784383416175842 0.1338643729686737 -0.8046672940254211
1900   35  -49 39.411487 38.554569 -2.196122646331787 0.5354962348937988 33 0.5746902823448181 0.1357828974723816 -0.8070279359817505
1901   77  -38 39.891727 38.653467 -3.6300079822540283 0.19460159540176392 49 0.6095257997512817 0.1486072689294815 -0.7787131667137146
1902  168   58 40.960117 39.509252 -4.3581109046936035 1.0340279340744019 27 0.6858589053153992 0.1664479374885559 -0.708443820476532
1903  173   58 41.022662 39.508671 -3.6031439304351807 0.9102277159690857 50 0.6894147396087646 0.1666928231716156 -0.704926073551178
1904  168   52 40.954021 39.456116 -4.220950126647949 0.8507604598999023 45 0.685960590839386 0.1626720130443573 -0.7092220783233643
1905  175   51 41.038119 39.450223 -4.834101676940918 0.8959590196609497 59 0.6905643939971924 0.1625741571187973 -0.7047626972198486
1906   90  111 40.061275 39.998254 -4.895598411560059 0.9409791231155396 35 0.6408010721206665 0.15343444049358368 -0.7522178888320923
1907  109   -6 40.259122 38.931570 -0.4866936504840851 0.4362121522426605 55 0.6389964818954468 0.1509862095117569 -0.7542457580566406
1908  121   -7 40.404809 38.926450 -0.9123277068138123 0.5183539986610413 2359 0.6473921537399292 0.15480151772499084 -0.7462707161903381
1909  105  -16 40.220682 38.842776 -2.0058071613311768 0.868364155292511 2977 0.6346079707145691 0.15320362150669098 -0.7574967741966248
1910  112  -16 40.293895 38.841894 -1.6931389570236206 0.944892406463623 2813 0.6394925713539124 0.15370188653469086 -0.7532761693000793
1911  103  -20 40.194941 38.808506 -3.5344340801239014 0.4214707911014557 3084 0.6329225301742554 0.15086646378040314 -0.759373664855957
1912  105  -20 40.214614 38.808996 -3.201555013656616 0.38479992747306824 2856 0.634164571762085 0.1510269194841385 -0.7583047747612
1913  103  -22 40.194418 38.795178 -3.18568754196167 0.2531003952026367 10 0.6328038573265076 0.1500072479248047 -0.7596427202224731
1914  105  -22 40.212674 38.794488 -2.882812738418579 0.37221887707710266 30 0.6338923573493958 0.1500687599182129 -0.7587224841117859
1915  107  -21 40.238839 38.801965 -2.2860076427459717 0.7512444257736206 46 0.6356297731399536 0.1507299244403839 -0.7571362853050232
1916  103  -23 40.189596 38.784365 -2.9822590351104736 0.29322612285614014 46 0.6324148178100586 0.1492798924446106 -0.7601099014282227
1917  104  -23 40.199245 38.784544 -3.4131603240966797 0.329426646232605 45 0.6330554485321045 0.14935967326164246 -0.759560763835907
1918  103  -24 40.189988 38.777006 -3.2234230041503906 0.25137031078338623 46 0.6324687004089355 0.14882801473140717 -0.7601536512374878
1919  104  -24 40.199085 38.777304 -3.907907724380493 0.22003218531608582 41 0.6330872774124146 0.14891591668128967 -0.7596213817596436
1920  104  -23 40.208082 38.784247 -3.0158584117889404 0.42563390731811523 49 0.6335563659667969 0.1493854969739914 -0.7591379284858704
1921  105  -23 40.216533 38.784101 -2.6315865516662598 0.17000143229961395 46 0.6340548396110535 0.14942356944084167 -0.7587141394615173
1922  104  -24 40.207479 38.777479 -3.7115020751953125 0.18538956344127655 51 0.6335302591323853 0.14896029233932495 -0.7592432498931885
1923  105  -24 40.216061 38.776965 -2.9366683959960938 0.37431129813194275 39 0.6340094804763794 0.14896957576274872 -0.758841335773468
1924  104  -24 40.198411 38.770024 -4.139712810516357 0.2476332187652588 52 0.6329621076583862 0.14843542873859406 -0.7598196864128113
1925  104  -24 40.207530 38.770136 -3.9632086753845215 0.29178091883659363 171 0.6334741711616516 0.14848770201206207 -0.7593826055526733
1926  105  -24 40.216517 38.769971 -2.5908362865448 0.6943235397338867 39 0.6340237855911255 0.14853094518184662 -0.758915364742279
1927  106  -23 40.225996 38.783953 -2.034485101699829 0.29094094038009644 44 0.6347116231918335 0.14949078857898712 -0.7581514716148376
1928  107  -23 40.234644 38.783960 -2.2113289833068848 0.6823350787162781 42 0.6353381872177124 0.1495661437511444 -0.7576116323471069
1929  106  -24 40.225658 38.777161 -2.7050867080688477 0.293695330619812 43 0.6346626877784729 0.14905576407909393 -0.7582781314849854
1930  107  -24 40.234941 38.776873 -3.0734689235687256 0.3392816185951233 171 0.6353124380111694 0.14911234378814697 -0.7577226758003235
1931  108  -23 40.244099 38.783886 -2.4150428771972656 0.64063560962677 179 0.6360305547714233 0.14964522421360016 -0.7570148706436157
1932  108  -23 40.252931 38.784537 -2.9509506225585938 0.4898822009563446 172 0.6366701722145081 0.14976291358470917 -0.7564536929130554
1933  108  -24 40.243184 38.776651 -2.9269750118255615 0.42459702491760254 716 0.6359052658081055 0.14916999638080597 -0.7572138905525208
1934  108  -24 40.253050 38.776314 -3.6540141105651855 0.20900900661945343 665 0.6366023421287537 0.1492282897233963 -0.7566164135932922
1935  106  -24 40.226001 38.770186 -1.9315521717071533 0.7509425282478333 663 0.6346776485443115 0.14861859381198883 -0.7583513855934143
1936  107  -24 40.234648 38.769616 -2.4047250747680664 0.4557599127292633 598 0.6353263258934021 0.14866378903388977 -0.7577991485595703
1937  108  -24 40.243592 38.769692 -3.1892218589782715 0.5171875953674316 620 0.6359632015228271 0.14874213933944702 -0.7572493553161621
1938  108  -24 40.252636 38.769783 -3.5403335094451904 0.894051194190979 419 0.6365423202514648 0.14880762994289398 -0.7567498087882996
1939  108  -25 40.252473 38.762824 -1.6156761646270752 0.7646884918212891 280 0.6364377737045288 0.1483481228351593 -0.7569279074668884
1940  -62  114 38.267276 40.030501 0.6615344882011414 0.673895001411438 126 0.5111097693443298 0.12388869374990463 -0.8505401015281677
1941  -65  105 38.231229 39.944282 1.359476923942566 0.5569637417793274 140 0.5066958069801331 0.12142112851142883 -0.8535316586494446
1942  -56  108 38.342680 39.975618 1.4027385711669922 0.5523641705513 166 0.5174369812011719 0.12129837274551392 -0.8470807075500488
1943   -9  -84 38.895340 38.240968 -5.623132228851318 0.36953049898147583 153 0.5274242758750916 0.12650613486766815 -0.8401308655738831
1944   -8  -84 38.905102 38.241062 -5.292535305023193 0.24353305995464325 24 0.5283026099205017 0.12663160264492035 -0.8395599126815796
1945   23  -59 39.271293 38.466254 -3.383700370788574 0.6279011368751526 32 0.5619941353797913 0.13485907018184662 -0.8160733580589294
1946   24  -59 39.279985 38.466670 -2.9960110187530518 0.36685699224472046 26 0.5626684427261353 0.13496547937393188 -0.8155909776687622
1947   23  -59 39.271408 38.459369 -3.4802281856536865 0.6179035902023315 21 0.5620005130767822 0.13440217077732086 -0.8161443471908569
1948   24  -60 39.280027 38.459130 -2.8528013229370117 0.33617785573005676 13 0.5626556277275085 0.1344604790210724 -0.8156832456588745
1949   25  -57 39.293631 38.477402 -2.527026891708374 0.20801754295825958 36 0.5638138055801392 0.13582268357276917 -0.8146570920944214
1950   26  -57 39.307303 38.480347 -2.381585121154785 0.07705981284379959 46 0.5648773908615112 0.1361428201198578 -0.8138664960861206
1951   27  -57 39.313951 38.481548 -2.407184362411499 0.09623868763446808 47 0.5653875470161438 0.13628222048282623 -0.8134889006614685
1952   26  -58 39.307076 38.475677 -2.1421918869018555 0.12559346854686737 19 0.5648402571678162 0.13582511246204376 -0.8139454126358032
1953   25  -59 39.290024 38.467030 -3.2611889839172363 0.3835667073726654 44 0.563463568687439 0.13508297502994537 -0.815022349357605
1954   25  -59 39.296333 38.466551 -2.922884941101074 0.4784756600856781 44 0.5639609694480896 0.13510972261428833 -0.8146738409996033
1955   25  -60 39.288723 38.456725 -3.7779793739318848 0.34952133893966675 44 0.5633359551429749 0.1343797892332077 -0.8152267932891846
1956   26  -60 39.299087 38.457218 -4.013030529022217 0.5299936532974243 42 0.5641522407531738 0.13450826704502106 -0.8146409392356873
1957   22  -60 39.253530 38.452365 -2.9878082275390625 0.19209234416484833 43 0.5607085824012756 0.1338011622428894 -0.8171310424804688
1958   22  -60 39.262850 38.452392 -3.2373430728912354 0.2752997875213623 35 0.561406135559082 0.13387960195541382 -0.8166391253471375
1959   22  -61 39.253689 38.445365 -2.873913526535034 0.1693999320268631 45 0.5606333613395691 0.13331754505634308 -0.8172616958618164
1960   22  -61 39.262764 38.445112 -2.5390141010284424 0.16797922551631927 32 0.5613275766372681 0.13337992131710052 -0.8167749047279358
1961   23  -60 39.271260 38.452348 -3.084151029586792 0.1281450390815735 31 0.5619916915893555 0.13393567502498627 -0.8162270784378052
1962   24  -60 39.280211 38.452325 -2.5588185787200928 0.1776539385318756 42 0.5626583099365234 0.13400736451148987 -0.8157559037208557
1963   23  -61 39.271733 38.445470 -2.9834396839141846 0.2554684579372406 43 0.5620130896568298 0.13348010182380676 -0.8162869811058044
1964   22  -62 39.254107 38.438145 -3.167863368988037 0.2380482405424118 48 0.5605957508087158 0.13282692432403564 -0.817367434501648
1965   25  -60 39.289224 38.452271 -2.7160708904266357 0.45074599981307983 44 0.5633652806282043 0.13408596813678741 -0.8152548670768738
1966    4  -65 39.051199 38.414315 -2.3828206062316895 0.4518336355686188 172 0.5441592335700989 0.1292935460805893 -0.828959584236145
1967    7  -64 39.087910 38.415491 -2.324198007583618 0.5268154740333557 41 0.5472073554992676 0.12974567711353302 -0.8268797993659973
1968    3  -67 39.041981 38.393649 -1.8069655895233154 0.38116517663002014 45 0.543389618396759 0.1278603971004486 -0.8296863436698914
1969    5  -67 39.060998 38.393097 -1.6507318019866943 0.41941532492637634 41 0.5449967980384827 0.12802313268184662 -0.8286064267158508
1970    3  -69 39.043695 38.377813 -3.3882651329040527 1.9800245761871338 47 0.543460488319397 0.12683558464050293 -0.8297972083091736
1971    5  -68 39.061323 38.378800 -3.404385805130005 1.7323814630508423 38 0.544851541519165 0.1270596981048584 -0.8288502097129822
1972    6  -67 39.078509 38.391960 -1.079837679862976 0.45718979835510254 42 0.5464686155319214 0.12813067436218262 -0.8276197910308838
1973    8  -67 39.097024 38.391576 -1.678736686706543 0.5030736327171326 40 0.5480065941810608 0.1282910406589508 -0.8265774250030518
1974    6  -68 39.074832 38.381859 -2.63124680519104 0.628803551197052 37 0.5460495948791504 0.1274121105670929 -0.8280072808265686
1975    7  -68 39.083248 38.381831 -2.6643240451812744 0.5339360237121582 41 0.5467532277107239 0.12749424576759338 -0.8275301456451416
1976    6  -69 39.075278 38.375060 -2.979539394378662 0.3987264633178711 45 0.5459114909172058 0.12693366408348083 -0.8281717896461487
1977    7  -69 39.083088 38.375179 -3.7568485736846924 0.4657130241394043 45 0.5465326905250549 0.12701283395290375 -0.8277498483657837
1978    8  -68 39.092887 38.381592 -2.7284505367279053 0.5863286852836609 45 0.5475233793258667 0.12756872177124023 -0.8270092606544495
1979    8  -68 39.101302 38.382312 -1.9623596668243408 0.3127206861972809 43 0.5482445359230042 0.12770459055900574 -0.8265104293823242
1980    8  -69 39.092386 38.374922 -3.4882431030273438 0.7723872065544128 50 0.547281801700592 0.12708280980587006 -0.8272440433502197
1981    8  -69 39.101183 38.375453 -1.8410629034042358 0.3117341101169586 48 0.548046350479126 0.12721416354179382 -0.8267174959182739
1982   10  -64 39.114549 38.421651 -2.1932616233825684 0.21627399325370789 44 0.549385130405426 0.13041171431541443 -0.8253295421600342
1983   11  -64 39.132579 38.420727 -2.4408185482025146 0.3078927993774414 40 0.5508949756622314 0.13053850829601288 -0.8243023753166199
1984    9  -65 39.113732 38.406752 -2.424976348876953 0.32914137840270996 161 0.5493155121803284 0.12943023443222046 -0.8255302906036377
1985   11  -65 39.132964 38.406126 -2.928452253341675 0.45073002576828003 35 0.5509100556373596 0.12958309054374695 -0.8244430422782898
1986   13  -64 39.150942 38.421293 -3.3397269248962402 0.3271738886833191 49 0.552379846572876 0.13075266778469086 -0.8232740759849548
1987   14  -64 39.169457 38.421622 -2.5067138671875 0.6386268734931946 36 0.5538539886474609 0.13094724714756012 -0.8222521543502808
1988   12  -65 39.146178 38.409944 -4.153429985046387 0.5020302534103394 39 0.5519770979881287 0.1299588531255722 -0.8236698508262634
1989   13  -65 39.154488 38.411425 -3.919774293899536 0.28489619493484497 50 0.5526260733604431 0.13013067841529846 -0.823207437992096
1990   12  -66 39.145723 38.402997 -4.177926063537598 0.31703484058380127 48 0.5519319176673889 0.12949775159358978 -0.8237727284431458
1991   13  -66 39.155851 38.402616 -3.555506706237793 0.18846562504768372 27 0.5527307987213135 0.12956514954566956 -0.8232263326644897
1992   14  -65 39.165842 38.408918 -3.448906421661377 0.16112862527370453 40 0.5535340309143066 0.1300724297761917 -0.8226063847541809
1993   15  -65 39.173811 38.409578 -3.743624687194824 0.6308329701423645 45 0.5541789531707764 0.13019225001335144 -0.8221530914306641
1994   14  -66 39.163507 38.403203 -3.504446029663086 0.2933245897293091 48 0.5533668994903564 0.12967953085899353 -0.8227808475494385
1995   15  -66 39.172437 38.403002 -3.217501163482666 0.22145500779151917 43 0.554104745388031 0.12975633144378662 -0.8222720623016357
1996    9  -66 39.111755 38.396640 -2.299936294555664 0.1889193058013916 36 0.5492030382156372 0.12876206636428833 -0.8257096409797668
1997   10  -66 39.118957 38.396468 -2.034864902496338 0.31858739256858826 49 0.549772322177887 0.12881720066070557 -0.8253220915794373
1998    9  -67 39.110840 38.389410 -1.9402778148651123 0.43060430884361267 45 0.5491316914558411 0.1282833069562912 -0.8258315920829773
1999   10  -67 39.119177 38.388923 -2.252692222595215 0.32036852836608887 32 0.5497874617576599 0.12832649052143097 -0.825388491153717
2000   11  -67 39.127698 38.395735 -2.561546564102173 0.38322025537490845 41 0.5504944920539856 0.12885615229606628 -0.8248344659805298
2001   12  -67 39.137484 38.396121 -3.6264350414276123 0.42285674810409546 35 0.551292359828949 0.12897591292858124 -0.824282705783844
2002   11  -67 39.128190 38.389092 -3.633559465408325 0.6821056604385376 197 0.5505149364471436 0.12842242419719696 -0.8248884677886963
2003   11  -67 39.137000 38.390005 -4.045564651489258 0.434400349855423 199 0.5512225031852722 0.12856465578079224 -0.8243936896324158
2004  162   -4 40.873717 38.947720 -2.173624277114868 0.40951305627822876 189 0.6753689050674438 0.16040167212486267 -0.7198250889778137
2005  156    7 40.807884 39.057974 -1.1056149005889893 0.8199954032897949 48 0.6736925840377808 0.15650559961795807 -0.7222495079040527
2006  157    8 40.817119 39.057919 -0.8337568044662476 0.803276777267456 42 0.6742867231369019 0.15655697882175446 -0.7216837406158447
2007  156    7 40.807087 39.050996 -1.4390672445297241 0.5642554759979248 45 0.67373126745224 0.1560196727514267 -0.7223185896873474
2008  157    7 40.816935 39.051262 -1.809686303138733 0.31908220052719116 50 0.6743661165237427 0.1560993492603302 -0.7217086553573608
2009  158    8 40.826047 39.058051 -1.164463996887207 0.36176997423171997 49 0.6749136447906494 0.1566302329301834 -0.7210814952850342
2010   72  -35 39.828853 38.675006 -1.779441475868225 0.22372834384441376 48 0.6073446869850159 0.13968400657176971 -0.7820619344711304
2011   72  -35 39.837948 38.674795 -2.32477068901062 0.5074668526649475 52 0.607964277267456 0.13987217843532562 -0.7815467119216919
2012   72  -36 39.828894 38.667900 -2.121297597885132 0.32196465134620667 46 0.6055527329444885 0.1467510461807251 -0.7821573615074158
2013   72  -36 39.837773 38.667711 -2.244865655899048 0.1644544005393982 52 0.6057317852973938 0.14863035082817078 -0.7816636562347412
2014   73  -35 39.846422 38.674743 -2.9317381381988525 0.43591201305389404 47 0.608171820640564 0.1414264738559723 -0.7811053991317749
2015   74  -35 39.853609 38.674110 -2.521810531616211 0.4317099153995514 46 0.6081277132034302 0.14368480443954468 -0.7807274460792542
2016   73  -36 39.846524 38.667946 -2.097769260406494 0.3066735565662384 47 0.6062299013137817 0.1490735113620758 -0.78119295835495
2017   72  -37 39.828759 38.660828 -1.9762085676193237 0.1856580227613449 47 0.6049802899360657 0.14848566055297852 -0.7822729349136353
2018   75  -35 39.865826 38.674393 -1.2881336212158203 0.2239045649766922 48 0.608485221862793 0.14596405625343323 -0.7800257802009583
2019  103  -27 40.189398 38.742073 -3.4093449115753174 0.15868768095970154 49 0.63227778673172 0.14660397171974182 -0.7607444524765015
2020  104  -27 40.198517 38.741935 -3.9309427738189697 0.20365259051322937 48 0.6328741908073425 0.14665855467319489 -0.7602378726005554
2021  103  -28 40.189276 38.734808 -3.7795679569244385 0.4558357000350952 49 0.6321657299995422 0.14612510800361633 -0.7609297037124634
2022  104  -28 40.198090 38.734764 -2.845660924911499 0.30478721857070923 47 0.6327419281005859 0.146183043718338 -0.7604395151138306
2023  104  -27 40.207197 38.741978 -4.194488048553467 0.33641424775123596 45 0.6334436535835266 0.14672169089317322 -0.7597512006759644
2024  105  -27 40.216032 38.742032 -5.0499372482299805 1.1990126371383667 47 0.6339665055274963 0.14677171409130096 -0.7593052983283997
2025  104  -28 40.206819 38.734588 -3.996422052383423 0.8952023386955261 172 0.6333135366439819 0.1462320238351822 -0.7599540948867798
2026  105  -28 40.215729 38.734554 -5.155328273773193 1.5061516761779785 48 0.6338924765586853 0.14628976583480835 -0.7594601511955261
2027  106  -28 40.225600 38.734058 -3.81821608543396 0.5926699042320251 48 0.6345679759979248 0.14633336663246155 -0.7588874101638794
2028  107  -28 40.233471 38.733855 -4.85282564163208 0.6111778616905212 44 0.635087251663208 0.1463748961687088 -0.7584449052810669
2029  108  -28 40.243131 38.733227 -3.7638278007507324 0.3098686933517456 43 0.6357207298278809 0.146402969956398 -0.7579085230827332
2030  108  -28 40.251832 38.734128 -3.399153232574463 0.23837275803089142 31 0.6363129615783691 0.14652371406555176 -0.7573879957199097
2031  103  -29 40.192653 38.724535 -2.7590267658233643 0.637098491191864 46 0.6320899128913879 0.14697548747062683 -0.7608288526535034
2032  105  -29 40.211828 38.724538 -2.9310693740844727 0.7902918457984924 19 0.6329731941223145 0.14890892803668976 -0.7597177624702454
2033  103  -31 40.192121 38.710307 -3.0762829780578613 0.7149180769920349 49 0.6301471590995789 0.15457680821418762 -0.760934054851532
2034  105  -31 40.211888 38.710534 -2.795048713684082 0.7343528270721436 46 0.6315497159957886 0.15476499497890472 -0.7597320675849915
2035  106  -29 40.224895 38.727467 -2.735020875930786 0.1681857705116272 48 0.6345371603965759 0.1460508108139038 -0.7589675784111023
2036  107  -29 40.233301 38.727841 -2.9419209957122803 0.4043152928352356 48 0.6349152326583862 0.14704878628253937 -0.7584585547447205
2037  106  -30 40.224514 38.720679 -2.9323298931121826 0.41212910413742065 47 0.632347583770752 0.154911071062088 -0.7590383291244507
2038  107  -30 40.233132 38.720562 -2.572997808456421 0.2688032388687134 48 0.6328144669532776 0.1555197387933731 -0.7585245370864868
2039  108  -29 40.243081 38.727555 -3.2334508895874023 0.37346044182777405 41 0.6350377798080444 0.14960598945617676 -0.7578555941581726
2040  108  -29 40.251521 38.727716 -3.21236252784729 0.16310255229473114 46 0.635369598865509 0.15075470507144928 -0.7573496103286743
2041  108  -30 40.242860 38.721137 -2.2480196952819824 0.1700737327337265 48 0.6335983276367188 0.1556675136089325 -0.757839560508728
2042  108  -30 40.251604 38.720222 -2.906810760498047 0.3480939567089081 43 0.6342525482177734 0.15569154918193817 -0.7572872042655945
2043  106  -31 40.228883 38.710185 -2.991373300552368 0.4276077449321747 49 0.6327372789382935 0.15488705039024353 -0.7587183117866516
2044  108  -31 40.247466 38.711408 -3.0307681560516357 0.4157443344593048 46 0.6340000033378601 0.1551123559474945 -0.7576174139976501
2045  112  -26 40.297174 38.754957 -1.313199520111084 0.5637736320495605 47 0.639329731464386 0.1481560915708542 -0.7545245885848999
2046  113  -26 40.306339 38.754978 -3.0501062870025635 0.9540259838104248 45 0.639960527420044 0.14822706580162048 -0.7539756298065186
2047  114  -26 40.315167 38.755004 -1.3806064128875732 1.4627324342727661 43 0.6405244469642639 0.14828640222549438 -0.7534850239753723
2048   21  -69 39.246639 38.373251 -7.405011177062988 0.5489951372146606 48 0.560085654258728 0.12848706543445587 -0.8184101581573486
2049  -40   92 38.525725 39.832846 1.4564658403396606 0.7978295683860779 48 0.5289806723594666 0.12659448385238647 -0.839138388633728
2050  -27   91 38.683181 39.828205 1.3324121236801147 0.655427098274231 44 0.5412882566452026 0.13049769401550293 -0.8306487798690796
2051  -40   80 38.524857 39.722041 0.9580271244049072 0.7906401753425598 39 0.5262418985366821 0.12705844640731812 -0.840788722038269
2052  -28   80 38.669313 39.720857 1.4038019180297852 0.6765741109848022 50 0.5383719801902771 0.12856028974056244 -0.8328433036804199
2053   84   30 39.976837 39.267843 0.5759993195533752 1.2139885425567627 41 0.6256414651870728 0.14823608100414276 -0.7658973932266235
2054   34  -60 39.396563 38.451969 -5.470972061157227 0.13421443104743958 50 0.5719035863876343 0.1350639909505844 -0.8091254830360413
2055   35  -60 39.405960 38.452077 -5.428590297698975 0.32446619868278503 51 0.572722315788269 0.13517478108406067 -0.8085276484489441
2056   34  -61 39.396966 38.444580 -5.470655918121338 0.2132771909236908 48 0.5720514059066772 0.13459861278533936 -0.809098482131958
2057   35  -61 39.405847 38.444673 -6.065029621124268 0.2957870364189148 51 0.5727257132530212 0.13467827439308167 -0.8086081147193909
2058   36  -61 39.419466 38.448349 -5.873449325561523 0.3359726667404175 53 0.5737208127975464 0.13502945005893707 -0.8078437447547913
2059   35  -62 39.401871 38.434438 -5.160642623901367 0.44850674271583557 51 0.5723588466644287 0.1339426338672638 -0.808989942073822
2060   36  -62 39.418593 38.434283 -5.7523369789123535 0.3348158895969391 48 0.573530375957489 0.13404718041419983 -0.8081424832344055
2061   38  -61 39.445683 38.441387 -5.28987979888916 0.42941510677337646 51 0.5755956172943115 0.13475118577480316 -0.8065555691719055
2062  176   29 41.046807 39.243688 -0.8694688081741333 0.5578786730766296 57 0.6892209649085999 0.15929506719112396 -0.7068235874176025
2063  177   28 41.056279 39.242630 -0.6361168622970581 0.24183030426502228 51 0.6897861957550049 0.15926548838615417 -0.7062786817550659
2064  176   28 41.042462 39.236667 -1.3640024662017822 0.1187848448753357 54 0.6890124678611755 0.15877701342105865 -0.7071433663368225
2065  175   27 41.029105 39.231648 -0.998441219329834 0.3088092803955078 44 0.68826824426651 0.15835952758789062 -0.7079612612724304
2066  189   48 41.194516 39.411962 -4.456581115722656 0.7580074071884155 50 0.6968936920166016 0.17019936442375183 -0.6966860294342041
2067  178   30 41.066676 39.258206 -0.8866514563560486 0.3743002712726593 55 0.6903161406517029 0.16042560338974 -0.7054979205131531
2068  178   30 41.072785 39.258240 -1.0570958852767944 0.4930129647254944 53 0.6906733512878418 0.16045606136322021 -0.7051413059234619
2069   74  -54 39.857166 38.506637 -5.3103532791137695 1.2084347009658813 48 0.6058845520019531 0.1436776965856552 -0.7824708223342896
2070   68  -60 39.787205 38.451497 -5.646146297454834 0.7110527157783508 53 0.5994858145713806 0.14499279856681824 -0.787142813205719
2071   74  -60 39.858435 38.453281 -6.041471004486084 1.4422905445098877 55 0.604529082775116 0.14570914208889008 -0.7831433415412903
2072   59  -69 39.678623 38.369147 -5.9746832847595215 0.7384710907936096 51 0.5912862420082092 0.13903000950813293 -0.7943873405456543
2073   71  -69 39.820166 38.368822 -5.858240127563477 0.7518768906593323 57 0.6012531518936157 0.14146862924098969 -0.7864357829093933
2074   84  -57 39.965179 38.480680 -4.777636528015137 0.572820246219635 46 0.6124862432479858 0.14664366841316223 -0.7767601013183594
2075   96  -57 40.110074 38.479151 -4.6143293380737305 0.5116227269172668 41 0.6221547722816467 0.1492430567741394 -0.7685375809669495
2076   56   95 39.656904 39.860933 -3.0367767810821533 1.4310555458068848 40 0.6136615872383118 0.14517730474472046 -0.7761076092720032
2077  144    4 40.666747 39.028421 -1.2190481424331665 0.689966082572937 48 0.6655381321907043 0.15377402305603027 -0.7303510308265686
2078  136  -22 40.567486 38.786929 -3.2448956966400146 0.3179838955402374 53 0.6546515226364136 0.15878374874591827 -0.7390663623809814
2079  136  -22 40.576565 38.786859 -3.5412065982818604 0.5335822701454163 45 0.6552276611328125 0.15883198380470276 -0.7385453581809998
2080  138  -20 40.590384 38.804144 -3.240882396697998 0.9962345957756042 54 0.6560189723968506 0.16011938452720642 -0.7375641465187073
2081  139  -20 40.608378 38.804014 -3.483269453048706 0.8925292491912842 41 0.657126784324646 0.1602090746164322 -0.7365578413009644
2082  138  -22 40.590158 38.790150 -2.9049315452575684 0.6500008702278137 40 0.6560441851615906 0.15913496911525726 -0.7377548217773438
2083  139  -22 40.608098 38.789932 -2.935858726501465 0.45211946964263916 44 0.6571363806724548 0.15921415388584137 -0.7367649674415588
2084  134  -23 40.549432 38.780228 -2.881270408630371 0.23801980912685394 39 0.6535440683364868 0.1582118719816208 -0.7401683926582336
2085  135  -23 40.558324 38.780059 -3.5960028171539307 0.529412031173706 38 0.6540966629981995 0.15824973583221436 -0.7396719455718994
2086  134  -24 40.549258 38.773101 -2.8526711463928223 0.3508617579936981 26 0.6535558700561523 0.15771187841892242 -0.7402646541595459
2087  135  -24 40.558197 38.773021 -3.5027992725372314 0.7856877446174622 33 0.6541106104850769 0.15775568783283234 -0.7397651672363281
2088  136  -23 40.571961 38.776206 -3.6810598373413086 0.9300151467323303 45 0.6549543738365173 0.1580551713705063 -0.7389541864395142
2089  135  -25 40.553566 38.762525 -2.9936249256134033 0.339254766702652 39 0.6538580656051636 0.15699581801891327 -0.740149974822998
2090  136  -25 40.571386 38.762355 -2.953322172164917 0.3761569857597351 42 0.6549667119979858 0.15708252787590027 -0.7391506433486938
2091  138  -24 40.598726 38.768928 -3.0440847873687744 0.6403751373291016 41 0.6566578149795532 0.15769733488559723 -0.7375174760818481
2092  140  -13 40.623165 38.863439 -3.014981746673584 0.4360707700252533 48 0.6605212688446045 0.15318605303764343 -0.7350141406059265
2093  141  -13 40.632153 38.863605 -2.969839572906494 0.23602144420146942 41 0.6610745787620544 0.15324503183364868 -0.7345041632652283
2094  140  -14 40.623376 38.856591 -3.2435615062713623 0.1881558895111084 39 0.6605579853057861 0.1527062952518463 -0.7350809574127197
2095  141  -14 40.632037 38.856360 -3.2788805961608887 0.3131384253501892 48 0.66109699010849 0.1527363806962967 -0.7345899939537048
2096  135  -14 40.561198 38.858039 -3.7902631759643555 1.7043755054473877 36 0.6567051410675049 0.15248249471187592 -0.7385711669921875
2097  134  -15 40.548620 38.849358 -4.840827941894531 0.5264307856559753 47 0.6559557318687439 0.15180768072605133 -0.7393757700920105
2098  134  -16 40.550491 38.843233 -3.611419916152954 0.2873731255531311 40 0.6560896039009094 0.151389017701149 -0.7393428683280945
2099  140  -13 40.614543 38.863914 -3.8592162132263184 1.3424683809280396 40 0.6599945425987244 0.15317566692829132 -0.7354893088340759
2100  139  -14 40.605052 38.856570 -2.6228129863739014 0.16114342212677002 45 0.6594285368919373 0.1526106745004654 -0.7361141443252563
2101  140  -14 40.614070 38.856791 -3.635969400405884 1.0854134559631348 30 0.6599774956703186 0.152671217918396 -0.7356094717979431
2102  138  -16 40.595145 38.843394 -2.9564058780670166 0.8787489533424377 35 0.6588495969772339 0.15163227915763855 -0.7368344068527222
2103  139  -15 40.604812 38.849909 -3.155184268951416 0.6429778933525085 5 0.6594276428222656 0.15213976800441742 -0.736212432384491
2104  139  -15 40.612309 38.851716 -3.3978936672210693 0.98354572057724 32 0.659887969493866 0.15230564773082733 -0.7357655167579651
2105  139  -15 40.602750 38.844971 -3.4507555961608887 0.8086293935775757 4 0.6593188643455505 0.15178309381008148 -0.7363833785057068
2106  140  -16 40.614175 38.841901 -5.135687828063965 2.3142428398132324 46 0.660031259059906 0.1516266167163849 -0.7357771992683411
2107  136  -18 40.577400 38.821912 -2.4862356185913086 0.629076361656189 30 0.6551522016525269 0.16129174828529358 -0.7380789518356323
2108  136  -19 40.577358 38.814920 -3.711503267288208 0.8605021834373474 43 0.6551812887191772 0.16080328822135925 -0.738159716129303
2109  138  -17 40.594035 38.835014 -5.241898536682129 1.2283318042755127 51 0.6586863398551941 0.15158283710479736 -0.7369904518127441
2110  137  -17 40.586509 38.828909 -2.8927667140960693 1.1698882579803467 21 0.6561755537986755 0.15980763733386993 -0.7374925017356873
2111  138  -17 40.594802 38.829779 -5.4858598709106445 1.497317910194397 38 0.6562679409980774 0.16164925694465637 -0.737008810043335
2112  140  -16 40.615080 38.835978 -7.0351057052612305 1.316723108291626 51 0.6592596769332886 0.15480481088161469 -0.7358071804046631
2113  137  -18 40.583879 38.823161 -3.942498207092285 0.7909194231033325 48 0.655552327632904 0.16141711175441742 -0.7376962304115295
2114  138  -18 40.597195 38.820648 -7.544002056121826 2.600278377532959 47 0.6563818454742432 0.1613156795501709 -0.7369804978370667
2115  137  -19 40.585913 38.813165 -4.0451765060424805 1.3768616914749146 41 0.6557146906852722 0.1607273519039154 -0.7377025485038757
2116  138  -19 40.595564 38.814466 -4.947036266326904 2.044128179550171 21 0.6563038229942322 0.1608724296092987 -0.73714679479599
2117  139  -18 40.606933 38.817835 -4.90962553024292 1.1528055667877197 46 0.6569869518280029 0.16117054224014282 -0.7364727854728699
2118  128  -20 40.482669 38.805566 -2.3597888946533203 0.28480517864227295 47 0.6495253443717957 0.15966039896011353 -0.7433876991271973
2119  129  -20 40.496062 38.808854 -2.6721580028533936 0.2402457594871521 44 0.6503006219863892 0.15995408594608307 -0.7426464557647705
2120  130  -20 40.505168 38.808993 -2.764469861984253 0.18786261975765228 45 0.6508165001869202 0.16000314056873322 -0.7421838641166687
2121  129  -20 40.496231 38.801943 -2.8084914684295654 0.7378419041633606 45 0.650330126285553 0.15947145223617554 -0.7427244186401367
2122  130  -20 40.504745 38.801859 -3.34674072265625 0.36870601773262024 41 0.6508013606071472 0.15949909389019012 -0.7423056364059448
2123  128  -21 40.478423 38.795280 -2.2943732738494873 0.2158723622560501 45 0.6492853760719299 0.15891586244106293 -0.743756890296936
2124  129  -21 40.487121 38.795207 -2.5429060459136963 0.3963587284088135 48 0.6498035788536072 0.1589544415473938 -0.7432959675788879
2125  128  -22 40.477828 38.788064 -2.4663443565368652 0.21636968851089478 47 0.649208664894104 0.15839345753192902 -0.743935227394104
2126  129  -22 40.486935 38.788066 -2.8855135440826416 0.16251160204410553 43 0.649784505367279 0.15844716131687164 -0.7434208393096924
2127  129  -21 40.495791 38.794803 -2.37387752532959 0.3577856421470642 41 0.6503089666366577 0.1589658558368683 -0.7428513765335083
2128  130  -21 40.504746 38.794821 -3.217963695526123 0.21439610421657562 35 0.6508259177207947 0.15900753438472748 -0.7423895001411438
2129  129  -22 40.495777 38.787784 -3.351522207260132 0.21738332509994507 38 0.6502920389175415 0.15846624970436096 -0.7429728507995605
2130  131  -20 40.513961 38.808724 -3.3671493530273438 0.2169313132762909 47 0.6513194441795349 0.16002315282821655 -0.7417382597923279
2131  132  -20 40.523021 38.808596 -3.12410044670105 0.07656170427799225 48 0.6518728137016296 0.16006316244602203 -0.741243302822113
2132  131  -20 40.513823 38.801797 -3.163825750350952 0.2524193227291107 51 0.6513286828994751 0.15953688323497772 -0.741834819316864
2133  128  -23 40.477307 38.780961 -2.7825276851654053 0.14119870960712433 46 0.6491636633872986 0.15788568556308746 -0.7440823912620544
2134  129  -23 40.486343 38.781287 -3.3430378437042236 0.278592973947525 47 0.6497247815132141 0.15795934200286865 -0.7435768842697144
2135  158    8 40.834579 39.057831 -1.5482922792434692 0.36916297674179077 45 0.6755352020263672 0.1566818356513977 -0.7204880714416504
2136  158    7 40.825865 39.051036 -1.2818129062652588 0.42644456028938293 56 0.6750403046607971 0.15615732967853546 -0.7210655808448792
2137  158    7 40.836111 39.050590 -1.1834756135940552 0.29572612047195435 45 0.6756603121757507 0.15617699921131134 -0.7204803824424744
2138  156    6 40.808143 39.044576 -1.5378799438476562 0.8072056770324707 182 0.6739611625671387 0.1556025594472885 -0.7221940755844116
2139  157    6 40.814311 39.044488 -2.1704909801483154 0.6058511734008789 169 0.6743499040603638 0.15563294291496277 -0.7218245267868042
2140  156    5 40.806520 39.037379 -1.798762321472168 0.579073429107666 191 0.6739416122436523 0.15509648621082306 -0.722321093082428
2141  157    5 40.816656 39.036627 -1.7249538898468018 0.42172589898109436 161 0.6744874715805054 0.15507762134075165 -0.7218155264854431
2142  158    5 40.831053 39.039188 -1.788181185722351 0.4788145124912262 158 0.6751847863197327 0.1559210568666458 -0.7209813594818115
2143  159   11 40.845195 39.085498 -1.0925953388214111 0.3761701285839081 183 0.6760132312774658 0.1586872935295105 -0.7196001410484314
2144   60  -52 39.697872 38.525450 -4.75864315032959 0.8587562441825867 76 0.5956369042396545 0.13916778564453125 -0.7911061644554138
2145   63  -52 39.733545 38.524131 -5.1743693351745605 0.7313265800476074 41 0.5982688665390015 0.13940589129924774 -0.7890756130218506
2146   60  -55 39.695380 38.496839 -5.279067516326904 0.7355466485023499 13 0.5954357981681824 0.1374538689851761 -0.7915570735931396
2147   63  -55 39.732752 38.496660 -6.0385918617248535 0.8369677066802979 5 0.5978655219078064 0.13842234015464783 -0.7895543575286865
2148   56  -60 39.642050 38.453819 -5.7793097496032715 0.549031674861908 4 0.5893227458000183 0.14223206043243408 -0.7952790260314941
2149   61  -60 39.710023 38.451893 -5.206671237945557 0.6139933466911316 38 0.5940912365913391 0.14418065547943115 -0.791370689868927
2150   68  -54 39.787136 38.510783 -5.225720405578613 0.7600412964820862 40 0.6015939712524414 0.14056254923343658 -0.7863376140594482
2151   42  -61 39.481893 38.441276 -5.339110374450684 0.3647516369819641 16 0.5783663988113403 0.13506543636322021 -0.8045182824134827
2152   45  -61 39.517687 38.440809 -5.6767191886901855 0.3990032970905304 3 0.5797185301780701 0.14114055037498474 -0.8024997115135193
2153   48  -58 39.554430 38.469643 -5.543904781341553 0.48308801651000977 27 0.5842263102531433 0.1363215148448944 -0.8000600337982178
2154   51  -58 39.589492 38.468327 -6.211019515991211 0.48927730321884155 9 0.5864555835723877 0.13844417035579681 -0.7980620861053467
2155   48  -61 39.552133 38.440679 -5.3076395988464355 0.3258621394634247 7 0.5822551846504211 0.14217053353786469 -0.8004788756370544
2156   51  -62 39.591885 38.439353 -6.166500091552734 0.5871124863624573 6 0.5852486491203308 0.1424809843301773 -0.7982375621795654
2157  -18   95 38.778241 39.863204 1.1518076658248901 0.6040729880332947 44 0.5501924157142639 0.12877298891544342 -0.8250489830970764
2158  -12   95 38.850096 39.864510 0.29283392429351807 0.737895131111145 35 0.5556634664535522 0.13122621178627014 -0.8209859132766724
2159  -18   89 38.780414 39.806609 1.009393334388733 0.4750306308269501 35 0.5478690266609192 0.13494941592216492 -0.8256077766418457
2160  -12   89 38.851838 39.807026 0.9811098575592041 0.489268034696579 10 0.5534029006958008 0.13610967993736267 -0.8217173218727112
2161   -6   95 38.929256 39.862179 -0.12591010332107544 0.8282074332237244 7 0.5613660216331482 0.13420148193836212 -0.8166138529777527
2162    0   95 38.999349 39.863621 0.09405960887670517 0.6335591673851013 9 0.5664752125740051 0.13628149032592773 -0.8127319812774658
2163   -6   89 38.925898 39.807126 0.6228131055831909 0.5990843176841736 7 0.5592426657676697 0.13684552907943726 -0.8176313042640686
2164    0   89 39.000753 39.807150 0.5686646699905396 0.6862905025482178 43 0.5650848150253296 0.137562558054924 -0.8134836554527283
2165  -15   80 38.818223 39.722317 1.2928746938705444 0.5748582482337952 47 0.5504661202430725 0.13046570122241974 -0.824600338935852
2166   -3   80 38.961642 39.722248 0.6784271597862244 0.7287927865982056 41 0.5611572265625 0.1334528923034668 -0.8168800473213196
2167  -43  211 38.478607 40.899425 -4.135075092315674 1.1234091520309448 20 0.5440607070922852 0.13154663145542145 -0.8286696672439575
2168   96  -69 40.107468 38.366517 -4.838139533996582 0.46321114897727966 10 0.6205711364746094 0.1472269594669342 -0.770205020904541
2169  181   89 41.121404 39.787280 -3.6208558082580566 1.2595610618591309 17 0.6977567076683044 0.16689112782478333 -0.6966225504875183
2170  159   67 40.854426 39.592952 -4.4127583503723145 1.2986220121383667 26 0.6819871068000793 0.1612817943096161 -0.713359534740448
2171   15  -13 39.177471 38.881106 -1.8829331398010254 0.6525620222091675 39 0.5621541142463684 0.13436248898506165 -0.8160450458526611
2172   60   -7 39.692977 38.932420 -1.2185304164886475 1.1856170892715454 44 0.6006338000297546 0.14449627697467804 -0.7863585948944092
2173   71   -7 39.825107 38.932709 -1.5192756652832031 1.2914398908615112 54 0.6099135875701904 0.14579348266124725 -0.7789414525032043
2174   59  -19 39.681988 38.817886 -1.632358193397522 1.0364041328430176 18 0.5982359647750854 0.14284072816371918 -0.7884860634803772
2175   71  -19 39.826633 38.817820 -1.6330363750457764 1.04787015914917 46 0.6082248091697693 0.14558857679367065 -0.7802990674972534
2176  -56   85 38.337258 39.769232 1.276442289352417 0.9322442412376404 50 0.5117180347442627 0.12333697080612183 -0.850254476070404
2177  -55   61 38.352797 39.554244 0.2837972939014435 1.140584111213684 116 0.5087453722953796 0.12133440375328064 -0.8523239493370056
2178  -20  167 38.755300 40.505096 -4.15906286239624 0.8488828539848328 96 0.5592341423034668 0.1348055899143219 -0.8179759383201599
2179  -78  144 38.073077 40.300500 -2.433537244796753 1.1175562143325806 152 0.5008466839790344 0.1189834326505661 -0.8573188185691833
2180  -75  145 38.117584 40.308124 -3.539719343185425 1.5765724182128906 42 0.5046887397766113 0.11996719241142273 -0.854925274848938
2181   31  -72 39.355906 38.343538 -6.117726802825928 0.8396846652030945 45 0.5658961534500122 0.13803571462631226 -0.8128392696380615
2182   37  -73 39.431222 38.341384 -6.091053009033203 0.8194317817687988 22 0.5718053579330444 0.13862095773220062 -0.8085931539535522
2183   43  -65 39.496693 38.406500 -5.655981540679932 0.5118411779403687 39 0.5786154866218567 0.13666169345378876 -0.8040695190429688
2184   50  -66 39.575118 38.400831 -5.656839370727539 0.4107093811035156 40 0.5838530659675598 0.13999789953231812 -0.7996975779533386
2185   43  -73 39.501270 38.339459 -6.223019123077393 1.3666263818740845 46 0.5772398710250854 0.13875766098499298 -0.8046989440917969
2186   50  -72 39.572144 38.341161 -5.841603755950928 0.4825833737850189 45 0.5833477973937988 0.13636809587478638 -0.8006929159164429
2187    3  -76 39.038865 38.312117 -5.508645534515381 0.11320630460977554 47 0.539847195148468 0.13270235061645508 -0.8312371373176575
2188    4  -76 39.047986 38.311582 -5.663474082946777 0.08366287499666214 44 0.5406565070152283 0.1327793002128601 -0.8306986689567566
2189    3  -77 39.038843 38.304712 -5.71574068069458 0.2043313980102539 52 0.53985995054245 0.1322275847196579 -0.8313044905662537
2190    4  -77 39.047470 38.304898 -5.82995080947876 0.09963104873895645 52 0.5406123995780945 0.13234154880046844 -0.8307971954345703
2191    5  -76 39.060823 38.308487 -5.770450115203857 0.23073886334896088 36 0.5418094396591187 0.13273826241493225 -0.829953670501709
2192    3  -78 39.043470 38.294360 -5.737776279449463 0.41719159483909607 52 0.5403143763542175 0.1316266804933548 -0.831104576587677
2193    5  -78 39.059927 38.294829 -6.076241970062256 0.35928788781166077 54 0.5417807698249817 0.13185696303844452 -0.8301128149032593
2194    6  -76 39.077563 38.308512 -5.9737067222595215 0.4317752718925476 52 0.5433361530303955 0.13295330107212067 -0.8289204835891724
2195  141   -9 40.633117 38.898677 -2.2080914974212646 0.2045871615409851 58 0.6610460877418518 0.15572220087051392 -0.7340086102485657
2196  142   -9 40.642091 38.905439 -2.091003894805908 0.18330037593841553 144 0.661584734916687 0.15624698996543884 -0.7334116101264954
2197  143   -9 40.651272 38.905466 -2.06961727142334 0.1958852857351303 199 0.6621602177619934 0.1562996208667755 -0.7328807711601257
2198  142   -9 40.642036 38.898377 -2.1760196685791016 0.18110859394073486 47 0.6616305112838745 0.15575605630874634 -0.7334746718406677
2199  143   -9 40.651084 38.898400 -2.3209588527679443 0.11669165641069412 38 0.6621991991996765 0.15580786764621735 -0.7329502701759338
2200  144   -7 40.660507 38.919357 -1.8081930875778198 0.19467869400978088 52 0.662676990032196 0.15732650458812714 -0.7321937084197998
2201  144   -7 40.669416 38.919153 -2.0380403995513916 0.35792121291160583 47 0.66321861743927 0.15735729038715363 -0.7316964864730835
2202  144   -8 40.660231 38.912411 -2.1469409465789795 0.17244789004325867 22 0.662644624710083 0.15682631731033325 -0.7323302626609802
2203  144   -8 40.669419 38.912239 -2.2760467529296875 0.2740743160247803 16 0.6632269024848938 0.15686646103858948 -0.7317944169044495
2204  145   -8 40.682590 38.915084 -2.256166696548462 0.2315569818019867 12 0.6640405058860779 0.15714046359062195 -0.7309973835945129
2205  144   -9 40.664542 38.901604 -2.055549144744873 0.2621256113052368 22 0.6630033850669861 0.15610158443450928 -0.7321603894233704
2206  145   -9 40.682918 38.901503 -2.039238691329956 0.18361744284629822 50 0.6641445159912109 0.15619391202926636 -0.7311056852340698
2207  141  -10 40.632851 38.891788 -2.088683843612671 0.20294037461280823 46 0.6610721945762634 0.15524014830589294 -0.7340871691703796
2208  140  -11 40.623529 38.884562 -2.183021306991577 0.18963085114955902 49 0.6605054140090942 0.15467920899391174 -0.7347155213356018
2209  141  -11 40.632789 38.884543 -2.0754854679107666 0.18435421586036682 39 0.66109699010849 0.154731884598732 -0.7341721653938293
2210  142  -10 40.641773 38.891371 -2.0263149738311768 0.19182991981506348 50 0.6616408824920654 0.15526236593723297 -0.7335700392723083
2211  143  -10 40.650968 38.891352 -2.182964563369751 0.1625649631023407 43 0.6622238159179688 0.15531295537948608 -0.7330330610275269
2212  142  -11 40.641681 38.884395 -2.1951208114624023 0.22154170274734497 48 0.6616359353065491 0.15476630628108978 -0.7336792945861816
2213  143  -11 40.650914 38.884391 -2.0640857219696045 0.1406654417514801 43 0.6622159481048584 0.15481704473495483 -0.7331451773643494
2214  140  -12 40.623870 38.877630 -2.0912325382232666 0.23099491000175476 1016 0.6606002449989319 0.1542055904865265 -0.7347298860549927
2215  141  -12 40.632554 38.877500 -2.659390926361084 0.22095339000225067 1060 0.6610926389694214 0.15423190593719482 -0.7342813014984131
2216  140  -13 40.623491 38.870743 -1.9996036291122437 0.1922553926706314 1990 0.6605842113494873 0.15371693670749664 -0.7348466515541077
2217  141  -13 40.632522 38.870562 -2.7889037132263184 0.2650494873523712 861 0.6610978245735168 0.15374059975147247 -0.7343797087669373
2218  142  -12 40.645749 38.873817 -2.442593812942505 0.45405685901641846 1261 0.6619009971618652 0.15403877198696136 -0.7335933446884155
2219  145  -11 40.673414 38.880704 -2.009873151779175 0.2516762316226959 981 0.6636420488357544 0.15468169748783112 -0.7318830490112305
2220  148   -8 40.709695 38.907977 -2.153183698654175 0.2862023711204529 712 0.66571044921875 0.1567780077457428 -0.7295548915863037
2221  151   -8 40.745147 38.907709 -2.181882858276367 0.2835501432418823 2619 0.6678577661514282 0.1569385528564453 -0.7275550365447998
2222  148  -11 40.709351 38.879810 -2.352771043777466 0.44776201248168945 2363 0.6658030152320862 0.15479326248168945 -0.7298941612243652
2223  151  -11 40.745162 38.879674 -2.126533269882202 0.32058578729629517 10093 0.6679853200912476 0.15496507287025452 -0.7278609275817871
2224  154   22 40.788245 39.187909 -1.0230181217193604 0.47006410360336304 11449 0.6725309491157532 0.16404512524604797 -0.7216587066650391
2225   60  -39 39.689674 38.644175 -2.1242010593414307 0.4348510801792145 1082 0.5951098799705505 0.1457182914018631 -0.7903229594230652
2226  166   88 40.941380 39.778810 -3.6750402450561523 1.0189247131347656 2205 0.6882143020629883 0.16540652513504028 -0.7064006328582764
2227   18  -54 39.212862 38.512078 -2.8006513118743896 0.8991659283638 1112 0.5580419301986694 0.13430741429328918 -0.8188716173171997
2228   23  -52 39.267277 38.526357 -2.5611732006073 0.5630365014076233 129 0.5624669194221497 0.13554534316062927 -0.8156337738037109
2229   26  -52 39.303189 38.526353 -2.0660855770111084 0.44623079895973206 1752 0.5649173259735107 0.13788975775241852 -0.8135446310043335
2230   23  -55 39.266776 38.498211 -2.1419339179992676 0.33483871817588806 1313 0.5616936683654785 0.13695265352725983 -0.815931499004364
2231   26  -55 39.304092 38.497585 -2.1426186561584473 0.498981773853302 957 0.5647413730621338 0.1372910439968109 -0.8137680292129517
2232  110  -21 40.275212 38.800350 -2.5527966022491455 0.5449979305267334 1733 0.6380795836448669 0.15090273320674896 -0.755038321018219
2233  113  -21 40.309920 38.802304 -2.010667085647583 0.5732266306877136 36227 0.6404126286506653 0.15128640830516815 -0.7529834508895874
2234  110  -23 40.267163 38.779835 -3.6974072456359863 0.4341018795967102 10282 0.6374585628509521 0.14953261613845825 -0.7558350563049316
2235  111  -23 40.284609 38.779595 -2.791989326477051 0.41946253180503845 2728 0.6385846138000488 0.1496366709470749 -0.7548632621765137
2236  109  -24 40.262096 38.769729 -3.3599414825439453 0.8898981213569641 2393 0.6371341943740845 0.1488635540008545 -0.7562404870986938
2237  110  -24 40.270485 38.769419 -4.171243190765381 0.40189269185066223 2451 0.6376190185546875 0.1488875299692154 -0.755827009677887
2238  109  -25 40.261764 38.762665 -1.796825885772705 0.859897255897522 611 0.6371027827262878 0.148415669798851 -0.7563550472259521
2239  110  -25 40.270827 38.762599 -4.402014255523682 0.4434390068054199 3072 0.6376904249191284 0.1484730839729309 -0.7558483481407166
2240  111  -24 40.278892 38.769039 -3.3089449405670166 0.2000519186258316 2453 0.6381367444992065 0.14891557395458221 -0.7553844451904297
2241  111  -24 40.288427 38.769317 -2.964275598526001 0.3271269202232361 2132 0.6387861967086792 0.14900484681129456 -0.75481778383255
2242  111  -25 40.279376 38.762381 -4.701546669006348 0.979586660861969 2848 0.6381789445877075 0.14850124716758728 -0.7554304003715515
2243  111  -25 40.287896 38.762020 -2.7552847862243652 0.379403680562973 29 0.6386885643005371 0.14852769672870636 -0.7549943923950195
2244  113  -23 40.302099 38.779710 -3.0824849605560303 0.4350724518299103 39 0.6397985816001892 0.14978256821632385 -0.7538056373596191
2245  114  -23 40.319930 38.778935 -2.7331361770629883 0.33541110157966614 42 0.641029417514801 0.1498730480670929 -0.7527412176132202
2246  112  -24 40.297322 38.769184 -2.6478254795074463 0.2469470202922821 41 0.6393585205078125 0.14905694127082825 -0.7543227672576904
2247  113  -24 40.306624 38.769107 -2.9194610118865967 0.2133864462375641 44 0.6400135159492493 0.14912718534469604 -0.7537531852722168
2248  112  -25 40.297688 38.762017 -2.19303560256958 0.20504076778888702 38 0.6394015550613403 0.14861229062080383 -0.7543739676475525
2249  113  -25 40.307039 38.762167 -2.3311967849731445 0.3929860591888428 41 0.6400720477104187 0.1487000584602356 -0.7537878155708313
2250  114  -24 40.315378 38.768667 -2.9180431365966797 0.2652757167816162 44 0.640620768070221 0.1491677612066269 -0.7532290816307068
2251  115  -24 40.324804 38.768631 -2.583379030227661 0.27681678533554077 42 0.6413211226463318 0.149250790476799 -0.7526164054870605
2252  114  -25 40.315715 38.761779 -3.3496155738830566 0.7170137763023376 43 0.6406376361846924 0.14873474836349487 -0.7533003091812134
2253  115  -25 40.324010 38.761681 -1.947901964187622 0.38223662972450256 50 0.6411918997764587 0.14878924190998077 -0.7528178691864014
2254  118  -15 40.369980 38.849482 -1.8660619258880615 0.8004408478736877 44 0.6442243456840515 0.1546703428030014 -0.7490341663360596
2255  123  -15 40.421414 38.855689 -1.2749335765838623 0.39967724680900574 41 0.6476014852523804 0.1547113060951233 -0.7461077570915222
2256  126  -15 40.457252 38.855609 -1.4626741409301758 0.46373727917671204 45 0.6505444049835205 0.15182694792747498 -0.7441374659538269
2257  123  -17 40.425169 38.831123 -1.6838548183441162 0.4836013615131378 40 0.6477822065353394 0.15387393534183502 -0.7461239695549011
2258  126  -18 40.456571 38.827136 -2.257675886154175 0.6619666814804077 35 0.6504074931144714 0.15057870745658875 -0.7445107102394104
2259  117  -22 40.346926 38.793322 -2.595235824584961 0.7183911800384521 41 0.6429421901702881 0.15100441873073578 -0.7508814930915833
2260  120  -22 40.381653 38.791100 -2.2328712940216064 0.5173678398132324 40 0.645093560218811 0.15107864141464233 -0.7490190267562866
2261  116  -23 40.338186 38.779689 -2.933150053024292 0.5573200583457947 40 0.6423072218894958 0.1500670611858368 -0.7516124844551086
2262  117  -23 40.354809 38.778657 -3.26029634475708 1.2634315490722656 44 0.6433055400848389 0.1500966101884842 -0.7507522702217102
2263  115  -24 40.332914 38.769303 -3.09560489654541 0.4424384832382202 37 0.6419133543968201 0.14936313033103943 -0.7520890235900879
2264  116  -24 40.342611 38.768363 -3.9263596534729004 0.30338653922080994 34 0.642475962638855 0.14935368299484253 -0.7516103386878967
2265  115  -25 40.332799 38.761293 -2.5807268619537354 0.578434407711029 43 0.6418310403823853 0.1488392949104309 -0.7522631287574768
2266  116  -25 40.342476 38.761690 -4.117247104644775 0.23467007279396057 43 0.6424461603164673 0.1489265114068985 -0.7517205476760864
2267  117  -25 40.355803 38.764644 -3.229253053665161 0.9774150848388672 44 0.6432389616966248 0.1491873562335968 -0.7509905099868774
2268  119  -23 40.375328 38.778128 -3.0639407634735107 0.6442558169364929 43 0.6445838212966919 0.15019075572490692 -0.749636173248291
2269  120  -23 40.392217 38.778735 -2.7157528400421143 0.44174185395240784 39 0.6456519961357117 0.1503380537033081 -0.7486868500709534
2270  119  -25 40.374480 38.764872 -2.6068341732025146 0.4666801989078522 48 0.6444570422172546 0.14932964742183685 -0.7499171495437622
2271   81  -35 39.936633 38.674062 -4.488498687744141 0.23063066601753235 39 0.6126679182052612 0.15025129914283752 -0.775926947593689
2272   82  -35 39.945739 38.673901 -3.7755215167999268 0.10849781334400177 49 0.6133435368537903 0.15032880008220673 -0.7753779888153076
2273   81  -36 39.936440 38.667542 -3.8236165046691895 0.2772901952266693 37 0.61271733045578 0.14986537396907806 -0.7759625315666199
2274   82  -36 39.945356 38.666885 -3.9787795543670654 0.16754107177257538 31 0.6133841276168823 0.14991042017936707 -0.7754268646240234
2275   83  -35 39.955051 38.673834 -4.31005859375 0.28700345754623413 119 0.613999605178833 0.15040409564971924 -0.7748439311981201
2276   83  -35 39.963312 38.673906 -4.163393020629883 0.1814655065536499 148 0.6145473122596741 0.15047241747379303 -0.7743963599205017
2277   83  -36 39.954347 38.666810 -4.982120513916016 0.4937894940376282 131 0.6139918565750122 0.14997655153274536 -0.7749329209327698
2278   83  -36 39.963239 38.666696 -5.213160037994385 0.528777003288269 142 0.6145392656326294 0.15002629160881042 -0.7744892835617065
2279   81  -37 39.936324 38.659870 -3.699737787246704 0.195638045668602 132 0.6127355098724365 0.14940038323402405 -0.776037871837616
2280   82  -37 39.945471 38.659843 -4.210611820220947 0.3239562213420868 123 0.6134504675865173 0.1494934856891632 -0.7754548788070679
2281   81  -38 39.936485 38.652760 -4.033097743988037 0.2325093299150467 550 0.6127263903617859 0.1489592045545578 -0.7761299014091492
2282   82  -38 39.945436 38.653024 -4.868290424346924 0.2582050561904907 607 0.6133667826652527 0.1490533947944641 -0.7756057977676392
2283   83  -37 39.958844 38.656442 -4.952801704406738 0.29256534576416016 366 0.614288866519928 0.1493726670742035 -0.7748141884803772
2284   85  -33 39.982023 38.694982 -3.9246485233306885 0.2610167860984802 359 0.6181866526603699 0.14220695197582245 -0.7730604410171509
2285   86  -32 39.999534 38.701468 -4.281036376953125 0.3518928587436676 249 0.6194165945053101 0.1426784098148346 -0.7719883322715759
2286   86  -33 39.990955 38.694539 -3.559413194656372 0.09750460833311081 3 0.6185586452484131 0.14360582828521729 -0.7725040316581726
2287   86  -33 39.999899 38.694776 -3.6534156799316406 0.2320995032787323 22 0.6188181638717651 0.1452850103378296 -0.7719820737838745
2288   84  -34 39.972671 38.687626 -4.173079013824463 0.19416336715221405 12 0.6157020330429077 0.14935222268104553 -0.7736956477165222
2289   85  -34 39.981979 38.687943 -3.8460516929626465 0.13603614270687103 27 0.6160943508148193 0.1507316529750824 -0.7731155753135681
2290   84  -34 39.972707 38.680849 -3.794140577316284 0.17383429408073425 22 0.6152646541595459 0.15099529922008514 -0.7737246751785278
2291   85  -34 39.981616 38.681109 -4.198785781860352 0.20098969340324402 17 0.6159115433692932 0.15109270811080933 -0.7731907963752747
2292   86  -34 39.990852 38.687728 -3.7901604175567627 0.07641921937465668 11 0.6165370941162109 0.15157485008239746 -0.7725976705551147
2293   87  -34 39.999942 38.687589 -3.6867728233337402 0.21670642495155334 25 0.6171911358833313 0.15164805948734283 -0.7720608115196228
2294   86  -35 39.990399 38.680441 -4.183640003204346 0.22239330410957336 5 0.6165380477905273 0.15112906694412231 -0.7726842164993286
2295   86  -34 39.999509 38.680500 -4.280628681182861 0.23579733073711395 29 0.6171929836273193 0.15121503174304962 -0.7721443772315979
2296   87  -32 40.008976 38.701744 -3.477033853530884 0.24665427207946777 4 0.6201075911521912 0.14277702569961548 -0.7714151740074158
2297   88  -32 40.018051 38.701631 -3.8955094814300537 0.7071192264556885 38 0.6207461357116699 0.14284229278564453 -0.7708893418312073
2298   87  -33 40.008590 38.694693 -3.219902753829956 0.16622604429721832 34 0.6190234422683716 0.14700503647327423 -0.7714917659759521
2299   88  -33 40.017719 38.694539 -3.519947052001953 0.3559606075286865 34 0.619175136089325 0.14913739264011383 -0.7709605693817139
2300   89  -32 40.026652 38.701328 -2.7827847003936768 0.5721598863601685 33 0.6213916540145874 0.1429014354944229 -0.770358145236969
2301   90  -32 40.035890 38.701206 -2.870222568511963 0.4158959984779358 37 0.6219490170478821 0.14364084601402283 -0.7697705626487732
2302   89  -33 40.026907 38.694292 -2.8453636169433594 0.5172439813613892 35 0.6193376779556274 0.15127398073673248 -0.7704135179519653
2303   90  -33 40.035836 38.694460 -2.876079797744751 0.32506316900253296 34 0.6197665929794312 0.15239684283733368 -0.7698470950126648
2304   88  -34 40.013235 38.683970 -3.659083366394043 0.4890189468860626 28 0.6181555986404419 0.15154671669006348 -0.7713087797164917
2305   89  -34 40.031618 38.683648 -4.071474075317383 0.6204962730407715 37 0.6194876432418823 0.151694655418396 -0.7702102065086365
2306   85  -36 39.977139 38.670204 -4.178600788116455 0.3006654977798462 139 0.6155568957328796 0.15037231147289276 -0.7736135125160217
2307   86  -36 39.995794 38.670285 -4.43083381652832 0.42825591564178467 38 0.6169033050537109 0.15054523944854736 -0.772506594657898
2308   84  -37 39.976419 38.656126 -4.991707801818848 0.3968231678009033 36 0.6154418587684631 0.1494823545217514 -0.7738775014877319
2309   86  -37 39.994944 38.656205 -4.77891731262207 0.29336294531822205 32 0.6167529821395874 0.1496470719575882 -0.7728011012077332
2310   89  -36 40.022956 38.663071 -3.8999428749084473 0.49539536237716675 37 0.6188415884971619 0.15033861994743347 -0.770995020866394
2311   90  -26 40.045074 38.757751 -3.8897130489349365 0.5844438076019287 25 0.6226336359977722 0.14652784168720245 -0.7686722874641418
2312   91  -26 40.054800 38.757511 -2.9942634105682373 0.239433154463768 23 0.6233078837394714 0.14658987522125244 -0.7681137323379517
2313  123  -21 40.421995 38.796272 -2.550530433654785 0.7381772398948669 44 0.6475901007652283 0.1516551822423935 -0.7467447519302368
2314  125  -20 40.448353 38.805301 -3.1178746223449707 0.8239438533782959 27 0.6478700041770935 0.15777136385440826 -0.7452332377433777
2315  127  -20 40.464393 38.805727 -2.9722471237182617 0.662249743938446 37 0.6484096050262451 0.15957312285900116 -0.7443798780441284
2316  125  -22 40.447230 38.791623 -3.8386991024017334 0.9028683304786682 39 0.6481246948242188 0.1555718034505844 -0.7454742193222046
2317  127  -22 40.464191 38.791755 -4.100869178771973 0.859703779220581 42 0.6483919024467468 0.1585846096277237 -0.7446064949035645
2318  122  -23 40.409464 38.777239 -2.3223066329956055 0.35732796788215637 38 0.6467431783676147 0.15035393834114075 -0.7477412819862366
2319  124  -23 40.428260 38.777691 -3.2811479568481445 0.5378341674804688 140 0.6479026079177856 0.15049658715724945 -0.7467080354690552
2320  122  -24 40.405073 38.767866 -2.7268993854522705 0.22283926606178284 159 0.6463685631752014 0.14970947802066803 -0.7481942772865295
2321  122  -24 40.414558 38.767597 -2.494579315185547 0.22871214151382446 138 0.6469842791557312 0.149756520986557 -0.747652530670166
2322  122  -25 40.404908 38.760992 -2.529233455657959 0.27533024549484253 156 0.6463250517845154 0.14926549792289734 -0.7483205795288086
2323  122  -25 40.414296 38.760553 -2.7401721477508545 0.24102433025836945 163 0.6469435095787048 0.149302676320076 -0.7477785348892212
2324  123  -24 40.423332 38.767769 -3.220762252807617 0.4603988528251648 37 0.6475442051887512 0.1498248428106308 -0.7471539974212646
2325  124  -24 40.432004 38.767401 -3.9271349906921387 0.25026383996009827 41 0.6480476260185242 0.14984628558158875 -0.7467131018638611
2326  123  -25 40.422916 38.760668 -3.392713785171509 0.40573492646217346 39 0.6474533081054688 0.14935681223869324 -0.7473264336585999
2327  124  -25 40.432311 38.760554 -3.5914626121520996 0.17402034997940063 44 0.6480262279510498 0.14940473437309265 -0.7468200922012329
2328  125  -23 40.446065 38.778008 -3.7436304092407227 0.2898464798927307 167 0.6481895446777344 0.15384414792060852 -0.745776355266571
2329  126  -23 40.459442 38.781350 -4.261862754821777 0.35044699907302856 152 0.6480923891067505 0.1578223705291748 -0.745029091835022
2330  127  -23 40.468510 38.781120 -3.293595552444458 0.41074490547180176 134 0.6486331224441528 0.1578516662120819 -0.7445522546768188
2331  126  -24 40.459369 38.774235 -3.2989823818206787 0.35867002606391907 577 0.6480774879455566 0.1573183238506317 -0.7451487183570862
2332  127  -24 40.468452 38.774237 -2.769482135772705 0.25101667642593384 522 0.6486162543296814 0.15736252069473267 -0.7446703314781189
2333  125  -24 40.441311 38.767437 -3.729506254196167 0.17144125699996948 416 0.6486011743545532 0.1498999148607254 -0.7462215423583984
2334  126  -24 40.450320 38.767200 -3.420431137084961 0.17129512131214142 133 0.6478083729743958 0.1555817872285843 -0.7457470893859863
2335  125  -25 40.441554 38.760539 -3.574730396270752 0.20530688762664795 139 0.6485857367515564 0.14945672452449799 -0.746323823928833
2336  126  -25 40.450315 38.760309 -3.2592103481292725 0.09462613612413406 130 0.6479184031486511 0.15458886325359344 -0.7458579540252686
2337  126  -24 40.459421 38.767317 -3.066242218017578 0.1252238005399704 134 0.6480765342712402 0.15682969987392426 -0.7452524304389954
2338  127  -24 40.468453 38.767155 -3.273141860961914 0.2864638566970825 527 0.6486204266548157 0.15686433017253876 -0.7447718381881714
2339  162  169 40.911613 40.512563 -2.330393075942993 1.5548014640808105 152 0.6943314671516418 0.1680179387331009 -0.6997669339179993
2340  127  124 40.495896 40.111757 -4.540328502655029 1.2237544059753418 431 0.6675820350646973 0.16067638993263245 -0.7269920110702515
2341  165  122 40.937495 40.085797 -4.406808853149414 1.1033421754837036 163 0.6913296580314636 0.16590139269828796 -0.7032355070114136
2342  121  -44 40.396855 38.588138 -3.626633882522583 0.5210349559783936 168 0.6425342559814453 0.15228262543678284 -0.7509725093841553
2343  129  -27 40.494671 38.745674 -2.864750623703003 0.24417871236801147 150 0.6502543091773987 0.15549544990062714 -0.7436333298683167
2344  130  -27 40.503827 38.745588 -3.0925705432891846 0.29954710602760315 186 0.6508198976516724 0.1555389016866684 -0.7431292533874512
2345  129  -27 40.485560 38.738928 -3.9355671405792236 0.6026250720024109 602 0.6496842503547668 0.15496961772441864 -0.7442410588264465
2346  128  -28 40.476123 38.732327 -2.9082584381103516 0.27954691648483276 43 0.6491068005561829 0.1544547826051712 -0.7448517680168152
2347  129  -28 40.485399 38.731745 -4.3429059982299805 0.7784995436668396 41 0.6496893763542175 0.15446549654006958 -0.7443413734436035
2348  129  -27 40.494660 38.739244 -3.4790120124816895 0.505037784576416 51 0.6502537131309509 0.15504193305969238 -0.743728518486023
2349  130  -27 40.503580 38.739038 -3.340634346008301 0.47609150409698486 40 0.6508122682571411 0.15507687628269196 -0.7432325482368469
2350  130  -28 40.495125 38.731213 -4.39480447769165 0.4711858630180359 47 0.6503030061721802 0.15448299050331116 -0.7438017725944519
2351  130  -28 40.503351 38.731522 -3.8694636821746826 0.6364902853965759 40 0.6508229374885559 0.1545524001121521 -0.7433324456214905
2352  131  -26 40.512718 38.752360 -3.454350233078003 0.16250108182430267 51 0.6513625979423523 0.1560637503862381 -0.7425435185432434
2353  132  -26 40.521957 38.752338 -3.810746192932129 0.3244639039039612 40 0.6519390940666199 0.15611322224140167 -0.7420269846916199
2354  131  -27 40.512920 38.745477 -3.732757329940796 0.30229923129081726 41 0.6513836979866028 0.15558016300201416 -0.7426264882087708
2355  132  -27 40.521619 38.745454 -4.08582067489624 0.8046647310256958 24 0.6519255042076111 0.15562698245048523 -0.7421411275863647
2356  133  -26 40.531007 38.752410 -3.6930630207061768 0.22863391041755676 52 0.6524863243103027 0.15616384148597717 -0.7415352463722229
2357  133  -26 40.539956 38.752074 -3.687631368637085 0.2134515345096588 51 0.6530447602272034 0.15619009733200073 -0.7410379648208618
2358  133  -27 40.530717 38.745129 -3.896559238433838 0.37669843435287476 50 0.652489423751831 0.1556532382965088 -0.7416397929191589
2359  133  -27 40.539536 38.745036 -3.5047621726989746 0.19474957883358002 43 0.6530418992042542 0.15569579601287842 -0.7411444783210754
2360  131  -28 40.517123 38.734568 -3.5284690856933594 0.8447627425193787 47 0.6516885757446289 0.1548440307378769 -0.7425128817558289
2361  133  -28 40.534958 38.734554 -3.1721150875091553 0.370935320854187 49 0.6528301239013672 0.15494802594184875 -0.7414876222610474
2362  128  -29 40.476456 38.723950 -2.9496471881866455 0.2006140947341919 41 0.6491572856903076 0.1538742482662201 -0.7449278235435486
2363  129  -29 40.485645 38.724402 -2.9311676025390625 0.3597376048564911 48 0.6497434973716736 0.153959721326828 -0.7443989515304565
2364  128  -30 40.476190 38.717738 -3.0230495929718018 0.1835317760705948 53 0.6491921544075012 0.1534474939107895 -0.7449854612350464
2365  129  -30 40.485328 38.717649 -2.8540263175964355 0.24273242056369781 50 0.6497825980186462 0.15349535644054413 -0.7444607019424438
2366  130  -29 40.498742 38.720993 -3.147027015686035 0.3195251226425171 46 0.6506108641624451 0.1538025289773941 -0.7436735033988953
2367  128  -31 40.480881 38.707148 -3.2576591968536377 0.24483881890773773 39 0.6495795845985413 0.15274927020072937 -0.7447913289070129
2368  130  -31 40.499117 38.706873 -3.7824935913085938 0.4123920798301697 42 0.6507283449172974 0.15283146500587463 -0.7437708973884583
2369  132  -30 40.525399 38.713597 -3.4004454612731934 0.4402028024196625 31 0.6523305773735046 0.1534389853477478 -0.7422407269477844
2370  135  -26 40.553438 38.748499 -3.057913064956665 0.3560965061187744 143 0.6539100408554077 0.15601764619350433 -0.7403108477592468
2371  136  -26 40.571182 38.748194 -2.7551965713500977 0.29471537470817566 171 0.6550435423851013 0.15610043704509735 -0.7392906546592712
2372  135  -28 40.552889 38.734257 -2.9221689701080322 0.36053213477134705 166 0.6539756059646606 0.1550314724445343 -0.7404600977897644
2373  136  -28 40.570995 38.734205 -2.3788299560546875 0.22868919372558594 1953 0.655110776424408 0.15512840449810028 -0.739435613155365
2374  138  -27 40.597746 38.740708 -2.8515045642852783 0.3304387927055359 2283 0.6567716002464294 0.15573351085186005 -0.7378334403038025
2375  135  -30 40.561235 38.713062 -3.1813104152679443 0.37295717000961304 822 0.6545820236206055 0.15359878540039062 -0.7402228116989136
2376  138  -30 40.597564 38.712667 -2.885962724685669 0.2862870991230011 313 0.656883180141449 0.15377475321292877 -0.7381448745727539
2377  129  -33 40.489004 38.686083 -3.6475555896759033 0.29482191801071167 1403 0.6501834392547607 0.15133263170719147 -0.7445535063743591
2378  132  -33 40.524508 38.686232 -3.585355520248413 0.37182724475860596 48 0.6524672508239746 0.1515483558177948 -0.7425089478492737
2379  129  -37 40.489169 38.657215 -3.7429797649383545 0.5255594849586487 51 0.6498883962631226 0.1511775106191635 -0.7448425889015198
2380  132  -36 40.524443 38.657219 -3.6687300205230713 0.43527019023895264 51 0.6517435312271118 0.1531350016593933 -0.7428190112113953
2381  137  -35 40.578184 38.671089 -3.189481258392334 0.50445556640625 52 0.6551529169082642 0.15421943366527557 -0.7395884394645691
2382  143  -29 40.649801 38.726788 -2.4969348907470703 0.3759854733943939 51 0.6601365208625793 0.15505769848823547 -0.7349672317504883
2383   71  -42 39.819300 38.611378 -5.311662673950195 0.3246760666370392 50 0.6042177677154541 0.14537304639816284 -0.7834460139274597
2384   69  -43 39.801300 38.604761 -5.1466779708862305 0.3248997926712036 160 0.6029268503189087 0.14481386542320251 -0.7845433354377747
2385   69  -44 39.792504 38.596449 -5.31565523147583 0.6175840497016907 192 0.6022924780845642 0.144232377409935 -0.785137414932251
2386   69  -44 39.801066 38.597605 -5.087169647216797 0.3978904187679291 161 0.6029119491577148 0.14437797665596008 -0.784635066986084
2387   70  -43 39.810106 38.604740 -4.9810404777526855 0.3985283672809601 174 0.6035654544830322 0.1448911875486374 -0.7840378284454346
2388  146   -6 40.687578 38.932989 -1.9092342853546143 0.13102692365646362 155 0.664280891418457 0.15842768549919128 -0.7305008172988892
2389  145   -6 40.678727 38.926122 -1.7383962869644165 0.4480895698070526 197 0.6637640595436096 0.15789738297462463 -0.7310853600502014
2390  146   -6 40.687267 38.926839 -1.7692338228225708 0.35707026720046997 515 0.6642686724662781 0.15798862278461456 -0.7306070923805237
2391  147   -1 40.698456 38.975214 -2.238370656967163 0.17558936774730682 721 0.6648037433624268 0.16146747767925262 -0.7293587327003479
2392  147   -1 40.707117 38.974975 -1.8335832357406616 0.3138830363750458 711 0.6653302907943726 0.16149647533893585 -0.7288720607757568
2393  147   -2 40.697846 38.968026 -2.388073444366455 0.1757488250732422 666 0.6647717356681824 0.16095185279846191 -0.7295019626617432
2394  147   -2 40.706656 38.967789 -1.690995454788208 0.3712307810783386 624 0.6653469800949097 0.16099119186401367 -0.7289686799049377
2395  149   -1 40.720661 38.971201 -1.999238133430481 0.3640402555465698 438 0.6662139892578125 0.16131339967250824 -0.7281050682067871
2396  147   -2 40.697648 38.961068 -2.631080150604248 0.3117544949054718 1552 0.6648405194282532 0.16047322750091553 -0.7295446991920471
2397  147   -2 40.706486 38.960951 -2.2878165245056152 0.25414857268333435 9718 0.6653672456741333 0.1605096459388733 -0.7290563583374023
2398  147   -3 40.697305 38.954024 -2.5473928451538086 0.30439460277557373 1714 0.6648594737052917 0.15997764468193054 -0.7296361923217773
2399  147   -3 40.706413 38.954001 -2.5436179637908936 0.2350608855485916 2328 0.6653811931610107 0.16001594066619873 -0.7291520833969116
2400  149   -3 40.719833 38.957129 -2.2801425457000732 0.43366071581840515 2473 0.6661756038665771 0.16030539572238922 -0.7283627986907959
2401  151   -2 40.747337 38.963866 -2.1291286945343018 0.3617420494556427 2348 0.6678451895713806 0.1609315574169159 -0.7266937494277954
2402  147   -4 40.701680 38.943478 -2.15675687789917 0.19312094151973724 2493 0.6651365160942078 0.15925027430057526 -0.7295428514480591
2403  149   -4 40.719554 38.943188 -2.114593744277954 0.2314290851354599 1977 0.6661706566810608 0.159310445189476 -0.7285855412483215
2404  147   -6 40.701692 38.930116 -2.1337778568267822 0.4590227007865906 2612 0.6651309728622437 0.1582949161529541 -0.7297558188438416
2405  149   -6 40.719686 38.928901 -2.092156171798706 0.2705134451389313 2626 0.6662197113037109 0.15830044448375702 -0.7287607789039612
2406  151   -5 40.746668 38.935664 -2.375699520111084 0.3374888598918915 2698 0.6678388118743896 0.1589183807373047 -0.7271425724029541
2407  143   -7 40.651396 38.919618 -2.2108356952667236 0.22808435559272766 9306 0.6621131896972656 0.15729492902755737 -0.7327104210853577
2408  143   -8 40.651875 38.912500 -2.219444513320923 0.12443356961011887 2151 0.6621353030204773 0.15678896009922028 -0.7327987551689148
2409    9  -68 39.110689 38.382038 -2.3153483867645264 0.5816531181335449 2798 0.5490107536315918 0.12777593731880188 -0.825990617275238
2410   10  -68 39.119386 38.381960 -3.9037601947784424 0.7186378240585327 2425 0.5496679544448853 0.12784217298030853 -0.8255431652069092
2411   11  -68 39.127007 38.382182 -4.5285539627075195 0.2603530287742615 2402 0.5502415895462036 0.1279190629720688 -0.8251490592956543
2412   12  -67 39.145865 38.396073 -4.133923053741455 0.26719021797180176 2531 0.5519338846206665 0.12904377281665802 -0.8238427042961121
2413   13  -67 39.155403 38.395897 -3.4616293907165527 0.31175509095191956 2453 0.5527113676071167 0.12912485003471375 -0.8233085870742798
2414   12  -67 39.146355 38.389901 -4.38500452041626 0.28278666734695435 2826 0.5519588589668274 0.12864159047603607 -0.8238888382911682
2415   14  -67 39.164176 38.395912 -3.6813597679138184 0.21833392977714539 2591 0.5534378886222839 0.12921245396137238 -0.8228065967559814
2416    3  -70 39.038561 38.368245 -3.8544158935546875 0.4823940694332123 23623 0.5428866147994995 0.1261315643787384 -0.830280065536499
2417    4  -70 39.048430 38.368325 -4.081178188323975 1.3608167171478271 43896 0.5436965823173523 0.12623272836208344 -0.8297345638275146
2418    3  -70 39.038617 38.361460 -6.460099697113037 1.9190541505813599 7433 0.5427134037017822 0.12565357983112335 -0.8304657340049744
2419    4  -70 39.048642 38.361143 -3.153287887573242 0.3036353290081024 8903 0.5435686707496643 0.1257379949092865 -0.8298934698104858
2420    4  -70 39.057112 38.367796 -5.319591999053955 1.7912706136703491 3061 0.5443030595779419 0.12625782191753387 -0.8293330073356628
2421    5  -70 39.064609 38.367963 -2.0946006774902344 0.7012516856193542 2610 0.544826865196228 0.1263212263584137 -0.8289792537689209
2422    4  -70 39.056885 38.361220 -4.175010681152344 0.5601673722267151 2744 0.5442100763320923 0.12581351399421692 -0.8294615149497986
2423    5  -70 39.064177 38.361054 -3.6966989040374756 1.2322548627853394 79 0.5447016358375549 0.12584848701953888 -0.8291335105895996
2424    3  -71 39.039482 38.353463 -7.787396430969238 2.2194693088531494 884 0.5426338315010071 0.12510956823825836 -0.830599844455719
2425    6  -70 39.075518 38.368129 -2.144108295440674 0.6076847910881042 2663 0.5458142161369324 0.12645956873893738 -0.8283084034919739
2426    7  -70 39.082848 38.367957 -5.256588459014893 1.9379842281341553 2311 0.5463529229164124 0.1265038251876831 -0.8279464244842529
2427   88  -26 40.018515 38.757941 -0.7025852799415588 0.2534143030643463 2460 0.6208470463752747 0.14634095132350922 -0.7701514959335327
2428   87  -27 40.009795 38.750832 -1.091681718826294 0.4064229130744934 2697 0.6202322244644165 0.14582909643650055 -0.770743727684021
2429   88  -27 40.018495 38.750725 -1.471496820449829 0.6109351515769958 5799 0.6208620667457581 0.1458989381790161 -0.7702232599258423
2430   89  -26 40.027616 38.757650 -2.013458013534546 0.8717129230499268 196 0.6215003132820129 0.1464003026485443 -0.7696130871772766
2431   90  -26 40.036723 38.757562 -4.120517730712891 0.6511861085891724 182 0.6221023797988892 0.14645999670028687 -0.7691152095794678
2432   89  -27 40.027466 38.751404 -3.2949185371398926 0.625608503818512 200 0.6214592456817627 0.14600487053394318 -0.7697213888168335
2433   87  -27 40.009830 38.743685 -2.179532766342163 0.3575606942176819 149 0.6202343702316284 0.14538782835006714 -0.7708253860473633
2434   84  -29 39.973313 38.730129 -0.9347690343856812 0.45630425214767456 227 0.6175925135612488 0.14423860609531403 -0.7731589674949646
2435   85  -29 39.982095 38.729715 -0.345408171415329 0.234109029173851 150 0.6182388663291931 0.14429053664207458 -0.7726325392723083
2436  142    4 40.650916 39.029313 -1.0667227506637573 0.8788514733314514 195 0.6646896600723267 0.15378372371196747 -0.7311211824417114
2437  141    2 40.631209 39.014204 -0.6144094467163086 0.3797307014465332 187 0.6633585691452026 0.1528322696685791 -0.7325283288955688
2438  142    2 40.650043 39.014674 -1.0263230800628662 0.925299882888794 629 0.6641725301742554 0.15467558801174164 -0.7314029932022095
2439  145  -24 40.670860 38.768289 -2.9241950511932373 0.3599214255809784 726 0.661268413066864 0.1580810695886612 -0.7333037853240967
2440  149  -22 40.724582 38.782296 -2.322347640991211 0.4555308520793915 591 0.6644474267959595 0.15933765470981598 -0.7301514744758606
2441   14   64 39.173035 39.583064 0.38451990485191345 1.0536854267120361 2005 0.5744099617004395 0.1377384513616562 -0.8068961501121521
2442   56  -29 39.645191 38.736349 -1.5853979587554932 0.6169885396957397 42 0.594398558139801 0.1418846994638443 -0.7915548086166382
2443   62  -29 39.717254 38.735249 -1.5900601148605347 0.5360275506973267 42 0.5996413826942444 0.14246146380901337 -0.7874864935874939
2444   56  -34 39.644637 38.686929 -3.053943395614624 1.0922778844833374 40 0.5941183567047119 0.13885696232318878 -0.7923017740249634
2445   60  -33 39.699673 38.693681 -2.6388487815856934 1.2168656587600708 42 0.5981941819190979 0.13975907862186432 -0.7890697717666626
2446   63  -33 39.734879 38.693254 -2.2826650142669678 0.7831229567527771 190 0.6007163524627686 0.1400303840637207 -0.7871031165122986
2447   60  -36 39.700828 38.670158 -2.1506097316741943 1.1477242708206177 168 0.5980240702629089 0.13875509798526764 -0.7893758416175842
2448   63  -36 39.734682 38.664962 -2.6798200607299805 0.8217265605926514 182 0.6000934839248657 0.1403001993894577 -0.7875300645828247
2449  134   66 40.567642 39.592216 -3.9647912979125977 1.2574710845947266 770 0.6656925082206726 0.15912075340747833 -0.729063868522644
2450  146   67 40.709087 39.593676 -3.742549180984497 1.9979678392410278 687 0.6739794015884399 0.15990906953811646 -0.7212356925010681
2451  137   59 40.598376 39.523144 -4.4635467529296875 0.837972104549408 606 0.6671954393386841 0.15763458609580994 -0.7280120849609375
2452  143   58 40.670254 39.517269 -4.752832412719727 1.0333484411239624 1624 0.6705118417739868 0.16127100586891174 -0.7241584658622742
2453  150   59 40.745517 39.518965 -4.664952754974365 0.9260522723197937 865 0.6743553280830383 0.1639554500579834 -0.7199746370315552
2454   -2  -78 38.976479 38.290771 -5.796938419342041 0.10217458009719849 2350 0.5344992280006409 0.1306189000606537 -0.8350145816802979
2455   -1  -77 38.985260 38.297882 -5.675881385803223 0.1410745531320572 2683 0.5352381467819214 0.13117079436779022 -0.8344545364379883
2456    0  -77 38.994110 38.297805 -6.00217866897583 0.29428747296333313 2680 0.5359730124473572 0.13126108050346375 -0.8339685201644897
2457   -1  -78 38.985683 38.290987 -5.950254440307617 0.15724028646945953 2397 0.5352861285209656 0.13073699176311493 -0.8344918489456177
2458    0  -78 38.994076 38.290793 -5.955381393432617 0.14837247133255005 2339 0.5359859466552734 0.1308148056268692 -0.8340303301811218
2459    0  -77 39.002922 38.304826 -5.34433126449585 0.15105284750461578 2589 0.5367276668548584 0.1318122148513794 -0.8333960771560669
2460    1  -77 39.012005 38.304884 -5.000664710998535 0.07401976734399796 2042 0.537519097328186 0.1319231390953064 -0.8328682780265808
2461    1  -76 39.021032 38.311847 -5.354479789733887 0.06553594768047333 2734 0.5383033156394958 0.13247708976268768 -0.8322736620903015
2462    2  -76 39.029934 38.311659 -5.470527648925781 0.12451392412185669 2416 0.539073646068573 0.13256849348545074 -0.8317603468894958
2463    1  -77 39.020861 38.304717 -5.162327766418457 0.10766443610191345 2302 0.5382910370826721 0.13201649487018585 -0.8323547840118408
2464    2  -77 39.029971 38.304917 -5.318188190460205 0.09445128589868546 2557 0.5390917062759399 0.13213804364204407 -0.8318171501159668
2465    0  -77 39.002900 38.297601 -6.136658191680908 0.37541601061820984 13 0.5367172956466675 0.13134586811065674 -0.8334763646125793
2466    1  -77 39.011866 38.297755 -5.369203090667725 0.2698207199573517 38 0.5374977588653564 0.1314607411623001 -0.8329551219940186
2467    0  -78 39.002931 38.290701 -6.263951778411865 0.12791617214679718 7 0.5367376208305359 0.1309066116809845 -0.8335323929786682
2468    1  -78 39.011728 38.290840 -5.931922435760498 0.1830606907606125 30 0.5374826192855835 0.1310136318206787 -0.8330353498458862
2469    2  -78 39.025440 38.294215 -5.763141632080078 0.5048108100891113 24 0.5387091040611267 0.13139869272708893 -0.832181990146637
2470   -2  -79 38.967230 38.283582 -5.552955150604248 0.25309258699417114 36 0.5336793661117554 0.13004757463932037 -0.8356279134750366
2471   -2  -79 38.976460 38.283540 -5.580896854400635 0.23956231772899628 38 0.5344944000244141 0.13015514612197876 -0.8350900411605835
2472   -2  -80 38.966919 38.276684 -4.933547496795654 0.15066395699977875 39 0.5336316227912903 0.12959818542003632 -0.8357282280921936
2473   -2  -80 38.976618 38.276619 -5.319901943206787 0.21497754752635956 42 0.5345110893249512 0.12971466779708862 -0.8351479172706604
2474   -1  -79 38.985240 38.283631 -6.1191558837890625 0.09685268998146057 38 0.5352359414100647 0.13025735318660736 -0.8345990777015686
2475    0  -79 38.993781 38.283801 -6.133877754211426 0.18104006350040436 32 0.5359482765197754 0.1303594559431076 -0.834125816822052
2476   -1  -80 38.985085 38.276569 -5.968522071838379 0.12539595365524292 3 0.5352176427841187 0.12980204820632935 -0.8346816897392273
2477    0  -80 38.993734 38.276619 -5.902251243591309 0.2415538728237152 9 0.5359317660331726 0.12989534437656403 -0.8342088460922241
2478   -2  -81 38.970990 38.265906 -5.460467338562012 0.30017992854118347 14 0.5339968800544739 0.12895847856998444 -0.8355938196182251
2479    0  -81 38.989479 38.266331 -5.908860683441162 0.3110809922218323 6 0.5355989336967468 0.12919627130031586 -0.8345310688018799
2480    0  -79 39.007179 38.280267 -5.947784423828125 0.18826806545257568 24 0.5370970964431763 0.13028430938720703 -0.8333982825279236
2481    2  -79 39.025383 38.280125 -6.248358726501465 0.33836817741394043 36 0.5387375950813293 0.130499467253685 -0.8323050141334534
2482    0  -81 39.007019 38.265947 -6.357601642608643 0.4500340223312378 31 0.5371054410934448 0.12936793267726898 -0.8335356712341309
2483    2  -81 39.024480 38.266153 -6.128058910369873 0.8439483046531677 35 0.5386874675750732 0.1295967847108841 -0.8324785828590393
2484   -8  -82 38.904742 38.255489 -5.214061260223389 0.14732621610164642 36 0.5283240675926208 0.12755468487739563 -0.8394066691398621
2485   -9  -83 38.896186 38.248800 -5.209471702575684 0.08555321395397186 37 0.5275453925132751 0.127024844288826 -0.8399765491485596
2486   -8  -83 38.904893 38.248385 -5.0077972412109375 0.15905997157096863 34 0.5283475518226624 0.12710857391357422 -0.8394595384597778
2487   -7  -82 38.914045 38.255597 -4.962477207183838 0.16931842267513275 39 0.5291624665260315 0.12767602503299713 -0.8388599753379822
2488   -6  -82 38.922962 38.255381 -4.845941066741943 0.09703397005796432 35 0.5299550890922546 0.127768874168396 -0.8383452296257019
2489   -7  -83 38.914052 38.248532 -4.832777500152588 0.08147549629211426 39 0.5291780829429626 0.12723086774349213 -0.8389176726341248
2490   -6  -83 38.922479 38.248477 -4.906111717224121 0.13584764301776886 34 0.5299044251441956 0.12732209265232086 -0.838445246219635
2491   62   95 39.728942 39.861021 -3.8549435138702393 0.9122530817985535 16 0.6181130409240723 0.14730675518512726 -0.7721638679504395
2492   56   89 39.655136 39.806981 -2.62693190574646 1.2838811874389648 20 0.6117784976959229 0.14983564615249634 -0.7767086625099182
2493   62   90 39.729228 39.809902 -3.2722787857055664 1.0172210931777954 38 0.6169286370277405 0.15065020322799683 -0.7724659442901611
2494   17  -58 39.195622 38.470158 -2.7093796730041504 0.7489045262336731 17 0.5559424161911011 0.13438792526721954 -0.8202852606773376
2495   74   83 39.873819 39.748475 -3.452632188796997 0.9463077187538147 38 0.6263367533683777 0.14788921177387238 -0.765395998954773
2496   74   77 39.869907 39.694870 -3.6030421257019043 0.6850103735923767 36 0.6246378421783447 0.15011130273342133 -0.7663511633872986
2497   84   92 39.984000 39.831260 -4.164218902587891 1.3262817859649658 47 0.6331779956817627 0.15351708233356476 -0.7586291432380676
2498   96   92 40.130620 39.831665 -4.37848424911499 1.0825098752975464 38 0.6423750519752502 0.15481823682785034 -0.7505902051925659
2499   48  -43 39.554788 38.610054 -2.0753002166748047 0.46633046865463257 42 0.585029125213623 0.1428963840007782 -0.7983241677284241
2500   51  -43 39.592451 38.610303 -1.923392415046692 0.45497581362724304 28 0.5880417823791504 0.14332546293735504 -0.796030580997467
2501   42  -46 39.482559 38.581562 -2.887639284133911 0.5534053444862366 41 0.5795225501060486 0.1401912420988083 -0.802807629108429
