Number xind yind east north data err wgt Elos Nlos Ulos
********************************************************
   0 -102 -120 37.832951 37.909438 -0.38061416149139404 0.2773612141609192 51 -0.578855037689209 0.13794925808906555 -0.8036771416664124
   1 -103 -121 37.823795 37.902446 -0.36093029379844666 0.19254598021507263 43 -0.5796188712120056 0.13751789927482605 -0.803200364112854
   2 -102 -121 37.833269 37.902841 -0.6582459211349487 0.09244649112224579 47 -0.5784006118774414 0.13941262662410736 -0.8037517666816711
   3 -104 -121 37.806335 37.895462 0.18428051471710205 0.13033802807331085 54 -0.5805996656417847 0.13829058408737183 -0.802358865737915
   4 -104 -121 37.815486 37.895438 0.2154356837272644 0.060709211975336075 47 -0.5799991488456726 0.13807475566864014 -0.8028302788734436
   5 -105 -122 37.806236 37.888379 -0.2450719028711319 0.17422698438167572 43 -0.5804346799850464 0.1386566162109375 -0.8024150729179382
   6 -104 -122 37.815335 37.888599 -0.2712002098560333 0.22007618844509125 47 -0.5797738432884216 0.1384124606847763 -0.8029348254203796
   7 -103 -121 37.823784 37.895487 -0.22660578787326813 0.18662796914577484 49 -0.5794365406036377 0.1379331350326538 -0.8032607436180115
   8 -102 -121 37.833261 37.895698 -0.057850874960422516 0.26572126150131226 40 -0.5779048204421997 0.14108692109584808 -0.8038162589073181
   9 -108 -123 37.770925 37.880923 0.08991172164678574 0.17749494314193726 46 -0.5827146172523499 0.13991472125053406 -0.8005420565605164
  10 -107 -123 37.780118 37.880986 0.4416908919811249 0.11883840709924698 49 -0.5820195078849792 0.1396700143814087 -0.8010903000831604
  11 -108 -124 37.771198 37.873894 0.19755242764949799 0.2380443662405014 41 -0.5824454426765442 0.14025001227855682 -0.8006792664527893
  12 -106 -123 37.789224 37.881012 -0.09858805686235428 0.38520705699920654 34 -0.5813435316085815 0.13943199813365936 -0.8016223907470703
  13 -105 -123 37.797636 37.881329 -0.3829154670238495 0.17216505110263824 35 -0.5808095335960388 0.1392180472612381 -0.802046537399292
  14 -102 -125 37.833722 37.860382 0.3934650421142578 0.17949539422988892 43 -0.5790538191795349 0.13267172873020172 -0.80442214012146
  15 -101 -120 37.841844 37.909794 -0.743007242679596 0.22503457963466644 50 -0.5776024460792542 0.14041265845298767 -0.8041515946388245
  16 -101 -120 37.850499 37.909677 -0.45356285572052 0.22200454771518707 44 -0.5770479440689087 0.14020533859729767 -0.8045856952667236
  17 -101 -121 37.842114 37.902623 -0.7628929615020752 0.2634318768978119 43 -0.5774158835411072 0.14083588123321533 -0.8042115569114685
  18 -101 -121 37.850885 37.902882 -0.4379642605781555 0.2762363851070404 43 -0.5768675208091736 0.14060552418231964 -0.804645299911499
  19 -100 -120 37.859390 37.909957 -0.9724357724189758 0.17485260963439941 40 -0.5765177011489868 0.13997624814510345 -0.8050056099891663
  20  -99 -120 37.868334 37.910108 -0.9200301170349121 0.18695369362831116 45 -0.5759613513946533 0.13974857330322266 -0.805443286895752
  21 -100 -121 37.859486 37.902833 -2.0744268894195557 0.7487990260124207 52 -0.5763688087463379 0.14040714502334595 -0.8050371408462524
  22  -99 -121 37.868664 37.902986 -1.0793583393096924 0.556631863117218 47 -0.5757975578308105 0.14017419517040253 -0.8054864406585693
  23 -160 -155 37.180905 37.586022 0.24336929619312286 0.755154550075531 43 -0.6193857192993164 0.15046638250350952 -0.77053302526474
  24 -159 -155 37.196584 37.588575 0.07279247790575027 0.7607471346855164 49 -0.6184639930725098 0.14996254444122314 -0.7713711857795715
  25 -160 -156 37.179424 37.574110 0.8499476909637451 0.2876725494861603 56 -0.6199784278869629 0.14749997854232788 -0.7706300020217896
  26 -159 -156 37.197200 37.574216 0.8475676774978638 0.24800193309783936 48 -0.6184381246566772 0.14888693392276764 -0.7716003060340881
  27 -155 -148 37.239240 37.651429 1.5589677095413208 0.8104873299598694 40 -0.617655873298645 0.1456727534532547 -0.772839367389679
  28 -150 -146 37.292177 37.667619 1.2136939764022827 0.5713907480239868 41 -0.6144555807113647 0.14352039992809296 -0.7757875323295593
  29 -147 -146 37.327483 37.667781 1.2744008302688599 0.4095197916030884 40 -0.6120687127113342 0.14265935122966766 -0.7778304815292358
  30 -150 -149 37.292444 37.639035 1.8761736154556274 0.7025209665298462 44 -0.6138491034507751 0.1450684815645218 -0.7759796380996704
  31 -148 -148 37.319018 37.646670 1.7750073671340942 0.6332447528839111 47 -0.6122517585754395 0.14401935040950775 -0.7774356603622437
  32 -146 -148 37.335695 37.646365 2.1474366188049316 0.5933437943458557 42 -0.6111000180244446 0.14362820982933044 -0.7784135341644287
  33 -148 -150 37.319216 37.632494 1.3417818546295166 1.0392653942108154 41 -0.6119360327720642 0.1447814404964447 -0.7775426506996155
  34 -146 -150 37.336836 37.632064 1.9886620044708252 0.7861360907554626 46 -0.6107661724090576 0.14438438415527344 -0.7785357236862183
  35 -231 -334 36.431899 35.959537 4.649166107177734 0.2865639626979828 47 -0.6470876932144165 0.1494201421737671 -0.7476302981376648
  36 -223 -335 36.525333 35.949983 4.366881370544434 1.2247475385665894 35 -0.6405885219573975 0.1491493582725525 -0.7532601356506348
  37 -222 -342 36.531470 35.890150 4.878252029418945 0.6392428874969482 50 -0.6397350430488586 0.14782360196113586 -0.754246175289154
  38 -210 -329 36.661606 36.004073 4.882078170776367 1.9844475984573364 29 -0.6323786377906799 0.14733070135116577 -0.7605201601982117
  39 -223 -348 36.529787 35.833866 5.195311069488525 0.3512520492076874 46 -0.6383353471755981 0.15093156695365906 -0.7548162937164307
  40 -208 -350 36.690030 35.820951 4.92354154586792 0.7149060368537903 50 -0.6275671720504761 0.14782346785068512 -0.7644001841545105
  41 -262 -201 36.043802 37.146608 0.3888489007949829 2.50704026222229 30 -0.6837352514266968 0.16188941895961761 -0.7115461230278015
  42 -194 -171 36.803152 37.434117 1.658460021018982 0.3683391213417053 56 -0.6437382102012634 0.1475626528263092 -0.7508837580680847
  43 -141 -140 37.396901 37.725634 1.3827956914901733 0.7618889212608337 48 -0.6068710088729858 0.1471680849790573 -0.7810564041137695
  44 -144 -143 37.362051 37.695695 2.264080047607422 0.5297743082046509 60 -0.6106023192405701 0.14038372039794922 -0.7793954610824585
  45 -141 -143 37.397634 37.696495 2.2843828201293945 0.6337394118309021 53 -0.6081267595291138 0.13950929045677185 -0.7814851999282837
  46 -138 -140 37.432332 37.725666 1.4992241859436035 0.396720826625824 52 -0.6043034195899963 0.14679664373397827 -0.7831144332885742
  47 -135 -139 37.458433 37.732832 1.8421753644943237 0.3540424406528473 55 -0.602758526802063 0.14578963816165924 -0.7844918966293335
  48 -134 -139 37.476662 37.733190 2.147158145904541 0.42776942253112793 58 -0.6014741659164429 0.14530998468399048 -0.7855659127235413
  49 -135 -141 37.458817 37.718975 1.5287351608276367 0.635068416595459 64 -0.6022443771362305 0.14647477865219116 -0.7847591042518616
  50 -134 -140 37.472934 37.722325 1.5459052324295044 0.2975499629974365 56 -0.6013422608375549 0.14594487845897675 -0.7855492234230042
  51 -133 -140 37.481429 37.722670 2.0761501789093018 0.5515462160110474 100 -0.6007647514343262 0.14571575820446014 -0.7860335111618042
  52 -134 -141 37.472355 37.715665 2.1541364192962646 0.577744722366333 196 -0.6011565923690796 0.14629465341567993 -0.785626232624054
  53 -133 -141 37.480970 37.716970 1.5956593751907349 0.2389385849237442 181 -0.6005932092666626 0.14601147174835205 -0.7861096858978271
  54 -138 -142 37.424022 37.704042 2.648804187774658 0.2821674644947052 203 -0.6061902642250061 0.13977622985839844 -0.7829405665397644
  55 -137 -142 37.441831 37.704566 2.0928382873535156 0.4780168831348419 2648 -0.6044161319732666 0.14142665266990662 -0.7840150594711304
  56 -138 -144 37.424571 37.690306 2.4806227684020996 0.6028162240982056 695 -0.60603266954422 0.13912524282932281 -0.7831785082817078
  57 -137 -143 37.437638 37.693982 0.9324793219566345 1.2721240520477295 719 -0.6052197813987732 0.13861392438411713 -0.7838974595069885
  58  -29  -98 38.664443 38.111739 -4.2237772941589355 1.8318711519241333 705 -0.5152297616004944 0.12691126763820648 -0.8476036190986633
  59  -29  -99 38.662031 38.104273 -3.289212226867676 1.3572787046432495 175 -0.5160027146339417 0.12427413463592529 -0.847524106502533
  60  -29  -99 38.666572 38.104474 -3.8135244846343994 0.9770515561103821 134 -0.5151047110557556 0.12642201781272888 -0.8477526903152466
  61  -28  -98 38.680413 38.107773 -1.2073583602905273 1.0588066577911377 179 -0.5139685869216919 0.12663857638835907 -0.8484097123146057
  62  -29 -100 38.664979 38.095165 -1.5693433284759521 1.5943628549575806 130 -0.5172361135482788 0.11783529072999954 -0.8476920127868652
  63  -27 -100 38.681909 38.094078 0.5372410416603088 1.0717926025390625 1143 -0.5155796408653259 0.11858905851840973 -0.8485954999923706
  64 -197 -206 36.780450 37.122838 3.151404619216919 1.896691083908081 523 -0.6393349766731262 0.153206929564476 -0.7535107135772705
  65 -219 -209 36.531983 37.090949 2.7494096755981445 0.4777976870536804 1225 -0.6552202105522156 0.15449216961860657 -0.7394718527793884
  66 -217 -208 36.557572 37.098400 2.6251373291015625 0.31908443570137024 916 -0.6528144478797913 0.15846465528011322 -0.7407578229904175
  67 -215 -208 36.575421 37.098810 2.9123716354370117 0.3243570923805237 1555 -0.6518691778182983 0.15804558992385864 -0.741679310798645
  68 -217 -209 36.558602 37.084351 3.0059549808502197 0.2955833077430725 23229 -0.6539006233215332 0.15282568335533142 -0.7409846782684326
  69 -215 -209 36.576179 37.084774 2.831423282623291 0.24517808854579926 1855 -0.6523726582527161 0.15457117557525635 -0.7419688105583191
  70 -219 -212 36.532151 37.062355 2.7147834300994873 0.5531606674194336 4201 -0.6559708118438721 0.15005353093147278 -0.739720344543457
  71 -217 -211 36.558529 37.070008 2.8401296138763428 0.33004042506217957 37689 -0.6546268463134766 0.1489730179309845 -0.7411279678344727
  72 -215 -211 36.571792 37.073974 3.2350354194641113 0.23187388479709625 728 -0.6540218591690063 0.1484382599592209 -0.7417691349983215
  73 -215 -211 36.580967 37.074225 3.029247999191284 0.4412948787212372 675 -0.6534149646759033 0.14819684624671936 -0.7423520684242249
  74 -215 -211 36.572352 37.066814 3.0120930671691895 0.29154905676841736 618 -0.6537382006645203 0.14885665476322174 -0.7419354319572449
  75 -215 -211 36.580811 37.067068 3.412616014480591 0.19824005663394928 668 -0.6532309055328369 0.14864401519298553 -0.7424246072769165
  76 -217 -212 36.559228 37.056326 3.2999894618988037 0.5428075790405273 673 -0.6542623043060303 0.14981701970100403 -0.7412797808647156
  77 -215 -212 36.572525 37.060038 3.4087319374084473 0.18234533071517944 164 -0.6535462141036987 0.14927396178245544 -0.7420206665992737
  78 -215 -212 36.581495 37.060355 3.1449291706085205 0.21732647716999054 165 -0.6529524922370911 0.149032324552536 -0.7425917387008667
  79 -215 -213 36.572720 37.052937 3.8696088790893555 0.26384228467941284 168 -0.6533375382423401 0.1497088223695755 -0.7421168088912964
  80 -215 -213 36.581798 37.053079 3.713911294937134 0.48548829555511475 45 -0.6527184247970581 0.14947205781936646 -0.7427090406417847
  81 -266 -312 36.038159 36.152129 2.2420997619628906 0.6806012392044067 34 -0.6720448136329651 0.16148363053798676 -0.7226885557174683
  82 -216 -232 36.569551 36.877000 2.8909082412719727 0.32135218381881714 38 -0.6507955193519592 0.14934349060058594 -0.7444203495979309
  83 -216 -233 36.569995 36.870019 3.3152871131896973 0.44223302602767944 23 -0.6505646705627441 0.14976191520690918 -0.7445380687713623
  84 -215 -232 36.578242 36.877120 4.171546459197998 0.22228430211544037 156 -0.6502667665481567 0.14913207292556763 -0.7449246644973755
  85 -215 -232 36.587059 36.877366 4.326667785644531 0.1541478931903839 157 -0.6497403383255005 0.14891096949577332 -0.7454280853271484
  86 -215 -233 36.578522 36.870075 4.417797565460205 0.1909034699201584 172 -0.6500492095947266 0.14955852925777435 -0.745029091835022
  87 -215 -233 36.587090 36.870280 4.491599082946777 0.18245138227939606 42 -0.6495350003242493 0.14934521913528442 -0.7455201745033264
  88 -216 -234 36.570339 36.862809 3.1167359352111816 0.5528331995010376 12 -0.6503391861915588 0.1501971185207367 -0.7446473836898804
  89 -217 -235 36.561479 36.855719 3.1075987815856934 0.13703615963459015 4 -0.6506910920143127 0.15084530413150787 -0.744208812713623
  90 -216 -235 36.570125 36.855747 2.714158296585083 0.296715646982193 36 -0.6501556038856506 0.15063753724098206 -0.7447187304496765
  91 -215 -234 36.578835 36.863169 3.9687294960021973 0.2214290052652359 85 -0.6498319506645203 0.1499757170677185 -0.745134711265564
  92 -215 -234 36.587625 36.863355 3.7501659393310547 0.28405794501304626 68 -0.6493064165115356 0.14975841343402863 -0.7456363439559937
  93 -215 -235 36.578727 36.856160 3.1613094806671143 0.3637505769729614 43 -0.6496387720108032 0.15040887892246246 -0.745215892791748
  94 -215 -235 36.588063 36.856261 3.646493673324585 0.21372301876544952 435 -0.6490738391876221 0.1501830667257309 -0.7457534074783325
  95 -218 -237 36.552635 36.834380 2.7430548667907715 0.45552128553390503 741 -0.6506006121635437 0.15236127376556396 -0.7439791560173035
  96 -218 -238 36.551170 36.829721 2.3911819458007812 0.3264073133468628 187 -0.6505548357963562 0.15268146991729736 -0.74395352602005
  97 -217 -236 36.561789 36.848633 3.1439850330352783 0.13371141254901886 163 -0.6504640579223633 0.1512720286846161 -0.7443206906318665
  98 -216 -235 36.569465 36.849383 2.6703007221221924 0.4072094261646271 161 -0.650013267993927 0.1510440856218338 -0.7447606921195984
  99 -217 -236 36.561836 36.842191 2.872809648513794 0.3444792628288269 172 -0.6502699255943298 0.15166547894477844 -0.7444102764129639
 100 -216 -236 36.567743 36.843324 2.5689356327056885 0.2711605429649353 675 -0.6499423384666443 0.15145666897296906 -0.7447388172149658
 101 -215 -236 36.587282 36.846579 2.959515333175659 0.928961455821991 161 -0.6488451361656189 0.15079593658447266 -0.7458287477493286
 102 -215 -238 36.587317 36.829819 2.7708077430725098 0.5346280336380005 43 -0.6483635306358337 0.15182366967201233 -0.746039092540741
 103 -156 -152 37.223307 37.610314 0.3748839199542999 0.7056137323379517 38 -0.617451548576355 0.14820313453674316 -0.7725214958190918
 104 -154 -151 37.248727 37.617676 1.6243168115615845 0.33339646458625793 41 -0.6161419153213501 0.14724262058734894 -0.7737497687339783
 105 -153 -152 37.266666 37.617665 1.981169581413269 0.379378080368042 38 -0.6149411201477051 0.14680889248847961 -0.7747867703437805
 106 -154 -153 37.248991 37.603391 2.0712881088256836 0.5278353691101074 179 -0.6155895590782166 0.14795780181884766 -0.7740529179573059
 107 -153 -153 37.266012 37.603944 1.9447084665298462 0.3900008201599121 43 -0.6144515872001648 0.1475120186805725 -0.7750415802001953
 108 -157 -155 37.214160 37.588556 0.6355742812156677 0.6690321564674377 36 -0.6173790693283081 0.14955754578113556 -0.7723183631896973
 109 -156 -155 37.231474 37.589158 1.5959794521331787 0.6653938293457031 38 -0.6163057684898376 0.14912091195583344 -0.7732594609260559
 110 -157 -156 37.214401 37.574696 1.3645367622375488 0.4556846618652344 36 -0.6170013546943665 0.15010175108909607 -0.7725145816802979
 111 -156 -156 37.227692 37.578224 1.226191520690918 0.3320598602294922 568 -0.6162335872650146 0.14978550374507904 -0.7731885313987732
 112 -155 -156 37.236473 37.578437 1.3699926137924194 0.32659077644348145 1439 -0.6156439185142517 0.14955857396125793 -0.773702085018158
 113 -156 -157 37.227978 37.571250 1.366433024406433 0.5090708136558533 41 -0.6160064935684204 0.15014316141605377 -0.7733001112937927
 114 -155 -157 37.236772 37.571553 1.7314754724502563 0.2391413301229477 41 -0.6154374480247498 0.14991606771945953 -0.7737970948219299
 115 -154 -155 37.249927 37.588972 1.1446226835250854 0.5905696153640747 27 -0.6150760054588318 0.14868378639221191 -0.7743220329284668
 116 -153 -154 37.262300 37.592562 1.3181583881378174 0.40102726221084595 43 -0.6143515110015869 0.14819471538066864 -0.7749907374382019
 117 -152 -154 37.272165 37.591089 1.5143040418624878 0.3003593683242798 37 -0.6136611104011536 0.1480347067117691 -0.7755680084228516
 118 -153 -155 37.262935 37.585972 1.881327509880066 0.3449673652648926 45 -0.6141936779022217 0.14854316413402557 -0.775049090385437
 119 -152 -155 37.271958 37.586103 2.3679966926574707 0.28557926416397095 41 -0.6135653853416443 0.1483098268508911 -0.7755911946296692
 120 -154 -156 37.245548 37.578816 1.1709705591201782 0.18583862483501434 45 -0.6150147318840027 0.14930886030197144 -0.7742504477500916
 121 -154 -156 37.254729 37.578611 0.6845108866691589 0.5025545358657837 46 -0.6144577860832214 0.14911095798015594 -0.7747306823730469
 122 -154 -157 37.245956 37.571665 0.8244513273239136 0.2943090498447418 50 -0.6147610545158386 0.14966924488544464 -0.7743823528289795
 123 -154 -157 37.254351 37.571826 0.9731757640838623 0.3562176823616028 47 -0.6142672896385193 0.14947131276130676 -0.7748122215270996
 124 -153 -156 37.263033 37.579100 2.2168455123901367 0.2349497377872467 49 -0.6139928102493286 0.1489022970199585 -0.775139331817627
 125 -152 -156 37.272296 37.579006 2.6284308433532715 0.0897989273071289 47 -0.6133212447166443 0.14866958558559418 -0.7757154703140259
 126 -151 -152 37.284183 37.618026 1.6904807090759277 0.29064714908599854 44 -0.6137819886207581 0.14636628329753876 -0.7757889628410339
 127 -149 -152 37.302032 37.618089 2.1375300884246826 0.304481565952301 42 -0.6125984787940979 0.14593364298343658 -0.7768052816390991
 128 -151 -153 37.284996 37.603794 1.3739513158798218 0.7059246897697449 42 -0.6131375432014465 0.1470496505498886 -0.7761693000793457
 129 -150 -153 37.298039 37.607516 1.7882360219955444 0.30898648500442505 40 -0.6124193668365479 0.14655019342899323 -0.7768304944038391
 130 -149 -153 37.306050 37.607499 2.4524056911468506 0.4244367778301239 46 -0.6119061708450317 0.1463625133037567 -0.7772701382637024
 131 -150 -153 37.298311 37.600499 1.460910677909851 0.5773257613182068 48 -0.6121246218681335 0.1468929499387741 -0.7769980430603027
 132 -149 -153 37.306644 37.600512 1.7298126220703125 0.46236711740493774 43 -0.6115975379943848 0.1466972827911377 -0.777449905872345
 133 -148 -151 37.315093 37.622131 2.5379140377044678 0.3433941900730133 44 -0.6118818521499634 0.14541621506214142 -0.777466893196106
 134 -147 -151 37.323819 37.622219 2.618675470352173 0.3601507544517517 37 -0.6112685799598694 0.1451931595802307 -0.7779908180236816
 135 -148 -152 37.315279 37.614849 2.4299662113189697 0.24902503192424774 45 -0.6115432381629944 0.14576482772827148 -0.7776679992675781
 136 -147 -152 37.324548 37.614870 2.922516345977783 0.22985097765922546 39 -0.6108953356742859 0.14553312957286835 -0.7782204151153564
 137 -147 -151 37.332819 37.622029 2.712860584259033 0.3564256727695465 41 -0.6105856895446777 0.14496776461601257 -0.7785689234733582
 138 -146 -151 37.341571 37.622278 2.6422901153564453 0.3023132383823395 41 -0.609982967376709 0.14473800361156464 -0.7790839076042175
 139 -147 -152 37.333208 37.615325 3.5835108757019043 0.22591343522071838 45 -0.6102970242500305 0.14529237151145935 -0.7787346839904785
 140 -146 -152 37.341845 37.615163 3.3721630573272705 0.32940125465393066 42 -0.6096558570861816 0.1450778990983963 -0.7792766690254211
 141 -148 -153 37.314961 37.607801 2.550307035446167 0.34756508469581604 44 -0.6112837791442871 0.1461227685213089 -0.7778047919273376
 142 -147 -153 37.324578 37.607959 1.954859972000122 0.532183051109314 42 -0.6106067895889282 0.14587274193763733 -0.7783832550048828
 143 -148 -153 37.316083 37.600859 1.9126251935958862 0.3593800663948059 39 -0.6109483242034912 0.146443709731102 -0.778007984161377
 144 -147 -153 37.333274 37.607899 2.449550151824951 0.8518258929252625 46 -0.6100184917449951 0.14566414058208466 -0.7788834571838379
 145  -93 -117 37.939170 37.938742 0.8068749904632568 0.10215194523334503 34 -0.5715698599815369 0.13615994155406952 -0.8091776371002197
 146  -94 -118 37.930031 37.931725 0.8799104690551758 0.16442298889160156 45 -0.5720212459564209 0.13681064546108246 -0.8087487816810608
 147  -93 -118 37.939402 37.931649 0.9853482246398926 0.22958868741989136 37 -0.5713091492652893 0.13655751943588257 -0.8092947006225586
 148  -95 -118 37.912834 37.924276 0.15382036566734314 0.44366753101348877 27 -0.5730273127555847 0.1376981884241104 -0.807885468006134
 149  -94 -118 37.921524 37.924511 0.13914898037910461 0.5614147782325745 6 -0.5723947882652283 0.13745027780532837 -0.8083759546279907
 150  -95 -119 37.912332 37.917279 -0.25764766335487366 0.27144595980644226 43 -0.5728611946105957 0.13812023401260376 -0.8079312443733215
 151  -94 -118 37.930493 37.924548 0.3491317927837372 0.4684257209300995 32 -0.5717394351959229 0.13720689713954926 -0.8088809251785278
 152  -93 -118 37.939585 37.924468 0.6018581986427307 0.49789947271347046 38 -0.5710775256156921 0.13696913421154022 -0.8093886375427246
 153  -92 -117 37.947873 37.938781 0.9091745018959045 0.41457244753837585 11 -0.5709162950515747 0.13592007756233215 -0.8096792101860046
 154  -91 -117 37.957160 37.939281 0.6376579403877258 0.3067595362663269 95 -0.5702426433563232 0.1356402486562729 -0.8102006912231445
 155  -92 -118 37.947925 37.932094 0.7230600714683533 0.12750579416751862 65 -0.5707031488418579 0.13630440831184387 -0.8097648024559021
 156  -91 -118 37.957006 37.931963 0.1592019498348236 0.34181278944015503 703 -0.5700241327285767 0.13606588542461395 -0.8102830052375793
 157  -90 -117 37.965976 37.939253 0.28059622645378113 0.17931506037712097 181 -0.5695909261703491 0.13540451228618622 -0.810698390007019
 158  -90 -117 37.974559 37.939132 -0.0612841360270977 0.22802229225635529 163 -0.5689528584480286 0.13518089056015015 -0.8111835718154907
 159 -140 -155 37.408896 37.591685 2.78735089302063 1.299756646156311 170 -0.604244589805603 0.1446179896593094 -0.7835650444030762
 160 -142 -156 37.390889 37.576395 2.3812508583068848 0.673872709274292 146 -0.6050193905830383 0.1458495855331421 -0.782738447189331
 161 -140 -156 37.409487 37.577401 2.2099711894989014 0.6400076746940613 200 -0.6037642359733582 0.14533622562885284 -0.7838023900985718
 162  -26  -96 38.702519 38.133436 -2.0422959327697754 0.5370697379112244 183 -0.5128054618835449 0.12466713786125183 -0.8494049310684204
 163  -25  -95 38.711645 38.140325 -2.515615701675415 0.33386579155921936 199 -0.512195348739624 0.12402214109897614 -0.8498673439025879
 164  -24  -95 38.720171 38.140163 -2.860544204711914 0.2811961770057678 46 -0.5115164518356323 0.12379167228937149 -0.8503096699714661
 165  -25  -96 38.711447 38.133209 -1.5183465480804443 0.6380342841148376 36 -0.5120801329612732 0.12442503124475479 -0.8498778343200684
 166  -24  -96 38.720258 38.133439 -1.443558931350708 0.6784008145332336 58 -0.5113592147827148 0.12415754050016403 -0.8503509163856506
 167  -26  -96 38.693843 38.126656 -1.2339926958084106 0.6312028169631958 28 -0.5133835077285767 0.125295028090477 -0.8489632606506348
 168  -26  -96 38.702461 38.126140 -0.30179154872894287 0.39741846919059753 199 -0.512643575668335 0.1250692456960678 -0.8494434952735901
 169  -26  -97 38.693353 38.119457 -0.3559752404689789 0.3903767168521881 33 -0.5132270455360413 0.12569646537303925 -0.8489985466003418
 170  -26  -97 38.702628 38.119797 -0.16626887023448944 0.1871972382068634 15 -0.5124202370643616 0.1253960132598877 -0.8495301008224487
 171  -25  -96 38.711506 38.126070 -0.3970663845539093 0.22257260978221893 45 -0.5118867754936218 0.1248081848025322 -0.849938154220581
 172  -24  -96 38.720556 38.126517 -0.06769368797540665 0.314184308052063 42 -0.5111406445503235 0.1245189681649208 -0.8504294753074646
 173  -25  -97 38.711506 38.119568 0.00157834030687809 0.17832553386688232 51 -0.5116553902626038 0.1251436322927475 -0.8500281572341919
 174  -24  -97 38.720881 38.119575 0.20638373494148254 0.1562151461839676 57 -0.510862410068512 0.12486640363931656 -0.8505457043647766
 175  -23  -95 38.729016 38.140513 -1.80282723903656 0.7928775548934937 53 -0.5108088254928589 0.12352057546377182 -0.8507744073867798
 176  -22  -95 38.738544 38.140309 -0.5809725522994995 0.16480503976345062 48 -0.5099846124649048 0.12324865162372589 -0.8513081669807434
 177  -23  -96 38.729249 38.133097 -0.7980456352233887 0.3352017402648926 41 -0.5105946063995361 0.12391304224729538 -0.8508459329605103
 178  -22  -96 38.738347 38.133542 -0.8552334308624268 0.16480667889118195 40 -0.5098273754119873 0.12361851334571838 -0.8513486385345459
 179  -21  -95 38.751650 38.137010 -0.7737175226211548 0.44352394342422485 43 -0.5087886452674866 0.12304074317216873 -0.8520534634590149
 180  -23  -97 38.734129 38.122719 0.05169385299086571 0.301885187625885 39 -0.509833812713623 0.12430817633867264 -0.8512443900108337
 181  -21  -97 38.751374 38.122593 -0.12750834226608276 0.26221105456352234 189 -0.5084143877029419 0.12381713092327118 -0.8521644473075867
 182  -26  -98 38.698147 38.108459 0.1743292361497879 0.26195448637008667 158 -0.5124329924583435 0.12612387537956238 -0.849414587020874
 183  -24  -98 38.716100 38.108467 0.025931531563401222 0.19862772524356842 176 -0.5108641386032104 0.12557823956012726 -0.8504399061203003
 184  -26 -100 38.699147 38.095549 0.4944017827510834 0.46995773911476135 48 -0.5135003924369812 0.12045177072286606 -0.8495932817459106
 185  -24 -100 38.715869 38.094047 0.2702576518058777 0.41772741079330444 38 -0.5118674039840698 0.12058204412460327 -0.8505597114562988
 186  -22  -99 38.744553 38.101927 0.2394484579563141 0.27838289737701416 43 -0.5084310173988342 0.12423792481422424 -0.8520932197570801
 187  -31 -103 38.635512 38.071529 -0.20822633802890778 1.0845568180084229 44 -0.5188232660293579 0.1199004277586937 -0.8464314937591553
 188  -28 -102 38.671887 38.072471 0.3497726321220398 0.46033668518066406 39 -0.5158330202102661 0.11881930381059647 -0.8484092950820923
 189  -32 -105 38.634977 38.045293 0.21569883823394775 0.7407592535018921 33 -0.5179531574249268 0.12129233032464981 -0.8467659950256348
 190  -28 -106 38.672954 38.044434 0.20370179414749146 0.3814532160758972 44 -0.5146552920341492 0.12022731453180313 -0.8489260077476501
 191  -24 -104 38.725504 38.058272 0.4607986807823181 0.6820355653762817 41 -0.5106810927391052 0.11799392104148865 -0.8516350984573364
 192  -45 -108 38.485350 38.023441 0.12874898314476013 0.6326441764831543 36 -0.5293976068496704 0.12670256197452545 -0.8388591408729553
 193  -43 -108 38.503109 38.023842 0.897709846496582 0.35619157552719116 41 -0.5279080271720886 0.12616018950939178 -0.839879035949707
 194  -45 -109 38.485917 38.009414 0.26775088906288147 0.46614870429039 36 -0.5288115739822388 0.12742212414741516 -0.8391196727752686
 195  -43 -109 38.502260 38.009219 0.533624529838562 0.2832694947719574 39 -0.5275297164916992 0.12697727978229523 -0.8399935960769653
 196  -41 -108 38.529629 38.017198 1.0122281312942505 0.31497636437416077 42 -0.5254803895950317 0.12574687600135803 -0.8414618372917175
 197  -44 -112 38.493836 37.987645 0.3599795997142792 0.9864364862442017 47 -0.5273457765579224 0.12833809852600098 -0.8399022221565247
 198  -41 -112 38.531083 37.988317 1.1404470205307007 0.6296799778938293 44 -0.5242428183555603 0.12720736861228943 -0.8420141339302063
 199  -36 -110 38.582923 38.002921 0.5340071320533752 1.2357958555221558 35 -0.5205482840538025 0.12495516240596771 -0.8446394205093384
 200  -42 -116 38.512727 37.945461 1.6443485021591187 0.48944756388664246 39 -0.5259018540382385 0.12353213131427765 -0.8415266275405884
 201  -36 -116 38.582801 37.947156 1.203888177871704 1.2660528421401978 36 -0.5195617079734802 0.12360195815563202 -0.8454455733299255
 202  -77  161 38.085610 40.446816 8.59592056274414 0.7215156555175781 48 -0.6022751331329346 0.14491888880729675 -0.7850243449211121
 203  -40   98 38.522377 39.887063 0.5487385392189026 0.7638620734214783 39 -0.5612138509750366 0.1368013620376587 -0.8162869811058044
 204  -30  101 38.643413 39.913649 0.6102918386459351 0.6090288162231445 41 -0.5529213547706604 0.13257822394371033 -0.8226183652877808
 205  -23  102 38.725157 39.921211 1.205554723739624 0.5668452978134155 33 -0.5469660758972168 0.12993866205215454 -0.8270091414451599
 206  -48  -92 38.441711 38.169122 -0.9650728702545166 0.5996437072753906 41 -0.5356752276420593 0.1303829848766327 -0.8342974781990051
 207  -89 -101 37.974929 38.084320 -1.0587196350097656 1.0051679611206055 40 -0.5713077187538147 0.13702471554279327 -0.8092167377471924
 208  -80  -98 38.086276 38.112927 -0.48508596420288086 0.5503571033477783 40 -0.5639227628707886 0.13293924927711487 -0.8150572776794434
 209  -74  -98 38.155708 38.112619 -0.47059154510498047 0.8896215558052063 48 -0.5586870312690735 0.1310771405696869 -0.8189552426338196
 210  -80 -104 38.082886 38.056024 0.0370464101433754 0.6212582588195801 43 -0.5624103546142578 0.13628415763378143 -0.8155496716499329
 211  -75 -102 38.138446 38.070339 -0.22197304666042328 0.7634300589561462 37 -0.558625340461731 0.13393555581569672 -0.8185346722602844
 212  -72 -102 38.172329 38.069863 0.02169049344956875 0.47630956768989563 40 -0.5560116767883301 0.1330268234014511 -0.8204601407051086
 213  -75 -105 38.140396 38.043929 -0.158478245139122 0.6059044599533081 51 -0.5574883222579956 0.13533976674079895 -0.8190786838531494
 214  -73 -105 38.164633 38.049972 -0.5713157653808594 0.652152419090271 46 -0.5559394359588623 0.1343538761138916 -0.8202928304672241
 215  -71 -105 38.182260 38.049196 0.04932193458080292 0.3968579173088074 33 -0.55452960729599 0.13390104472637177 -0.8213205337524414
 216  -73 -106 38.164800 38.035909 -0.2786308825016022 0.40274906158447266 34 -0.5552348494529724 0.13508200645446777 -0.8206504583358765
 217  -71 -106 38.181796 38.035487 0.1808146983385086 0.2682402431964874 41 -0.5539172291755676 0.1346329301595688 -0.8216140866279602
 218  -94 -109 37.925244 38.012581 0.06613337993621826 0.8381010293960571 40 -0.5749101042747498 0.13225966691970825 -0.807456374168396
 219  -91 -108 37.960290 38.014317 -0.5032709240913391 0.6199404001235962 36 -0.5723973512649536 0.1312345415353775 -0.8094064593315125
 220  -94 -112 37.925686 37.984437 0.3500417470932007 0.5365743637084961 37 -0.5740811824798584 0.1338987648487091 -0.8077758550643921
 221  -91 -112 37.962023 37.983120 -0.5134636759757996 0.7524285912513733 43 -0.5713462829589844 0.1330026388168335 -0.8098602890968323
 222  -88 -109 37.996250 38.013676 -0.3546353876590729 0.4270387887954712 45 -0.5697263479232788 0.1303325891494751 -0.8114341497421265
 223  -85 -108 38.030826 38.014473 -0.21384045481681824 0.48427921533584595 34 -0.5669233798980713 0.13087999820709229 -0.8133070468902588
 224  -88 -112 37.995226 37.984989 -0.05537378787994385 0.5916939377784729 42 -0.5689337253570557 0.13200587034225464 -0.8117197155952454
 225  -85 -111 38.023366 37.994012 -0.2482685148715973 0.6120344996452332 38 -0.5670387744903564 0.13071690499782562 -0.8132527470588684
 226  -84 -111 38.039766 37.991654 0.051375262439250946 0.29631495475769043 165 -0.5657390356063843 0.13041377067565918 -0.8142061233520508
 227  -85 -112 38.022894 37.978215 0.07701588422060013 0.5941662788391113 155 -0.5665896534919739 0.13163824379444122 -0.8134171962738037
 228  -84 -112 38.040625 37.978415 -0.08501829206943512 0.39961352944374084 166 -0.5652450323104858 0.1311453878879547 -0.8144316673278809
 229  -95 -114 37.915324 37.963225 0.8751843571662903 0.4532133638858795 42 -0.5743541717529297 0.1354445219039917 -0.8073239922523499
 230 -219 -241 36.536456 36.799006 2.280876398086548 0.22950273752212524 33 -0.6505648493766785 0.15491729974746704 -0.7434823513031006
 231 -215 -239 36.585937 36.816510 2.875117778778076 0.3857535719871521 43 -0.6480475664138794 0.1527511179447174 -0.746124267578125
 232 -216 -241 36.569776 36.801699 3.312825918197632 0.46054765582084656 42 -0.6486188769340515 0.1539624184370041 -0.7453784942626953
 233 -215 -241 36.584894 36.802927 3.5310020446777344 0.3246019780635834 41 -0.6477307081222534 0.15356580913066864 -0.7462322115898132
 234 -219 -242 36.536389 36.792997 2.3256945610046387 0.37102609872817993 42 -0.6503947377204895 0.155287966132164 -0.743553876876831
 235 -220 -243 36.533594 36.784145 1.819947361946106 0.18698953092098236 43 -0.6503079533576965 0.15589763224124908 -0.7435022592544556
 236 -218 -242 36.557226 36.791393 2.3317465782165527 0.28931838274002075 45 -0.6490790247917175 0.15489083528518677 -0.7447853088378906
 237 -218 -243 36.556415 36.784659 2.4486560821533203 0.5662566423416138 44 -0.6489347219467163 0.15532329678535461 -0.7448210716247559
 238 -218 -244 36.552819 36.773723 3.065580368041992 0.41480377316474915 46 -0.6488377451896667 0.15607967972755432 -0.7447474002838135
 239 -209 -211 36.642120 37.075530 3.07261323928833 0.1697569340467453 35 -0.6476830244064331 0.15428942441940308 -0.746124267578125
 240 -208 -211 36.651056 37.075605 3.3180112838745117 0.20646029710769653 33 -0.64791339635849 0.15083657205104828 -0.7466301918029785
 241 -209 -211 36.642475 37.068386 2.896261692047119 0.2582160532474518 33 -0.6490837335586548 0.14776352047920227 -0.746228039264679
 242 -208 -211 36.651351 37.068530 3.5333175659179688 0.27876511216163635 30 -0.6477799415588379 0.15089307725429535 -0.7467344999313354
 243 -210 -212 36.633973 37.061282 3.7234487533569336 0.22130186855793 31 -0.6495500802993774 0.14769624173641205 -0.7458354830741882
 244 -211 -213 36.627805 37.053498 2.727484941482544 0.3231745660305023 29 -0.6497025489807129 0.14831840991973877 -0.745579183101654
 245 -210 -213 36.634163 37.054293 3.529698371887207 0.26790136098861694 38 -0.6493422985076904 0.1481219083070755 -0.7459319233894348
 246 -209 -212 36.642689 37.061348 3.437382459640503 0.16799722611904144 35 -0.6487094759941101 0.1488838791847229 -0.746330738067627
 247 -208 -212 36.651506 37.061642 3.4498450756073 0.10075622797012329 33 -0.6475815773010254 0.15126663446426392 -0.7468309998512268
 248 -209 -213 36.642878 37.054391 3.6776857376098633 0.1304321140050888 27 -0.6483464241027832 0.14996954798698425 -0.7464287877082825
 249 -208 -213 36.651674 37.054584 3.474334478378296 0.13048167526721954 39 -0.6473748087882996 0.15164899826049805 -0.7469326853752136
 250 -220 -214 36.526145 37.041565 3.1916849613189697 0.5986371636390686 32 -0.655807614326477 0.1514938771724701 -0.7395714521408081
 251 -175 -165 37.018065 37.490613 2.4973483085632324 0.5104352831840515 38 -0.6294274926185608 0.1495203673839569 -0.7625383138656616
 252 -174 -165 37.026924 37.490915 3.0353102684020996 0.126130610704422 36 -0.6288694739341736 0.14929646253585815 -0.7630425095558167
 253 -173 -164 37.034937 37.505231 1.5082111358642578 0.5328357815742493 142 -0.6287583112716675 0.14834243059158325 -0.7633200883865356
 254 -172 -164 37.043953 37.505134 2.5222384929656982 0.30104124546051025 132 -0.6282215714454651 0.14814668893814087 -0.7637999057769775
 255 -173 -164 37.035430 37.497841 2.5202550888061523 0.14228539168834686 137 -0.628537654876709 0.1487303376197815 -0.7634263038635254
 256 -172 -164 37.044073 37.497969 2.7266218662261963 0.183053657412529 107 -0.6280114054679871 0.1485264003276825 -0.7638989090919495
 257 -172 -164 37.052864 37.505049 2.799085855484009 0.17804096639156342 120 -0.627676784992218 0.14794926345348358 -0.7642858624458313
 258 -171 -164 37.061651 37.505469 2.953030824661255 0.11841604858636856 93 -0.6271268129348755 0.14772085845470428 -0.7647814154624939
 259 -174 -169 37.027705 37.455517 3.1112797260284424 1.6673575639724731 146 -0.62779301404953 0.15116392076015472 -0.7635610103607178
 260 -171 -168 37.062908 37.470340 1.6212806701660156 0.3513629734516144 527 -0.6259734630584717 0.14954647421836853 -0.7653712034225464
 261 -173 -168 37.044294 37.463427 3.127354621887207 1.1550894975662231 489 -0.6269599199295044 0.1503511518239975 -0.7644055485725403
 262 -173 -169 37.036475 37.455607 2.4850850105285645 1.5492428541183472 446 -0.6272373199462891 0.15095271170139313 -0.7640593647956848
 263 -172 -169 37.045096 37.455783 1.106346607208252 0.9600127339363098 570 -0.6266898512840271 0.15073949098587036 -0.764550507068634
 264 -171 -169 37.057721 37.460222 0.20884676277637482 0.2418087124824524 494 -0.6260087490081787 0.15020564198493958 -0.7652133107185364
 265 -171 -168 37.063025 37.463079 1.1680725812911987 0.3631215989589691 2101 -0.6257584095001221 0.149929940700531 -0.7654720544815063
 266 -172 -169 37.054206 37.455423 1.7755900621414185 0.5024877786636353 129 -0.6260966062545776 0.15054383873939514 -0.7650749087333679
 267 -171 -169 37.062907 37.456150 1.887946605682373 0.29786786437034607 140 -0.6255626082420349 0.15030066668987274 -0.7655594348907471
 268 -168 -147 37.092848 37.652925 1.3030270338058472 1.059923529624939 140 -0.6274674534797668 0.14911767840385437 -0.7642307281494141
 269 -161 -148 37.175141 37.650029 1.8514691591262817 0.9214079976081848 155 -0.6219407320022583 0.1472993940114975 -0.7690855860710144
 270 -167 -154 37.102252 37.594881 1.1626243591308594 1.172688364982605 526 -0.6257407069206238 0.14792941510677338 -0.7658755779266357
 271 -163 -152 37.144344 37.613297 1.7848013639450073 0.8332695364952087 615 -0.6226787567138672 0.1499287486076355 -0.7679795622825623
 272 -159 -152 37.191012 37.612707 0.344131737947464 0.7174761295318604 550 -0.6195545196533203 0.1488300859928131 -0.7707151174545288
 273 -162 -156 37.155201 37.574627 0.3138244152069092 1.0586800575256348 2548 -0.6219960451126099 0.1461428999900818 -0.7692614197731018
 274 -122 -132 37.613188 37.794738 0.7789407968521118 0.12262847274541855 2365 -0.5937215089797974 0.13876506686210632 -0.7926153540611267
 275 -123 -134 37.595762 37.780412 1.4155478477478027 0.33100613951683044 2382 -0.5945338010787964 0.1399286389350891 -0.7918015122413635
 276 -126 -136 37.560456 37.765797 1.5355274677276611 0.2120676338672638 5713 -0.5965655446052551 0.1415472775697708 -0.7899835109710693
 277 -126 -135 37.569361 37.766147 1.254410743713379 0.22146467864513397 3373 -0.595939576625824 0.14130565524101257 -0.7904990315437317
 278 -126 -136 37.559951 37.760261 1.5843520164489746 0.32843294739723206 1000 -0.5963890552520752 0.14183197915554047 -0.7900657057762146
 279 -126 -136 37.569779 37.760783 1.307999849319458 0.42025092244148254 772 -0.5957027077674866 0.14155824482440948 -0.7906323671340942
 280 -125 -135 37.577978 37.766362 1.4052530527114868 0.15704528987407684 1571 -0.5953195095062256 0.14107544720172882 -0.7910072207450867
 281 -200 -198 36.744586 37.190071 2.9361066818237305 0.4024551510810852 10885 -0.6429975032806396 0.15216976404190063 -0.7505988478660583
 282 -199 -198 36.753212 37.190184 3.451923131942749 0.16319304704666138 2539 -0.642460286617279 0.1519637405872345 -0.7511004209518433
 283 -200 -199 36.744619 37.183106 3.4766151905059814 0.1478879302740097 1757 -0.6427872776985168 0.1525448113679886 -0.7507027387619019
 284 -199 -199 36.753401 37.183194 3.4790093898773193 0.24131935834884644 1851 -0.6422436833381653 0.15233740210533142 -0.7512099146842957
 285 -201 -200 36.736107 37.176018 2.961102247238159 0.29719001054763794 607 -0.6431114673614502 0.15312528610229492 -0.7503068447113037
 286 -201 -200 36.728452 37.170426 1.5409016609191895 0.2862652838230133 433 -0.643424391746521 0.15360422432422638 -0.7499404549598694
 287 -201 -200 36.736803 37.169274 1.5049381256103516 0.5188310742378235 480 -0.6428766846656799 0.15347453951835632 -0.7504366636276245
 288 -200 -200 36.744690 37.176255 3.136174440383911 0.18566802144050598 186 -0.6425875425338745 0.15291506052017212 -0.7507984638214111
 289 -199 -200 36.753687 37.176212 2.8517024517059326 0.27028730511665344 99 -0.6420286297798157 0.15270984172821045 -0.7513181567192078
 290 -200 -200 36.745108 37.169106 2.9512040615081787 1.1934829950332642 168 -0.6423593759536743 0.15329310297966003 -0.750916600227356
 291 -199 -200 36.753814 37.169021 2.903676986694336 0.413496196269989 127 -0.6418230533599854 0.1530982106924057 -0.7514147758483887
 292 -198 -198 36.766070 37.186904 2.523695468902588 0.8630802631378174 597 -0.6415594816207886 0.15184380114078522 -0.7518942356109619
 293 -196 -198 36.783914 37.187354 2.6708991527557373 0.9560168385505676 577 -0.6404823660850525 0.1514127105474472 -0.7528987526893616
 294 -198 -200 36.766637 37.172888 2.7804720401763916 0.3642900288105011 578 -0.6411579251289368 0.15259769558906555 -0.7520840764045715
 295 -196 -200 36.784199 37.173287 2.903207778930664 0.1813952773809433 609 -0.64009028673172 0.15217366814613342 -0.7530787587165833
 296 -111 -116 37.728582 37.940187 -0.24996869266033173 0.7333200573921204 682 -0.5878136157989502 0.13807080686092377 -0.7971271276473999
 297 -105 -110 37.798131 37.998693 -0.3713930547237396 0.8277654647827148 625 -0.5833690166473389 0.13840055465698242 -0.8003286719322205
 298  -99 -110 37.871235 38.000274 0.21749165654182434 0.8046092391014099 579 -0.5784209370613098 0.13544107973575592 -0.8044158816337585
 299 -106 -115 37.785275 37.956052 1.3687694072723389 0.8543956279754639 108 -0.5844719409942627 0.13591192662715912 -0.7999503016471863
 300 -103 -115 37.818770 37.957233 1.6065242290496826 0.5735052824020386 120 -0.5820000171661377 0.13514567911624908 -0.8018800616264343
 301 -107 -118 37.782475 37.925451 1.517580509185791 0.6366361379623413 147 -0.5836211442947388 0.13748714327812195 -0.800302267074585
 302 -103 -118 37.819013 37.926977 1.546461820602417 0.6284793615341187 155 -0.5808067321777344 0.13652794063091278 -0.8025107979774475
 303 -142  145 37.318221 40.299198 0.8512443900108337 0.5946416854858398 131 -0.6484081149101257 0.15697802603244781 -0.7449327111244202
 304  -45 -105 38.480505 38.047515 -0.013590659946203232 0.10551691800355911 37 -0.5304520130157471 0.12551197409629822 -0.8383718729019165
 305  -44 -105 38.489370 38.047987 -0.2781507074832916 0.2586425840854645 39 -0.5297386050224304 0.12523292005062103 -0.8388645648956299
 306  -44 -104 38.497382 38.055129 0.13301213085651398 0.326526403427124 39 -0.5294162631034851 0.12464263290166855 -0.839155912399292
 307  -43 -104 38.508264 38.055330 0.374849408864975 0.15042701363563538 31 -0.528477132320404 0.12430965155363083 -0.8397970795631409
 308  -44 -105 38.498214 38.047947 -0.23830768465995789 0.2986898720264435 45 -0.5290195345878601 0.12498462200164795 -0.8393552303314209
 309  -43 -105 38.506865 38.047783 0.35728925466537476 0.2682611346244812 37 -0.5283079147338867 0.12474755197763443 -0.8398386240005493
 310  -45 -106 38.480360 38.041090 0.3712121844291687 0.22628489136695862 44 -0.5303703546524048 0.12589049339294434 -0.8383668065071106
 311  -44 -106 38.489614 38.041419 0.06291192770004272 0.37148869037628174 40 -0.529617428779602 0.12560687959194183 -0.8388852477073669
 312  -45 -107 38.479947 38.033974 0.46540355682373047 0.28145840764045715 109 -0.5302660465240479 0.1263091266155243 -0.8383698463439941
 313  -44 -107 38.489508 38.034337 0.031069917604327202 0.16918906569480896 110 -0.5294134616851807 0.1259959191083908 -0.8389555811882019
 314  -43 -106 38.501977 38.037619 0.15913380682468414 0.3968889117240906 156 -0.5285167098045349 0.1254667490720749 -0.8396000266075134
 315  -42 -104 38.515931 38.055099 0.1363910734653473 0.12336854636669159 34 -0.5278395414352417 0.12410379201173782 -0.8402283787727356
 316  -41 -104 38.524892 38.055568 0.19362469017505646 0.234689399600029 27 -0.5271130800247192 0.12382261455059052 -0.8407257795333862
 317  -42 -105 38.515931 38.047858 0.33112505078315735 0.2556946873664856 30 -0.5275724530220032 0.12448609620332718 -0.8403395414352417
 318  -41 -105 38.524819 38.048044 0.592975914478302 0.08915483951568604 3 -0.526841938495636 0.12422148138284683 -0.8408369421958923
 319  -40 -105 38.537918 38.051710 0.17121654748916626 0.40166178345680237 14 -0.5258952975273132 0.12365327030420303 -0.84151291847229
 320  -42 -106 38.519898 38.037636 0.9234673976898193 0.5821741223335266 24 -0.5270446538925171 0.12495305389165878 -0.84060138463974
 321  -40 -106 38.538045 38.036956 1.7241554260253906 0.37184906005859375 38 -0.5253892540931702 0.12443746626377106 -0.8417134284973145
 322  -38 -101 38.560128 38.083334 0.4184262454509735 0.2851828932762146 8 -0.5256804823875427 0.1214599758386612 -0.8419665098190308
 323  -39 -102 38.551972 38.076643 -0.14996802806854248 0.282916396856308 42 -0.525910496711731 0.12199858576059341 -0.8417449593544006
 324  -38 -102 38.558984 38.076727 0.04034515842795372 0.23221805691719055 18 -0.525463342666626 0.12182428687810898 -0.8420493602752686
 325  -37 -101 38.569138 38.083560 0.6658287048339844 0.5796937346458435 139 -0.5248942971229553 0.12118179351091385 -0.8424968719482422
 326  -37 -101 38.577833 38.083301 1.1506794691085815 0.48483556509017944 50 -0.52410489320755 0.12093597650527954 -0.8430234789848328
 327  -37 -102 38.569137 38.076278 0.5463941693305969 0.30027782917022705 49 -0.5245614647865295 0.12154975533485413 -0.8426511287689209
 328  -37 -102 38.578281 38.076265 0.9435893893241882 0.2537510395050049 49 -0.5237550139427185 0.12128035724163055 -0.843191385269165
 329  -39 -103 38.553094 38.069444 -0.9705387353897095 0.2910825312137604 44 -0.5254481434822083 0.12232184410095215 -0.8419867157936096
 330  -38 -103 38.559577 38.069512 -0.03437791392207146 0.4039511978626251 39 -0.5250202417373657 0.12215863168239594 -0.8422772884368896
 331  -39 -104 38.552029 38.062220 0.32332178950309753 0.4245714545249939 45 -0.5251907706260681 0.12271454185247421 -0.8420901298522949
 332  -38 -103 38.559271 38.062513 -0.1389196813106537 0.31684163212776184 18 -0.5246903300285339 0.12251326441764832 -0.842431366443634
 333  -37 -103 38.574106 38.066119 0.20499280095100403 0.3605077266693115 45 -0.523612916469574 0.12190509587526321 -0.8431895971298218
 334  -35 -102 38.591537 38.080245 0.05733591690659523 0.41639789938926697 48 -0.522736668586731 0.12068036943674088 -0.8439092040061951
 335  -34 -102 38.610646 38.080294 -1.446150779724121 0.9399055242538452 48 -0.5211290121078491 0.12012990564107895 -0.8449813723564148
 336  -35 -103 38.590903 38.066159 0.03225165233016014 0.3524710237979889 48 -0.5222080945968628 0.12142173200845718 -0.8441300392150879
 337  -34 -103 38.609132 38.066430 -0.199012890458107 0.3417278230190277 45 -0.5207121968269348 0.12089002132415771 -0.8451298475265503
 338  -38 -105 38.564371 38.044730 -0.8339532017707825 1.4001520872116089 171 -0.5235451459884644 0.1232849732041359 -0.8430310487747192
 339  -35 -105 38.601161 38.045379 -1.1478229761123657 1.3580595254898071 41 -0.5206282138824463 0.12222348898649216 -0.8449897170066833
 340  -31  -97 38.639898 38.117524 -0.8452520370483398 1.6371560096740723 36 -0.5176027417182922 0.12736302614212036 -0.846088707447052
 341  -30  -97 38.648250 38.118381 -0.3037644326686859 0.5434977412223816 32 -0.5169312357902527 0.12707163393497467 -0.8465429544448853
 342  -29  -98 38.660360 38.116630 -0.615766704082489 0.2761133909225464 31 -0.5156940221786499 0.12676531076431274 -0.8473430871963501
 343  -29  -97 38.667370 38.118780 -1.9855071306228638 0.496382474899292 43 -0.5151694416999817 0.12644323706626892 -0.8477102518081665
 344  -28  -96 38.676005 38.126482 -2.5193891525268555 0.7786414623260498 42 -0.5146666765213013 0.12577639520168304 -0.8481147289276123
 345  -27  -96 38.685000 38.126661 -2.6215147972106934 0.4526262879371643 38 -0.5140616297721863 0.12553836405277252 -0.8485168218612671
 346  -28  -97 38.673486 38.120746 -3.6107161045074463 1.2445368766784668 41 -0.5147379636764526 0.1261638104915619 -0.8480139374732971
 347  -27  -97 38.685214 38.119220 -1.87654447555542 1.1328027248382568 43 -0.5138854384422302 0.12594424188137054 -0.8485634326934814
 348  -33  -98 38.622313 38.111734 -0.6333710551261902 0.40418747067451477 45 -0.5191440582275391 0.12726515531539917 -0.845158576965332
 349  -32  -98 38.630807 38.111273 -0.4355759024620056 0.4896763563156128 37 -0.5181692838668823 0.1279648095369339 -0.8456509709358215
 350  -33  -99 38.622429 38.104372 -0.17717990279197693 0.30857059359550476 46 -0.5210134387016296 0.11853295564651489 -0.8452780842781067
 351  -32  -99 38.631688 38.104754 -0.2574286460876465 0.14039261639118195 38 -0.5198842287063599 0.11957699805498123 -0.8458260893821716
 352  -31  -98 38.640350 38.112082 0.018727121874690056 0.20720337331295013 29 -0.51736980676651 0.12763263285160065 -0.8461905121803284
 353  -30  -98 38.648762 38.112374 -0.20968861877918243 0.1975679248571396 35 -0.516645073890686 0.12736092507839203 -0.8466741442680359
 354  -31  -99 38.640523 38.104906 -0.4643045961856842 0.2602565586566925 44 -0.5187585353851318 0.1209314614534378 -0.8463245034217834
 355  -31  -99 38.646360 38.104671 -1.067192792892456 0.3434600830078125 34 -0.5181396007537842 0.12126687169075012 -0.8466556072235107
 356  -32 -100 38.627044 38.095475 -1.0536985397338867 0.874617874622345 49 -0.5203870534896851 0.11888677626848221 -0.8456141948699951
 357  -31 -100 38.645621 38.094563 0.08660979568958282 0.9172669649124146 44 -0.5188565850257874 0.11842038482427597 -0.8466194868087769
 358  -29  -98 38.658922 38.112864 -1.4006038904190063 0.9050684571266174 46 -0.5157163739204407 0.12701180577278137 -0.8472925424575806
 359 -179 -167 36.974051 37.475876 3.7808022499084473 0.2110058069229126 35 -0.6318919658660889 0.15136045217514038 -0.7601333260536194
 360 -179 -168 36.965457 37.468832 4.0547871589660645 0.13628150522708893 33 -0.6322194337844849 0.15193568170070648 -0.7597461342811584
 361 -179 -168 36.974686 37.468938 4.031306266784668 0.09555105119943619 43 -0.6316453814506531 0.15171533823013306 -0.7602674961090088
 362 -178 -167 36.982940 37.475979 3.527899980545044 0.25789064168930054 47 -0.6313372254371643 0.15114843845367432 -0.7606362104415894
 363 -177 -167 36.992133 37.476188 3.9758219718933105 0.27489227056503296 32 -0.6307590007781982 0.15092158317565918 -0.7611608505249023
 364 -179 -168 36.966063 37.461545 4.3221540451049805 0.16435620188713074 36 -0.6319429278373718 0.1523050218820572 -0.7599022388458252
 365 -176 -164 37.004256 37.501084 2.679487705230713 0.6955420970916748 41 -0.6305733919143677 0.1492757946252823 -0.7616389989852905
 366 -175 -164 37.017725 37.504686 2.503777265548706 1.0657579898834229 45 -0.6298073530197144 0.14876559376716614 -0.7623723149299622
 367 -174 -164 37.026058 37.505089 1.7391762733459473 0.7951110601425171 45 -0.6292930841445923 0.14855115115642548 -0.7628386616706848
 368 -175 -164 37.017888 37.497401 2.041290044784546 0.592065155506134 39 -0.6296125650405884 0.1491573452949524 -0.7624566555023193
 369 -174 -164 37.026279 37.497413 2.692671775817871 0.35308244824409485 43 -0.6290832161903381 0.14896124601364136 -0.762931764125824
 370 -176 -165 37.000192 37.490490 3.2005348205566406 0.19695286452770233 44 -0.6306003928184509 0.1499549001455307 -0.7614831924438477
 371 -176 -165 37.009237 37.490574 3.2345468997955322 0.638247013092041 49 -0.6300005912780762 0.14973221719264984 -0.7620233297348022
 372 -176 -166 37.000247 37.483200 3.036055564880371 0.3543094992637634 39 -0.6304279565811157 0.15035274624824524 -0.7615475654602051
 373 -176 -166 37.009313 37.483578 3.455963611602783 0.41370704770088196 45 -0.6298381090164185 0.15011431276798248 -0.7620825171470642
 374 -196 -180 36.779680 37.356202 2.426394462585449 0.38029026985168457 46 -0.6430438756942749 0.15234553813934326 -0.7505234479904175
 375 -198 -181 36.762246 37.341241 2.644071340560913 0.3377271294593811 38 -0.6436951756477356 0.15355820953845978 -0.7497175931930542
 376 -196 -181 36.779198 37.341653 1.981870412826538 0.4665101170539856 44 -0.6426491737365723 0.15314361453056335 -0.7506991028785706
 377 -217 -185 36.542100 37.302269 2.3474979400634766 0.6619485020637512 12 -0.6567999124526978 0.15745626389980316 -0.7374424934387207
 378 -211 -185 36.613208 37.303642 2.1392548084259033 0.5383268594741821 31 -0.6527465581893921 0.15574206411838531 -0.7413948774337769
 379 -217 -192 36.545069 37.244712 2.503204584121704 1.2105424404144287 44 -0.6570433974266052 0.15286539494991302 -0.7381911873817444
 380 -211 -191 36.614808 37.246892 2.235042095184326 0.7251707315444946 43 -0.652466893196106 0.15314415097236633 -0.7421818375587463
 381 -261 -143 36.038861 37.668659 0.19983622431755066 0.9683211445808411 16 -0.6904115080833435 0.16282649338245392 -0.7048542499542236
 382 -167 -339 37.146663 35.928294 4.657698631286621 1.5757673978805542 39 -0.5970821380615234 0.1396026611328125 -0.789939284324646
 383 -139 -176 37.421015 37.401080 3.085794448852539 0.6058376431465149 34 -0.6006078720092773 0.14261023700237274 -0.7867226600646973
 384 -127 -176 37.558242 37.398978 3.1451826095581055 1.1081262826919556 35 -0.5904353857040405 0.14092975854873657 -0.794685423374176
 385 -139 -188 37.423605 37.289212 2.722865343093872 0.5425010919570923 46 -0.5989922881126404 0.14059709012508392 -0.7883150577545166
 386 -127 -188 37.565168 37.290029 2.8072731494903564 0.8996981978416443 42 -0.5888546109199524 0.13726797699928284 -0.7964972257614136
 387 -220  -96 36.483156 38.100563 1.0232597589492798 1.1713155508041382 3 -0.67085200548172 0.15872405469417572 -0.7244061827659607
 388 -203  220 36.585641 40.964185 10.34044075012207 1.3989531993865967 45 -0.696516215801239 0.16584312915802002 -0.6981126666069031
 389 -201  210 36.608726 40.871674 10.569305419921875 0.9432966709136963 41 -0.693591833114624 0.16912807524204254 -0.7002328634262085
 390 -218 -272 36.562716 36.518328 2.5173299312591553 0.5222200751304626 49 -0.6453191041946411 0.15284179151058197 -0.7484668493270874
 391 -211 -273 36.642948 36.514064 1.7365344762802124 0.5454373955726624 1249 -0.6403855085372925 0.1512794941663742 -0.7530079483985901
 392 -218 -279 36.562494 36.457875 2.818575620651245 0.7533009648323059 1523 -0.6449887752532959 0.15053148567676544 -0.7492194175720215
 393 -211 -279 36.641340 36.462662 1.8570644855499268 0.5548189878463745 1163 -0.639618992805481 0.15158914029598236 -0.7535969018936157
 394 -203 -275 36.733609 36.497149 2.461247682571411 0.9135861396789551 157 -0.6342164874076843 0.14984500408172607 -0.7584958076477051
 395 -214 -287 36.604755 36.388684 3.6411116123199463 2.6013906002044678 449 -0.6415096521377563 0.1489395648241043 -0.7525174021720886
 396 -201 -292 36.753965 36.346060 3.0809171199798584 1.0874402523040771 355 -0.6308997869491577 0.14778053760528564 -0.7616602182388306
 397 -155 -135 37.235709 37.764111 1.1010421514511108 0.889366626739502 38 -0.618844211101532 0.1494949758052826 -0.7711569666862488
 398 -149 -135 37.307129 37.766036 0.9769989252090454 0.49269217252731323 37 -0.6140061616897583 0.14777570962905884 -0.7753442525863647
 399 -155 -141 37.237189 37.709043 1.2314565181732178 0.9068033695220947 43 -0.6193562150001526 0.1430160105228424 -0.7719742655754089
 400 -149 -142 37.310255 37.708039 1.0998293161392212 0.8317708969116211 39 -0.6140246391296387 0.1429973989725113 -0.7762251496315002
 401 -232 -246 36.401368 36.749811 4.153534889221191 1.3744760751724243 39 -0.6603720784187317 0.15005284547805786 -0.7357940673828125
 402 -232 -248 36.394147 36.728727 4.329650402069092 0.8810127973556519 32 -0.6601528525352478 0.1514623910188675 -0.7357019186019897
 403 -231 -248 36.410259 36.730921 3.7809505462646484 1.0115002393722534 39 -0.6593165397644043 0.15096648037433624 -0.7365533113479614
 404 -232 -250 36.395656 36.715209 4.280712604522705 1.1520590782165527 39 -0.6597703695297241 0.1522875875234604 -0.735874593257904
 405 -231 -250 36.413847 36.714783 3.289339780807495 0.37175217270851135 37 -0.6585694551467896 0.15186858177185059 -0.7370361089706421
 406  -44  -90 38.493381 38.184518 -0.6070989966392517 0.5129143595695496 39 -0.5319332480430603 0.1280508041381836 -0.837048351764679
 407  -41  -90 38.528045 38.185350 -1.371791124343872 0.5476036071777344 42 -0.5291323065757751 0.1270110309123993 -0.8389798402786255
 408  -44  -93 38.493232 38.157145 -0.7884725332260132 0.48143649101257324 48 -0.5309944748878479 0.1295217126607895 -0.8374180793762207
 409  -41  -93 38.528531 38.157594 -1.2307212352752686 0.46607062220573425 44 -0.5281150937080383 0.12847433984279633 -0.8393979072570801
 410  -38  -90 38.563630 38.184854 -1.7448822259902954 0.6094868779182434 38 -0.5261741876602173 0.12600965797901154 -0.8409888744354248
 411  -35  -90 38.600376 38.185619 -2.3912148475646973 0.9493861794471741 27 -0.5231286883354187 0.12490113824605942 -0.8430516719818115
 412  -39  -92 38.554483 38.164673 -0.9470767378807068 0.5448548793792725 20 -0.526287853717804 0.12736095488071442 -0.840714156627655
 413  -37  -92 38.572702 38.164617 -0.9079041481018066 0.45544764399528503 34 -0.5247592926025391 0.12683050334453583 -0.8417492508888245
 414  -38  -94 38.555349 38.150706 -2.17842960357666 0.4547519385814667 37 -0.5256015062332153 0.12804469466209412 -0.8410395979881287
 415  -37  -94 38.572330 38.149445 -2.680072069168091 0.71302729845047 16 -0.5241559147834778 0.1276179403066635 -0.8420060873031616
 416  -35  -92 38.593708 38.165044 -2.926696300506592 1.0735673904418945 37 -0.5228707194328308 0.12615782022476196 -0.8430245518684387
 417  -34  -92 38.607473 38.164834 -2.905810832977295 1.3161320686340332 7 -0.521867573261261 0.12580524384975433 -0.8436985611915588
 418  -36  -93 38.587717 38.154159 -2.6744039058685303 0.7891746759414673 2 -0.522932767868042 0.12689357995986938 -0.8428756594657898
 419  -35  -93 38.594240 38.153769 -4.69368839263916 0.7451435327529907 9 -0.5224103331565857 0.12673135101795197 -0.8432239890098572
 420  -36  -94 38.586360 38.146191 -2.296961784362793 0.3173448145389557 17 -0.5227769017219543 0.12735605239868164 -0.8429026007652283
 421  -35  -94 38.595280 38.147429 -3.156736373901367 0.8451153635978699 44 -0.5221030712127686 0.1270357221364975 -0.8433684706687927
 422  -34  -93 38.604027 38.154302 -3.3498549461364746 1.0479950904846191 43 -0.5217698216438293 0.12645608186721802 -0.8436617851257324
 423  -33  -93 38.613635 38.154192 -1.5633810758590698 0.3080540895462036 52 -0.5209922790527344 0.1261887550354004 -0.8441821336746216
 424  -34  -94 38.604580 38.146689 -3.460622787475586 0.41320616006851196 42 -0.5213978290557861 0.1268262416124344 -0.8438361287117004
 425  -33  -94 38.612850 38.147371 -1.8319679498672485 0.3520461320877075 43 -0.5208235383033752 0.1265714168548584 -0.844228982925415
 426  -31  -84 38.636078 38.242118 -1.618994116783142 0.5058808922767639 52 -0.5222694873809814 0.12092579156160355 -0.8441632390022278
 427  -28  -84 38.670191 38.242706 -2.008418321609497 0.4975132346153259 53 -0.5193719863891602 0.11990693211555481 -0.846094012260437
 428  -31  -87 38.636121 38.214051 -1.8326135873794556 0.3446322977542877 39 -0.5211665630340576 0.1223771795630455 -0.844635546207428
 429  -28  -87 38.671046 38.213853 -1.7868626117706299 0.3454350531101227 46 -0.5181807279586792 0.12137097120285034 -0.8466154932975769
 430  -25  -84 38.706975 38.242028 -2.261857032775879 0.6306434273719788 50 -0.5161838531494141 0.11887579411268234 -0.8481879234313965
 431  -23  -83 38.732022 38.249283 -1.7589430809020996 0.37468209862709045 44 -0.5143833160400391 0.11779607832431793 -0.849431574344635
 432  -21  -83 38.751265 38.249579 -2.420177698135376 0.2508751153945923 46 -0.5126510262489319 0.11720611155033112 -0.8505597114562988
 433  -23  -84 38.733171 38.235362 -1.9127099514007568 0.17407628893852234 44 -0.5136843919754028 0.11846204847097397 -0.8497617840766907
 434  -21  -84 38.751725 38.235484 -1.935070514678955 0.21365468204021454 45 -0.5120370388031006 0.11790651082992554 -0.8508325815200806
 435  -26  -86 38.697646 38.221306 -2.1717472076416016 0.5436113476753235 41 -0.516132116317749 0.12020055949687958 -0.8480327129364014
 436  -24  -86 38.715210 38.221337 -2.4969911575317383 0.6369050741195679 44 -0.5146035552024841 0.11968258023262024 -0.849034309387207
 437  -26  -87 38.697876 38.206975 -1.6165657043457031 0.18193623423576355 18 -0.5155953168869019 0.12093741446733475 -0.8482545018196106
 438  -24  -87 38.716006 38.207141 -1.9048941135406494 0.1925082951784134 37 -0.514018714427948 0.12039376050233841 -0.8492880463600159
 439  -23  -86 38.733144 38.221190 -1.9633617401123047 0.19734962284564972 43 -0.513078510761261 0.11917395889759064 -0.8500282168388367
 440  -22  -86 38.746181 38.224858 -1.775283932685852 0.19170509278774261 45 -0.5120950937271118 0.11860741674900055 -0.8507002592086792
 441  -21  -86 38.755427 38.224906 -1.5647103786468506 0.1554052084684372 46 -0.5112865567207336 0.11833323538303375 -0.8512246608734131
 442  -22  -86 38.746973 38.217977 -1.6910557746887207 0.08957665413618088 45 -0.5117653012275696 0.11893618106842041 -0.8508527874946594
 443  -21  -86 38.755346 38.217763 -1.4266688823699951 0.14916042983531952 167 -0.51103276014328 0.11870291084051132 -0.851325511932373
 444  -23  -87 38.729135 38.210713 -1.9353078603744507 0.11406852304935455 200 -0.5130096077919006 0.11982376873493195 -0.849978506565094
 445  -22  -87 38.737874 38.210761 -1.9345464706420898 0.13759414851665497 189 -0.5122846364974976 0.11957250535488129 -0.8504509925842285
 446  -23  -88 38.729090 38.203853 -1.7395744323730469 0.21336904168128967 192 -0.5127745270729065 0.12018152326345444 -0.8500698208808899
 447  -22  -88 38.738307 38.203968 -1.7333654165267944 0.15274550020694733 9 -0.5119710564613342 0.11990294605493546 -0.8505932092666626
 448  -22  -87 38.746734 38.211008 -1.6605597734451294 0.08846128731966019 14 -0.511530339717865 0.11930114030838013 -0.8509430289268494
 449  -21  -87 38.755806 38.210698 -1.4981426000595093 0.11027122288942337 35 -0.5107159614562988 0.1190478503704071 -0.8514674305915833
 450  -22  -88 38.746799 38.203536 -1.728500485420227 0.0724373608827591 15 -0.511223554611206 0.11967693269252777 -0.8510745763778687
 451  -54 -107 38.382672 38.033461 0.12445955723524094 0.1521228402853012 38 -0.5380136966705322 0.1290818303823471 -0.8329941034317017
 452  -53 -106 38.391127 38.041205 -0.00011462486872915179 0.17381763458251953 3120 -0.5376054048538208 0.12842251360416412 -0.8333595991134644
 453  -52 -106 38.400559 38.039879 -0.43394243717193604 0.32781463861465454 2493 -0.536750316619873 0.12821462750434875 -0.8339425325393677
 454  -53 -107 38.391621 38.033542 0.01732444390654564 0.2674556076526642 2030 -0.5372678637504578 0.1288159191608429 -0.833516538143158
 455  -52 -107 38.400444 38.033672 -0.4626203179359436 0.18739032745361328 461 -0.5366458296775818 0.12857750058174133 -0.8339539170265198
 456 -174  195 36.938056 40.744240 10.293803215026855 0.6987920999526978 441 -0.6761472821235657 0.1602097898721695 -0.7191367745399475
 457 -174  189 36.941355 40.685607 9.595941543579102 0.8128066658973694 502 -0.6744531393051147 0.16384389996528625 -0.7199084758758545
 458 -157 -255 37.235917 36.682222 4.939539909362793 3.9376626014709473 567 -0.6025804281234741 0.1419811248779297 -0.7853268384933472
 459 -124 -245 37.609459 36.776350 2.4430644512176514 2.139390707015991 2435 -0.5765644311904907 0.13503967225551605 -0.8058149218559265
 460 -214 -151 36.567804 37.611505 1.919141173362732 1.2310150861740112 2037 -0.6595646739006042 0.15614944696426392 -0.7352494597434998
 461 -202 -149 36.711041 37.628050 1.7103887796401978 0.9734748601913452 28 -0.6508350968360901 0.15436890721321106 -0.7433598637580872
 462 -214 -163 36.570091 37.498930 1.3271560668945312 1.0409741401672363 35 -0.6580009460449219 0.1558726280927658 -0.7367078065872192
 463 -203 -163 36.698237 37.500942 1.5489615201950073 0.9496015310287476 39 -0.6504099369049072 0.15354549884796143 -0.743902325630188
 464 -225  -22 36.406868 38.769679 -0.1802879124879837 1.0797680616378784 40 -0.6826744079589844 0.1624327003955841 -0.7124403715133667
 465 -136  210 37.376968 40.885317 10.571647644042969 1.9416165351867676 42 -0.6524627804756165 0.15673291683197021 -0.7414358854293823
 466 -114 -101 37.690747 38.078755 -0.4668545722961426 0.6741235256195068 30 -0.5923829078674316 0.14151665568351746 -0.7931302189826965
 467 -102 -101 37.834975 38.081206 -0.31936007738113403 0.7201308608055115 42 -0.5819507837295532 0.13804428279399872 -0.8014218807220459
 468 -117 -110 37.660060 37.995400 -0.6788378357887268 0.44584527611732483 39 -0.5938975811004639 0.13784880936145782 -0.7926433086395264
 469 -111 -110 37.729284 37.996305 -0.3041919767856598 0.8060261011123657 44 -0.5887161493301392 0.13794107735157013 -0.7964832782745361
 470 -118 -116 37.656786 37.940778 0.28450384736061096 0.5755019783973694 42 -0.5928702354431152 0.13981735706329346 -0.793067455291748
 471  -19 -129 38.779989 37.837608 1.2112956047058105 1.7270431518554688 29 -0.5005155801773071 0.11750073730945587 -0.8577165603637695
 472    9   73 39.111992 39.660641 -0.4885767698287964 0.87464439868927 28 -0.5097358226776123 0.12285947054624557 -0.8515133261680603
 473   18   73 39.213300 39.662928 -0.4358714818954468 0.7234591841697693 156 -0.5013253092765808 0.11981528252363205 -0.8569231629371643
 474    9   61 39.109382 39.554311 -0.5113552212715149 0.6212226152420044 28 -0.5082457661628723 0.12141134589910507 -0.8526110053062439
 475   17   65 39.202448 39.593481 -0.5847715735435486 0.6194869875907898 30 -0.5000255703926086 0.1229838952422142 -0.8572335839271545
 476 -158 -207 37.214821 37.119019 2.798154592514038 0.736751139163971 43 -0.6112427115440369 0.14326606690883636 -0.7783682942390442
 477  -89  -76 37.974287 38.308123 -1.046349287033081 1.0004165172576904 36 -0.5754714012145996 0.135545551776886 -0.8065110445022583
 478  -77  -76 38.118477 38.304678 -2.0544378757476807 0.8130038380622864 143 -0.5644968152046204 0.13261054456233978 -0.8147133588790894
 479  -89  -88 37.977001 38.194448 -1.484858512878418 0.7777788639068604 120 -0.5732272267341614 0.13551448285579681 -0.8081129193305969
 480 -211  183 36.503301 40.621968 2.9410641193389893 0.9416738152503967 109 -0.6972998380661011 0.1653938591480255 -0.6974366307258606
 481 -205  183 36.573259 40.625351 3.8646841049194336 1.0732773542404175 50 -0.6938843131065369 0.16374452412128448 -0.7012220621109009
 482 -170  100 37.004407 39.883644 -1.3768640756607056 1.2298617362976074 28 -0.6619045734405518 0.15885330736637115 -0.7325626015663147
 483 -257  -99 36.063466 38.062997 0.5975453853607178 0.9705601930618286 54 -0.6936639547348022 0.1637827306985855 -0.7014310956001282
 484  -32 -154 38.632428 37.607913 3.7761995792388916 2.866685152053833 35 -0.5083283185958862 0.12038618326187134 -0.8527071475982666
 485  -13  204 38.844848 40.839737 9.174866676330566 1.1148346662521362 29 -0.5535067319869995 0.13415762782096863 -0.8219684362411499
 486  -73 -306 38.182138 36.235162 2.3645002841949463 0.6229547262191772 18 -0.5195206999778748 0.1218932569026947 -0.8457187414169312
 487  -94 -131 37.926854 37.814921 0.616461992263794 0.8821296095848083 29 -0.5711389183998108 0.13291852176189423 -0.8100204467773438
 488  -91 -130 37.963735 37.816194 0.7644907832145691 0.86175137758255 23 -0.5683097839355469 0.131829172372818 -0.8121853470802307
 489  -86 -129 38.015253 37.829779 0.762296736240387 1.1397491693496704 41 -0.5646194815635681 0.13032257556915283 -0.8149974942207336
 490  -82 -120 38.059457 37.908453 0.5727333426475525 0.1444578468799591 35 -0.5616050958633423 0.13462089002132416 -0.8163803815841675
 491  -81 -120 38.077414 37.908016 0.15391205251216888 0.2711974084377289 41 -0.5601052045822144 0.13412253558635712 -0.8174921274185181
 492  -82 -122 38.059859 37.892960 0.2175343930721283 0.31460314989089966 35 -0.5610236525535583 0.1354759931564331 -0.816638708114624
 493  -81 -122 38.078349 37.894711 0.007191329263150692 0.2701314389705658 128 -0.559525728225708 0.13483068346977234 -0.8177723288536072
 494  -78 -121 38.104059 37.900918 -0.5591668486595154 1.451011300086975 120 -0.5578423142433167 0.13378919661045074 -0.8190924525260925
 495  -81 -124 38.070361 37.872162 0.4477512836456299 0.3753640055656433 146 -0.5594046115875244 0.13632576167583466 -0.8176073431968689
 496  -78 -124 38.103767 37.873398 0.3623843193054199 0.23978950083255768 118 -0.5568579435348511 0.13531933724880219 -0.8195107579231262
 497  -75 -121 38.138057 37.901976 -0.33055728673934937 1.4197033643722534 166 -0.5553873181343079 0.132818341255188 -0.8209167122840881
 498  -72 -121 38.175508 37.901913 0.2955324649810791 0.3647106885910034 615 -0.5525302886962891 0.1317930668592453 -0.8230072259902954
 499  -75 -124 38.140913 37.872882 -0.0627216026186943 0.5584591627120972 612 -0.5540542006492615 0.1343308836221695 -0.8215711116790771
 500  -72 -124 38.175006 37.874215 0.41798821091651917 0.6153210997581482 21 -0.5515490770339966 0.1333264410495758 -0.8234183192253113
 501  -80 -129 38.087676 37.831045 0.01564192585647106 0.8461889624595642 28 -0.5584664940834045 0.13029371201992035 -0.8192305564880371
 502  -74 -129 38.158090 37.832284 0.535892903804779 0.6555805206298828 35 -0.5526565909385681 0.13052953779697418 -0.8231237530708313
 503  -89 -138 37.979806 37.744355 0.6835224032402039 0.697243332862854 43 -0.5644993185997009 0.13518676161766052 -0.8142880797386169
 504  -77 -138 38.122563 37.744753 1.4968899488449097 2.039334535598755 34 -0.5535284876823425 0.13145628571510315 -0.8223901391029358
 505  -67 -123 38.228026 37.887612 0.8850085735321045 0.5781511068344116 31 -0.547918438911438 0.13111452758312225 -0.8261926770210266
 506  -61 -123 38.300482 37.888798 1.0387014150619507 0.5774710774421692 37 -0.5421506762504578 0.12899455428123474 -0.8303210139274597
 507  -67 -129 38.228519 37.832326 1.006050944328308 0.6098257303237915 32 -0.5467234253883362 0.13052788376808167 -0.82707679271698
 508  -61 -129 38.301525 37.833068 1.0441062450408936 0.6185368895530701 22 -0.5404102802276611 0.13051283359527588 -0.8312178254127502
 509  -52  147 38.387565 40.325676 7.432321071624756 2.1064345836639404 14 -0.5791221857070923 0.13873575627803802 -0.8033491373062134
 510  -67  139 38.200826 40.253607 5.3019795417785645 1.066827416419983 2 -0.5907753705978394 0.14232999086380005 -0.7941829562187195
 511  -61  139 38.279062 40.254803 4.417686939239502 2.7941360473632812 10 -0.5853864550590515 0.14034883677959442 -0.798514187335968
 512  -79  120 38.064112 40.082659 0.43030649423599243 0.5805037617683411 11 -0.5976523160934448 0.14486688375473022 -0.7885590195655823
 513  -74  120 38.129690 40.086140 0.918032705783844 0.811424970626831 18 -0.5933434367179871 0.1431051343679428 -0.7921265363693237
 514  -89  110 37.956146 39.990842 0.5561841726303101 1.0186374187469482 29 -0.6043044924736023 0.14430293440818787 -0.7835769057273865
 515  -77  112 38.098168 40.006161 0.8054248690605164 0.7372693419456482 38 -0.5944206714630127 0.14308884739875793 -0.7913215160369873
 516 -230 -228 36.409653 36.914321 3.693915605545044 1.4942941665649414 30 -0.6616095304489136 0.15113970637321472 -0.7344586849212646
 517 -225 -227 36.469046 36.922758 3.703862428665161 0.6678743958473206 38 -0.6576026082038879 0.1533546894788742 -0.7375914454460144
 518 -223 -227 36.493819 36.927711 2.9722161293029785 0.35817065834999084 37 -0.6550689935684204 0.15660886466503143 -0.7391605377197266
 519 -221 -227 36.511085 36.928251 2.8676319122314453 0.3503091335296631 45 -0.653346598148346 0.15861469507217407 -0.7402564287185669
 520 -219 -225 36.541086 36.946854 2.8044300079345703 0.12615182995796204 31 -0.6519632339477539 0.15693055093288422 -0.7418333292007446
 521 -218 -225 36.549828 36.946835 3.3006153106689453 0.2080763578414917 54 -0.6514461040496826 0.1567276567220688 -0.7423304319381714
 522 -219 -225 36.540887 36.940254 2.9422478675842285 0.19745473563671112 5 -0.6518791913986206 0.15736502408981323 -0.7418152093887329
 523 -215 -225 36.584955 36.947649 3.5229969024658203 0.1770465075969696 18 -0.6492671966552734 0.1558266282081604 -0.7444260716438293
 524 -215 -225 36.585119 36.940722 3.4166836738586426 0.11166053265333176 6 -0.649057149887085 0.15624773502349854 -0.7445209622383118
 525 -213 -220 36.601292 36.990091 3.424736499786377 0.12790752947330475 27 -0.6496251821517944 0.1528649926185608 -0.7447277903556824
 526 -213 -221 36.600864 36.983359 3.659571647644043 0.12704020738601685 35 -0.6494036912918091 0.15327559411525726 -0.7448365092277527
 527 -212 -220 36.610217 36.990394 3.6210877895355225 0.1502247452735901 43 -0.6490162014961243 0.15261825919151306 -0.7453091144561768
 528 -212 -220 36.618505 36.990521 3.901928424835205 0.19585460424423218 9 -0.6484920978546143 0.15240883827209473 -0.745807945728302
 529 -212 -221 36.610106 36.983173 3.633606195449829 0.20868349075317383 32 -0.6487892866134644 0.15305767953395844 -0.7454165816307068
 530 -212 -221 36.618834 36.983519 4.0178937911987305 0.21282069385051727 35 -0.6482616662979126 0.15282833576202393 -0.7459225058555603
 531 -214 -221 36.592836 36.975977 3.4851372241973877 0.10755724459886551 17 -0.6496634483337402 0.15391547977924347 -0.7444779872894287
 532 -213 -221 36.601591 36.976124 4.095712184906006 0.3022075593471527 20 -0.6490969657897949 0.1536899358034134 -0.7450185418128967
 533 -214 -222 36.593283 36.969191 3.2749288082122803 0.2623973488807678 30 -0.6494088172912598 0.15431348979473114 -0.744617760181427
 534 -213 -222 36.601629 36.969146 3.9985337257385254 0.7996214032173157 31 -0.6488773822784424 0.15411342680454254 -0.7451222538948059
 535 -212 -221 36.613419 36.976348 2.9885358810424805 0.9730174541473389 19 -0.6483748555183411 0.1533939242362976 -0.7457078695297241
 536 -210 -220 36.638218 36.986429 3.078591823577881 0.8399963974952698 28 -0.6465582847595215 0.15473833680152893 -0.7470062971115112
 537 -214 -223 36.593315 36.962344 2.000938892364502 0.7349699139595032 8 -0.6491820812225342 0.15472657978534698 -0.7447296977043152
 538 -213 -223 36.601220 36.962024 3.021141767501831 1.8618780374526978 87 -0.6486881971359253 0.15455767512321472 -0.7451949715614319
 539 -214 -224 36.590401 36.952474 2.8598885536193848 0.22596018016338348 46 -0.6490693092346191 0.15540054440498352 -0.7446877360343933
 540 -213 -223 36.600750 36.957752 6.080172061920166 1.0263738632202148 23 -0.648594081401825 0.15483012795448303 -0.7452203631401062
 541 -214 -225 36.592561 36.947784 3.1358964443206787 0.21589358150959015 40 -0.6488038301467896 0.15563644468784332 -0.7448697090148926
 542 -214 -225 36.591987 36.941262 3.0069808959960938 0.3509931266307831 45 -0.6486539840698242 0.15605057775974274 -0.744913637638092
 543 -211 -225 36.623020 36.943007 1.840692162513733 0.41397741436958313 40 -0.6484290361404419 0.14834165573120117 -0.7466824054718018
 544 -209 -225 36.646142 36.947038 3.1974592208862305 1.281129002571106 46 -0.6470724940299988 0.1478540450334549 -0.7479548454284668
 545 -220 -226 36.523823 36.932145 2.1468276977539062 0.1559666246175766 38 -0.6526349186897278 0.15825843811035156 -0.7409601807594299
 546 -219 -226 36.532528 36.932389 2.56925106048584 0.3697704076766968 38 -0.6522286534309387 0.15806357562541962 -0.7413594126701355
 547 -220 -227 36.524339 36.925128 2.092735528945923 0.1525110900402069 39 -0.6524373292922974 0.15868698060512543 -0.7410425543785095
 548 -155 -157 37.236943 37.564299 2.028325080871582 0.1705659031867981 37 -0.6163567304611206 0.14529503881931305 -0.7739468812942505
 549  -58 -107 38.328029 38.032020 0.7194090485572815 0.6611495614051819 45 -0.5427708625793457 0.13081659376621246 -0.8296305537223816
 550  -57  -96 38.349390 38.127037 -0.6287111043930054 0.6588918566703796 43 -0.5440919995307922 0.12495722621679306 -0.829668402671814
 551  -53  -96 38.386136 38.130811 -0.6785498261451721 0.5437777638435364 46 -0.5412234663963318 0.12378712743520737 -0.8317174315452576
 552  -56  -99 38.351166 38.100675 -0.03815792128443718 0.47852447628974915 42 -0.5430053472518921 0.12634330987930298 -0.830170214176178
 553  -54  -98 38.377211 38.106653 -0.41322991251945496 0.3348967134952545 44 -0.5413364171981812 0.1253366321325302 -0.8314118385314941
 554  -53  -98 38.393585 38.110074 0.07637157291173935 0.5559223890304565 45 -0.5402339696884155 0.12471497058868408 -0.8322219848632812
 555  -54 -100 38.375707 38.094006 -0.5983352065086365 0.494869589805603 39 -0.540996789932251 0.12606370449066162 -0.8315229415893555
 556  -52 -100 38.397660 38.092318 0.34008273482322693 0.43212953209877014 178 -0.539059042930603 0.12551473081111908 -0.8328633904457092
 557  -50  -96 38.418776 38.128717 -0.7452282905578613 0.4916735887527466 47 -0.5383158922195435 0.12426269054412842 -0.8335315585136414
 558  -47  -96 38.455869 38.128586 -0.9852442145347595 0.5678008198738098 42 -0.5351064205169678 0.12458156049251556 -0.8355481028556824
 559  -51  -99 38.409006 38.106163 -0.6784998774528503 0.5580958724021912 41 -0.5388122797012329 0.12448687851428986 -0.8331772685050964
 560  -49  -98 38.432515 38.107947 -0.7742912173271179 0.5344170928001404 42 -0.5367573499679565 0.12368419021368027 -0.8346219062805176
 561  -51 -100 38.412054 38.093945 -0.7424848675727844 0.33611860871315 35 -0.5379822850227356 0.1250285804271698 -0.8336324095726013
 562  -49 -100 38.432025 38.094665 -0.492628812789917 0.3845980763435364 37 -0.5363441109657288 0.12441839277744293 -0.8347784876823425
 563  -48  -98 38.450102 38.108104 -0.8978663086891174 0.45051154494285583 47 -0.5353997349739075 0.12319720536470413 -0.835565447807312
 564  -46  -99 38.467228 38.106547 -1.2370898723602295 0.7380285263061523 32 -0.5340942740440369 0.1228325366973877 -0.8364541530609131
 565  -48 -100 38.448493 38.092997 -0.9983863830566406 0.4281735122203827 117 -0.5349605083465576 0.12404765188694 -0.835720956325531
 566  -47  -99 38.460944 38.098133 -0.9546612501144409 0.35369089245796204 161 -0.5341974496841431 0.12343619763851166 -0.8362993597984314
 567  -46 -100 38.470264 38.097680 -1.8894178867340088 0.4452039301395416 172 -0.5334752798080444 0.12321054190397263 -0.8367934823036194
 568  -47 -100 38.460767 38.089294 -0.8006147742271423 0.6773455739021301 2363 -0.5339600443840027 0.1239304393529892 -0.8363779187202454
 569  -58 -101 38.337560 38.083060 0.05707784369587898 0.2910732626914978 2618 -0.5434433817863464 0.12767857313156128 -0.8296791911125183
 570  -57 -101 38.346393 38.082545 -0.16064424812793732 0.6455926895141602 2182 -0.542817234992981 0.1274813860654831 -0.830119252204895
 571  -58 -102 38.336350 38.075506 -0.712680995464325 0.23325514793395996 2828 -0.5433043241500854 0.12813083827495575 -0.8297005295753479
 572  -57 -102 38.346567 38.075451 -0.6822957992553711 0.4399096965789795 101450 -0.5425418019294739 0.12786003947257996 -0.8302410244941711
 573  -56 -101 38.355752 38.083434 0.6618595123291016 0.32078415155410767 110236 -0.5421202778816223 0.12717559933662415 -0.8306214809417725
 574  -55 -101 38.365096 38.083490 0.20668479800224304 0.37034496665000916 11356 -0.5413838028907776 0.12691161036491394 -0.8311420679092407
 575  -56 -102 38.354218 38.074603 -0.014698784798383713 0.494670033454895 9888 -0.5419180989265442 0.1276959925889969 -0.8306735754013062
 576  -55 -102 38.364274 38.075130 -0.02886122092604637 0.26292523741722107 11248 -0.5410685539245605 0.1273694932460785 -0.8312772512435913
 577  -58 -103 38.337213 38.068295 -0.8228877186775208 0.16091006994247437 11027 -0.5429278016090393 0.12848755717277527 -0.8298918008804321
 578  -57 -103 38.345886 38.068342 -1.2476036548614502 0.2797084152698517 141555 -0.5422366261482239 0.12824048101902008 -0.8303817510604858
 579  -56 -103 38.355559 38.067408 -0.7226904630661011 0.27943000197410583 1475 -0.541456401348114 0.12802532315254211 -0.8309239149093628
 580  -55 -103 38.364874 38.067617 -0.23448579013347626 0.22636806964874268 3736 -0.5406956076622009 0.12774696946144104 -0.831462025642395
 581  -55 -101 38.372743 38.083129 0.2349967658519745 0.26795658469200134 1837 -0.5408010482788086 0.12672701478004456 -0.8315494656562805
 582  -54 -101 38.382033 38.082825 0.24039627611637115 0.17105501890182495 2387 -0.539982259273529 0.12646843492984772 -0.8321207761764526
 583  -54 -102 38.374156 38.075800 -0.006058022379875183 0.3285062611103058 2186 -0.5403164029121399 0.12705938518047333 -0.8318137526512146
 584  -54 -102 38.382920 38.076095 -0.32369759678840637 0.3268129825592041 2376 -0.5395698547363281 0.12678466737270355 -0.8323401212692261
 585  -53 -101 38.391319 38.082344 -0.06795293837785721 0.2884770333766937 7165 -0.5391538143157959 0.1262185126543045 -0.832695722579956
 586  -52 -101 38.400022 38.082779 -0.04405827447772026 0.26207393407821655 3842 -0.5384361743927002 0.12594318389892578 -0.8332015872001648
 587  -53 -102 38.390845 38.075222 -0.8057149052619934 0.48614075779914856 4477 -0.5389077663421631 0.12661030888557434 -0.8327955007553101
 588  -52 -102 38.399703 38.076237 0.09471408277750015 0.23025907576084137 2408 -0.5383018255233765 0.1263226866722107 -0.8332309126853943
 589  -54 -103 38.374217 38.068406 -0.2540290355682373 0.22442759573459625 2645 -0.539951741695404 0.12743578851222992 -0.8319929242134094
 590  -54 -103 38.382386 38.068685 -0.5005355477333069 0.4224637448787689 2670 -0.5393235087394714 0.1271943598985672 -0.83243727684021
 591  -53 -103 38.391518 38.069122 -0.8074865937232971 0.6680396199226379 2516 -0.5386720895767212 0.1269294023513794 -0.8328993916511536
 592  -52 -103 38.401398 38.068618 -0.7080925107002258 0.3915424942970276 630 -0.537880539894104 0.1266825944185257 -0.8334483504295349
 593  -58 -107 38.335923 38.032827 0.6596581935882568 0.4703785181045532 92 -0.5420808792114258 0.13052766025066376 -0.8301270604133606
 594  -57 -106 38.346603 38.034528 0.7371535301208496 0.3415452241897583 94 -0.5411204695701599 0.13009127974510193 -0.8308218121528625
 595  -56 -106 38.355984 38.040394 0.13539162278175354 0.2244773656129837 98 -0.5404638051986694 0.1294800341129303 -0.8313446044921875
 596  -55 -106 38.364787 38.040497 -0.21928690373897552 0.16620361804962158 5 -0.5397292375564575 0.1292169839143753 -0.8318626284599304
 597  -56 -107 38.356763 38.033953 0.8695804476737976 0.1646575778722763 175 -0.5402354001998901 0.12982144951820374 -0.8314398527145386
 598  -55 -107 38.364834 38.033795 0.4494953155517578 0.2164391279220581 75 -0.5395448207855225 0.12959149479866028 -0.8319239616394043
 599  -54 -106 38.373828 38.040704 -0.2931320369243622 0.18139050900936127 146 -0.538996696472168 0.12894514203071594 -0.8323795795440674
 600  -54 -106 38.382619 38.040573 0.021990714594721794 0.2876344919204712 102 -0.538292646408081 0.12870478630065918 -0.832872211933136
 601  -54 -107 38.374034 38.033988 0.01768641173839569 0.17611254751682281 66 -0.5387591123580933 0.12930694222450256 -0.8324772715568542
 602  -18  -92 38.786256 38.165183 -2.50295352935791 0.768014669418335 10 -0.506688117980957 0.12054336071014404 -0.8536606431007385
 603  -20  -94 38.769469 38.150644 -1.8559178113937378 0.9122135043144226 17 -0.5076697468757629 0.12179593741893768 -0.8528993129730225
 604  -18  -94 38.786929 38.151258 -2.0397799015045166 1.1267846822738647 31 -0.5062671303749084 0.12126722931861877 -0.8538078665733337
 605 -177 -171 36.993462 37.441578 1.1677204370498657 1.4585211277008057 41 -0.629569947719574 0.15271347761154175 -0.7617875337600708
 606 -179 -171 36.975249 37.433508 3.09220027923584 0.7831847667694092 5 -0.630496621131897 0.15357482433319092 -0.7608474493026733
 607 -179 -172 36.967028 37.426786 5.4764509201049805 2.1334011554718018 37 -0.6331637501716614 0.14419618248939514 -0.7604677677154541
 608 -179 -172 36.975531 37.426502 3.3761942386627197 1.8143037557601929 528 -0.6324901580810547 0.14456848800182343 -0.7609574198722839
 609 -178 -172 36.983173 37.433190 4.506877422332764 1.875502347946167 560 -0.6299842000007629 0.15340466797351837 -0.76130610704422
 610 -177 -172 36.994723 37.432707 -3.090880870819092 1.5526810884475708 542 -0.6292372941970825 0.15315870940685272 -0.7619730234146118
 611 -178 -172 36.984139 37.426682 3.8497555255889893 1.7859047651290894 526 -0.6315492391586304 0.1460849642753601 -0.7614491581916809
 612 -177 -172 36.993215 37.426553 0.8692014217376709 2.509197473526001 518 -0.6305791735649109 0.14753521978855133 -0.7619732618331909
 613  -97 -125 37.886787 37.860752 1.107382893562317 0.2125091254711151 603 -0.5755883455276489 0.13134217262268066 -0.8071228861808777
 614  -97 -125 37.895610 37.868008 -0.5146237015724182 0.39562657475471497 133 -0.5753383636474609 0.13079001009464264 -0.8073907494544983
 615  -96 -125 37.904579 37.867842 -0.7243897914886475 0.5152079463005066 110 -0.574698805809021 0.1306953877210617 -0.8078613877296448
 616  -97 -125 37.896382 37.861416 0.8188616633415222 0.3169978857040405 144 -0.5749679207801819 0.13106468319892883 -0.8076100945472717
 617  -96 -125 37.904599 37.861022 0.7826344966888428 0.49031198024749756 110 -0.5743924975395203 0.13088004291057587 -0.8080493211746216
 618 -106 -127 37.789412 37.846105 0.219041109085083 0.38831159472465515 107 -0.5806140303611755 0.14125141501426697 -0.8018325567245483
 619 -105 -127 37.798323 37.846142 1.134417176246643 0.2878889739513397 152 -0.5799421072006226 0.14101429283618927 -0.8023604154586792
 620 -108 -128 37.772008 37.838732 -0.06265830248594284 0.12960299849510193 20 -0.5816078782081604 0.14205540716648102 -0.8009698390960693
 621 -107 -128 37.780388 37.839003 0.27001217007637024 0.27330395579338074 27 -0.5810837149620056 0.14184452593326569 -0.8013874888420105
 622 -108 -128 37.771975 37.831708 0.3162519037723541 0.19985653460025787 25 -0.5821691751480103 0.13901540637016296 -0.8010953664779663
 623 -107 -128 37.780613 37.831782 0.6203407049179077 0.2066849321126938 46 -0.5812006592750549 0.1404600292444229 -0.8015464544296265
 624 -106 -128 37.789623 37.838600 0.8135454058647156 0.13859355449676514 33 -0.5804027915000916 0.14162729680538177 -0.801919162273407
 625 -105 -128 37.798876 37.839007 1.062626838684082 0.06680413335561752 27 -0.5796507000923157 0.14134663343429565 -0.8025124669075012
 626 -106 -128 37.789601 37.831808 0.42408487200737 0.24686779081821442 45 -0.580254316329956 0.14159776270389557 -0.8020318150520325
 627 -105 -128 37.798407 37.831802 1.1254708766937256 0.22193767130374908 29 -0.5795102119445801 0.14172802865505219 -0.8025466203689575
 628 -104 -126 37.807063 37.853034 1.2459545135498047 0.23156698048114777 448 -0.5794687867164612 0.14043530821800232 -0.8028037548065186
 629 -104 -126 37.815614 37.853179 1.3443856239318848 0.13127030432224274 499 -0.5789106488227844 0.13978901505470276 -0.8033190965652466
 630 -104 -127 37.807467 37.846187 1.2152146100997925 0.19858072698116302 523 -0.5792110562324524 0.14076028764247894 -0.8029327988624573
 631 -104 -127 37.816363 37.846165 1.2247300148010254 0.1279819756746292 532 -0.5787758231163025 0.13928963243961334 -0.8035029768943787
 632 -103 -126 37.823759 37.853369 1.1524150371551514 0.20297814905643463 545 -0.579428493976593 0.13439013063907623 -0.8038668632507324
 633 -102 -126 37.834865 37.853569 0.6761279702186584 0.19471701979637146 104 -0.5787335634231567 0.13303303718566895 -0.8045929074287415
 634 -103 -127 37.824449 37.845438 1.289180874824524 0.19313602149486542 141 -0.5793400406837463 0.13380587100982666 -0.8040280342102051
 635 -102 -127 37.834865 37.846512 0.8150848746299744 0.2997541129589081 134 -0.5784950852394104 0.13344091176986694 -0.804696798324585
 636 -104 -128 37.811589 37.835406 1.0663169622421265 0.19970355927944183 121 -0.5787613987922668 0.14017507433891296 -0.80335932970047
 637 -102 -128 37.830756 37.835903 0.7361593246459961 0.3931701183319092 112 -0.5784813761711121 0.1341714859008789 -0.8045852184295654
 638 -107 -130 37.776508 37.821456 0.7480024099349976 0.45259079337120056 152 -0.5829587578773499 0.1333838254213333 -0.8014785051345825
 639 -106 -130 37.794435 37.821321 0.673353910446167 0.48501765727996826 133 -0.5815584659576416 0.1333620697259903 -0.8024988174438477
 640 -107 -131 37.776443 37.807069 1.9122921228408813 0.1658550500869751 140 -0.5825245976448059 0.13410478830337524 -0.8016738295555115
 641 -106 -131 37.794419 37.807466 1.6204618215560913 0.17096945643424988 135 -0.5811688303947449 0.1336209625005722 -0.8027379512786865
 642 -103 -131 37.822669 37.813688 0.8090490698814392 0.8025584816932678 35 -0.5785105228424072 0.13527926802635193 -0.8043786883354187
 643 -101 -126 37.842253 37.853558 0.49628642201423645 0.20415639877319336 35 -0.5783039331436157 0.13286353647708893 -0.8049297332763672
 644 -101 -126 37.851257 37.853510 0.6982847452163696 0.17314541339874268 35 -0.5776838660240173 0.13263820111751556 -0.8054119944572449
 645 -101 -127 37.842787 37.846340 0.6846908926963806 0.12193622440099716 29 -0.5779745578765869 0.1332560032606125 -0.8051013946533203
 646 -101 -127 37.851736 37.846651 0.5032207369804382 0.17862138152122498 34 -0.5773658156394958 0.13300924003124237 -0.805578887462616
 647  -99 -127 37.864848 37.850201 0.5008136630058289 0.2268514484167099 38 -0.5766239762306213 0.1324804425239563 -0.8061970472335815
 648 -101 -128 37.847097 37.835585 -0.492667019367218 0.8679911494255066 32 -0.5773669481277466 0.13377760350704193 -0.8054507374763489
 649  -99 -128 37.864811 37.835987 -0.2838607430458069 0.9289693236351013 37 -0.5761716961860657 0.13330554962158203 -0.8063843846321106
 650  -98 -127 37.882772 37.850546 0.47061753273010254 0.39276760816574097 30 -0.5754269361495972 0.1320105493068695 -0.80712890625
 651  -96 -127 37.899912 37.849908 0.8249286413192749 0.4651789963245392 34 -0.5742976665496826 0.13162761926651 -0.8079952597618103
 652  -98 -128 37.882906 37.836399 0.04754411056637764 0.47111302614212036 25 -0.5748946666717529 0.13281035423278809 -0.8073769211769104
 653  -96 -128 37.900755 37.836331 -1.4598658084869385 1.855456829071045 32 -0.5736727118492126 0.13236144185066223 -0.8083192706108093
 654 -100 -130 37.856683 37.815232 -0.7074021697044373 0.8697612285614014 29 -0.5760873556137085 0.1347193866968155 -0.8062096834182739
 655 -138 -151 37.430011 37.623384 3.0381064414978027 0.5539488792419434 35 -0.6037566661834717 0.1424693614244461 -0.7843343615531921
 656 -139 -152 37.421431 37.616377 3.009269952774048 0.17817692458629608 28 -0.6041431427001953 0.14304228127002716 -0.7839324474334717
 657 -138 -152 37.430320 37.616279 3.079371929168701 0.40022704005241394 56 -0.603516161441803 0.14282603561878204 -0.7844545841217041
 658 -137 -151 37.438875 37.623665 2.325083017349243 0.2600535750389099 2126 -0.6031268239021301 0.14223116636276245 -0.7848620414733887
 659 -136 -151 37.448437 37.623815 1.341759443283081 0.5177488923072815 2717 -0.6024304628372192 0.14197926223278046 -0.7854421734809875
 660 -137 -152 37.439206 37.616689 2.6841201782226562 0.23344720900058746 2989 -0.6028921604156494 0.1425812542438507 -0.7849787473678589
 661 -137 -152 37.448299 37.616761 2.0372745990753174 0.36789241433143616 2862 -0.6022294759750366 0.14234548807144165 -0.7855300307273865
 662 -139 -153 37.421827 37.609323 2.2626943588256836 0.4383179247379303 2913 -0.6038827300071716 0.14339080452919006 -0.7840693593025208
 663 -138 -153 37.430367 37.609147 2.4362637996673584 0.6623767614364624 2384 -0.603296160697937 0.14319148659706116 -0.7845572233200073
 664 -139 -153 37.421853 37.602339 1.842089056968689 0.17670325934886932 1987 -0.6036646962165833 0.14374785125255585 -0.7841718792915344
 665 -138 -153 37.430806 37.602290 2.924670696258545 1.4506675004959106 2544 -0.6030589938163757 0.14353321492671967 -0.7846770882606506
 666 -137 -153 37.444137 37.606036 2.2340285778045654 0.728924572467804 27475 -0.6022289991378784 0.14300695061683655 -0.7854102253913879
 667 -135 -152 37.461066 37.616651 1.130524754524231 1.822762370109558 111070 -0.601375162601471 0.14204435050487518 -0.7862387299537659
 668 -134 -152 37.479363 37.620470 2.7469213008880615 1.3724714517593384 9314 -0.6002326011657715 0.1414007842540741 -0.787227213382721
 669 -135 -153 37.461450 37.606112 1.9751074314117432 1.2224624156951904 7211 -0.6010396480560303 0.14257769286632538 -0.786398708820343
 670 -134 -153 37.479383 37.606502 2.318260908126831 1.1605952978134155 10132 -0.5998209118843079 0.14211860299110413 -0.7874117493629456
 671 -138 -155 37.426404 37.591833 1.76996648311615 0.5357942581176758 7170 -0.6030421257019043 0.14417800307273865 -0.7845717668533325
 672 -137 -155 37.444167 37.591918 1.8791000843048096 0.5445817112922668 387312 -0.6018111109733582 0.1437334567308426 -0.7855978608131409
 673 -139 -156 37.426454 37.577352 2.121006488800049 0.8491109013557434 4629 -0.602609395980835 0.14492270350456238 -0.7847670316696167
 674 -137 -156 37.444303 37.577749 1.9778705835342407 0.5813966393470764 9207 -0.6013726592063904 0.14445661008358002 -0.7858009934425354
 675 -135 -155 37.470551 37.585128 1.4001520872116089 0.5279027819633484 9808 -0.5997908115386963 0.14343135058879852 -0.7871965765953064
 676 -102  162 37.795073 40.452960 7.956836223602295 0.8031373023986816 2857 -0.6209760904312134 0.15096183121204376 -0.7691549062728882
 677 -199  201 36.641573 40.790086 10.344710350036621 0.8748643398284912 2814 -0.6922416687011719 0.16399076581001282 -0.7027862668037415
 678 -100 -115 37.854072 37.955168 1.568410038948059 0.5266625285148621 2409 -0.5785083770751953 0.13747499883174896 -0.804007887840271
 679  -97 -115 37.890312 37.955636 0.8025919198989868 0.7318094968795776 2586 -0.5758405327796936 0.13652808964252472 -0.8060817122459412
 680 -101 -117 37.846775 37.934752 0.514886736869812 1.0449877977371216 3392 -0.5781662464141846 0.13869620859622955 -0.804044246673584
 681  -99 -117 37.863416 37.934615 0.6852158904075623 0.48262107372283936 7647 -0.5769945979118347 0.13843412697315216 -0.804930567741394
 682 -101 -119 37.846521 37.919580 -0.17663154006004333 0.4365346133708954 2311 -0.5775761008262634 0.13971936702728271 -0.8042912483215332
 683  -99 -119 37.863885 37.920227 -0.6303421258926392 0.3302031457424164 6803 -0.5764220952987671 0.1392364650964737 -0.805202305316925
 684  -98 -117 37.881295 37.934680 0.8293365836143494 0.24434296786785126 364 -0.5757107734680176 0.13795483112335205 -0.8059315085411072
 685  -96 -117 37.899090 37.934664 1.0652351379394531 0.33050668239593506 44029 -0.5744094848632812 0.13747845590114594 -0.8069407939910889
 686  -98 -118 37.877163 37.924187 -0.06571076810359955 0.6356664299964905 9296 -0.5755887031555176 0.1386525183916092 -0.8058989644050598
 687  -97 -118 37.886072 37.923946 -0.3298516273498535 0.7366875410079956 9292 -0.5749380588531494 0.13842833042144775 -0.806401789188385
 688  -98 -119 37.877364 37.917055 -0.7367218136787415 0.3454422652721405 10231 -0.575490415096283 0.139094740152359 -0.8058929443359375
 689 -202 -194 36.716473 37.224971 1.7080252170562744 0.16102133691310883 3073 -0.645943284034729 0.15096603333950043 -0.7483090758323669
 690 -201 -189 36.729292 37.270944 2.643601655960083 0.30472037196159363 1670 -0.6463923454284668 0.14815382659435272 -0.748483419418335
 691 -200 -189 36.741664 37.274541 2.7760465145111084 0.1756419688463211 2433 -0.6457543969154358 0.14768297970294952 -0.7491267919540405
 692 -199 -189 36.750721 37.274599 2.5753512382507324 0.20678767561912537 2909 -0.6451142430305481 0.1474563628435135 -0.7497227787971497
 693 -200 -189 36.742191 37.267551 1.916147232055664 0.5180035829544067 2677 -0.6454057693481445 0.14802508056163788 -0.7493597269058228
 694 -199 -189 36.750614 37.267287 2.012758255004883 0.3384423851966858 2758 -0.6448603272438049 0.1478450447320938 -0.7498646974563599
 695 -201 -190 36.724209 37.259874 2.9621315002441406 0.16449618339538574 3011 -0.6464065313339233 0.1488761603832245 -0.7483278512954712
 696 -201 -190 36.733030 37.260068 2.9801676273345947 0.45289602875709534 79916 -0.6457824110984802 0.14864693582057953 -0.74891197681427
 697 -201 -191 36.725090 37.253237 2.34798002243042 0.17111048102378845 64496 -0.6460750699043274 0.14919766783714294 -0.7485499382019043
 698 -201 -191 36.733147 37.253285 2.837766647338867 0.4610438346862793 14581 -0.6455373167991638 0.1490025669336319 -0.7490526437759399
 699 -200 -190 36.742470 37.260689 2.114532947540283 0.4260729253292084 18111 -0.6451213359832764 0.14837606251239777 -0.7495352029800415
 700 -199 -190 36.751019 37.260443 2.4356179237365723 0.3289962112903595 186412 -0.6445704698562622 0.14819252490997314 -0.7500452399253845
 701 -200 -191 36.742318 37.253144 2.271533966064453 0.4284924566745758 544 -0.6448906064033508 0.14878474175930023 -0.7496526837348938
 702 -198 -189 36.759408 37.275051 2.396566867828369 0.11031735688447952 322 -0.6445213556289673 0.14721955358982086 -0.7502791285514832
 703 -201 -192 36.725678 37.246110 2.1061136722564697 0.12790989875793457 95 -0.6457930207252502 0.14956320822238922 -0.7487204074859619
 704 -201 -192 36.734075 37.245972 1.851000189781189 0.28012076020240784 1074 -0.6452201008796692 0.14936761558055878 -0.7492532134056091
 705 -201 -193 36.725190 37.238666 1.7425777912139893 0.16799068450927734 165 -0.6456074714660645 0.14997844398021698 -0.7487973570823669
 706 -201 -193 36.734414 37.239230 1.465753436088562 0.14300712943077087 386 -0.6450631618499756 0.1497393548488617 -0.7493141889572144
 707 -200 -192 36.742204 37.246720 1.3856650590896606 0.20875145494937897 1238 -0.6447843909263611 0.14915220439434052 -0.7496711015701294
 708 -201 -193 36.725247 37.232021 1.5370255708694458 0.22512538731098175 628 -0.6454835534095764 0.15035440027713776 -0.7488287091255188
 709 -201 -194 36.725724 37.225006 1.6051489114761353 0.24618767201900482 535 -0.6453490853309631 0.1507471203804016 -0.7488657236099243
 710 -196 -192 36.785480 37.247911 2.1558284759521484 0.30741244554519653 2333 -0.6420026421546936 0.1480722278356552 -0.7522681355476379
 711 -196 -193 36.786511 37.239912 1.9667671918869019 0.21575656533241272 105 -0.641722559928894 0.14848460257053375 -0.7524257302284241
 712 -197 -194 36.769896 37.225845 2.5577926635742188 0.10941683501005173 133 -0.6423836946487427 0.1496342271566391 -0.7516334652900696
 713 -197 -193 36.778020 37.233292 2.487112522125244 0.2894788384437561 107 -0.642073392868042 0.14904029667377472 -0.7520164847373962
 714 -196 -193 36.787137 37.233188 1.479211449623108 1.3753770589828491 145 -0.641501784324646 0.1488368660211563 -0.7525444030761719
 715 -197 -194 36.777584 37.225849 2.4578869342803955 0.7995763421058655 657 -0.6418972611427307 0.14945581555366516 -0.7520843744277954
 716 -196 -194 36.787319 37.224799 2.6832876205444336 2.7405097484588623 456 -0.6412638425827026 0.14928990602493286 -0.7526574730873108
 717 -240 -201 36.298385 37.157154 0.08014135807752609 0.6781979203224182 671 -0.6693654656410217 0.1591261923313141 -0.7256918549537659
 718 -227 -201 36.444334 37.159202 2.210599660873413 1.4333140850067139 605 -0.6610041260719299 0.1570732295513153 -0.7337585091590881
 719 -239 -213 36.303537 37.044504 1.6022790670394897 1.553992748260498 624 -0.6685015559196472 0.156328946352005 -0.7270948886871338
 720 -230 -210 36.412091 37.074390 3.0454068183898926 0.5020037889480591 703 -0.6633581519126892 0.15208467841148376 -0.7326842546463013
 721 -224 -210 36.480558 37.075457 3.147951602935791 0.4799756705760956 618 -0.6589736938476562 0.15195301175117493 -0.7366573214530945
 722 -230 -216 36.410626 37.018309 3.3380231857299805 0.5408291816711426 2480 -0.6620306968688965 0.1556222140789032 -0.7331418991088867
 723 -225 -215 36.463071 37.033627 2.7149369716644287 0.7285973429679871 2545 -0.6593421697616577 0.15345032513141632 -0.7360169887542725
 724 -222 -215 36.498526 37.034246 3.3486831188201904 1.0584070682525635 9931 -0.6573565006256104 0.15261346101760864 -0.7379645109176636
 725 -225 -218 36.462048 37.005636 3.872224807739258 0.6712431907653809 8560 -0.6588079333305359 0.15525732934474945 -0.736116349697113
 726 -222 -218 36.505589 37.005893 3.6079964637756348 0.547332227230072 2450 -0.6562536954879761 0.15423332154750824 -0.7386089563369751
 727 -217 -198 36.546951 37.189093 2.8300013542175293 0.5149431228637695 2475 -0.6558403968811035 0.1530689299106598 -0.73921799659729
 728 -213 -196 36.598768 37.204747 2.503399133682251 0.5102086663246155 2544 -0.6532660722732544 0.15091529488563538 -0.7419353723526001
 729 -210 -196 36.633872 37.206577 2.4542946815490723 0.5987299680709839 2440 -0.6514967083930969 0.15005013346672058 -0.7436646223068237
 730 -213 -199 36.598598 37.176764 2.555678129196167 0.4532957971096039 5930 -0.6525571346282959 0.15266257524490356 -0.7422016859054565
 731 -211 -199 36.618008 37.178643 3.102085590362549 0.07810120284557343 2624 -0.6514303088188171 0.15209102630615234 -0.7433081269264221
 732 -209 -198 36.644172 37.189864 0.8106896877288818 0.4966905117034912 2323 -0.6503568291664124 0.15082865953445435 -0.7445043325424194
 733 -211 -200 36.620379 37.173748 2.6372666358947754 0.28163257241249084 2496 -0.651214063167572 0.1523520052433014 -0.7434441447257996
 734 -219 -202 36.530489 37.147521 3.167311668395996 1.2485361099243164 2057 -0.6556448340415955 0.15602362155914307 -0.7387736439704895
 735 -216 -202 36.565468 37.147655 2.9263648986816406 0.4440748989582062 2613 -0.6536669135093689 0.15522190928459167 -0.7406927347183228
 736 -219 -205 36.530966 37.118674 2.7553789615631104 0.5464542508125305 2276 -0.6548365950584412 0.1578046977519989 -0.7391120791435242
 737 -216 -205 36.565891 37.120056 2.9971745014190674 0.30058565735816956 1495 -0.6528972387313843 0.15692433714866638 -0.7410127520561218
 738 -213 -202 36.598672 37.149878 2.6848840713500977 0.3888818323612213 3742 -0.6519508957862854 0.15435589849948883 -0.7423841953277588
 739 -211 -202 36.622692 37.154800 2.781684637069702 0.34207022190093994 4337 -0.6508098244667053 0.15352728962898254 -0.7435562610626221
 740 -210 -203 36.626092 37.140762 2.464552402496338 0.256034791469574 2193 -0.6501114368438721 0.15428972244262695 -0.7440093159675598
 741 -209 -203 36.638736 37.143605 2.435333013534546 0.20338797569274902 1043 -0.6492337584495544 0.1537710577249527 -0.7448825240135193
 742 -209 -203 36.640231 37.138633 2.3370747566223145 0.2661733031272888 264 -0.6489541530609131 0.15402992069721222 -0.7450726628303528
 743 -208 -204 36.649481 37.138323 2.054530620574951 0.23746360838413239 157 -0.6483123898506165 0.15381327271461487 -0.7456759214401245
 744  -93 -114 37.934083 37.963163 0.6613867878913879 0.251196026802063 156 -0.5728762745857239 0.13492389023303986 -0.8084604740142822
 745  -95 -116 37.916620 37.949339 1.0420849323272705 0.24728050827980042 51 -0.5736370086669922 0.13617049157619476 -0.8077117204666138
 746  -93 -116 37.934304 37.949315 0.9775674939155579 0.2399943768978119 40 -0.5723022818565369 0.13568978011608124 -0.8087387681007385
 747  -92 -114 37.951877 37.963922 0.657596230506897 0.36584335565567017 36 -0.5715776681900024 0.1344011127948761 -0.8094660639762878
 748  -90 -114 37.969658 37.963485 0.7465260028839111 0.2645145654678345 44 -0.5702062845230103 0.13393986225128174 -0.8105090260505676
 749  -92 -116 37.952483 37.949334 0.6641623377799988 0.47514644265174866 47 -0.570922315120697 0.13519105315208435 -0.809796929359436
 750  -90 -115 37.965375 37.953111 0.529134213924408 0.1258535385131836 40 -0.5701026916503906 0.1346302479505539 -0.810467541217804
 751  -90 -115 37.974749 37.953006 0.5811187028884888 0.11951567977666855 45 -0.5693869590759277 0.13438041508197784 -0.8110120296478271
 752  -90 -116 37.965646 37.946274 -0.048717938363552094 0.26882365345954895 36 -0.5698385238647461 0.13501033186912537 -0.8105900883674622
 753  -90 -116 37.974332 37.945982 0.27139851450920105 0.17728295922279358 32 -0.5691876411437988 0.13479353487491608 -0.8110833764076233
 754  -95 -117 37.912454 37.938463 0.952089786529541 0.17631980776786804 34 -0.5735405087471008 0.13689734041690826 -0.8076574206352234
 755  -94 -117 37.921224 37.938873 0.7722175121307373 0.14507313072681427 35 -0.5729204416275024 0.1366407573223114 -0.8081408143043518
 756  -95 -118 37.912375 37.931466 1.2984167337417603 0.13649514317512512 37 -0.5733189582824707 0.13730266690254211 -0.8077458739280701
 757  -94 -118 37.921486 37.931889 1.0378443002700806 0.16517435014247894 46 -0.5726614594459534 0.1370324194431305 -0.808258056640625
 758  -94 -117 37.930135 37.938897 0.8878918290138245 0.13319580256938934 39 -0.5722631812095642 0.13639914989471436 -0.8086471557617188
 759  -43 -100 38.498957 38.097855 0.17656895518302917 0.7602182030677795 45 -0.5312002897262573 0.12240847945213318 -0.8383569717407227
 760  -43 -100 38.506301 38.097546 0.12036195397377014 0.3916950523853302 47 -0.5305110812187195 0.12220167368650436 -0.8388234376907349
 761  -43 -100 38.498793 38.090148 -1.1110036373138428 0.26964229345321655 41 -0.530815839767456 0.12279772758483887 -0.8385435342788696
 762  -41  -98 38.524188 38.112674 -0.7819225192070007 0.48826083540916443 47 -0.5294110178947449 0.12085270136594772 -0.839713454246521
 763  -40  -98 38.533462 38.111660 -0.9973002076148987 0.5788057446479797 47 -0.5286430716514587 0.12065359950065613 -0.8402256965637207
 764  -40  -98 38.542834 38.113677 0.43124887347221375 0.6577324271202087 47 -0.5279897451400757 0.12029366195201874 -0.8406879901885986
 765 -190  148 36.762537 40.317970 -1.0001708269119263 1.030748963356018 35 -0.6801273226737976 0.1642829030752182 -0.7144494652748108
 766 -141 -148 37.394159 37.651016 1.778544306755066 0.425226092338562 33 -0.607041597366333 0.141917422413826 -0.7818951606750488
 767 -142 -149 37.386221 37.644001 3.054392099380493 0.25134024024009705 38 -0.6074943542480469 0.1425018310546875 -0.78143709897995
 768 -141 -149 37.394696 37.643992 2.7759146690368652 0.30750328302383423 34 -0.606846809387207 0.14227993786334991 -0.7819803953170776
 769 -140 -148 37.402915 37.651193 2.3256771564483643 0.5603036880493164 38 -0.6064264178276062 0.14169010519981384 -0.7824135422706604
 770 -140 -148 37.411907 37.651360 2.188070297241211 0.30892884731292725 46 -0.6057935357093811 0.14145797491073608 -0.7829456329345703
 771 -142 -150 37.386006 37.636848 2.4310779571533203 0.3039112389087677 43 -0.6073071956634521 0.1428798884153366 -0.781513512134552
 772 -139 -145 37.420422 37.679676 2.870490312576294 0.34617507457733154 48 -0.6060160398483276 0.13977906107902527 -0.7830749750137329
 773 -138 -145 37.428990 37.679767 3.4435677528381348 0.2306276559829712 36 -0.6054114699363708 0.1395622342824936 -0.7835810780525208
 774 -139 -146 37.420632 37.672672 2.602329730987549 0.1484813243150711 38 -0.6058070063591003 0.14013904333114624 -0.7831723690032959
 775 -138 -146 37.429403 37.672528 2.8438937664031982 0.16369123756885529 35 -0.6051828265190125 0.13992981612682343 -0.7836921811103821
 776 -137 -145 37.438073 37.680164 3.145932674407959 0.26807233691215515 43 -0.6047899723052979 0.13931983709335327 -0.78410404920578
 777 -137 -145 37.446787 37.680014 3.4447519779205322 0.9101653099060059 73 -0.6041756272315979 0.13911378383636475 -0.784614086151123
 778 -137 -146 37.438278 37.672868 3.4489142894744873 0.5051971077919006 254 -0.6045649647712708 0.13969282805919647 -0.7842111587524414
 779 -137 -146 37.445971 37.673388 2.759392023086548 0.7604224681854248 20 -0.6040405035018921 0.13947711884975433 -0.7846536040306091
 780 -139 -146 37.420518 37.665503 2.5314977169036865 0.3035772442817688 28 -0.6056053638458252 0.14051349461078644 -0.783261239528656
 781 -138 -146 37.429242 37.665542 3.0314950942993164 0.2410019040107727 5 -0.604999840259552 0.1402977555990219 -0.7837677001953125
 782 -139 -147 37.420794 37.658416 2.1719448566436768 0.3653830885887146 2 -0.605351984500885 0.14086730778217316 -0.7833935022354126
 783 -136 -145 37.453096 37.681022 1.596418023109436 0.9743528366088867 33 -0.6037623882293701 0.13890714943408966 -0.7849686741828918
 784 -133 -147 37.482710 37.659323 1.8293377161026 0.25330573320388794 23 -0.601174533367157 0.1393273025751114 -0.7868781089782715
 785 -137 -150 37.439165 37.630457 2.0463433265686035 0.393779993057251 22 -0.6032760739326477 0.1418662965297699 -0.7848133444786072
 786 -137 -150 37.447616 37.630877 1.3888115882873535 0.2850366234779358 358 -0.6026997566223145 0.14163599908351898 -0.7852975726127625
 787 -135 -149 37.464789 37.644739 0.782132625579834 0.8846853971481323 58 -0.6019772291183472 0.14051418006420135 -0.786052942276001
 788 -134 -148 37.473882 37.651963 2.188417673110962 0.840882420539856 64 -0.6015522480010986 0.13991762697696686 -0.7864845991134644
 789 -133 -148 37.482617 37.652351 2.6033196449279785 0.5218132734298706 49 -0.6009542346000671 0.13968317210674286 -0.7869832515716553
 790 -134 -149 37.474116 37.645368 2.7815725803375244 1.0567846298217773 37 -0.6013377904891968 0.14025083184242249 -0.7865892052650452
 791 -133 -149 37.482938 37.645297 2.594743490219116 1.549684762954712 41 -0.6007078289985657 0.14003463089466095 -0.7871088981628418
 792 -136 -150 37.456660 37.638076 1.9590137004852295 0.7004320025444031 19 -0.6023283004760742 0.14105303585529327 -0.7856874465942383
 793 -135 -150 37.463903 37.638553 0.5844272375106812 0.6958030462265015 29 -0.6018497347831726 0.14085300266742706 -0.7860899567604065
 794 -136 -150 37.454981 37.631346 0.7580098509788513 0.9357841610908508 35 -0.6022340655326843 0.14143820106983185 -0.785690426826477
 795 -135 -150 37.461657 37.633726 -0.36286625266075134 0.23167845606803894 42 -0.601856529712677 0.14115498960018158 -0.7860305905342102
 796 -134 -149 37.471012 37.641071 0.9052419662475586 0.1658942997455597 45 -0.6014435291290283 0.14055146276950836 -0.7864547371864319
 797 -133 -150 37.483840 37.638636 1.320633888244629 1.8935930728912354 20 -0.6004588603973389 0.1403570920228958 -0.7872414588928223
 798 -134 -151 37.476686 37.629114 1.6872327327728271 1.0358891487121582 19 -0.6006832122802734 0.141024649143219 -0.786950945854187
 799 -133 -150 37.483579 37.630947 2.3676626682281494 1.5166606903076172 25 -0.6002545356750488 0.14076006412506104 -0.7873253226280212
 800 -145 -151 37.350794 37.622032 3.1591129302978516 0.21602094173431396 23 -0.609301745891571 0.14451481401920319 -0.7796582579612732
 801 -144 -151 37.359405 37.622440 3.039517641067505 0.21964438259601593 527 -0.6086718440055847 0.14427079260349274 -0.7801951766014099
 802 -145 -152 37.351264 37.615096 2.607799768447876 0.4187292158603668 481 -0.608989953994751 0.14484573900699615 -0.779840350151062
 803 -140 -152 37.412673 37.616263 2.511920928955078 0.2318325787782669 538 -0.6047589182853699 0.1432669758796692 -0.7834163904190063
 804 -141 -153 37.395167 37.601834 2.8485870361328125 0.7465250492095947 210 -0.6055156588554382 0.14443811774253845 -0.7826164364814758
 805 -140 -153 37.404280 37.609009 2.387087821960449 0.18714530766010284 95 -0.6051061749458313 0.14384452998638153 -0.783042311668396
 806 -140 -153 37.413240 37.609113 2.686713457107544 0.15926802158355713 159 -0.6044789552688599 0.14361530542373657 -0.7835686802864075
 807 -140 -154 37.404217 37.601824 3.784905195236206 0.9034914374351501 73 -0.6048834323883057 0.1442137062549591 -0.7831465601921082
 808 -140 -153 37.412938 37.602152 2.6522812843322754 1.045311450958252 439 -0.6042804718017578 0.1439790427684784 -0.783655047416687
 809 -121 -137 37.622280 37.752399 2.1858267784118652 0.19213855266571045 361 -0.5919349193572998 0.14071793854236603 -0.793606698513031
 810 -122 -138 37.613781 37.745264 1.5358470678329468 0.38304781913757324 81 -0.5923283696174622 0.14129380881786346 -0.7932106852531433
 811 -121 -138 37.622733 37.745487 2.1234681606292725 0.07677990943193436 41 -0.5917195677757263 0.14106249809265137 -0.7937060594558716
 812 -132 -139 37.494451 37.733328 2.337355613708496 0.2417856603860855 98 -0.6002088189125061 0.1448516696691513 -0.786617636680603
 813 -131 -139 37.507464 37.736821 2.6217658519744873 0.258073091506958 70 -0.5993906259536743 0.14434465765953064 -0.7873344421386719
 814 -130 -139 37.516197 37.737072 2.082425832748413 1.140147089958191 83 -0.5987563729286194 0.14410601556301117 -0.787860631942749
 815 -131 -139 37.507749 37.730012 2.6864097118377686 0.4577268362045288 67 -0.5991306304931641 0.1446773260831833 -0.7874712944030762
 816 -130 -139 37.515110 37.731655 1.7698383331298828 1.4768235683441162 129 -0.5986598134040833 0.14440762996673584 -0.7878787517547607
 817 -133 -140 37.489411 37.723716 1.8744728565216064 0.7980254888534546 13 -0.6002116203308105 0.14545586705207825 -0.7865040302276611
 818 -132 -140 37.498823 37.725245 1.1354678869247437 1.0320745706558228 8 -0.5995988249778748 0.14514200389385223 -0.7870292663574219
 819 -133 -141 37.488228 37.717937 1.3177621364593506 0.3982694149017334 11 -0.6001183986663818 0.1457815021276474 -0.786514937877655
 820 -131 -140 37.506435 37.725755 2.260140895843506 1.1292970180511475 39 -0.5990872383117676 0.14492587745189667 -0.7874585390090942
 821 -130 -139 37.521891 37.734365 3.005011558532715 0.36718928813934326 29 -0.5982666611671448 0.1440984457731247 -0.7882339358329773
 822 -129 -138 37.534410 37.740274 -3.5974950790405273 0.6403869390487671 19 -0.5975713133811951 0.14348633587360382 -0.7888727784156799
 823 -130 -140 37.522856 37.729247 4.352177619934082 1.5434610843658447 30 -0.5980514883995056 0.14433832466602325 -0.7883532643318176
 824 -130 -144 37.517563 37.687917 2.617567777633667 0.17929606139659882 29 -0.5995743870735168 0.13700267672538757 -0.788505494594574
 825 -127 -142 37.552397 37.709521 1.6325875520706177 0.26147663593292236 29 -0.5954734683036804 0.14462479948997498 -0.7902500033378601
 826 -128 -143 37.543567 37.702319 1.3725872039794922 0.28925615549087524 13 -0.5958884954452515 0.14521688222885132 -0.7898284196853638
 827 -127 -143 37.552481 37.702368 1.7083584070205688 0.34623709321022034 7 -0.5952671766281128 0.14499059319496155 -0.790338397026062
 828 -129 -143 37.535022 37.695249 2.1236703395843506 0.36378729343414307 21 -0.5968303680419922 0.14347435534000397 -0.789435625076294
 829 -130 -144 37.526126 37.688155 2.650827646255493 0.0767889991402626 32 -0.5989804863929749 0.13678111135959625 -0.7889951467514038
 830 -129 -144 37.535329 37.687878 2.487543821334839 0.21987344324588776 38 -0.598309338092804 0.13656654953956604 -0.7895413637161255
 831 -128 -143 37.544043 37.695266 1.6171873807907104 0.20895470678806305 39 -0.595738410949707 0.14519266784191132 -0.7899461388587952
 832 -127 -143 37.552857 37.695374 1.6710565090179443 0.20978878438472748 19 -0.5950506925582886 0.1453150063753128 -0.7904418706893921
 833 -128 -144 37.544092 37.688244 1.8546611070632935 0.20532634854316711 18 -0.5977240800857544 0.1363379955291748 -0.7900240421295166
 834 -127 -144 37.553020 37.688413 1.8167808055877686 0.12544795870780945 37 -0.5967574119567871 0.13765954971313477 -0.7905254364013672
 835 -124 -139 37.587475 37.731086 0.8813298940658569 0.20595219731330872 36 -0.5936759114265442 0.14265285432338715 -0.7919589877128601
 836 -126 -141 37.570260 37.716819 1.280256986618042 0.5286744236946106 28 -0.5944552421569824 0.1438087821006775 -0.7911649942398071
 837 -125 -140 37.578909 37.723830 1.1731716394424438 0.3718399703502655 24 -0.5940625667572021 0.14323657751083374 -0.7915636301040649
 838 -124 -140 37.587684 37.723890 0.7686527371406555 0.18161053955554962 16 -0.5934727191925049 0.1430196911096573 -0.7920451164245605
 839 -125 -141 37.579044 37.716837 1.0279403924942017 0.4558143615722656 22 -0.5938647985458374 0.14359381794929504 -0.7916473150253296
 840 -124 -141 37.587640 37.716941 1.0608065128326416 0.2919073700904846 30 -0.5932939648628235 0.1433800607919693 -0.7921139001846313
 841 -123 -139 37.596320 37.738293 0.9311995506286621 0.2499299794435501 25 -0.5932902097702026 0.14207008481025696 -0.7923527359962463
 842 -122 -139 37.605274 37.738260 0.9780272245407104 0.1600053757429123 12 -0.5926921963691711 0.1418556571006775 -0.7928385734558105
 843 -123 -139 37.596310 37.731202 0.6897875070571899 0.34817075729370117 15 -0.5930845737457275 0.14243195950984955 -0.792441725730896
 844 -122 -139 37.605068 37.731320 0.9778959155082703 0.3301953971385956 25 -0.5925043821334839 0.1422145515680313 -0.7929146885871887
 845 -122 -139 37.613905 37.738247 1.6222939491271973 0.3313719630241394 30 -0.5921312570571899 0.14165180921554565 -0.7932940125465393
 846 -121 -139 37.622935 37.738481 2.2509348392486572 0.11291506141424179 42 -0.591512143611908 0.14141643047332764 -0.7937977313995361
 847 -122 -139 37.613929 37.731176 1.33191978931427 0.37440070509910583 37 -0.5919212102890015 0.14201079308986664 -0.7933866381645203
 848 -121 -139 37.622979 37.731511 1.9668351411819458 0.1435953676700592 17 -0.5913358926773071 0.1417776346206665 -0.7938646078109741
 849 -123 -140 37.596633 37.724150 1.0483709573745728 0.24393656849861145 22 -0.5928630828857422 0.14278490841388702 -0.7925439476966858
 850 -122 -140 37.605668 37.724121 0.8613445162773132 0.29455557465553284 34 -0.5922399163246155 0.14256320893764496 -0.7930495738983154
 851 -123 -141 37.596608 37.717079 1.516967535018921 0.1313410997390747 24 -0.5927137732505798 0.14315904676914215 -0.7925880551338196
 852 -122 -141 37.605147 37.717079 1.5711431503295898 0.18985143303871155 27 -0.5921462178230286 0.14295299351215363 -0.7930493950843811
 853 -121 -141 37.618912 37.720807 1.3267593383789062 0.46127942204475403 28 -0.5912879705429077 0.14241811633110046 -0.7937856316566467
 854 -126 -142 37.561412 37.709659 1.6483756303787231 0.3011961281299591 28 -0.5948439836502075 0.14439113438129425 -0.7907666563987732
 855 -126 -142 37.569963 37.709802 0.8710616827011108 0.27705439925193787 29 -0.5942625999450684 0.14417269825935364 -0.7912434935569763
 856 -126 -143 37.561468 37.702610 1.779819369316101 0.5561923980712891 34 -0.5946510434150696 0.14475366473197937 -0.7908454537391663
 857 -126 -143 37.570370 37.702659 1.1209919452667236 0.25878870487213135 36 -0.5940464735031128 0.14453157782554626 -0.7913402915000916
 858 -124 -142 37.583421 37.706491 1.086086392402649 0.3224792778491974 33 -0.5932619571685791 0.1440131664276123 -0.7920230031013489
 859 -126 -144 37.566309 37.691926 1.3047266006469727 0.3620525896549225 36 -0.5947135090827942 0.1424446702003479 -0.7912176251411438
 860 -124 -144 37.584448 37.692435 1.8338664770126343 0.4832094609737396 22 -0.5930024981498718 0.1439869999885559 -0.7922220826148987
 861 -122 -143 37.610119 37.699923 1.7567859888076782 0.3474642336368561 31 -0.5912656188011169 0.14369367063045502 -0.7935724258422852
 862 -119 -121 37.640601 37.898422 0.8710722923278809 0.628483772277832 4 -0.5928917527198792 0.14240838587284088 -0.7925902605056763
 863 -116 -121 37.679983 37.897655 0.3723602890968323 0.585935115814209 5 -0.5898020267486572 0.14139097929000854 -0.7950736880302429
 864 -119 -124 37.642722 37.868337 0.5429380536079407 0.48177284002304077 33 -0.5915852189064026 0.14381873607635498 -0.7933115363121033
 865 -117 -123 37.669356 37.876008 0.5920411348342896 0.4266127645969391 36 -0.5898905396461487 0.14274880290031433 -0.794765293598175
 866 -115 -123 37.686843 37.876511 0.4301239848136902 0.35808488726615906 20 -0.5886031985282898 0.1422671377658844 -0.7958054542541504
 867 -117 -125 37.669586 37.862057 0.2354082316160202 0.37135761976242065 28 -0.5893850922584534 0.14343033730983734 -0.7950176000595093
 868 -115 -125 37.687327 37.862062 0.27189257740974426 0.31121504306793213 45 -0.5881131291389465 0.14297810196876526 -0.7960402965545654
 869 -113 -121 37.712497 37.897639 -0.17670616507530212 0.6198785305023193 31 -0.5875219106674194 0.14058133959770203 -0.7969033122062683
 870 -110 -120 37.739032 37.905502 -0.840739905834198 0.6978962421417236 39 -0.5859403014183044 0.13953576982021332 -0.7982504367828369
 871 -109 -120 37.757616 37.905215 -0.4727487862110138 0.4722197651863098 36 -0.5845630168914795 0.13907268643379211 -0.7993402481079102
 872 -110 -122 37.740519 37.891020 0.06639422476291656 0.4724605083465576 19 -0.5852773785591125 0.14019730687141418 -0.7986207008361816
 873 -109 -122 37.758588 37.891373 -0.13936367630958557 0.27347469329833984 42 -0.5839613080024719 0.13971498608589172 -0.79966801404953
 874 -113 -123 37.704517 37.876761 -0.5992863178253174 0.5490413904190063 33 -0.5873791575431824 0.1418139487504959 -0.7967901825904846
 875 -112 -123 37.721946 37.876973 0.1469951570034027 0.3317718207836151 33 -0.586200475692749 0.14137661457061768 -0.797735333442688
 876 -186 -180 36.892718 37.352318 3.581402063369751 3.0243570804595947 39 -0.6358194351196289 0.14993403851985931 -0.7571350336074829
 877 -188 -181 36.869160 37.347931 5.0032639503479 0.8518376350402832 35 -0.6371710300445557 0.15071572363376617 -0.7558424472808838
 878 -187 -181 36.889641 37.347020 5.942164897918701 1.7155715227127075 31 -0.6358654499053955 0.15029145777225494 -0.7570255398750305
 879 -187 -182 36.882792 37.340773 2.768588066101074 1.9463003873825073 156 -0.6361229419708252 0.15078701078891754 -0.7567105889320374
 880  -94 -122 37.929197 37.890306 -1.8664320707321167 0.5755746364593506 147 -0.5711170434951782 0.13930505514144897 -0.8089619874954224
 881  -93 -122 37.940891 37.892345 0.11923382431268692 0.6987888813018799 167 -0.5703540444374084 0.13887926936149597 -0.809573233127594
 882  -90 -121 37.974702 37.904484 0.039382386952638626 0.6648998856544495 42 -0.5680603384971619 0.13721738755702972 -0.811467170715332
 883  -92 -121 37.948237 37.896973 1.1204408407211304 0.6130136847496033 40 -0.5698824524879456 0.13839389383792877 -0.8099883198738098
 884  -91 -121 37.956296 37.899314 1.0297751426696777 0.842326819896698 44 -0.5693318843841553 0.138032928109169 -0.810437023639679
 885  -91 -121 37.965149 37.898855 -0.08990196138620377 0.8270933628082275 36 -0.5686466693878174 0.13781426846981049 -0.8109551668167114
 886  -95 -123 37.912946 37.883468 0.6986318826675415 0.5209479331970215 40 -0.5721204876899719 0.1401488035917282 -0.8081067800521851
 887  -94 -123 37.921745 37.884176 0.0668702945113182 0.3694012761116028 34 -0.571466326713562 0.1398608386516571 -0.8086193203926086
 888  -95 -124 37.912987 37.875124 1.88544762134552 1.206498146057129 6 -0.5719415545463562 0.14065104722976685 -0.8081461191177368
 889  -94 -124 37.923710 37.876598 1.2972148656845093 0.8865638971328735 2 -0.5712137818336487 0.14027799665927887 -0.8087255358695984
 890  -95 -125 37.915718 37.863200 0.38445040583610535 0.7321808934211731 45 -0.573583722114563 0.13119134306907654 -0.8085731863975525
 891  -94 -125 37.930481 37.860511 1.347360372543335 0.5788721442222595 45 -0.5725734233856201 0.13024911284446716 -0.809441089630127
 892  -91 -125 37.959780 37.860830 2.0810511112213135 0.25594696402549744 47 -0.5702075362205505 0.12964478135108948 -0.8112062215805054
 893  -90 -125 37.972043 37.861522 1.7640210390090942 0.238497793674469 45 -0.5680522918701172 0.13427932560443878 -0.8119640946388245
 894  -88 -120 37.991761 37.910733 0.6306769251823425 0.5550533533096313 43 -0.5669695138931274 0.1363905966281891 -0.8123688697814941
 895  -89 -121 37.983371 37.905333 -0.5977360010147095 0.5343427062034607 42 -0.5674700140953064 0.1369399130344391 -0.8119269013404846
 896  -88 -121 37.993597 37.904370 0.2658127546310425 1.247724175453186 38 -0.5667486190795898 0.1367337852716446 -0.8124653100967407
 897  -87 -120 38.001913 37.911497 0.3325691819190979 0.9870120286941528 30 -0.5662848353385925 0.1360817849636078 -0.8128980994224548
 898  -87 -120 38.010583 37.911411 1.1389732360839844 0.5580691695213318 47 -0.5656532645225525 0.13585545122623444 -0.8133754730224609
 899  -87 -121 38.000640 37.905094 1.033187985420227 0.9260240793228149 41 -0.5662796497344971 0.13650834560394287 -0.8128301501274109
 900  -86 -121 38.011346 37.904471 0.6877518892288208 0.7523072957992554 36 -0.5654416084289551 0.13624699413776398 -0.813457190990448
 901  -88 -121 37.992958 37.897000 0.9227472543716431 0.31438279151916504 45 -0.566652774810791 0.13719598948955536 -0.8124542832374573
 902  -89 -122 37.986361 37.888091 1.4410215616226196 0.47768113017082214 36 -0.5668892860412598 0.1378936618566513 -0.8121711611747742
 903  -88 -123 37.994634 37.886946 2.0900022983551025 0.6947970390319824 4 -0.5661346912384033 0.13770654797554016 -0.812729001045227
 904  -87 -121 38.009895 37.897814 1.0889006853103638 1.126810908317566 42 -0.5653595924377441 0.13667257130146027 -0.8134427666664124
 905  -86 -120 38.018558 37.912625 1.2488679885864258 0.6427366733551025 6 -0.5650923848152161 0.1355675607919693 -0.813813328742981
 906  -85 -120 38.029258 37.913187 0.9825528264045715 0.2810598909854889 42 -0.5643044114112854 0.13524208962917328 -0.8144140243530273
 907  -86 -120 38.017383 37.907098 1.1601005792617798 0.7183060646057129 44 -0.5650997161865234 0.13593849539756775 -0.8137462735176086
 908  -85 -121 38.030993 37.905540 2.538290500640869 0.2921677827835083 37 -0.5640057921409607 0.13565023243427277 -0.814552903175354
 909  -84 -120 38.041254 37.909027 0.967467725276947 0.4112766683101654 33 -0.5632395148277283 0.1351453810930252 -0.8151668310165405
 910  -86 -122 38.019838 37.892286 1.2323319911956787 0.6959406733512878 43 -0.5644655823707581 0.1367223709821701 -0.8140550255775452
 911  -84 -122 38.043853 37.894642 1.0110048055648804 0.5218569040298462 58 -0.5625120401382446 0.13587547838687897 -0.8155477643013
 912  -88 -125 37.999097 37.867338 1.1602510213851929 0.5109484195709229 46 -0.5649607181549072 0.1384071260690689 -0.8134266138076782
 913  -85 -124 38.033851 37.870758 0.5563685894012451 0.6308914422988892 50 -0.5623916983604431 0.1374814361333847 -0.8153615593910217
 914  -94 -128 37.923470 37.841089 1.471584677696228 2.295757293701172 53 -0.5723549127578735 0.13152986764907837 -0.8093884587287903
 915  -91 -128 37.964657 37.842211 2.202746868133545 1.5345959663391113 48 -0.5692445039749146 0.1303500533103943 -0.811769425868988
 916 -221 -300 36.534364 36.269541 1.2687292098999023 3.542478322982788 47 -0.6448809504508972 0.1473652869462967 -0.749941349029541
 917 -222 -304 36.521043 36.228632 3.411210298538208 1.5543606281280518 39 -0.6447160243988037 0.14960037171840668 -0.7496405839920044
 918 -223 -310 36.515194 36.172631 4.2293596267700195 0.5826083421707153 36 -0.6436828970909119 0.1528271585702896 -0.749877393245697
 919 -187 -183 36.888207 37.328640 1.1908073425292969 0.48480966687202454 48 -0.6354707479476929 0.15132303535938263 -0.7571514844894409
 920 -188 -185 36.871465 37.312635 1.1449017524719238 1.3069424629211426 45 -0.6360560059547424 0.15257194638252258 -0.7564089894294739
 921 -187 -184 36.885909 37.315991 1.831741213798523 0.6024016737937927 48 -0.6352903842926025 0.15206561982631683 -0.7571539878845215
 922 -185 -184 36.911986 37.323378 2.7136003971099854 0.296482652425766 45 -0.6338703632354736 0.15106384456157684 -0.7585434317588806
 923 -191 -171 36.838654 37.434537 2.011618137359619 0.33453547954559326 30 -0.6414528489112854 0.146962970495224 -0.7529542446136475
 924 -194 -174 36.803622 37.405898 2.289780855178833 0.5949838161468506 34 -0.6429246068000793 0.14908871054649353 -0.7512792944908142
 925 -192 -173 36.829999 37.413411 2.790752410888672 0.2802988886833191 39 -0.6414625644683838 0.1480710655450821 -0.7527288794517517
 926 -190 -173 36.848055 37.413882 2.941885471343994 0.1804078370332718 26 -0.6403178572654724 0.14762592315673828 -0.7537902593612671
 927 -191 -175 36.831769 37.397929 3.010633707046509 0.2585518956184387 39 -0.6409325003623962 0.1488739550113678 -0.7530219554901123
 928 -190 -175 36.844125 37.403181 3.353301525115967 0.06191132217645645 32 -0.6402949690818787 0.14830301702022552 -0.75367671251297
 929 -190 -175 36.852299 37.403272 3.3613407611846924 0.07187604159116745 31 -0.6397756934165955 0.14810866117477417 -0.7541557550430298
 930 -190 -175 36.843628 37.396147 3.1527516841888428 0.1259172260761261 36 -0.6401402950286865 0.1486985981464386 -0.7537301778793335
 931 -190 -175 36.852965 37.396034 3.3080196380615234 0.10977789014577866 21 -0.6395161151885986 0.14848174154758453 -0.7543025612831116
 932 -188 -170 36.864477 37.442199 2.4094321727752686 0.2089415043592453 43 -0.6393604278564453 0.14879263937473297 -0.7543732523918152
 933 -187 -170 36.882729 37.442339 2.1416237354278564 0.3139173686504364 19 -0.6377431154251099 0.1501898616552353 -0.7554645538330078
 934 -188 -172 36.865096 37.428322 2.5693366527557373 0.12785601615905762 46 -0.6396414637565613 0.14645043015480042 -0.7545933127403259
 935 -187 -171 36.878587 37.432052 2.458000898361206 0.044404372572898865 133 -0.638870894908905 0.14593371748924255 -0.75534588098526
 936 -187 -171 36.886842 37.431808 2.3615832328796387 0.12484944611787796 143 -0.6383429169654846 0.14575767517089844 -0.7558261156082153
 937 -187 -172 36.878605 37.425010 2.5809342861175537 0.09288740158081055 184 -0.6386775970458984 0.14631575345993042 -0.7554354071617126
 938 -187 -172 36.887182 37.424827 2.441175937652588 0.17452803254127502 163 -0.6381378173828125 0.14613038301467896 -0.755927324295044
 939 -186 -170 36.894655 37.445487 1.6140908002853394 0.08884705603122711 160 -0.6358710527420044 0.15481255948543549 -0.7561092376708984
 940 -185 -170 36.905012 37.446068 2.249757766723633 0.8902180194854736 155 -0.6352418661117554 0.15453970432281494 -0.7566937208175659
 941 -186 -171 36.895652 37.439229 2.1247899532318115 0.25148871541023254 546 -0.6372845768928528 0.1481749713420868 -0.7562490105628967
 942 -185 -171 36.904848 37.439407 2.337200403213501 0.8637828230857849 53 -0.6362307071685791 0.15001223981380463 -0.7567739486694336
 943 -184 -170 36.913265 37.446515 2.9230306148529053 0.2390231490135193 38 -0.6347488164901733 0.1543254554271698 -0.7571510076522827
 944 -183 -170 36.921914 37.446693 3.140383243560791 0.08310872316360474 49 -0.6342548727989197 0.15412431955337524 -0.757605791091919
 945 -184 -171 36.913535 37.439512 3.0878868103027344 0.23602379858493805 53 -0.635286808013916 0.1515737771987915 -0.7572556138038635
 946 -183 -171 36.922228 37.439754 3.4064462184906006 0.11758951842784882 197 -0.6342760920524597 0.15346865355968475 -0.7577211260795593
 947 -186 -171 36.895638 37.432204 2.1880545616149902 0.3479083180427551 202 -0.6378001570701599 0.14553524553775787 -0.7563269734382629
 948 -185 -171 36.905058 37.432097 2.314347267150879 0.9802761673927307 191 -0.6372093558311462 0.14532631635665894 -0.7568649649620056
 949 -186 -172 36.896123 37.425162 2.7160286903381348 0.48672783374786377 200 -0.6375832557678223 0.14590728282928467 -0.7564381957054138
 950 -214 -234 36.600389 36.860486 3.267911672592163 0.40808549523353577 172 -0.6481392979621887 0.15098102390766144 -0.7464048862457275
 951 -212 -234 36.618550 36.860504 4.103964805603027 0.4335746765136719 192 -0.6464608907699585 0.15296737849712372 -0.7474552392959595
 952 -210 -234 36.643741 36.867699 3.2945468425750732 0.5473288893699646 203 -0.645195722579956 0.15201716125011444 -0.748741090297699
 953 -213 -237 36.610961 36.838133 3.698566198348999 0.40788784623146057 777 -0.6464495658874512 0.15379443764686584 -0.7472952604293823
 954 -210 -237 36.644829 36.839491 4.0281982421875 0.3699144124984741 42 -0.6442801356315613 0.15351584553718567 -0.7492235898971558
 955 -188 -187 36.879661 37.293363 2.1282565593719482 0.605867326259613 40 -0.63502037525177 0.15342478454113007 -0.7571062445640564
 956 -185 -187 36.912820 37.295329 2.207279920578003 0.3916325867176056 43 -0.6330092549324036 0.15254849195480347 -0.758965253829956
 957 -195 -190 36.799627 37.267359 4.472136497497559 2.0457911491394043 45 -0.641645610332489 0.14668716490268707 -0.7528438568115234
 958 -195 -190 36.794921 37.261306 2.5564818382263184 0.216144859790802 40 -0.6417833566665649 0.1471274495124817 -0.7526404857635498
 959 -195 -190 36.800487 37.261710 1.820962905883789 0.9150716662406921 45 -0.6414399743080139 0.14697697758674622 -0.7529625296592712
 960 -195 -191 36.794726 37.254816 3.347564458847046 1.4839293956756592 38 -0.6416131854057312 0.14748413860797882 -0.7527157664299011
 961 -194 -191 36.804598 37.253968 2.6484317779541016 3.2300398349761963 47 -0.6409769058227539 0.1473054587841034 -0.7532926201820374
 962 -194 -191 36.813315 37.253777 7.575995445251465 1.6511908769607544 43 -0.6404305696487427 0.14711809158325195 -0.7537937760353088
 963 -147 -157 37.333897 37.573365 0.835827112197876 0.6207486391067505 44 -0.6088268756866455 0.14741216599941254 -0.7794867157936096
 964 -146 -157 37.342976 37.573226 2.2553021907806396 1.6804388761520386 43 -0.6081939935684204 0.14719349145889282 -0.7800219058990479
 965 -169 -159 37.083663 37.549581 1.2247158288955688 0.5648378133773804 43 -0.6268991231918335 0.14483845233917236 -0.7655190229415894
 966 -167 -158 37.108833 37.558951 1.1288203001022339 0.2346295267343521 163 -0.6255651712417603 0.14375755190849304 -0.7668128609657288
 967 -165 -158 37.126476 37.559130 0.9350268244743347 0.47772014141082764 51 -0.6244569420814514 0.1433427631855011 -0.7677931785583496
 968 -167 -159 37.109329 37.544816 1.2610315084457397 0.3392369747161865 158 -0.6251446604728699 0.14450152218341827 -0.7670159339904785
 969 -165 -159 37.127152 37.545081 0.5896092057228088 0.3041591942310333 185 -0.6240538358688354 0.14408332109451294 -0.7679823040962219
 970 -170 -161 37.074573 37.530049 1.3980607986450195 0.26719269156455994 176 -0.6269360184669495 0.14609394967556 -0.7652501463890076
 971 -169 -161 37.087467 37.533943 1.1780381202697754 0.26833072304725647 184 -0.6262361407279968 0.14558961987495422 -0.765919029712677
 972 -168 -161 37.096090 37.534007 0.41264694929122925 0.2195645421743393 165 -0.6257200837135315 0.14539308845996857 -0.7663779854774475
 973 -169 -161 37.087794 37.526781 1.1094181537628174 0.21997086703777313 158 -0.6260462999343872 0.14597125351428986 -0.7660015821456909
 974 -168 -161 37.096960 37.527397 0.971173107624054 0.30255281925201416 174 -0.6254972815513611 0.14572958648204803 -0.766495943069458
 975 -170 -162 37.069995 37.520068 2.0641143321990967 0.44325682520866394 725 -0.626961350440979 0.1467364877462387 -0.7651064991950989
 976 -169 -162 37.078909 37.519653 1.9832592010498047 0.9367631077766418 8196 -0.6263977885246277 0.14655478298664093 -0.765602707862854
 977 -170 -163 37.070454 37.512940 2.8452250957489014 0.3629913926124573 2468 -0.6267907619476318 0.14712059497833252 -0.7651724219322205
 978 -169 -163 37.079190 37.512656 2.1255385875701904 0.7193642854690552 828 -0.626214325428009 0.14692944288253784 -0.7656810283660889
 979 -169 -162 37.087732 37.519923 0.7388299107551575 0.21296365559101105 671 -0.6258877515792847 0.14634542167186737 -0.7660598158836365
 980 -168 -162 37.096535 37.519928 1.3590002059936523 0.14301897585391998 2872 -0.6253690719604492 0.14615008234977722 -0.7665205597877502
 981 -169 -163 37.088104 37.513139 1.3472956418991089 0.296860933303833 1304 -0.6256852149963379 0.14670151472091675 -0.7661570906639099
 982 -167 -161 37.105221 37.534216 0.25476399064064026 0.08804771304130554 3111 -0.6251755356788635 0.14517702162265778 -0.7668632864952087
 983 -166 -161 37.113984 37.534302 0.7022372484207153 0.16718977689743042 41 -0.624630331993103 0.14497150480747223 -0.7673462629318237
 984 -167 -161 37.105289 37.527230 0.3970647156238556 0.2528756856918335 40 -0.6249916553497314 0.14555183053016663 -0.7669420838356018
 985 -166 -161 37.114203 37.527258 0.6628451943397522 0.1399066001176834 44 -0.6244529485702515 0.1453496366739273 -0.7674190402030945
 986 -165 -160 37.122587 37.534647 0.5198488831520081 0.18246512115001678 46 -0.6240894198417664 0.1447530835866928 -0.7678274512290955
 987 -165 -160 37.131614 37.534805 0.8567259907722473 0.13756494224071503 45 -0.6235151886940002 0.14453443884849548 -0.7683349847793579
 988 -165 -161 37.122808 37.527499 0.7557365298271179 0.2816753685474396 44 -0.6239452362060547 0.1451447755098343 -0.7678707242012024
 989 -165 -161 37.132176 37.527699 1.4336825609207153 0.2508738338947296 41 -0.6233215928077698 0.14490941166877747 -0.7684214115142822
 990 -167 -162 37.105843 37.520421 0.9072124361991882 0.4078410565853119 42 -0.624782383441925 0.1459057331085205 -0.7670453190803528
 991 -166 -162 37.114127 37.520466 0.7401922345161438 0.39381253719329834 40 -0.6242992877960205 0.14572051167488098 -0.7674737572669983
 992 -163 -158 37.144633 37.559351 0.4406934082508087 0.616600751876831 41 -0.6232936978340149 0.14290903508663177 -0.7688185572624207
 993 -162 -158 37.162114 37.559616 0.9717766046524048 0.3450227379798889 39 -0.6222168207168579 0.14249828457832336 -0.7697665095329285
 994 -164 -159 37.139779 37.548899 1.0751712322235107 0.1794104427099228 45 -0.6233626008033752 0.14358937740325928 -0.7686359286308289
 995 -163 -159 37.148784 37.548816 0.4853361248970032 0.24685658514499664 42 -0.6227701306343079 0.14338144659996033 -0.7691547870635986
 996 -164 -160 37.140126 37.541609 1.445446491241455 0.26455235481262207 47 -0.6231796145439148 0.14397872984409332 -0.7687114477157593
 997 -163 -160 37.149275 37.542100 1.4650534391403198 0.36402133107185364 45 -0.6225801110267639 0.14373411238193512 -0.7692428827285767
 998 -162 -159 37.157729 37.549184 0.6654980778694153 0.19101892411708832 45 -0.6222587823867798 0.14316603541374207 -0.7696086764335632
 999 -162 -159 37.166142 37.549222 1.607205867767334 0.31711673736572266 42 -0.6217672824859619 0.14297959208488464 -0.7700404524803162
1000 -162 -160 37.158058 37.542249 0.91621994972229 0.30910801887512207 39 -0.6220446228981018 0.1435271054506302 -0.7697145342826843
1001 -162 -160 37.166473 37.542135 2.0481202602386475 0.4097908139228821 2808 -0.6215487718582153 0.14334867894649506 -0.7701482772827148
1002 -161 -157 37.174939 37.563530 1.235536813735962 0.368075966835022 2843 -0.6214912533760071 0.1419905722141266 -0.7704461812973022
1003 -160 -157 37.184339 37.563559 0.8567370772361755 0.3551120162010193 2339 -0.6208418607711792 0.1417606770992279 -0.7710118889808655
1004 -161 -158 37.174796 37.556117 1.518195390701294 0.4589940309524536 2279 -0.6213451027870178 0.14239932596683502 -0.7704886794090271
1005 -160 -158 37.183917 37.556579 0.8603437542915344 0.4479648768901825 2534 -0.620739221572876 0.14215505123138428 -0.7710219025611877
1006 -159 -157 37.192974 37.563945 0.5828984379768372 0.23035334050655365 2593 -0.6202990412712097 0.1415402889251709 -0.771489143371582
1007 -158 -157 37.201789 37.563725 0.3609132766723633 0.2861788868904114 2762 -0.6197730302810669 0.1413579285144806 -0.7719451785087585
1008 -159 -158 37.192833 37.556670 1.6410298347473145 0.46519505977630615 2852 -0.620189368724823 0.14194846153259277 -0.7715023159980774
1009 -158 -158 37.201790 37.556697 1.704237937927246 0.7057313919067383 647 -0.6196100115776062 0.1417381465435028 -0.7720062732696533
1010 -161 -159 37.175278 37.549030 2.2719390392303467 0.18396709859371185 632 -0.6211360096931458 0.14276891946792603 -0.7705888152122498
1011 -160 -159 37.184283 37.549549 1.7793285846710205 0.3668666183948517 174 -0.6205690503120422 0.14253117144107819 -0.771089494228363
1012 -161 -160 37.175480 37.542390 2.5912179946899414 0.11280742287635803 169 -0.6209816932678223 0.14312657713890076 -0.770646870136261
1013 -160 -160 37.184355 37.542440 2.4185216426849365 0.2011277675628662 170 -0.620403528213501 0.1429155170917511 -0.7711515426635742
1014 -159 -159 37.193209 37.549750 2.7223987579345703 0.16977663338184357 213 -0.6200211048126221 0.14231787621974945 -0.771569550037384
1015 -158 -159 37.201864 37.549688 2.8233959674835205 0.11041171103715897 176 -0.619429886341095 0.14211319386959076 -0.7720819711685181
1016 -164 -161 37.140400 37.534697 1.4576057195663452 0.35023659467697144 161 -0.6229943037033081 0.14434628188610077 -0.7687927484512329
1017 -163 -160 37.149281 37.535152 1.7222641706466675 0.2987973690032959 43 -0.6224270462989807 0.1441127061843872 -0.769295871257782
1018 -164 -161 37.140573 37.527487 1.227692723274231 0.1551954597234726 43 -0.6227920651435852 0.1447281539440155 -0.7688848376274109
1019 -162 -160 37.157969 37.535206 1.8559354543685913 0.34726929664611816 53 -0.621876060962677 0.14390936493873596 -0.7697794437408447
1020  -67 -112 38.231934 37.983536 0.7258111834526062 0.2234666645526886 46 -0.5508294701576233 0.12568804621696472 -0.8250996470451355
1021  -66 -112 38.240896 37.983342 0.5984801650047302 0.5277522206306458 164 -0.5501381158828735 0.12545789778232574 -0.8255957961082458
1022  -67 -113 38.231753 37.976343 0.4246743619441986 0.28019338846206665 37 -0.5506671667098999 0.1261071264743805 -0.8251440525054932
1023  -66 -113 38.240674 37.976302 0.29212233424186707 0.5027841329574585 31 -0.5500213503837585 0.12587705254554749 -0.8256098031997681
1024  -65 -112 38.254131 37.980184 0.4755725562572479 0.647107720375061 40 -0.5489708185195923 0.12526652216911316 -0.8264014720916748
1025 -192  164 36.726540 40.459663 -0.03204435482621193 1.2036068439483643 35 -0.6839322447776794 0.16318808495998383 -0.7110599875450134
1026 -155 -162 37.237823 37.522306 2.218151569366455 0.092740997672081 37 -0.616161584854126 0.14268192648887634 -0.7745881676673889
1027 -156 -163 37.229206 37.515145 1.8499096632003784 0.13482050597667694 33 -0.616534411907196 0.14326517283916473 -0.7741837501525879
1028 -155 -163 37.238100 37.515287 2.154262065887451 0.09646608680486679 36 -0.6159266829490662 0.14304104447364807 -0.7747087478637695
1029 -154 -161 37.246418 37.536279 2.810170888900757 0.06428930908441544 33 -0.6159958839416504 0.14174318313598633 -0.774892270565033
1030 -154 -161 37.255645 37.536661 2.549484968185425 0.13468599319458008 43 -0.6153525114059448 0.1414947509765625 -0.7754486203193665
1031 -154 -161 37.246664 37.529400 2.6013569831848145 0.22095298767089844 39 -0.6157782077789307 0.14209811389446259 -0.775000274181366
1032 -154 -161 37.255886 37.529805 2.586284637451172 0.2272486686706543 43 -0.6151297092437744 0.14184752106666565 -0.7755609750747681
1033 -153 -161 37.264014 37.536679 2.8463051319122314 0.17922727763652802 46 -0.6147964596748352 0.1412954479455948 -0.775925874710083
1034 -152 -161 37.273211 37.536754 2.589717149734497 0.22358490526676178 39 -0.6141499280929565 0.14106518030166626 -0.7764795422554016
1035 -153 -161 37.264242 37.529395 2.1685361862182617 0.5983148813247681 21 -0.6145341396331787 0.1416643112897873 -0.7760664224624634
1036 -152 -161 37.273023 37.529672 2.212050199508667 0.3372720777988434 39 -0.6139332056045532 0.14143528044223785 -0.7765836119651794
1037 -154 -162 37.251320 37.518885 1.9790691137313843 0.4279160797595978 33 -0.6151270270347595 0.14253118634223938 -0.7754377126693726
1038 -153 -162 37.268727 37.519335 1.9950777292251587 0.6196198463439941 41 -0.6139631271362305 0.14208903908729553 -0.7764406204223633
1039 -149 -158 37.307784 37.558298 1.8763543367385864 0.8036972880363464 32 -0.6101697087287903 0.14875264465808868 -0.7781809568405151
1040 -151 -159 37.290769 37.551045 1.793511152267456 0.28244447708129883 42 -0.6133389472961426 0.13988709449768066 -0.7773332595825195
1041 -151 -160 37.281716 37.543980 1.9827380180358887 0.24621307849884033 47 -0.6137693524360657 0.1404791623353958 -0.7768866419792175
1042 -151 -160 37.290919 37.544045 1.6659053564071655 0.22655421495437622 39 -0.613126814365387 0.14025069773197174 -0.7774350643157959
1043 -150 -159 37.299082 37.551284 1.9110023975372314 0.8259422183036804 44 -0.6128109097480774 0.13968244194984436 -0.777786374092102
1044 -149 -159 37.308115 37.551351 2.2809789180755615 0.85895174741745 35 -0.6119590401649475 0.1405138522386551 -0.7783071398735046
1045 -150 -160 37.299600 37.544294 1.702216386795044 0.14147129654884338 36 -0.6125630140304565 0.1400333195924759 -0.7779185175895691
1046 -149 -160 37.308720 37.544417 1.5182729959487915 0.295461505651474 47 -0.6119381189346313 0.13980607688426971 -0.7784510254859924
1047 -148 -157 37.316612 37.565797 2.110650062561035 0.43162769079208374 46 -0.6097901463508606 0.14823414385318756 -0.7785773277282715
1048 -147 -157 37.325301 37.565864 3.3242483139038086 1.246598482131958 49 -0.6091981530189514 0.14801570773124695 -0.7790821194648743
1049 -148 -158 37.316612 37.558559 1.5879058837890625 1.1461374759674072 43 -0.6095573902130127 0.1486061066389084 -0.7786886692047119
1050 -147 -158 37.325269 37.558750 1.587314486503601 1.8709276914596558 33 -0.6089804172515869 0.14838379621505737 -0.7791823744773865
1051 -147 -157 37.334582 37.565540 2.3805809020996094 1.372997522354126 46 -0.6085284948348999 0.1477968543767929 -0.7796468734741211
1052 -146 -157 37.342655 37.565971 3.611076831817627 2.123544692993164 40 -0.6079990863800049 0.14757724106311798 -0.7801013588905334
1053 -147 -158 37.334447 37.558716 4.438753128051758 1.070339560508728 59 -0.6083326935768127 0.14815373718738556 -0.7797318696975708
1054 -146 -158 37.342745 37.558818 4.476951599121094 1.3210170269012451 54 -0.6077666878700256 0.1479421854019165 -0.7802133560180664
1055 -148 -159 37.316802 37.551559 0.26317182183265686 0.7349121570587158 35 -0.6109804511070251 0.14201286435127258 -0.7788037061691284
1056 -147 -159 37.325811 37.551616 2.712089776992798 2.1139321327209473 49 -0.6099159717559814 0.14371509850025177 -0.7793256640434265
1057 -148 -160 37.317005 37.544507 1.3693983554840088 0.44705429673194885 36 -0.611388087272644 0.1396050602197647 -0.7789191603660583
1058 -147 -160 37.326163 37.544543 1.4702270030975342 0.37361666560173035 54 -0.6107539534568787 0.13938075304031372 -0.7794566750526428
1059 -146 -159 37.339262 37.548118 2.4552464485168457 1.9126050472259521 53 -0.6091367602348328 0.14241181313991547 -0.7801738381385803
1060 -151 -161 37.282005 37.536953 2.179291009902954 0.09407143294811249 53 -0.6135367751121521 0.14083833992481232 -0.7770053148269653
1061 -151 -161 37.290913 37.537143 2.0552518367767334 0.1924569010734558 35 -0.6129187941551208 0.1406102031469345 -0.7775341868400574
1062 -151 -161 37.282025 37.529959 2.180763006210327 0.09337888658046722 41 -0.613314688205719 0.1411999762058258 -0.777114987373352
1063 -151 -161 37.290890 37.530038 1.8403563499450684 0.2044101059436798 34 -0.6127098202705383 0.14098189771175385 -0.7776315212249756
1064 -149 -161 37.304070 37.533705 1.5453628301620483 0.3332845866680145 37 -0.6119304895401001 0.14047497510910034 -0.7783365845680237
1065 -151 -162 37.286882 37.519546 2.0472054481506348 0.3774346113204956 36 -0.6126805543899536 0.14162757992744446 -0.7775372266769409
1066 -149 -162 37.304280 37.519437 1.110720157623291 0.43602612614631653 33 -0.6114978790283203 0.1412145048379898 -0.778542697429657
1067 -147 -162 37.330853 37.526713 1.4903050661087036 0.5098287463188171 44 -0.6099321246147156 0.14020155370235443 -0.7799527645111084
1068 -157 -164 37.216178 37.504436 1.857692003250122 0.7119544744491577 38 -0.6170998215675354 0.1441413313150406 -0.7735703587532043
1069 -156 -164 37.234074 37.504591 1.5102663040161133 0.5946765542030334 44 -0.6158719658851624 0.14369603991508484 -0.7746310234069824
1070 -157 -166 37.216801 37.490249 1.2756400108337402 0.7915011644363403 45 -0.6165947914123535 0.14486035704612732 -0.7738386988639832
1071 -156 -166 37.234348 37.491094 2.4850914478302 1.1029143333435059 27 -0.6154600381851196 0.14439770579338074 -0.7748278975486755
1072 -154 -165 37.258279 37.499610 2.255070686340332 0.7714083194732666 44 -0.6140569448471069 0.14336523413658142 -0.7761317491531372
1073 -156 -168 37.225677 37.469045 1.460866093635559 0.6484771370887756 44 -0.6153537034988403 0.1457526683807373 -0.7746586203575134
1074 -153 -168 37.261996 37.467301 1.987479329109192 0.9464930891990662 40 -0.6128528714179993 0.14496323466300964 -0.7767863869667053
1075 -150 -165 37.297291 37.497414 1.6166038513183594 1.0016454458236694 43 -0.6113407611846924 0.1425352543592453 -0.7784255146980286
1076 -147 -165 37.331260 37.498616 1.5328540802001953 0.4936541020870209 43 -0.6091263890266418 0.14166437089443207 -0.7803180813789368
1077 -150 -168 37.296735 37.470368 1.4284522533416748 0.796798586845398 43 -0.6106442213058472 0.14397233724594116 -0.7787076234817505
1078 -147 -168 37.332073 37.471043 1.7392992973327637 0.5381398797035217 45 -0.6083627343177795 0.1431015282869339 -0.7806514501571655
1079 -230 -183 36.400986 37.315850 0.5725550055503845 1.222352147102356 37 -0.6659039855003357 0.15609844028949738 -0.7295239567756653
1080 -214 -176 36.577597 37.388979 2.1072566509246826 0.8215842843055725 35 -0.6568755507469177 0.1532651036977768 -0.738257646560669
1081 -205 -173 36.676319 37.415442 1.9280917644500732 0.6944957971572876 31 -0.6507564783096313 0.15363754332065582 -0.7435802221298218
1082 -198 -174 36.756700 37.410708 1.815595030784607 0.5439242720603943 8157 -0.6460186243057251 0.1499180793762207 -0.7484548091888428
1083 -205 -179 36.681984 37.360535 2.1660354137420654 0.5428887605667114 9943 -0.650087296962738 0.15152500569820404 -0.7445983290672302
1084 -200 -177 36.734424 37.377008 2.2184088230133057 0.5836884379386902 10189 -0.6466311812400818 0.1522974669933319 -0.7474446892738342
1085 -197 -177 36.769154 37.377214 3.3246922492980957 0.3909376263618469 2411 -0.6444682478904724 0.15148629248142242 -0.7494748830795288
1086  -18  -89 38.791507 38.189871 -2.469637393951416 0.19911815226078033 2770 -0.5071067810058594 0.11912362277507782 -0.8536113500595093
1087  -19  -90 38.773875 38.182561 -2.2802646160125732 0.15484873950481415 2683 -0.5082843899726868 0.11999543756246567 -0.8527884483337402
1088  -20  -91 38.764502 38.175610 -2.134476900100708 0.13468997180461884 696 -0.508880615234375 0.1206369549036026 -0.8523422479629517
1089  -19  -91 38.774023 38.175817 -2.105766773223877 0.12440695613622665 603 -0.5080302953720093 0.12033776938915253 -0.8528915643692017
1090  -19  -90 38.782424 38.182875 -2.1448333263397217 0.2600407004356384 526 -0.507638692855835 0.11974768340587616 -0.8532078266143799
1091  -18  -90 38.791690 38.182809 -2.46182918548584 0.20771469175815582 276 -0.5068638920783997 0.11948550492525101 -0.8537050485610962
1092  -19  -91 38.782653 38.176024 -2.1883625984191895 0.17197829484939575 2806 -0.5073058009147644 0.12007554620504379 -0.8533596396446228
1093  -18  -91 38.791406 38.175415 -2.565087080001831 0.15992189943790436 768 -0.5065941214561462 0.11986465007066727 -0.8538119792938232
1094  -17  -89 38.800434 38.196717 -2.412282943725586 0.12767302989959717 664 -0.5065584182739258 0.11850714683532715 -0.8540226221084595
1095  -16  -89 38.809269 38.196852 -2.1731603145599365 0.23803214728832245 638 -0.5058463215827942 0.11825259774923325 -0.8544798493385315
1096  -17  -89 38.800787 38.189656 -2.2882955074310303 0.1383291631937027 5 -0.5063364505767822 0.11887189000844955 -0.8541036248207092
1097  -16  -89 38.809509 38.189909 -2.14727783203125 0.1858574002981186 26 -0.5056396126747131 0.11861444264650345 -0.8545520901679993
1098  -15  -89 38.818319 38.196926 -1.8939367532730103 0.3303466737270355 11 -0.5051137208938599 0.11799544841051102 -0.8549486398696899
1099  -15  -89 38.826824 38.196872 -1.1839890480041504 0.2728777825832367 729 -0.5044081211090088 0.11775711178779602 -0.8553980588912964
1100  -15  -89 38.818377 38.189820 -1.9033277034759521 0.15305659174919128 753 -0.5049099326133728 0.11836888641119003 -0.8550174832344055
1101  -15  -89 38.827206 38.189812 -1.4176486730575562 0.21306589245796204 739 -0.5041753649711609 0.11811769753694534 -0.8554854989051819
1102  -17  -90 38.800238 38.182738 -2.0128750801086426 0.13058345019817352 740 -0.5061575174331665 0.1192464679479599 -0.8541573882102966
1103  -16  -90 38.808914 38.182952 -1.9239699840545654 0.14032068848609924 550 -0.5054625868797302 0.11899220943450928 -0.8546042442321777
1104  -17  -91 38.800955 38.175503 -2.496163845062256 0.11531905084848404 63 -0.5058102607727051 0.11958835273981094 -0.8543153405189514
1105  -16  -91 38.808917 38.176148 -2.0550782680511475 0.19379529356956482 63 -0.5051900148391724 0.11933213472366333 -0.8547180891036987
1106  -15  -91 38.822634 38.179465 -1.6930514574050903 0.20365622639656067 12 -0.5041573643684387 0.1187683492898941 -0.8554060459136963
1107  -20  -92 38.764492 38.168547 -1.5442208051681519 0.30411651730537415 31 -0.508695125579834 0.12101520597934723 -0.8523993492126465
1108  -19  -92 38.772922 38.169207 -1.9232666492462158 0.2966500222682953 33 -0.5079671740531921 0.12072695791721344 -0.8528741598129272
1109  -20  -93 38.764860 38.161591 -0.6138404011726379 0.269677072763443 161 -0.508445680141449 0.12136818468570709 -0.8524979948997498
1110  -19  -93 38.773687 38.161488 -2.076042890548706 0.5626252293586731 159 -0.5076493620872498 0.12110545486211777 -0.8530097603797913
1111  -21  -92 38.755804 38.168538 -1.6468254327774048 0.2840896546840668 155 -0.5094318985939026 0.12126875668764114 -0.8519231677055359
1112  -22  -93 38.747129 38.161569 -1.5039311647415161 0.43653619289398193 152 -0.5099181532859802 0.12187999486923218 -0.8515449166297913
1113  -21  -93 38.756019 38.161326 -0.608418881893158 0.28742241859436035 147 -0.5091890692710876 0.1216406375169754 -0.8520153164863586
1114  -22  -93 38.737824 38.154431 -2.28531813621521 0.3292473554611206 156 -0.5104749202728271 0.12252504378557205 -0.8511186242103577
1115  -23  -94 38.728970 38.147557 -2.2968533039093018 0.42453494668006897 39 -0.5110037922859192 0.12314435094594955 -0.8507118821144104
1116  -22  -94 38.737930 38.147974 -1.216292381286621 0.3381470739841461 36 -0.5102866291999817 0.1228666603565216 -0.8511823415756226
1117  -22  -93 38.747037 38.154548 -1.349100112915039 0.42876914143562317 37 -0.5097053050994873 0.1222510114312172 -0.8516191840171814
1118  -15  -83 38.817908 38.246164 -2.137274980545044 0.08310975879430771 39 -0.5066787600517273 0.11543912440538406 -0.8543713688850403
1119  -17  -84 38.800417 38.238943 -1.9462918043136597 0.0681423544883728 48 -0.5079241394996643 0.11631231755018234 -0.8535130620002747
1120  -16  -84 38.809216 38.239051 -1.96975839138031 0.09365736693143845 43 -0.5071056485176086 0.11603870987892151 -0.8540368676185608
1121  -20  -86 38.764354 38.224798 -1.474341630935669 0.16048289835453033 42 -0.5105080604553223 0.11807846277952194 -0.8517271280288696
1122  -19  -86 38.773484 38.224630 -1.7573853731155396 0.157271146774292 44 -0.5096961855888367 0.11781825125217438 -0.8522491455078125
1123  -20  -86 38.764483 38.217833 -1.2791447639465332 0.06706557422876358 43 -0.510215699672699 0.11842627823352814 -0.8518539667129517
1124  -19  -86 38.773414 38.217971 -1.4662737846374512 0.12712763249874115 16 -0.5094359517097473 0.11815626919269562 -0.8523579835891724
1125  -19  -86 38.782735 38.224886 -2.323723316192627 0.23084509372711182 16 -0.5088940262794495 0.11753343045711517 -0.8527677655220032
1126  -15  -87 38.827324 38.210998 -2.520298719406128 0.14386451244354248 22 -0.5047683119773865 0.11699894070625305 -0.8552895188331604
1127  -15  -88 38.818120 38.203922 -2.4382786750793457 0.28512102365493774 21 -0.5053164958953857 0.11762937903404236 -0.8548793196678162
1128  -15  -88 38.827355 38.204033 -1.9669218063354492 0.4524773359298706 16 -0.5045668482780457 0.11736483871936798 -0.8553583025932312
1129  -12  -85 38.862470 38.232129 -2.860095977783203 0.217622771859169 15 -0.5024418830871582 0.11489596217870712 -0.856942892074585
1130   -9  -82 38.895420 38.253663 -2.2561697959899902 0.12858474254608154 7 -0.49800053238868713 0.12257381528615952 -0.8584702610969543
1131   -9  -83 38.890175 38.246340 -2.121551513671875 0.2851211726665497 12 -0.4981573522090912 0.12309083342552185 -0.8583052754402161
1132  -11  -84 38.871867 38.239395 -2.40730619430542 0.07399363070726395 4 -0.5018090605735779 0.11432060599327087 -0.8573905229568481
1133  -10  -84 38.880315 38.239071 -2.2174694538116455 0.20610830187797546 9668 -0.5009540915489197 0.11490253359079361 -0.8578125834465027
1134  -11  -85 38.871663 38.232376 -2.1960179805755615 0.259888619184494 44 -0.501671314239502 0.1146220713853836 -0.8574308753013611
1135  -10  -85 38.880556 38.232166 -2.1289944648742676 0.2944198250770569 33 -0.5009046792984009 0.11437851190567017 -0.8579114675521851
1136   -9  -84 38.887476 38.239438 -1.772436499595642 0.22286631166934967 40 -0.49979233741760254 0.1170775517821312 -0.8581960797309875
1137   -9  -85 38.886545 38.232297 -2.1416525840759277 0.10386788100004196 42 -0.5004047155380249 0.11420192569494247 -0.8582267165184021
1138  -14  -86 38.835835 38.217887 -2.551614761352539 0.16964104771614075 45 -0.5042241811752319 0.11638886481523514 -0.8556936383247375
1139  -13  -86 38.845675 38.218433 -2.265024185180664 0.17120669782161713 38 -0.5033738613128662 0.1160711869597435 -0.8562372326850891
1140  -12  -86 38.853556 38.224920 -2.258437395095825 0.14093273878097534 40 -0.5029736757278442 0.1155240386724472 -0.8565463423728943
1141  -12  -85 38.862939 38.225210 -2.272660255432129 0.28570839762687683 45 -0.5022019743919373 0.11524462699890137 -0.8570367097854614
1142  -12  -86 38.854032 38.218044 -2.193662166595459 0.18878120183944702 38 -0.5026925206184387 0.11586086452007294 -0.8566659688949585
1143  -12  -86 38.862818 38.217944 -1.6950267553329468 0.15542757511138916 51 -0.5019672513008118 0.11562027037143707 -0.8571235537528992
1144  -14  -87 38.836267 38.210938 -2.1536784172058105 0.17430013418197632 38 -0.5040274262428284 0.11675003916025162 -0.855760395526886
1145  -13  -87 38.844832 38.211262 -2.2634053230285645 0.31908971071243286 40 -0.5032772421836853 0.11648045480251312 -0.8562385439872742
1146  -14  -88 38.835865 38.203764 -1.5366135835647583 0.27348068356513977 36 -0.5038628578186035 0.11714010685682297 -0.8558039665222168
1147  -13  -88 38.846547 38.203654 -3.1110177040100098 0.528776228427887 38 -0.5028528571128845 0.11681554466485977 -0.8564422130584717
1148  -12  -87 38.857900 38.207661 -1.8618565797805786 0.5531063675880432 37 -0.5020344853401184 0.11628690361976624 -0.856994092464447
1149  -11  -86 38.871389 38.225078 -1.5979543924331665 0.2262812852859497 42 -0.5015088319778442 0.11501649022102356 -0.8574730753898621
1150  -10  -86 38.880689 38.224762 -1.4013421535491943 0.132703959941864 41 -0.5006653070449829 0.11475811898708344 -0.8580005168914795
1151  -11  -86 38.871682 38.217836 -1.7560914754867554 0.1037973165512085 42 -0.5012043714523315 0.11537108570337296 -0.8576034903526306
1152  -10  -86 38.880567 38.218106 -1.956615686416626 0.1596309244632721 44 -0.5004441738128662 0.11509982496500015 -0.8580837249755859
1153  -10  -85 38.885661 38.225583 -1.5158988237380981 0.20480139553546906 40 -0.5002578496932983 0.11457167565822601 -0.8582630753517151
1154  -11  -87 38.873856 38.208238 -1.5074584484100342 0.1639646589756012 45 -0.5007085204124451 0.11580192297697067 -0.857835054397583
1155  -17  126 38.791743 40.141520 5.498723983764648 0.47731462121009827 39 -0.5452522039413452 0.13085876405239105 -0.8279951810836792
1156  -11  126 38.860818 40.142159 5.662026405334473 0.41774582862854004 33 -0.5395867824554443 0.130942702293396 -0.8316851258277893
1157  -18  120 38.786080 40.088761 4.52248477935791 0.8236840963363647 42 -0.5451180338859558 0.12938238680362701 -0.8283154964447021
1158  -11  121 38.865457 40.097367 5.053008079528809 0.5750880837440491 43 -0.5393327474594116 0.12675905227661133 -0.8324976563453674
1159   -2  124 38.974970 40.122477 5.635491371154785 0.5813980102539062 42 -0.5302674770355225 0.12798069417476654 -0.838115394115448
1160 -216 -243 36.577254 36.781910 3.7098429203033447 0.2285851091146469 45 -0.6480003595352173 0.15331754088401794 -0.7460491061210632
1161 -211 -241 36.628257 36.797053 3.490455150604248 0.5747635364532471 43 -0.6452294588088989 0.15160125494003296 -0.7487964034080505
1162 -202 -238 36.734749 36.825493 3.292410373687744 0.7623637914657593 18 -0.6386694312095642 0.1513679325580597 -0.754446268081665
1163 -139 -126 37.412045 37.853892 1.6659570932388306 0.7458539605140686 44 -0.6089457869529724 0.14307855069637299 -0.7802009582519531
1164 -130 -123 37.516028 37.881931 1.0703072547912598 0.9080811738967896 19 -0.6015362739562988 0.1441054493188858 -0.7857402563095093
1165 -123 -123 37.590994 37.883021 1.3933590650558472 0.665866494178772 12 -0.5959274768829346 0.14391405880451202 -0.7900374531745911
1166 -130 -129 37.518808 37.825564 0.8881722092628479 0.5293763875961304 6 -0.6012911200523376 0.13952049612998962 -0.7867547869682312
1167 -125 -127 37.571492 37.839703 1.1520482301712036 0.6360173225402832 32 -0.5980822443962097 0.13751661777496338 -0.7895484566688538
1168 -122 -127 37.608542 37.839967 0.8599132895469666 0.30755171179771423 28 -0.5952444076538086 0.13688157498836517 -0.7918002009391785
1169 -125 -130 37.572113 37.811236 0.32701343297958374 0.46933498978614807 45 -0.5970929861068726 0.13893596827983856 -0.7900486588478088
1170 -123 -130 37.599150 37.818913 -0.26949501037597656 0.6415084004402161 53 -0.5953590273857117 0.1378638744354248 -0.7915435433387756
1171 -121 -130 37.616886 37.819396 0.13374464213848114 0.38313934206962585 34 -0.5941511392593384 0.13740891218185425 -0.7925296425819397
1172 -123 -131 37.599436 37.805349 0.7761864066123962 0.33444157242774963 28 -0.5950723886489868 0.138579860329628 -0.7916340231895447
1173 -122 -131 37.612702 37.808849 1.028501033782959 0.1736256182193756 51 -0.5942317247390747 0.13807161152362823 -0.7923540472984314
1174  -27 -113 38.689022 37.973881 0.7348902225494385 1.210174322128296 56 -0.5109968185424805 0.12259639799594879 -0.8507951498031616
1175 -223 -316 36.512440 36.119287 3.8348538875579834 0.6807606220245361 43 -0.6439917087554932 0.14934195578098297 -0.7503144145011902
1176 -214 -302 36.615573 36.250275 3.58500337600708 1.1798994541168213 50 -0.6390455961227417 0.14790591597557068 -0.7548142671585083
1177 -202 -301 36.750423 36.264250 3.4100186824798584 0.5759294033050537 40 -0.6300970911979675 0.14725357294082642 -0.7624263763427734
1178 -214 -313 36.613574 36.150008 4.309817790985107 0.31688156723976135 38 -0.6373763084411621 0.15000087022781372 -0.7558116316795349
1179 -202 -313 36.750427 36.156900 4.645668983459473 1.873740315437317 41 -0.6282830238342285 0.1479862630367279 -0.7637803554534912
1180 -188 -149 36.859294 37.629269 1.2050570249557495 0.7918859720230103 42 -0.6418172121047974 0.15198469161987305 -0.7516457438468933
1181 -180 -147 36.952075 37.653616 0.7928100228309631 0.7633256316184998 39 -0.6362360119819641 0.15232889354228973 -0.7563065886497498
1182 -174 -147 37.025892 37.650705 1.1290907859802246 1.0009833574295044 42 -0.6316316723823547 0.1507965475320816 -0.7604615688323975
1183 -180 -154 36.953128 37.591621 1.6324986219406128 0.5668535232543945 44 -0.6357203125953674 0.1482887715101242 -0.7575421929359436
1184 -174 -152 37.021758 37.605490 0.9338735342025757 0.6625344753265381 41 -0.6308878064155579 0.15078464150428772 -0.7610812187194824
1185 -194 -160 36.804635 37.537725 1.5848735570907593 0.9220082759857178 51 -0.644008457660675 0.15188531577587128 -0.749789297580719
1186 -185 -162 36.906179 37.519565 1.9464281797409058 0.7813487648963928 36 -0.6371880769729614 0.15053673088550568 -0.7558637857437134
1187 -191 -167 36.830811 37.471179 1.8478690385818481 0.39593634009361267 47 -0.6408482789993286 0.15422265231609344 -0.752016544342041
1188 -188 -165 36.874274 37.489289 1.7240021228790283 0.6514614820480347 52 -0.6384332776069641 0.15293514728546143 -0.754330039024353
1189 -185 -165 36.908051 37.492751 2.267719268798828 0.6146439909934998 40 -0.6363496780395508 0.1519482135772705 -0.7562875747680664
1190 -188 -168 36.872787 37.462511 2.15915584564209 0.19692140817642212 43 -0.6377766132354736 0.15441809594631195 -0.7545833587646484
1191 -185 -168 36.899258 37.467782 1.6134679317474365 0.5961408019065857 50 -0.6362019777297974 0.15350089967250824 -0.7560982704162598
1192 -184 -167 36.918063 37.470967 2.351595640182495 0.6579325199127197 37 -0.6351287364959717 0.15289470553398132 -0.7571226358413696
1193 -185 -169 36.901905 37.456039 2.167003631591797 0.930857241153717 46 -0.635710597038269 0.15407361090183258 -0.7563949823379517
1194 -184 -168 36.912766 37.460342 2.6097075939178467 0.47324424982070923 49 -0.6351683735847473 0.15359240770339966 -0.7569481730461121
1195 -183 -168 36.921637 37.460817 2.695467233657837 0.24118492007255554 47 -0.634657621383667 0.15336726605892181 -0.7574220895767212
1196 -184 -169 36.913044 37.453551 2.863658905029297 0.2812964618206024 43 -0.6349738240242004 0.15395474433898926 -0.7570378184318542
1197 -183 -169 36.921955 37.453753 3.0091209411621094 0.11198000609874725 40 -0.6344884037971497 0.15375231206417084 -0.7574858069419861
1198 -181 -157 36.947735 37.561518 1.9520819187164307 0.26377981901168823 44 -0.6357598304748535 0.1473155915737152 -0.7576988935470581
1199 -182 -162 36.936039 37.516419 1.6330934762954712 0.698185920715332 44 -0.6352482438087463 0.15002106130123138 -0.7575970888137817
1200 -178 -162 36.979964 37.515150 2.112515926361084 0.7261335849761963 38 -0.6324875950813293 0.1490815430879593 -0.7600882649421692
1201 -174 -159 37.024525 37.546375 0.8657186031341553 1.8880996704101562 42 -0.6305341124534607 0.14637057483196259 -0.7622351050376892
1202 -172 -159 37.050425 37.549200 1.296329140663147 0.6625990271568298 44 -0.6289861798286438 0.14562399685382843 -0.7636556625366211
1203 -176 -161 37.001502 37.526419 1.927930474281311 0.7148289680480957 26 -0.6314267516136169 0.1479729264974594 -0.7611861228942871
1204 -174 -160 37.020401 37.534446 1.8613005876541138 2.203869104385376 23 -0.6304609775543213 0.147104874253273 -0.7621542811393738
1205 -176 -162 37.003704 37.514688 2.5080206394195557 0.6665511727333069 2 -0.6309660077095032 0.14855317771434784 -0.7614551186561584
1206 -175 -163 37.017479 37.511704 3.088284969329834 2.3762996196746826 2 -0.6300103068351746 0.14839351177215576 -0.7622771263122559
1207 -173 -161 37.041505 37.529159 1.8795669078826904 1.072251796722412 35 -0.6289768218994141 0.14690032601356506 -0.763418972492218
1208 -171 -161 37.056817 37.529881 1.9037890434265137 0.7302436232566833 9 -0.6280395984649658 0.14650993049144745 -0.7642651200294495
1209 -173 -163 37.042399 37.514823 1.506303071975708 0.7011366486549377 39 -0.6285400986671448 0.14765214920043945 -0.7636335492134094
1210 -172 -162 37.052382 37.519138 2.14263916015625 0.30668148398399353 36 -0.628046452999115 0.14719383418560028 -0.7641280889511108
1211 -171 -162 37.060857 37.519502 2.3194026947021484 0.20897507667541504 35 -0.6275316476821899 0.14698074758052826 -0.7645918726921082
1212 -172 -163 37.052721 37.512185 2.1083781719207764 0.2468523532152176 45 -0.6278730034828186 0.1475675255060196 -0.7641984820365906
1213 -171 -163 37.061806 37.512436 2.7421720027923584 0.31458190083503723 41 -0.627328097820282 0.14734898507595062 -0.7646880149841309
1214 -190 -188 36.856401 37.285930 1.51365065574646 0.6708407402038574 41 -0.6362618207931519 0.15436676144599915 -0.755871593952179
1215 -203 -209 36.715107 37.086286 9.571548461914062 3.5155160427093506 41 -0.6443189978599548 0.1484672725200653 -0.7502070069313049
1216 -208 -211 36.659798 37.075772 3.6797935962677 0.12461927533149719 40 -0.6474586129188538 0.15030379593372345 -0.747131884098053
1217 -207 -211 36.668509 37.075990 3.80991530418396 0.1478157639503479 42 -0.6469231843948364 0.15009251236915588 -0.7476379871368408
1218 -208 -211 36.659935 37.068778 3.7572810649871826 0.15544092655181885 47 -0.6472623944282532 0.1506846845149994 -0.7472251653671265
1219 -207 -211 36.668742 37.068917 4.0437140464782715 0.23002001643180847 45 -0.6467223167419434 0.15047626197338104 -0.7477346658706665
1220 -206 -211 36.681832 37.072647 3.3510470390319824 0.42810943722724915 42 -0.6460025310516357 0.14997075498104095 -0.7484580874443054
1221 -207 -212 36.664811 37.058286 3.3161122798919678 0.26611635088920593 42 -0.6466699838638306 0.1511470228433609 -0.7476446032524109
1222 -206 -212 36.682416 37.058681 3.2664334774017334 0.1849229335784912 43 -0.645585834980011 0.15072152018547058 -0.7486667633056641
1223 -203 -212 36.706684 37.064386 2.9475340843200684 0.5547217726707458 40 -0.6442480087280273 0.14985693991184235 -0.7499915957450867
1224 -198 -211 36.770812 37.077181 2.708527088165283 2.142078161239624 37 -0.6406378746032715 0.14769959449768066 -0.7535038590431213
1225 -206 -215 36.674449 37.037593 3.1337168216705322 0.4735722839832306 42 -0.645501971244812 0.1520572453737259 -0.7484689354896545
1226 -203 -215 36.709740 37.038309 3.8121986389160156 0.4452284276485443 46 -0.6433464884757996 0.1512107253074646 -0.750493586063385
1227 -206 -218 36.677286 37.011745 3.384868860244751 0.8511930704116821 47 -0.6446197628974915 0.1534048467874527 -0.748954176902771
1228 -203 -218 36.710485 37.009940 3.299325942993164 0.5976089239120483 46 -0.6425489783287048 0.1527465432882309 -0.7508656978607178
1229 -199 -216 36.762980 37.024263 3.343721628189087 0.9258297681808472 46 -0.6396912336349487 0.15075962245464325 -0.7537019848823547
1230 -132 -207 37.504755 37.120329 2.194267511367798 0.6142507195472717 44 -0.5901407599449158 0.1395438313484192 -0.7951486706733704
1231 -109 -207 37.771647 37.127058 1.973004698753357 0.61687171459198 52 -0.5701074004173279 0.134421244263649 -0.8104988932609558
1232 -276 -290 35.920051 36.344394 2.1207337379455566 1.095621109008789 43 -0.6825587153434753 0.15890195965766907 -0.7133469581604004
1233 -263 -276 36.062066 36.469514 0.8803766965866089 0.9935348033905029 41 -0.6755855083465576 0.15786334872245789 -0.7201828360557556
1234 -255 -273 36.149586 36.506162 1.5055291652679443 0.9643316268920898 41 -0.6703087687492371 0.1595161408185959 -0.7247350215911865
1235 -249 -273 36.219432 36.507052 1.2794638872146606 0.7354989647865295 45 -0.6665409803390503 0.1579124480485916 -0.7285511493682861
1236 -182 -164 36.936095 37.498795 2.468278169631958 0.6542598605155945 42 -0.634762167930603 0.15097251534461975 -0.7578155398368835
1237 -181 -164 36.951509 37.499747 2.7271013259887695 0.5123732686042786 43 -0.6338483095169067 0.15057015419006348 -0.7586599588394165
1238 -182 -166 36.933927 37.485564 2.867006778717041 0.3022013306617737 45 -0.63456130027771 0.15174344182014465 -0.7578297257423401
1239 -181 -166 36.951831 37.486130 3.3742923736572266 0.32214054465293884 42 -0.6335240602493286 0.15131379663944244 -0.7587828636169434
1240 -179 -164 36.969085 37.500164 2.5198168754577637 0.6231390237808228 44 -0.6327763795852661 0.15014487504959106 -0.7596384882926941
1241 -178 -164 36.986603 37.500667 2.972025156021118 0.30236580967903137 40 -0.6317042112350464 0.1497151255607605 -0.7606149911880493
1242 -179 -166 36.969176 37.486435 3.451240062713623 0.45014309883117676 42 -0.6324575543403625 0.15089771151542664 -0.7597547769546509
1243 -178 -165 36.982706 37.490045 3.64258074760437 0.10680273920297623 42 -0.631671667098999 0.1503809690475464 -0.7605106830596924
1244 -177 -165 36.991385 37.490086 3.283252239227295 0.27896854281425476 44 -0.6311320066452026 0.15017801523208618 -0.7609986066818237
1245 -178 -166 36.982957 37.483168 3.7220394611358643 0.31856271624565125 45 -0.6314937472343445 0.15075135231018066 -0.7605851292610168
1246 -177 -166 36.991853 37.483254 3.3576042652130127 0.2271926999092102 41 -0.6309437155723572 0.1505417376756668 -0.7610829472541809
1247 -182 -167 36.934904 37.471401 2.8141627311706543 0.24448621273040771 47 -0.634137749671936 0.15249186754226685 -0.7580339908599854
1248 -181 -167 36.947642 37.475624 3.0419974327087402 0.3223403990268707 49 -0.633488118648529 0.15197500586509705 -0.7586807012557983
1249 -180 -167 36.956458 37.475602 3.621321439743042 0.11768873780965805 48 -0.6329977512359619 0.15178626775741577 -0.759127676486969
1250 -181 -168 36.948160 37.468624 3.400729179382324 0.337124228477478 49 -0.6333332061767578 0.1523578017950058 -0.7587332725524902
1251 -180 -168 36.956774 37.468585 4.0551323890686035 0.24309824407100677 50 -0.6327821016311646 0.15215738117694855 -0.7592331171035767
1252 -183 -168 36.930129 37.460840 2.7089970111846924 0.08429637551307678 45 -0.6341959238052368 0.153185173869133 -0.7578455805778503
1253 -182 -168 36.939007 37.461319 3.065803289413452 0.3132924437522888 49 -0.633682131767273 0.15295946598052979 -0.7583207488059998
1254 -183 -169 36.930605 37.453799 3.1404757499694824 0.2050548493862152 48 -0.6339836716651917 0.1535571813583374 -0.7579478621482849
1255 -182 -169 36.939124 37.454306 3.5557823181152344 0.3922918140888214 158 -0.6334878206253052 0.1533365249633789 -0.7584069967269897
1256 -181 -168 36.948192 37.460947 4.286504745483398 0.37698400020599365 39 -0.6331297159194946 0.1527734249830246 -0.7588195204734802
1257 -180 -168 36.956281 37.461172 4.526800632476807 0.12992846965789795 38 -0.632602334022522 0.15256677567958832 -0.7593008279800415
1258 -181 -169 36.948241 37.454059 4.623544692993164 0.13867901265621185 36 -0.6329043507575989 0.15313616394996643 -0.7589344382286072
1259 -179 -167 36.965187 37.475758 3.8888680934906006 0.17433974146842957 13 -0.6324732899665833 0.15158049762248993 -0.7596057653427124
1260  -77  -88 38.113182 38.198187 -1.458736538887024 0.6579466462135315 27 -0.5629047751426697 0.1340537965297699 -0.8155781626701355
1261 -132 -146 37.499657 37.673601 2.722778081893921 0.5176041722297668 12 -0.6004296541213989 0.13818183541297913 -0.7876484394073486
1262 -131 -145 37.508427 37.680757 2.2678158283233643 0.48231297731399536 5 -0.6000157594680786 0.13759659230709076 -0.7880661487579346
1263 -130 -145 37.517735 37.680994 2.8005876541137695 0.16584928333759308 5 -0.5993549823760986 0.13735325634479523 -0.7886112928390503
1264 -131 -146 37.508844 37.673737 2.902134895324707 0.30130723118782043 2 -0.5997692942619324 0.13794457912445068 -0.7881929874420166
1265 -130 -146 37.517786 37.673818 1.8764727115631104 0.25722000002861023 4 -0.5991246700286865 0.13771691918373108 -0.7887228727340698
1266 -133 -146 37.491244 37.666728 2.281208038330078 0.39590099453926086 10 -0.6008000373840332 0.13873760402202606 -0.7872682213783264
1267 -132 -146 37.500206 37.666541 2.8728795051574707 0.1526610553264618 3 -0.6001616716384888 0.1385263353586197 -0.7877921462059021
1268 -133 -147 37.491365 37.659455 2.232243061065674 0.3298180103302002 21 -0.6005657315254211 0.13910603523254395 -0.7873819470405579
1269 -132 -147 37.500354 37.659676 2.4274652004241943 0.37390825152397156 3 -0.5999295115470886 0.13887089490890503 -0.7879083156585693
1270 -223 -239 36.491867 36.818941 2.5113625526428223 0.14885953068733215 5 -0.6541100740432739 0.15480884909629822 -0.7403878569602966
1271 -222 -239 36.501772 36.819227 2.535179376602173 0.1762673556804657 28 -0.6533688306808472 0.1545218974351883 -0.7411019802093506
1272 -223 -239 36.492624 36.812001 2.5923407077789307 0.11044465005397797 19 -0.653725802898407 0.15518558025360107 -0.7406484484672546
1273 -222 -239 36.501939 36.811950 2.5299458503723145 0.08367368578910828 35 -0.6531087756156921 0.1549564152956009 -0.7412405014038086
1274 -223 -240 36.492684 36.804898 2.7478065490722656 0.2369246780872345 47 -0.6534947156906128 0.15561693906784058 -0.7407618165016174
1275 -220 -220 36.527595 36.984624 3.3771440982818604 0.4027118980884552 46 -0.6541909575462341 0.15499989688396454 -0.7402763962745667
1276 -219 -220 36.540110 36.989377 3.374812602996826 0.137434184551239 5 -0.6535611152648926 0.1544102281332016 -0.7409557700157166
1277 -218 -220 36.548113 36.989114 3.3991801738739014 0.21914225816726685 41 -0.6530237793922424 0.15422697365283966 -0.7414675354957581
1278 -218 -221 36.540794 36.981816 3.65093731880188 0.18275459110736847 29 -0.6533753871917725 0.1548779159784317 -0.7410218715667725
1279 -218 -221 36.547961 36.982432 3.653294324874878 0.20337435603141785 50 -0.6529101729393005 0.15465900301933289 -0.7414774298667908
1280 -220 -222 36.527652 36.971099 2.7916791439056396 0.5003594756126404 3 -0.6536829471588135 0.15580478310585022 -0.7405561208724976
1281 -218 -221 36.540704 36.974732 3.7203502655029297 0.1540861278772354 27 -0.6532115340232849 0.15532444417476654 -0.7410728335380554
1282 -218 -221 36.548733 36.975839 3.5564239025115967 0.16233094036579132 23 -0.6527057886123657 0.15505468845367432 -0.7415748238563538
1283 -218 -222 36.541105 36.967794 3.1651699542999268 0.293766587972641 47 -0.652874231338501 0.1557154655456543 -0.7412880659103394
1284 -218 -222 36.549287 36.967801 3.3664369583129883 0.2553495466709137 53 -0.6523735523223877 0.15552040934562683 -0.7417696714401245
1285 -217 -220 36.557267 36.989187 3.481487989425659 0.2055409997701645 48 -0.6523581743240356 0.15398009121418 -0.7421043515205383
1286 -217 -221 36.557320 36.982239 3.721597194671631 0.16362817585468292 53 -0.652187705039978 0.15441440045833588 -0.7421640753746033
1287 -220 -223 36.528170 36.957352 2.566239833831787 0.19257628917694092 42 -0.6531145572662354 0.15660622715950012 -0.7408885359764099
1288 -219 -223 36.540536 36.960620 2.645206928253174 0.20019443333148956 44 -0.6526099443435669 0.15614843368530273 -0.7414296269416809
1289 -218 -223 36.548981 36.961113 3.0298891067504883 0.21675148606300354 47 -0.6521192789077759 0.15592052042484283 -0.7419092059135437
1290 -219 -224 36.540727 36.953602 2.7783048152923584 0.1744825690984726 47 -0.6523280143737793 0.15655985474586487 -0.7415909171104431
1291 -218 -224 36.549446 36.953779 3.0978541374206543 0.13637137413024902 45 -0.6518017053604126 0.1563418209552765 -0.7420995831489563
1292 -220 -225 36.528648 36.942524 2.5888466835021973 0.31438907980918884 47 -0.6526174545288086 0.15749867260456085 -0.7411373853683472
1293 -101 -121 37.841785 37.895810 -0.32236823439598083 0.19415178894996643 44 -0.577212929725647 0.14123864471912384 -0.8042865991592407
1294 -101 -121 37.850922 37.895551 -1.059585690498352 0.35022658109664917 47 -0.5766155123710632 0.14102508127689362 -0.8047524690628052
1295  -98 -120 37.877022 37.909938 -0.3355836570262909 0.5349969863891602 44 -0.5754058361053467 0.1395447552204132 -0.8058755397796631
1296  -97 -120 37.886102 37.910143 1.431820034980774 0.27960285544395447 42 -0.5747624635696411 0.1392916738986969 -0.8063783049583435
1297  -97 -120 37.894852 37.910613 1.0299409627914429 0.2863185405731201 45 -0.5740851163864136 0.13901564478874207 -0.8069083094596863
1298 -137 -143 37.446327 37.693972 3.1167595386505127 0.9662573933601379 43 -0.6046122312545776 0.13840225338935852 -0.7844035029411316
1299 -137 -144 37.437918 37.686875 2.39448881149292 0.7304292321205139 42 -0.604996919631958 0.1389760971069336 -0.7840054035186768
1300 -137 -144 37.446621 37.687077 3.4167802333831787 1.8281899690628052 45 -0.6043916940689087 0.13875223696231842 -0.7845116853713989
1301 -136 -142 37.454923 37.708529 1.900779128074646 0.2878968417644501 47 -0.6021644473075867 0.14703714847564697 -0.7847152948379517
1302 -135 -142 37.463614 37.708647 2.1383469104766846 0.629537045955658 50 -0.6015530228614807 0.1468728631734848 -0.7852148413658142
1303 -136 -142 37.452435 37.703390 1.4312489032745361 0.332460880279541 45 -0.6040536165237427 0.13945424556732178 -0.784647524356842
1304 -135 -142 37.467297 37.702544 -3.3350303173065186 2.5349488258361816 24 -0.6021995544433594 0.14254140853881836 -0.7855175137519836
1305 -134 -142 37.472093 37.708459 1.1829415559768677 1.8611738681793213 44 -0.6009567379951477 0.1466701179742813 -0.7857092022895813
1306 -134 -143 37.472394 37.701377 -3.356804609298706 2.9487109184265137 43 -0.602177083492279 0.1409309208393097 -0.785825252532959
1307 -136 -143 37.451305 37.693874 1.0414084196090698 1.0715214014053345 42 -0.6042564511299133 0.13828592002391815 -0.7846981883049011
1308 -135 -143 37.468001 37.694565 -6.957600116729736 1.6181782484054565 49 -0.6031163334846497 0.13784340023994446 -0.7856525778770447
1309  -24  -79 38.722528 38.285411 -1.9548351764678955 0.766376256942749 50 -0.5145887732505798 0.1247762143611908 -0.8483096957206726
1310  -42  -85 38.515661 38.225178 -1.3410258293151855 0.579221248626709 50 -0.5315170884132385 0.12523150444030762 -0.8377390503883362
1311  -36  -85 38.581013 38.226850 -1.9095344543457031 0.5713438391685486 46 -0.5262505412101746 0.12329096347093582 -0.8413439393043518
1312  -48 -101 38.444492 38.082879 -1.2127606868743896 0.588721513748169 47 -0.5348858833312988 0.12469495087862015 -0.8356723785400391
1313  -47 -101 38.453234 38.082922 -1.7361050844192505 0.2704039514064789 48 -0.5342777967453003 0.12446977198123932 -0.836094856262207
1314  -48 -102 38.446245 38.075756 -1.717073678970337 0.579878032207489 48 -0.5344879627227783 0.125027596950531 -0.8358772397041321
1315  -47 -102 38.452970 38.076263 -1.4122073650360107 0.4472866952419281 48 -0.5341132879257202 0.124845951795578 -0.8361438512802124
1316  -47 -101 38.460781 38.081695 -0.6626524329185486 0.563473641872406 49 -0.5337010622024536 0.12434153258800507 -0.8364821672439575
1317  -46 -101 38.471977 38.081779 -0.004701694473624229 0.2573683559894562 47 -0.5327582955360413 0.1240130066871643 -0.837131679058075
1318  -47 -102 38.462519 38.076948 -0.22195617854595184 0.3045833706855774 46 -0.5334058403968811 0.12455037236213684 -0.836639404296875
1319  -46 -102 38.471374 38.075678 0.02181936800479889 0.3493131697177887 50 -0.5325509309768677 0.12434826791286469 -0.8372138738632202
1320  -51 -106 38.408938 38.040464 -0.8164688944816589 0.26012739539146423 48 -0.536131739616394 0.12795384228229523 -0.8343803882598877
1321  -51 -106 38.418502 38.040877 0.16770847141742706 0.26310622692108154 52 -0.5353541970252991 0.1276555061340332 -0.83492511510849
1322  -51 -107 38.410233 38.033809 -0.44975754618644714 0.24123059213161469 46 -0.5359284281730652 0.12830758094787598 -0.8344566226005554
1323  -51 -107 38.418682 38.033436 -0.03891174495220184 0.40260469913482666 47 -0.5352733135223389 0.1280977874994278 -0.8349092602729797
1324  -50 -106 38.426925 38.040799 0.4457494914531708 0.3090028464794159 47 -0.5346677303314209 0.12741953134536743 -0.8354009389877319
1325  -49 -106 38.436268 38.040948 0.4686277508735657 0.29369890689849854 47 -0.5339112281799316 0.12714433670043945 -0.8359265327453613
1326  -50 -107 38.427199 38.033802 0.47847017645835876 0.3271683156490326 54 -0.5345754027366638 0.12783023715019226 -0.8353972434997559
1327  -49 -107 38.436327 38.033702 0.6744107604026794 0.26433226466178894 47 -0.5337859988212585 0.12756410241127014 -0.8359425663948059
1328  -48 -106 38.444604 38.040622 0.6175903677940369 0.1395639181137085 48 -0.5332683324813843 0.1269352287054062 -0.8363686203956604
1329  -47 -106 38.453632 38.040670 0.8296878933906555 0.32608795166015625 48 -0.5325528383255005 0.12667949497699738 -0.836863100528717
1330  -48 -107 38.445262 38.033955 0.5116727352142334 0.17421455681324005 56 -0.5330889225006104 0.12729957699775696 -0.8364275693893433
1331  -47 -107 38.453693 38.033776 0.959637463092804 0.27946147322654724 39 -0.5324561595916748 0.127082958817482 -0.8368633985519409
1332  -47 -106 38.462195 38.041195 0.653269350528717 0.5533567667007446 211 -0.5318700671195984 0.1264064610004425 -0.8373384475708008
1333  -46 -106 38.471367 38.041028 0.33168676495552063 0.25940483808517456 44 -0.5310946106910706 0.12614865601062775 -0.8378693461418152
1334  -47 -107 38.462300 38.034317 0.9980697631835938 0.23379062116146088 45 -0.5317367315292358 0.12679943442344666 -0.8373637199401855
1335  -46 -107 38.471288 38.034286 0.4838366210460663 0.2769385278224945 48 -0.5309985280036926 0.126542866230011 -0.8378708362579346
1336  -70 -107 38.195460 38.025630 -0.549185037612915 0.6842972636222839 48 -0.5524325966835022 0.13477616012096405 -0.822589635848999
1337  -69 -107 38.204968 38.025060 -0.6084810495376587 0.490980863571167 189 -0.5516839027404785 0.13454274833202362 -0.8231300711631775
1338  -70 -108 38.193185 38.018445 0.21905800700187683 0.5251927971839905 209 -0.5523617267608643 0.13523776829242706 -0.8225614428520203
1339  -69 -108 38.204995 38.018751 -0.26092758774757385 0.2990701496601105 177 -0.5514757037162781 0.1348937302827835 -0.8232121467590332
1340  -69 -107 38.213522 38.025868 -1.0053000450134277 0.3915950357913971 730 -0.5510579943656921 0.13426069915294647 -0.8235952854156494
1341  -70 -109 38.196210 38.010921 -1.1608445644378662 1.43936288356781 528 -0.5518766641616821 0.1355716735124588 -0.8228319883346558
1342  -65 -109 38.258452 38.011594 0.28873035311698914 0.8122453093528748 528 -0.5474170446395874 0.13387064635753632 -0.8260830640792847
1343  -65 -110 38.249642 38.004692 -0.9570786356925964 0.303861141204834 620 -0.5477986335754395 0.1344820261001587 -0.8257307410240173
1344  -65 -110 38.257822 38.004568 -0.5954315662384033 0.5498365163803101 157 -0.5472240447998047 0.1342749297618866 -0.826145350933075
1345  -68 -111 38.222755 37.990271 -0.10781866312026978 0.17695112526416779 151 -0.5516349673271179 0.12553399801254272 -0.8245848417282104
1346  -69 -112 38.205730 37.983349 -0.39719754457473755 0.3598329722881317 166 -0.552754282951355 0.12638893723487854 -0.823704183101654
1347  -70 -113 38.196635 37.975967 0.44789353013038635 0.38629406690597534 172 -0.5532937049865723 0.12706637382507324 -0.8232376575469971
1348  -69 -113 38.205452 37.976054 0.18187972903251648 0.3457828164100647 728 -0.5526418089866638 0.1268278956413269 -0.823712170124054
1349  -69 -112 38.213745 37.983151 0.11911320686340332 0.1779973804950714 166 -0.5521678328514099 0.12619107961654663 -0.824127733707428
1350  -68 -112 38.222597 37.983343 0.5471917390823364 0.22796879708766937 161 -0.5515097379684448 0.1259443759918213 -0.8246060013771057
1351  -69 -113 38.213488 37.976532 0.2796100974082947 0.36084187030792236 155 -0.552046537399292 0.12658460438251495 -0.8241486549377441
1352  -68 -113 38.223168 37.976578 0.44515278935432434 0.13612830638885498 174 -0.551284909248352 0.1263154000043869 -0.8246995806694031
1353  -67 -110 38.231820 37.997565 -0.046322476118803024 0.2711844742298126 188 -0.549117386341095 0.13364019989967346 -0.8249911665916443
1354  -66 -111 38.240457 37.997196 0.16981318593025208 0.273649662733078 169 -0.5481037497520447 0.13493861258029938 -0.8254536986351013
1355  -67 -111 38.231493 37.990164 0.2207922488451004 0.3687955439090729 3 -0.5509684681892395 0.12530623376369476 -0.8250648975372314
1356  -66 -111 38.240808 37.990553 0.025835013017058372 0.20353427529335022 2 -0.550065815448761 0.125773087143898 -0.825596034526825
1357  -65 -111 38.249356 37.997550 -0.06663964688777924 0.2713177800178528 2 -0.5474443435668945 0.13485023379325867 -0.8259056210517883
1358  -65 -111 38.258083 37.997693 -0.02782934531569481 0.3792833089828491 42 -0.5468204617500305 0.1346086710691452 -0.8263582587242126
1359  -65 -111 38.249406 37.990481 0.1576049029827118 0.2534157931804657 3 -0.5490368008613586 0.1270294040441513 -0.8260884284973145
1360  -65 -111 38.258854 37.990536 -0.08345513790845871 0.24709269404411316 51 -0.5478029251098633 0.12900827825069427 -0.8266007304191589
1361  -82 -118 38.063468 37.925654 0.42425990104675293 0.18488216400146484 52 -0.5619645714759827 0.13356147706508636 -0.8163070678710938
1362  -83 -119 38.054282 37.918694 0.7762430906295776 0.1897067278623581 48 -0.5624786615371704 0.13421763479709625 -0.815845251083374
1363 -219 -228 36.542027 36.911825 3.4656918048858643 0.17088644206523895 47 -0.6537290215492249 0.14790183305740356 -0.7421343326568604
1364 -215 -226 36.585216 36.933694 3.531111478805542 0.09401895105838776 43 -0.6488511562347412 0.15667709708213806 -0.7446102499961853
1365 -215 -227 36.585389 36.926373 2.9442758560180664 0.49660706520080566 41 -0.6486283540725708 0.15712127089500427 -0.7447108030319214
1366 -215 -228 36.583188 36.920171 2.467517137527466 0.5068085193634033 39 -0.6485796570777893 0.15755276381969452 -0.7446620464324951
1367 -215 -228 36.577293 36.912487 2.9378926753997803 0.25482800602912903 42 -0.6500393152236938 0.15254461765289307 -0.7444320321083069
1368 -215 -228 36.584822 36.912501 2.341646432876587 0.701140820980072 25 -0.6492149233818054 0.15393801033496857 -0.7448644638061523
1369 -220 -229 36.524472 36.904451 2.365461826324463 0.44258084893226624 38 -0.6545959711074829 0.14876797795295715 -0.7411965131759644
1370 -219 -229 36.534112 36.904604 2.8219566345214844 0.21773335337638855 36 -0.653961718082428 0.14852188527584076 -0.7418054342269897
1371 -220 -230 36.524644 36.897232 2.657444477081299 0.27483999729156494 24 -0.6544070839881897 0.14921607077121735 -0.7412731647491455
1372 -219 -230 36.533715 36.896960 2.7497925758361816 0.25552040338516235 17 -0.653805673122406 0.14901085197925568 -0.7418449521064758
1373 -219 -229 36.541956 36.903047 2.847729206085205 0.11109025776386261 3 -0.6533961296081543 0.14842483401298523 -0.742323100566864
1374 -220 -231 36.525524 36.890397 2.621138095855713 0.2459111362695694 36 -0.6541600823402405 0.14961881935596466 -0.741409957408905
1375 -219 -231 36.534345 36.890439 2.6209850311279297 0.1394110918045044 32 -0.6535323262214661 0.1493874341249466 -0.7420100569725037
1376 -220 -232 36.525909 36.882234 2.5380778312683105 0.22857984900474548 35 -0.6538370251655579 0.15009808540344238 -0.7415980696678162
1377 -219 -232 36.534347 36.883402 2.6652965545654297 0.057631753385066986 39 -0.6532520651817322 0.1498042196035385 -0.7421727776527405
1378 -167 -166 37.106353 37.485097 1.9286009073257446 0.32754215598106384 45 -0.6236676573753357 0.14775419235229492 -0.7675984501838684
1379 -166 -166 37.115205 37.485056 1.5072529315948486 0.2850680351257324 29 -0.62309330701828 0.1475466936826706 -0.7681046724319458
1380 -165 -165 37.123771 37.492117 2.0723392963409424 0.15975922346115112 27 -0.6227790713310242 0.14697930216789246 -0.7684682011604309
1381 -165 -165 37.132832 37.492566 2.2176647186279297 0.12338048964738846 22 -0.6222102642059326 0.14674270153045654 -0.7689740061759949
1382 -165 -166 37.124015 37.485155 1.782412052154541 0.1524660885334015 21 -0.6225255131721497 0.14733390510082245 -0.7686057090759277
1383 -165 -166 37.132656 37.485415 1.9156193733215332 0.23009800910949707 6 -0.6219760179519653 0.1471163034439087 -0.7690921425819397
1384 -169 -167 37.079952 37.477502 1.6006889343261719 0.9240615963935852 7 -0.6251046061515808 0.14876875281333923 -0.7662324905395508
1385 -170 -168 37.071346 37.470342 1.3698209524154663 0.20435555279254913 17 -0.6254440546035767 0.1493503749370575 -0.7658421993255615
1386 -169 -168 37.080257 37.470487 1.180598497390747 0.4541683793067932 14 -0.6248793005943298 0.14913354814052582 -0.7663452625274658
1387 -169 -167 37.089001 37.477653 2.4050588607788086 0.7179510593414307 9 -0.6245363354682922 0.14854949712753296 -0.7667381763458252
1388 -168 -167 37.097644 37.478024 2.5865285396575928 0.20138885080814362 2 -0.6239990592002869 0.14832863211631775 -0.7672182321548462
1389 -169 -168 37.089041 37.470477 1.705635666847229 0.2687901556491852 114 -0.624321460723877 0.14892855286598206 -0.7668396234512329
1390 -168 -168 37.097890 37.470926 2.2935807704925537 0.46991342306137085 14 -0.6237697601318359 0.148697167634964 -0.7673333883285522
1391 -170 -168 37.071535 37.463354 1.7994433641433716 0.26739373803138733 6 -0.6252339482307434 0.1497180461883545 -0.7659419178962708
1392 -169 -168 37.080267 37.463291 1.9639002084732056 0.15870018303394318 66 -0.6246848702430725 0.14951872825622559 -0.7664287686347961
1393 -170 -169 37.071903 37.456287 2.0492992401123047 0.1539531797170639 32 -0.6249985098838806 0.15008313953876495 -0.7660626173019409
1394 -169 -169 37.080697 37.456290 2.1316518783569336 0.12698043882846832 27 -0.6244562864303589 0.14988024532794952 -0.7665444016456604
1395 -168 -169 37.093826 37.460309 1.4313735961914062 0.577288806438446 20 -0.6237483620643616 0.14936162531375885 -0.7672216892242432
1396 -167 -167 37.106489 37.477954 2.9426190853118896 0.23727771639823914 18 -0.6234291195869446 0.14812412858009338 -0.7677209377288818
1397 -166 -167 37.114984 37.478247 2.213892936706543 0.49648845195770264 31 -0.6228904724121094 0.14790840446949005 -0.768199622631073
1398 -167 -168 37.106723 37.470955 2.7351086139678955 0.4913853406906128 33 -0.6232033371925354 0.14848753809928894 -0.7678340673446655
1399 -166 -168 37.115491 37.470986 1.8459033966064453 0.3382548987865448 19 -0.6226364970207214 0.1482783704996109 -0.7683340907096863
1400 -165 -167 37.129024 37.474871 1.719512939453125 0.36853647232055664 17 -0.6218696236610413 0.14775164425373077 -0.7690563201904297
1401 -167 -169 37.111661 37.460252 2.4822611808776855 0.330681711435318 4 -0.6225831508636475 0.14893946051597595 -0.7682494521141052
1402 -165 -169 37.128609 37.460505 1.9529681205749512 0.5950706005096436 5 -0.6214711666107178 0.14851899445056915 -0.7692305445671082
1403 -163 -164 37.150350 37.499600 1.8008073568344116 0.2925034165382385 3 -0.6213729381561279 0.1459795981645584 -0.7697958946228027
1404 -162 -164 37.159080 37.500040 1.9751439094543457 0.3222411870956421 22 -0.6207908987998962 0.1457441747188568 -0.7703099250793457
1405 -162 -164 37.167864 37.499953 1.774072527885437 0.11749683320522308 23 -0.6201832294464111 0.14553329348564148 -0.7708390355110168
1406 -164 -165 37.141537 37.492583 2.066554546356201 0.12038963288068771 4 -0.6216621994972229 0.14654000103473663 -0.7694557905197144
1407 -163 -165 37.150468 37.492785 1.9482122659683228 0.1520594358444214 5 -0.6211021542549133 0.14632165431976318 -0.7699494361877441
1408 -164 -166 37.142108 37.485382 2.0192298889160156 0.20842425525188446 2 -0.6213651895523071 0.14689576625823975 -0.7696278691291809
1409 -163 -166 37.150826 37.485592 1.8381128311157227 0.1786988526582718 73 -0.6208098530769348 0.1466793417930603 -0.7701171040534973
1410 -162 -165 37.160070 37.492704 1.834241271018982 0.16000384092330933 13 -0.6204307675361633 0.14608828723430634 -0.7705348134040833
1411 -162 -165 37.167659 37.492949 2.0284905433654785 0.259406179189682 57 -0.6199679970741272 0.145901620388031 -0.7709425091743469
1412 -162 -166 37.159934 37.485825 1.5288383960723877 0.22666898369789124 335 -0.6202099919319153 0.14644800126552582 -0.7706442475318909
1413 -162 -166 37.167850 37.485905 1.4340983629226685 0.30204302072525024 346 -0.6197230219841003 0.1462627798318863 -0.7710711359977722
1414 -161 -164 37.176554 37.507088 2.6123671531677246 0.1727983057498932 470 -0.6199009418487549 0.14496910572052002 -0.7711724042892456
1415 -160 -164 37.186021 37.507344 2.584989309310913 0.21692326664924622 464 -0.619266927242279 0.14472678303718567 -0.7717270851135254
1416 -161 -164 37.176703 37.500091 2.1416494846343994 0.2854592502117157 2038 -0.6196272969245911 0.14532078802585602 -0.7713261246681213
1417 -160 -164 37.185563 37.500515 2.3735220432281494 0.1007983535528183 2692 -0.6190566420555115 0.1450880765914917 -0.7718279361724854
1418 -159 -164 37.194440 37.507393 2.201528310775757 0.110782191157341 1774 -0.6187012195587158 0.1445210725069046 -0.7722192406654358
1419 -158 -164 37.203033 37.507742 2.367805004119873 0.06446924805641174 126 -0.6181301474571228 0.14429515600204468 -0.772718608379364
1420 -159 -164 37.193871 37.500459 2.465425491333008 0.15317213535308838 92 -0.6184994578361511 0.14489160478115082 -0.7723113894462585
1421 -158 -164 37.203023 37.500338 2.2740464210510254 0.29469865560531616 1291 -0.617859959602356 0.1446729153394699 -0.7728641033172607
1422 -160 -166 37.181405 37.489731 2.2521982192993164 0.29168811440467834 408 -0.6189453601837158 0.14573857188224792 -0.7717946171760559
1423 -159 -166 37.198962 37.489970 1.896952748298645 0.32427695393562317 116 -0.6177878379821777 0.145305797457695 -0.7728029489517212
1424 -163 -167 37.146598 37.475180 1.4105702638626099 0.35085752606391907 664 -0.6207340955734253 0.14731809496879578 -0.7700561881065369
1425 -162 -167 37.164249 37.475408 1.7073575258255005 0.2768867313861847 2467 -0.6195847988128662 0.1468859761953354 -0.7710636854171753
1426 -163 -169 37.146748 37.459885 1.5505151748657227 0.7213009595870972 140 -0.6202478408813477 0.14811426401138306 -0.770295262336731
1427 -162 -169 37.165105 37.460690 2.2187604904174805 0.9555784463882446 45 -0.6190641522407532 0.14763253927230835 -0.7713392376899719
1428 -160 -168 37.190820 37.468579 1.6327028274536133 0.49473071098327637 206 -0.6176236867904663 0.14660723507404327 -0.7726883888244629
1429 -158 -157 37.210387 37.563996 1.6198441982269287 0.42796003818511963 752 -0.6192969083786011 0.141159787774086 -0.7723634839057922
1430 -157 -157 37.219592 37.564275 2.117866277694702 0.2418971210718155 700 -0.6182888150215149 0.14264750480651855 -0.7728975415229797
1431 -158 -158 37.211041 37.557062 2.2507340908050537 0.28663185238838196 685 -0.6190446019172668 0.14150847494602203 -0.7725018858909607
1432 -157 -158 37.219754 37.557244 2.6158978939056396 0.08582817763090134 176 -0.6184638142585754 0.1412918120622635 -0.7730065584182739
1433 -156 -157 37.228389 37.564626 1.8910939693450928 0.1507425159215927 165 -0.6171665191650391 0.14460304379463196 -0.7734309434890747
1434  -97 -119 37.885952 37.917220 0.2590208351612091 0.5407131314277649 122 -0.5748896598815918 0.13885943591594696 -0.8063622117042542
1435  -56 -108 38.362197 38.022457 0.7558106184005737 0.3798271417617798 42 -0.5395175218582153 0.13031958043575287 -0.8318279385566711
1436  -57 -110 38.341921 38.006516 0.9557816386222839 0.4601527750492096 39 -0.5407446026802063 0.13180328905582428 -0.8307966589927673
1437  -55 -109 38.362541 38.008290 0.798138439655304 0.4860447645187378 33 -0.5389205813407898 0.13106009364128113 -0.8320984840393066
1438  -54 -108 38.378845 38.022423 0.5460352897644043 0.27316564321517944 40 -0.5380920767784119 0.1298259198665619 -0.8328277468681335
1439  -52 -108 38.396491 38.023706 -0.07103867083787918 0.4449770152568817 186 -0.5366673469543457 0.12924081087112427 -0.8338375091552734
1440  -54 -109 38.377112 38.008849 0.6598941087722778 0.2787376344203949 178 -0.5377157330513 0.13059933483600616 -0.8329499363899231
1441  -52 -109 38.397309 38.009197 0.4202604591846466 0.22075155377388 170 -0.5359471440315247 0.12996432185173035 -0.8341881632804871
1442  -56 -112 38.352906 37.986410 0.2714836299419403 0.3494429886341095 37 -0.5391483902931213 0.13084600865840912 -0.8319845199584961
1443  -53 -112 38.387774 37.985751 0.37707772850990295 0.4025789797306061 43 -0.5358742475509644 0.1314438432455063 -0.834003210067749
1444  -51 -108 38.413672 38.023372 -0.18571415543556213 0.38161736726760864 47 -0.5354195833206177 0.12880434095859528 -0.834706723690033
1445  -50 -108 38.429693 38.022936 -0.0002796718035824597 0.5035265684127808 43 -0.5341988801956177 0.12839265167713165 -0.8355518579483032
1446  -51 -109 38.414625 38.008998 -0.4221387803554535 0.9578532576560974 34 -0.5346106290817261 0.12949538230895996 -0.8351182341575623
1447  -50 -109 38.429453 38.008583 -1.0839285850524902 1.828144907951355 38 -0.533600926399231 0.1291421800851822 -0.835818350315094
1448  -48 -108 38.450437 38.024670 0.837384819984436 0.32681334018707275 45 -0.5324417352676392 0.12767373025417328 -0.836782693862915
1449  -46 -108 38.467416 38.023135 0.5977687239646912 0.46662184596061707 41 -0.53090500831604 0.12724581360816956 -0.8378235697746277
1450  -48 -109 38.453362 38.009782 0.8602271676063538 0.24535107612609863 48 -0.531524121761322 0.12834924459457397 -0.8372625112533569
1451  -46 -109 38.466725 38.008767 0.2951743006706238 0.23167547583580017 55 -0.5304038524627686 0.12802018225193024 -0.8380230665206909
1452  -50 -112 38.423799 37.988703 0.2008557766675949 0.5873515605926514 51 -0.5330616235733032 0.13029801845550537 -0.8359830975532532
1453  -47 -112 38.460291 37.987680 0.8621717095375061 0.3494616448879242 50 -0.5300605893135071 0.12929962575435638 -0.8380438089370728
1454  -55 -116 38.370025 37.945567 0.5513455271720886 0.34852778911590576 40 -0.5384190082550049 0.12408540397882462 -0.8334913849830627
1455  -49 -116 38.440425 37.944907 0.9673026204109192 0.6421513557434082 44 -0.5323950052261353 0.12349887937307358 -0.837438702583313
1456 -171  -95 37.045489 38.122214 0.819775402545929 1.5347108840942383 45 -0.6368893980979919 0.15090858936309814 -0.7560413479804993
1457 -133  -82 37.475593 38.247940 -0.5136180520057678 0.8411142230033875 166 -0.6104126572608948 0.1443355232477188 -0.7788219451904297
1458 -108  -82 37.755810 38.251863 -0.6856712698936462 0.7344130277633667 184 -0.5908699035644531 0.13972577452659607 -0.7945750951766968
1459 -133   91 37.442084 39.814677 -0.7100925445556641 1.219599962234497 761 -0.6349591612815857 0.15165838599205017 -0.7575134038925171
1460 -108   92 37.730214 39.823596 -0.6831679344177246 0.9444453120231628 655 -0.6163550019264221 0.14834702014923096 -0.7733690142631531
1461 -192  202 36.716713 40.797429 10.16430950164795 0.8461750745773315 723 -0.688122034072876 0.1639118790626526 -0.7068387269973755
1462 -186  201 36.787806 40.796986 10.247597694396973 0.7254478931427002 588 -0.6841113567352295 0.16446548700332642 -0.7105932831764221
1463 -186  196 36.792814 40.747659 9.70311450958252 1.3012487888336182 767 -0.6837530136108398 0.16304196417331696 -0.7112658619880676
1464 -180  201 36.863650 40.796556 10.607064247131348 0.6262111663818359 11 -0.6798886060714722 0.16455566883087158 -0.7146138548851013
1465  -99  152 37.830907 40.363716 7.261842250823975 0.8712160587310791 4 -0.6185840368270874 0.145644411444664 -0.7721019983291626
1466 -264 -288 36.050814 36.362897 2.662055492401123 1.032403588294983 27 -0.6749417185783386 0.15934406220912933 -0.7204603552818298
1467 -257 -284 36.132910 36.400763 2.5612618923187256 0.5795662999153137 3 -0.6712771058082581 0.1551963835954666 -0.7247766256332397
1468 -257 -290 36.128018 36.348450 2.632495641708374 0.6191977858543396 45 -0.6701844334602356 0.15861140191555023 -0.7250484228134155
1469 -213  173 36.481423 40.538585 1.3684364557266235 1.374008297920227 11 -0.6968422532081604 0.1693609207868576 -0.6969417333602905
1470 -205  176 36.574964 40.564874 1.8391247987747192 1.381028413772583 31 -0.6924816966056824 0.16763636469841003 -0.7016887664794922
1471 -199  176 36.649527 40.569069 2.5165512561798096 1.2194222211837769 10 -0.6888928413391113 0.1658398061990738 -0.7056371569633484
1472 -205  172 36.580571 40.527933 0.9129300713539124 1.0842454433441162 23 -0.6913604736328125 0.1697307974100113 -0.7022906541824341
1473 -198  171 36.661022 40.517404 1.0243415832519531 0.7726501822471619 39 -0.6870561838150024 0.16891302168369293 -0.7066980004310608
1474 -213  159 36.479843 40.411367 -0.46663883328437805 1.1051371097564697 40 -0.6959467530250549 0.16790960729122162 -0.6981865167617798
1475 -201  160 36.624347 40.419881 -0.24178281426429749 0.8605440855026245 39 -0.6889273524284363 0.1646539717912674 -0.7058811783790588
1476 -222  135 36.390830 40.194147 -1.4808565378189087 1.0038119554519653 40 -0.6982578635215759 0.16843760013580322 -0.6957476139068604
1477 -208  142 36.546508 40.261784 -2.042088747024536 0.9177418351173401 43 -0.6908822059631348 0.16661898791790009 -0.7035054564476013
1478 -119 -336 37.673630 35.964370 3.4274227619171143 1.0277727842330933 41 -0.5569000244140625 0.1310233473777771 -0.8201799392700195
1479  -76 -108 38.128284 38.020619 -0.7016617655754089 1.0991852283477783 47 -0.5578295588493347 0.1370331346988678 -0.8185646533966064
1480  -74 -108 38.146625 38.021617 0.5776832103729248 0.7134439945220947 44 -0.5564025044441223 0.13645149767398834 -0.8196324110031128
1481  -76 -109 38.129082 38.007101 -0.9471849203109741 0.4114161729812622 39 -0.5589679479598999 0.13027988374233246 -0.8188906908035278
1482  -75 -109 38.142815 38.010386 0.1282261610031128 0.33730369806289673 41 -0.5567490458488464 0.13558325171470642 -0.8195411562919617
1483  -74 -109 38.151121 38.010682 0.8548935651779175 0.6198601126670837 42 -0.5557080507278442 0.1369423121213913 -0.8200215697288513
1484  -75 -110 38.143529 38.004058 -0.38338881731033325 0.4875043034553528 44 -0.5584521293640137 0.1270686835050583 -0.8197467923164368
1485  -74 -110 38.151396 38.003789 -0.27707940340042114 0.7143692374229431 42 -0.5577132105827332 0.12759602069854736 -0.8201677799224854
1486  -73 -108 38.163504 38.021705 0.6624108552932739 0.3991762697696686 45 -0.5549672245979309 0.1359393149614334 -0.820689857006073
1487 -223 -228 36.493866 36.914023 2.83796763420105 0.37734848260879517 46 -0.6567134261131287 0.14888785779476166 -0.7392969131469727
1488 -221 -228 36.512328 36.914373 2.283074378967285 0.6249622106552124 47 -0.6554235219955444 0.14872246980667114 -0.7404739260673523
1489 -225 -231 36.473389 36.890357 3.5481038093566895 0.45064693689346313 49 -0.6574657559394836 0.1508723646402359 -0.7382251620292664
1490 -223 -230 36.494119 36.899983 3.107898473739624 0.2012593150138855 45 -0.6563045382499695 0.14975197613239288 -0.7394854426383972
1491 -221 -230 36.512218 36.900128 2.2346348762512207 0.5148552060127258 39 -0.6551707983016968 0.1493111103773117 -0.7405791282653809
1492 -223 -231 36.495179 36.885865 2.6273603439331055 0.30129191279411316 39 -0.6558682322502136 0.15060700476169586 -0.7396988868713379
1493 -221 -231 36.512205 36.886902 2.3296098709106445 0.2263524830341339 41 -0.6548813581466675 0.1501479148864746 -0.7406659722328186
1494 -241 -239 36.297563 36.814945 3.1876566410064697 1.323895812034607 43 -0.6657545566558838 0.15747150778770447 -0.7293651700019836
1495 -230 -236 36.417865 36.843256 3.7958569526672363 1.188226580619812 35 -0.6594247817993164 0.15508165955543518 -0.7356008887290955
1496 -225 -234 36.471754 36.863951 2.905656576156616 0.4699471592903137 39 -0.6566457152366638 0.152507945895195 -0.738618791103363
1497 -223 -233 36.495271 36.871902 2.230501174926758 0.4372963607311249 556 -0.6553720831871033 0.15144696831703186 -0.7399670481681824
1498 -222 -232 36.508112 36.875538 2.3454644680023193 0.2389664351940155 192 -0.6547366976737976 0.15093041956424713 -0.7406347393989563
1499 -221 -232 36.517418 36.875790 2.4293463230133057 0.16192127764225006 195 -0.6541387438774109 0.15068775415420532 -0.7412123084068298
1500 -222 -233 36.508065 36.868632 2.5105955600738525 0.1219632476568222 175 -0.6544800400733948 0.15134359896183014 -0.7407772541046143
1501 -221 -233 36.517215 36.868790 2.693129777908325 0.08284101635217667 195 -0.6538999676704407 0.15111295878887177 -0.7413364052772522
1502 -223 -234 36.495401 36.857664 2.2239086627960205 0.36922580003738403 181 -0.6549229621887207 0.1523161381483078 -0.7401862144470215
1503 -222 -234 36.508527 36.861552 2.4670138359069824 0.29884597659111023 50 -0.6542172431945801 0.15176209807395935 -0.7409237623214722
1504 -221 -234 36.518045 36.861791 2.760802745819092 0.14100462198257446 52 -0.6536016464233398 0.15151450037956238 -0.7415175437927246
1505 -222 -235 36.508726 36.854800 2.8676750659942627 0.16873954236507416 46 -0.653965950012207 0.15216393768787384 -0.7410631775856018
1506 -221 -235 36.517827 36.854597 2.9888064861297607 0.12143124639987946 49 -0.6533764004707336 0.15195557475090027 -0.7416257262229919
1507 -226 -236 36.461325 36.843735 3.1496331691741943 0.4358297884464264 40 -0.6568405628204346 0.15403668582439423 -0.7381281852722168
1508 -224 -236 36.480328 36.842980 2.10024094581604 0.4024500250816345 43 -0.6555402278900146 0.15360566973686218 -0.7393728494644165
1509 -226 -238 36.462012 36.828537 2.9315733909606934 0.5211358666419983 37 -0.656236469745636 0.15493075549602509 -0.7384781837463379
1510 -224 -237 36.480140 36.829440 1.760392427444458 0.41332799196243286 43 -0.6550883054733276 0.15442858636379242 -0.7396020293235779
1511 -223 -236 36.495198 36.844132 2.4257071018218994 0.37559279799461365 41 -0.6546847820281982 0.15318818390369415 -0.7402170300483704
1512 -222 -236 36.509782 36.847405 2.8181140422821045 0.17543236911296844 48 -0.6537059545516968 0.15259939432144165 -0.7412030100822449
1513 -221 -236 36.517621 36.847830 2.528140068054199 0.10484208911657333 41 -0.6532561779022217 0.15239104628562927 -0.7416423559188843
1514 -222 -236 36.509938 36.840390 2.659299850463867 0.13315469026565552 40 -0.6535030603408813 0.15302996337413788 -0.74129319190979
1515 -221 -236 36.518209 36.840623 2.632991313934326 0.052155282348394394 53 -0.6529693603515625 0.15281140804290771 -0.7418084144592285
1516 -223 -237 36.491517 36.833378 2.4732205867767334 0.29267656803131104 49 -0.6546730995178223 0.15395638346672058 -0.7400679588317871
1517 -222 -237 36.501994 36.833150 2.4070563316345215 0.27736133337020874 48 -0.6538630723953247 0.15368351340293884 -0.7408403158187866
1518 -223 -238 36.491262 36.826014 2.2649950981140137 0.418613076210022 53 -0.6543892621994019 0.15439541637897491 -0.7402275204658508
1519 -222 -238 36.502570 36.826475 2.455355644226074 0.17138253152370453 49 -0.6535844206809998 0.15406866371631622 -0.7410062551498413
1520 -222 -237 36.510341 36.833550 2.5847256183624268 0.24786661565303802 49 -0.6533290147781372 0.15345272421836853 -0.7413592338562012
1521 -222 -238 36.509476 36.826295 2.8443222045898438 0.12446531653404236 50 -0.6531772017478943 0.15392105281352997 -0.741395890712738
1522 -231 -240 36.406461 36.806021 3.306931257247925 0.514504611492157 45 -0.6590718626976013 0.15766650438308716 -0.7353675961494446
1523 -228 -240 36.435689 36.806282 2.367347002029419 0.7684601545333862 47 -0.6571705341339111 0.15692377090454102 -0.7372257709503174
1524 -231 -243 36.402113 36.777756 3.3853020668029785 0.7068982124328613 51 -0.6586940288543701 0.15883055329322815 -0.7354556918144226
1525 -143 -154 37.377959 37.594534 3.6690151691436768 1.6131993532180786 43 -0.6064672470092773 0.14523611962795258 -0.7817314267158508
1526 -144 -155 37.369269 37.587438 2.015760660171509 0.4337998628616333 42 -0.6068218946456909 0.14581020176410675 -0.781349241733551
1527 -143 -155 37.378083 37.587591 3.36264705657959 0.7210353016853333 52 -0.6062328815460205 0.14558756351470947 -0.7818478345870972
1528 -145 -156 37.351707 37.580223 2.3439249992370605 0.8677507042884827 50 -0.60782390832901 0.14662036299705505 -0.7804182171821594
1529 -144 -156 37.360496 37.580214 1.2451337575912476 1.052571415901184 44 -0.6072038412094116 0.14639995992183685 -0.7809421420097351
1530 -145 -157 37.351747 37.572958 5.024364471435547 1.8681939840316772 49 -0.607577383518219 0.14698874950408936 -0.7805408239364624
1531 -144 -157 37.360535 37.573222 3.1704049110412598 1.3217591047286987 187 -0.6070020198822021 0.1467626690864563 -0.7810309529304504
1532 -144 -156 37.369365 37.580491 1.7694820165634155 0.3545506000518799 183 -0.6065908074378967 0.1461629569530487 -0.7814627289772034
1533 -143 -156 37.378291 37.580509 1.8790223598480225 0.5622326135635376 40 -0.6059953570365906 0.1459452509880066 -0.7819652557373047
1534 -144 -157 37.369430 37.573328 2.177396774291992 0.7726767659187317 54 -0.6063953042030334 0.14653748273849487 -0.7815443277359009
1535 -143 -157 37.378278 37.573550 1.6674346923828125 0.1742185354232788 51 -0.6057766079902649 0.14630258083343506 -0.7820679545402527
1536 -142 -154 37.386552 37.594798 3.3035621643066406 1.4133517742156982 45 -0.6058805584907532 0.1450098603963852 -0.7822282314300537
1537 -141 -154 37.395604 37.594644 3.7257165908813477 1.604229211807251 56 -0.605254054069519 0.14479456841945648 -0.7827529311180115
1538 -142 -155 37.386451 37.587845 2.807152271270752 1.6731162071228027 47 -0.6056780219078064 0.14537087082862854 -0.7823180556297302
1539 -141 -155 37.395795 37.588349 0.2894989252090454 1.2950410842895508 53 -0.6050422787666321 0.14511290192604065 -0.7828576564788818
1540  -88 -114 37.988122 37.963633 0.7316640019416809 0.2330588698387146 50 -0.5687890648841858 0.13342376053333282 -0.811589241027832
1541  -87 -114 38.005296 37.964018 0.8517389893531799 0.19265957176685333 44 -0.5675098299980164 0.1329372674226761 -0.8125640153884888
1542  -89 -115 37.983351 37.953229 0.5404853224754333 0.12034642696380615 46 -0.568758487701416 0.1341366022825241 -0.8114931583404541
1543  -88 -115 37.991841 37.953370 0.7794704437255859 0.2536539137363434 34 -0.5681812167167664 0.1339113563299179 -0.8119346499443054
1544  -89 -116 37.983510 37.946069 0.6005043387413025 0.16891475021839142 48 -0.5685121417045593 0.13454174995422363 -0.8115987777709961
1545  -88 -116 37.992088 37.946318 0.08090527355670929 0.35808148980140686 48 -0.567899227142334 0.13429991900920868 -0.8120678067207336
1546  -87 -115 38.000963 37.953455 1.0927542448043823 0.1660187989473343 52 -0.5675291419029236 0.13366669416427612 -0.8124309182167053
1547  -87 -115 38.009359 37.953469 1.1880658864974976 0.15015645325183868 47 -0.5669043064117432 0.13343946635723114 -0.8129042983055115
1548  -87 -116 38.001048 37.946210 0.4460535943508148 0.3242473006248474 47 -0.5672520399093628 0.13406966626644135 -0.8125580549240112
1549  -87 -116 38.010067 37.946466 0.6386048793792725 0.30432161688804626 38 -0.5665912628173828 0.13381268084049225 -0.8130612373352051
1550  -86 -114 38.018447 37.967746 0.6306318640708923 0.10366473346948624 55 -0.5666048526763916 0.13236019015312195 -0.81328946352005
1551  -85 -114 38.027163 37.967611 0.7610534429550171 0.09207314997911453 46 -0.5659422874450684 0.132131889462471 -0.8137878179550171
1552  -86 -114 38.019050 37.960772 0.98325115442276 0.2907920479774475 46 -0.5663363337516785 0.1327429860830307 -0.8134141564369202
1553  -85 -114 38.027676 37.960675 0.5766457915306091 0.25047358870506287 45 -0.5656757950782776 0.13251300156116486 -0.8139110803604126
1554  -84 -114 38.036331 37.967796 0.83973228931427 0.08863034844398499 41 -0.5652627944946289 0.13187484443187714 -0.814301609992981
1555  -83 -114 38.045245 37.967907 0.7797576785087585 0.1616300642490387 41 -0.5645774006843567 0.1316240429878235 -0.814817488193512
1556  -84 -114 38.036606 37.960700 0.4381084144115448 0.2875150144100189 43 -0.5650051236152649 0.13227041065692902 -0.814416229724884
1557  -83 -114 38.045284 37.960792 0.3564091920852661 0.3264480233192444 47 -0.5643700361251831 0.13203385472297668 -0.8148947954177856
1558  -86 -115 38.018911 37.953572 1.205585241317749 0.2071336805820465 41 -0.5661532282829285 0.1331668496131897 -0.8134722709655762
1559  -85 -115 38.027330 37.953695 0.8808543086051941 0.49243077635765076 52 -0.5655190944671631 0.13293030858039856 -0.8139519095420837
1560  -84 -115 38.036711 37.953544 -0.44075655937194824 0.6516467332839966 50 -0.5648358464241028 0.1326909065246582 -0.8144652247428894
1561  -89 -117 37.983603 37.939008 -0.35640108585357666 0.4619956910610199 47 -0.5682811737060547 0.1349446028470993 -0.8116936087608337
1562  -86 -119 38.018908 37.919043 0.8498112559318542 0.3415963649749756 49 -0.5651880502700806 0.1351715624332428 -0.8138127326965332
1563  -85 -119 38.028734 37.918954 0.3122310936450958 0.33500513434410095 48 -0.5644490122795105 0.13490906357765198 -0.8143690228462219
1564  -83 -118 38.046581 37.925468 0.10564686357975006 0.5848709344863892 46 -0.5632883310317993 0.13404491543769836 -0.8153148293495178
1565  -84 -119 38.037245 37.918734 0.6127978563308716 0.5604234933853149 46 -0.5638507604598999 0.1347014307975769 -0.8148177266120911
1566  -83 -119 38.045454 37.918740 0.7931155562400818 0.3971843719482422 48 -0.5632023811340332 0.13446958363056183 -0.8153042197227478
1567  -81 -109 38.066642 38.013870 -0.14195075631141663 0.6866668462753296 48 -0.5637903213500977 0.13171841204166412 -0.8153470158576965
1568  -78 -109 38.102549 38.013980 -0.6798406839370728 0.6745936870574951 50 -0.5606095790863037 0.13284677267074585 -0.8173547387123108
1569  -82 -111 38.059000 37.993108 0.18347813189029694 0.3266001045703888 47 -0.5643488168716431 0.12981684505939484 -0.8152655959129333
1570  -81 -111 38.076026 37.992888 -0.051600076258182526 0.34732308983802795 44 -0.5630720257759094 0.1293756514787674 -0.8162180185317993
1571  -82 -112 38.058704 37.978281 0.025591332465410233 0.461479127407074 46 -0.5638900399208069 0.1306685358285904 -0.8154469728469849
1572  -81 -112 38.071616 37.982153 -0.39835378527641296 0.27242961525917053 46 -0.5630490779876709 0.13010233640670776 -0.8161183595657349
1573  -80 -112 38.080681 37.982655 -0.2383769005537033 0.599147617816925 44 -0.562389075756073 0.1298317015171051 -0.8166163563728333
1574  -81 -113 38.071857 37.974882 0.45726868510246277 0.24851353466510773 41 -0.5628039836883545 0.13051076233386993 -0.8162221312522888
1575  -80 -113 38.080672 37.975611 0.22949360311031342 0.40287065505981445 44 -0.5621716380119324 0.13023421168327332 -0.8167020082473755
1576  -79 -111 38.093085 37.993405 -0.08087922632694244 0.4430064260959625 41 -0.5617966055870056 0.12888720631599426 -0.8171735405921936
1577  -78 -111 38.107169 37.996495 -0.7466970682144165 0.4772891700267792 39 -0.5608202219009399 0.12833182513713837 -0.8179312944412231
1578  -77 -111 38.116025 37.996601 -0.8318268060684204 0.3312685191631317 47 -0.5601559281349182 0.1280888020992279 -0.8184244632720947
1579  -78 -111 38.107697 37.989475 0.14792975783348083 0.24160824716091156 45 -0.5605823993682861 0.12872116267681122 -0.8180332183837891
1580  -77 -111 38.116311 37.989591 0.23960842192173004 0.19093939661979675 38 -0.5599383115768433 0.1284843385219574 -0.818511426448822
1581  -80 -112 38.089285 37.982326 -2.027547597885132 1.2728345394134521 48 -0.5617299675941467 0.12961915135383606 -0.8171036243438721
1582  -79 -112 38.098225 37.983216 -2.0986409187316895 1.784566879272461 43 -0.5610817670822144 0.1293278932571411 -0.8175950050354004
1583  -80 -113 38.089009 37.975025 0.41389578580856323 1.0675721168518066 125 -0.5615294575691223 0.13004416227340698 -0.817173957824707
1584  -79 -113 38.099096 37.974918 -0.8142576813697815 1.7331193685531616 2691 -0.5607655048370361 0.1297786682844162 -0.8177405595779419
1585  -78 -112 38.107604 37.982617 0.13148844242095947 0.1895061880350113 1574 -0.5603516697883606 0.12910901010036469 -0.8181301355361938
1586  -77 -112 38.116052 37.982503 0.4148043394088745 0.14307287335395813 2450 -0.5597071647644043 0.12888769805431366 -0.8186060786247253
1587  -78 -113 38.107398 37.976118 0.04578406363725662 0.7572023868560791 39 -0.5601732134819031 0.12948612868785858 -0.818192720413208
1588 -118  157 37.602501 40.411815 7.208133697509766 1.148842692375183 39 -0.6334546804428101 0.15124273300170898 -0.7588549852371216
1589 -177  148 36.910595 40.316720 -0.5450694561004639 0.8475098609924316 39 -0.6717480421066284 0.16355477273464203 -0.7224987745285034
1590 -189  137 36.778264 40.218263 -1.0353844165802002 0.5791460275650024 42 -0.6786240935325623 0.16258284449577332 -0.7162654995918274
1591 -177  136 36.920890 40.210685 -0.8357105255126953 0.6715126633644104 42 -0.6709714531898499 0.1600325107574463 -0.7240075469017029
1592 -213 -233 36.600619 36.874105 3.8060462474823 0.41773873567581177 39 -0.6486029028892517 0.14974720776081085 -0.7462506890296936
1593 -212 -233 36.617885 36.874455 4.018225193023682 0.16837051510810852 41 -0.6468868851661682 0.15221960842609406 -0.7472392916679382
1594 -114 -125 37.700257 37.866029 0.11922352015972137 0.1715122014284134 44 -0.5873196721076965 0.1424521654844284 -0.7967202067375183
1595 -113 -125 37.709199 37.866238 0.05915682390332222 0.10575883090496063 41 -0.5867213606834412 0.14222344756126404 -0.7972017526626587
1596 -114 -125 37.700521 37.859088 -0.3478943705558777 0.2941250801086426 40 -0.5871032476425171 0.14279785752296448 -0.7968178391456604
1597 -113 -125 37.709213 37.859247 0.3171359598636627 0.18135066330432892 45 -0.5864937901496887 0.14257052540779114 -0.7973071932792664
1598 -139 -101 37.405982 38.077174 -0.48405107855796814 0.6836429834365845 181 -0.6126185059547424 0.1458573341369629 -0.7768039107322693
1599 -127 -100 37.549280 38.084162 0.2606719732284546 0.7699841260910034 170 -0.602656900882721 0.1441749781370163 -0.7848682999610901
1600 -139 -113 37.408064 37.963689 0.46558234095573425 1.0291293859481812 44 -0.610735297203064 0.14474599063396454 -0.7784927487373352
1601 -127 -114 37.552163 37.964004 0.2899061143398285 0.7131827473640442 46 -0.6008500456809998 0.14120884239673615 -0.7867904901504517
1602   -6  -60 38.919974 38.455805 -3.0210678577423096 0.495095819234848 42 -0.5007022619247437 0.12138662487268448 -0.85706627368927
1603   -7  -66 38.910916 38.400982 -2.884805202484131 0.5857542753219604 44 -0.5011962056159973 0.11839354783296585 -0.8571962714195251
1604  -39  -76 38.544605 38.312970 -2.431504726409912 0.6010103225708008 42 -0.530137300491333 0.12668751180171967 -0.8383941054344177
1605 -108 -183 37.778131 37.344187 2.635570526123047 1.3044861555099487 41 -0.5733251571655273 0.13536149263381958 -0.8080690503120422
1606 -240 -225 36.302610 36.940945 3.0011653900146484 1.4143261909484863 45 -0.6672447323799133 0.15675541758537292 -0.7281567454338074
1607 -230 -223 36.412767 36.961251 3.8612895011901855 0.9948277473449707 43 -0.6605380773544312 0.15872442722320557 -0.7338228821754456
1608 -225 -221 36.465949 36.977720 3.898569345474243 0.8258033990859985 46 -0.657767117023468 0.15689408779144287 -0.7366998791694641
1609 -222 -221 36.499469 36.978252 3.321113109588623 0.5915688276290894 44 -0.6557639241218567 0.15607097744941711 -0.7386580109596252
1610 -225 -224 36.464543 36.948025 4.0832085609436035 0.7164180278778076 43 -0.6570407748222351 0.15877564251422882 -0.7369449138641357
1611 -222 -224 36.500973 36.949502 3.0726184844970703 0.43412381410598755 47 -0.6545926332473755 0.15775002539157867 -0.7393398880958557
1612 -200 -180 36.734336 37.348745 2.996359348297119 0.48575058579444885 45 -0.6457226872444153 0.15381303429603577 -0.7479196190834045
1613 -198 -179 36.761209 37.358826 3.1320135593414307 0.4836067259311676 44 -0.6443647146224976 0.15265099704265594 -0.7493276000022888
1614 -189 -175 36.861795 37.396276 2.7145562171936035 0.20030753314495087 44 -0.6389630436897278 0.1482645720243454 -0.7548138499259949
1615 -184 -175 36.915172 37.397214 2.788788080215454 1.0455663204193115 42 -0.6356311440467834 0.14698542654514313 -0.7578709721565247
1616 -184 -176 36.920281 37.395094 4.9825544357299805 1.436200499534607 41 -0.6352530121803284 0.14698269963264465 -0.7581884860992432
1617 -195 -177 36.795740 37.384634 3.4968528747558594 0.10467619448900223 43 -0.6429232358932495 0.15044952929019928 -0.7510091066360474
1618 -193 -177 36.813161 37.385071 3.215317726135254 0.16974391043186188 46 -0.641796350479126 0.15001332759857178 -0.7520595192909241
1619 -195 -178 36.796450 37.370623 2.9874584674835205 0.42929184436798096 45 -0.6424462199211121 0.15118525922298431 -0.751269519329071
1620 -193 -178 36.813959 37.371061 2.607461452484131 0.46550843119621277 41 -0.6413050293922424 0.15074415504932404 -0.7523324489593506
1621 -192 -176 36.826621 37.388544 3.167055606842041 0.24593795835971832 41 -0.6410271525382996 0.14950940012931824 -0.7528154850006104
1622 -191 -176 36.835336 37.388917 3.306851625442505 0.14891357719898224 39 -0.6405031681060791 0.14929185807704926 -0.7533045411109924
1623 -192 -177 36.826734 37.381738 3.4476020336151123 0.0834292396903038 41 -0.6408041715621948 0.14987032115459442 -0.7529335618019104
1624 -191 -177 36.835487 37.381734 3.3460566997528076 0.11459585279226303 47 -0.6402266025543213 0.14966225624084473 -0.7534660696983337
1625 -190 -176 36.844165 37.388843 3.2690651416778564 0.10959184914827347 43 -0.6398845314979553 0.14907801151275635 -0.7538723945617676
1626 -190 -176 36.852785 37.389091 3.1512680053710938 0.15959997475147247 41 -0.639319896697998 0.1488591730594635 -0.75439453125
1627 -190 -177 36.844477 37.381734 3.3787219524383545 0.0576171800494194 42 -0.6396432518959045 0.14945088326931 -0.7540033459663391
1628 -190 -177 36.853195 37.381963 3.158841609954834 0.18075770139694214 170 -0.6390998363494873 0.14923718571662903 -0.7545062899589539
1629 -192 -178 36.827520 37.374329 2.7244908809661865 0.32359808683395386 42 -0.6405064463615417 0.15024487674236298 -0.7531121969223022
1630 -191 -178 36.835920 37.374756 2.6873183250427246 0.291115403175354 43 -0.6399917602539062 0.15002788603305817 -0.7535929083824158
1631 -192 -178 36.827347 37.367827 2.01301908493042 0.18675632774829865 44 -0.6403349041938782 0.15060091018676758 -0.7531869411468506
1632 -191 -178 36.836137 37.367752 1.6608912944793701 0.5002681016921997 43 -0.639779269695282 0.15040169656276703 -0.7536987662315369
1633 -190 -178 36.844472 37.374801 2.6444389820098877 0.45545732975006104 174 -0.6394492983818054 0.14982646703720093 -0.7540932893753052
1634 -195 -180 36.797321 37.356369 2.1791765689849854 0.316219300031662 167 -0.641918420791626 0.15192227065563202 -0.7515719532966614
1635 -194 -179 36.808940 37.360482 1.9619905948638916 0.1939513087272644 181 -0.6413097381591797 0.15143106877803802 -0.7521904706954956
1636 -193 -179 36.819009 37.360403 2.1056721210479736 0.15529654920101166 746 -0.6406653523445129 0.1512000560760498 -0.7527858018875122
1637 -194 -180 36.810036 37.353031 2.5999069213867188 0.1461160033941269 162 -0.641035258769989 0.15181080996990204 -0.7523478865623474
1638 -193 -180 36.818311 37.353434 1.853327751159668 0.3857657313346863 167 -0.6405027508735657 0.1515919268131256 -0.7528454065322876
1639 -195 -181 36.792535 37.345819 2.1041359901428223 0.5194715857505798 169 -0.6419571042060852 0.1526142656803131 -0.7513987421989441
1640 -194 -181 36.801507 37.345937 2.640570878982544 0.05734485015273094 141 -0.6413689851760864 0.15239287912845612 -0.7519456744194031
1641 -195 -182 36.792454 37.338963 2.298121452331543 0.2988854646682739 559 -0.6417902708053589 0.1529931277036667 -0.7514641880989075
1642 -194 -182 36.801369 37.338920 2.681658983230591 0.048306673765182495 710 -0.6411980390548706 0.15278148651123047 -0.7520126104354858
1643 -194 -181 36.810523 37.346110 2.226431131362915 0.4187397062778473 513 -0.6407867074012756 0.15216964483261108 -0.7524871230125427
1644 -193 -181 36.819145 37.346360 1.400646448135376 0.15353001654148102 591 -0.6402506828308105 0.15195533633232117 -0.7529865503311157
1645 -194 -182 36.810526 37.339001 2.081831216812134 0.3730905055999756 745 -0.6405957937240601 0.15255700051784515 -0.7525712251663208
1646 -192 -179 36.827409 37.360592 2.10610032081604 0.2318989336490631 754 -0.6401264071464539 0.1509917676448822 -0.7532859444618225
1647 -186 -179 36.889144 37.367773 7.118311882019043 2.1272268295288086 788 -0.6364641189575195 0.14917953312397003 -0.7567423582077026
1648 -185 -177 36.902241 37.380020 6.218259811401367 1.0793993473052979 23794 -0.635978102684021 0.14821453392505646 -0.7573403716087341
1649 -184 -177 36.918029 37.381866 7.318278789520264 1.469481110572815 10291 -0.635034441947937 0.14775076508522034 -0.758222222328186
1650 -183 -177 36.923693 37.382696 9.226186752319336 1.553420066833496 1963 -0.6347004175186157 0.1475752294063568 -0.7585361003875732
1651 -185 -177 36.902827 37.378760 6.41871452331543 0.453571617603302 1137 -0.6359052658081055 0.1482694298028946 -0.7573907375335693
1652 -186 -179 36.896361 37.367974 6.438892364501953 1.7420554161071777 2510 -0.6360167264938354 0.14900173246860504 -0.7571533918380737
1653 -184 -178 36.921875 37.372463 7.044219017028809 3.7840089797973633 774 -0.6345367431640625 0.1481705754995346 -0.7585569024085999
1654 -188 -180 36.870312 37.355954 7.533086776733398 2.175755500793457 662 -0.6373192667961121 0.15025390684604645 -0.755809485912323
1655 -187 -179 36.878858 37.363552 5.695242404937744 2.322643756866455 40 -0.6369931697845459 0.1496449112892151 -0.756205141544342
1656 -187 -179 36.888666 37.362678 8.915348052978516 0.8528541326522827 34 -0.6363551020622253 0.1494666188955307 -0.7567773461341858
1657 -211 -227 36.622123 36.928696 2.6766133308410645 0.5704614520072937 38 -0.6481035947799683 0.14914943277835846 -0.7468039393424988
1658 -214 -229 36.598684 36.912407 2.188518762588501 1.0347048044204712 46 -0.6479514837265015 0.1554049253463745 -0.745659589767456
1659 -211 -228 36.621673 36.918224 2.5881006717681885 0.5715757608413696 42 -0.647809624671936 0.1499166339635849 -0.7469054460525513
1660 -210 -227 36.641809 36.924251 2.9574124813079834 0.3470829427242279 43 -0.6468914151191711 0.14897312223911285 -0.7478893399238586
1661 -213 -230 36.599407 36.901982 3.833451747894287 0.39166849851608276 40 -0.6496821641921997 0.14716322720050812 -0.7458258271217346
1662 -212 -230 36.617194 36.901364 3.445297956466675 0.4614343047142029 44 -0.6478083729743958 0.15016554296016693 -0.7468565106391907
1663 -213 -231 36.599708 36.888157 4.062795639038086 0.102655328810215 40 -0.6492520570755005 0.1480812430381775 -0.746018648147583
1664 -212 -231 36.617382 36.888490 3.77009916305542 0.4687313139438629 47 -0.6473188400268555 0.151417538523674 -0.7470281720161438
1665 -210 -230 36.642411 36.895983 3.117530584335327 0.46345993876457214 34 -0.646059513092041 0.1505025029182434 -0.748302161693573
1666 -205 -223 36.694171 36.967688 3.6793508529663086 0.8541350960731506 33 -0.643121063709259 0.15230980515480042 -0.7504644989967346
1667 -198 -222 36.771576 36.970075 3.572056770324707 1.1521809101104736 41 -0.637846827507019 0.152793750166893 -0.7548546195030212
1668 -205 -229 36.690108 36.911185 3.6441490650177 1.280747413635254 33 -0.6434623599052429 0.1485687643289566 -0.7509218454360962
1669 -198 -229 36.768254 36.911467 3.9403843879699707 1.2163933515548706 39 -0.6386895179748535 0.14678598940372467 -0.7553340792655945
1670 -220 -232 36.525616 36.875918 2.2438693046569824 0.11857838928699493 39 -0.6536486148834229 0.15048819780349731 -0.7416850924491882
1671 -220 -233 36.525411 36.868942 2.280729293823242 0.14249101281166077 39 -0.6534274220466614 0.15091533958911896 -0.7417932152748108
1672 -220 -234 36.526614 36.861920 2.421609878540039 0.19330789148807526 37 -0.6531122326850891 0.15131035447120667 -0.7419902682304382
1673 -245 -271 36.263721 36.524616 2.8790507316589355 0.8863046765327454 43 -0.6647693514823914 0.15586861968040466 -0.7306070327758789
1674 -245 -274 36.258615 36.498034 2.8607497215270996 0.6462348699569702 44 -0.6642285585403442 0.15762458741664886 -0.7307222485542297
1675 -152  186 37.196954 40.665840 9.652427673339844 0.899530827999115 41 -0.66031414270401 0.15957878530025482 -0.7338391542434692
1676 -133  119 37.432840 40.064309 -0.3916509449481964 0.8391432762145996 37 -0.6386895775794983 0.15433499217033386 -0.7538278102874756
1677 -145  -22 37.322279 38.789510 0.36199793219566345 1.1762847900390625 38 -0.628095269203186 0.14949187636375427 -0.7636415362358093
1678  -22    4 38.734884 39.043533 -1.7892407178878784 1.03812575340271 38 -0.5286969542503357 0.12632597982883453 -0.8393576741218567
1679  -92  126 37.915458 40.138598 1.5998907089233398 0.6611918807029724 39 -0.6094087958335876 0.14559918642044067 -0.7793726325035095
1680  -86  126 37.981742 40.137701 1.6171481609344482 0.44876259565353394 40 -0.6049214005470276 0.14405256509780884 -0.783146858215332
1681  -93  120 37.907315 40.082397 1.866491675376892 0.7827959656715393 39 -0.6084972620010376 0.14875780045986176 -0.7794884443283081
1682  -86  120 37.984206 40.083269 1.4981235265731812 0.5965205430984497 33 -0.6034027934074402 0.14685800671577454 -0.783797025680542
1683  -65 -217 38.265979 37.040631 2.007603883743286 1.4355570077896118 136 -0.5283579230308533 0.12420203536748886 -0.8398878574371338
1684   10  124 39.118137 40.122093 5.391101360321045 0.7980931401252747 33 -0.5183115601539612 0.12623590230941772 -0.8458236455917358
1685   22  124 39.258691 40.122661 5.316656589508057 0.6968586444854736 23 -0.5065325498580933 0.12378089129924774 -0.8532895445823669
1686 -111 -123 37.735388 37.880473 0.4149118661880493 0.16536687314510345 33 -0.5853384733200073 0.14085924625396729 -0.7984594702720642
1687 -110 -123 37.745036 37.880722 0.481477290391922 0.08446215838193893 21 -0.5845983624458313 0.14058823883533478 -0.7990492582321167
1688 -111 -124 37.735882 37.873693 0.44076165556907654 0.1620965451002121 43 -0.5850614309310913 0.14117783308029175 -0.7986063361167908
1689 -110 -124 37.745195 37.873588 0.4045739471912384 0.12018883228302002 47 -0.5843496918678284 0.1409367024898529 -0.7991697788238525
1690 -109 -123 37.753086 37.880879 0.5498778223991394 0.11427409201860428 46 -0.5840310454368591 0.14037831127643585 -0.7995008826255798
1691 -108 -123 37.761506 37.880796 0.151251882314682 0.1572607010602951 40 -0.5833921432495117 0.14016081392765045 -0.8000053763389587
1692 -109 -124 37.753323 37.873520 0.2820277512073517 0.10111275315284729 49 -0.5837535858154297 0.14073146879673004 -0.7996414303779602
1693 -108 -124 37.762334 37.873858 0.34383413195610046 0.15597449243068695 40 -0.5830882787704468 0.14047841727733612 -0.8001711964607239
1694 -111 -125 37.735651 37.866331 0.22964218258857727 0.12775559723377228 42 -0.5847926735877991 0.14153730869293213 -0.7987394332885742
1695 -110 -125 37.744894 37.866474 0.12547220289707184 0.08180131018161774 38 -0.5841211676597595 0.14129218459129333 -0.7992740869522095
1696 -111 -125 37.736008 37.859416 0.12864291667938232 0.14520959556102753 47 -0.5845330953598022 0.14186903834342957 -0.7988705635070801
1697 -109 -125 37.753836 37.866593 0.30120211839675903 0.14431074261665344 39 -0.5834672451019287 0.14105528593063354 -0.7997933626174927
1698 -120 -127 37.633978 37.847815 0.36863255500793457 0.1948571652173996 42 -0.5930545330047607 0.13850753009319305 -0.7931594848632812
1699 -118 -127 37.651649 37.847663 0.27201104164123535 0.2504352629184723 34 -0.5914490818977356 0.13952457904815674 -0.794179379940033
1700 -120 -128 37.634400 37.833429 0.7163096070289612 0.2981848418712616 35 -0.5932601690292358 0.13624714314937592 -0.7933971881866455
1701 -119 -128 37.647466 37.837120 0.7160440683364868 0.2678675055503845 34 -0.592433750629425 0.1357353925704956 -0.7941020727157593
1702 -118 -128 37.656487 37.837293 0.2776188254356384 0.22354666888713837 30 -0.5918080806732178 0.135506734251976 -0.7946075797080994
1703 -119 -128 37.647564 37.830259 -0.11697451025247574 0.3337908387184143 25 -0.5922900438308716 0.1360965073108673 -0.7941475510597229
1704 -118 -128 37.656519 37.830373 0.34299543499946594 0.3495253324508667 26 -0.5916959047317505 0.13587836921215057 -0.7946276068687439
1705 -117 -126 37.664947 37.851480 0.26653850078582764 0.15617962181568146 31 -0.5893594026565552 0.14407263696193695 -0.7949205636978149
1706 -116 -126 37.674255 37.851841 0.3097863495349884 0.16093116998672485 28 -0.5887265801429749 0.14382220804691315 -0.7954345941543579
1707 -117 -127 37.665719 37.844280 -0.04655873775482178 0.28786423802375793 31 -0.5907100439071655 0.13763725757598877 -0.7950582504272461
1708 -116 -127 37.674268 37.844832 0.2725358009338379 0.17873956263065338 38 -0.5895847678184509 0.13962651789188385 -0.7955465912818909
1709 -115 -126 37.683242 37.851806 0.32643869519233704 0.20048104226589203 39 -0.5881607532501221 0.1436140090227127 -0.795890748500824
1710 -115 -126 37.691753 37.851677 0.7381932735443115 0.26311975717544556 33 -0.5875929594039917 0.1434151977300644 -0.7963458299636841
1711 -115 -127 37.682596 37.845033 0.7006181478500366 0.14084641635417938 35 -0.5885991454124451 0.14135344326496124 -0.7959712743759155
1712 -115 -127 37.691668 37.844747 1.1150113344192505 0.18567177653312683 30 -0.5876590609550476 0.14235326647758484 -0.79648756980896
1713 -117 -128 37.665453 37.837410 -0.23735304176807404 0.35537996888160706 33 -0.5911900401115417 0.13528354465961456 -0.795105516910553
1714 -116 -128 37.673987 37.838029 0.49113741517066956 0.3808884620666504 31 -0.5905950665473938 0.135040745139122 -0.7955887317657471
1715 -117 -128 37.665044 37.830806 0.49109402298927307 0.30014568567276 32 -0.5911136269569397 0.13564856350421906 -0.7951001524925232
1716 -115 -128 37.683258 37.837502 0.5529056191444397 0.3066500723361969 33 -0.589881181716919 0.13483010232448578 -0.7961539626121521
1717 -120 -129 37.630066 37.822971 0.4124458134174347 0.3953994810581207 34 -0.593309760093689 0.13689860701560974 -0.7932479381561279
1718 -119 -129 37.639210 37.823413 0.6010084748268127 0.34831124544143677 35 -0.5926538109779358 0.13664491474628448 -0.7937818765640259
1719 -120 -130 37.630234 37.815904 0.9824888706207275 0.13739287853240967 25 -0.5931374430656433 0.13726463913917542 -0.7933136224746704
1720 -119 -130 37.639378 37.816108 0.6928899884223938 0.22705619037151337 32 -0.5924707055091858 0.13702256977558136 -0.7938535213470459
1721 -119 -129 37.647994 37.823302 0.15648230910301208 0.22663593292236328 35 -0.5920643210411072 0.1364419311285019 -0.7942565679550171
1722 -118 -129 37.656615 37.823287 0.8846502900123596 0.1930120885372162 34 -0.5914939045906067 0.13623906672000885 -0.7947162985801697
1723 -120 -131 37.630374 37.808957 0.9857816696166992 0.17251592874526978 29 -0.5929181575775146 0.1376136839389801 -0.7934170365333557
1724 -115 -132 37.683729 37.802749 0.368912011384964 0.2608013153076172 37 -0.5889146327972412 0.13659974932670593 -0.7965677380561829
1725 -115 -132 37.692494 37.802629 0.5877649784088135 0.3412672281265259 39 -0.5883102416992188 0.13639305531978607 -0.7970495820045471
1726 -192 -204 36.828524 37.138575 3.02972674369812 0.3892558217048645 41 -0.636436939239502 0.1529754251241684 -0.7560070157051086
1727 -186 -204 36.900032 37.139795 3.1634304523468018 1.6580190658569336 31 -0.6320043802261353 0.15131691098213196 -0.7600484490394592
1728 -184 -257 36.934220 36.659684 3.1254141330718994 2.0405564308166504 32 -0.6233590841293335 0.14628411829471588 -0.7681304812431335
1729 -101 -125 37.842530 37.860436 -0.14422482252120972 0.20138660073280334 35 -0.578528106212616 0.132462278008461 -0.80483478307724
1730 -101 -125 37.851099 37.860639 0.9605656266212463 0.3636723756790161 36 -0.5780127644538879 0.13224837183952332 -0.8052401542663574
1731 -100 -125 37.860435 37.867834 0.838263988494873 0.3407106399536133 37 -0.5776458978652954 0.13160374760627747 -0.805608868598938
1732  -99 -125 37.869652 37.867866 0.6975634694099426 0.2867298722267151 48 -0.5770056247711182 0.13136650621891022 -0.8061063289642334
1733 -100 -125 37.860158 37.860918 1.1760454177856445 0.1428389698266983 47 -0.5773646235466003 0.13199493288993835 -0.8057465553283691
1734  -99 -125 37.869316 37.860684 0.7678791284561157 0.24941059947013855 46 -0.5766556262969971 0.1317601352930069 -0.8062925338745117
1735  -97 -124 37.886251 37.875111 -1.0137709379196167 0.6357042193412781 42 -0.574554443359375 0.1376730501651764 -0.806804358959198
1736  -96 -123 37.904014 37.881800 -1.1516135931015015 1.151723027229309 44 -0.5727262496948242 0.14048758149147034 -0.8076186776161194
1737  -97 -124 37.894687 37.875369 -1.3611637353897095 0.4713383913040161 44 -0.5733972191810608 0.1399882584810257 -0.8072291612625122
1738  -96 -124 37.904668 37.874444 0.10468446463346481 1.1559349298477173 39 -0.5724813342094421 0.14090341329574585 -0.807719886302948
1739  -98 -125 37.877791 37.867920 -0.30892154574394226 0.48756569623947144 45 -0.5765014886856079 0.13116887211799622 -0.8064990639686584
1740  -97 -125 37.886597 37.867768 0.09139260649681091 0.378365159034729 43 -0.57594233751297 0.13096611201763153 -0.8069314360618591
1741  -98 -125 37.878071 37.860536 0.4874589145183563 0.3147125840187073 44 -0.5760995149612427 0.13155712187290192 -0.8067230582237244
1742  -21  -93 38.756064 38.154550 -0.680579423904419 0.1857226938009262 45 -0.5089350342750549 0.12198522686958313 -0.8521178364753723
1743  -22  -94 38.746511 38.147657 -1.2050172090530396 0.263376921415329 25 -0.5095319151878357 0.12262750416994095 -0.8516687750816345
1744  -21  -94 38.756051 38.147317 -1.0111445188522339 0.3405976891517639 40 -0.5086800456047058 0.12235754728317261 -0.8522167205810547
1745  -18  -72 38.788887 38.345147 -2.7749359607696533 1.1454192399978638 24 -0.5107621550559998 0.12115563452243805 -0.8511423468589783
1746  -13  -71 38.850411 38.353663 -3.4772160053253174 1.125637412071228 44 -0.5055841207504272 0.11887119710445404 -0.8545491695404053
1747  -10  -71 38.884917 38.355171 -3.846652030944824 1.1211990118026733 36 -0.5024468898773193 0.11773744225502014 -0.8565541505813599
1748  -13  -74 38.849275 38.328066 -2.262683629989624 1.2183982133865356 26 -0.5049299597740173 0.12024954706430435 -0.8547431826591492
1749  -10  -74 38.883731 38.327939 -2.2440342903137207 0.8493305444717407 30 -0.5018550157546997 0.11921846866607666 -0.8566963076591492
1750  -19  -77 38.780364 38.299523 -2.304511070251465 0.6230223178863525 29 -0.5099130272865295 0.12376812100410461 -0.851275622844696
1751  -16  -77 38.814311 38.298396 -2.770608425140381 0.7499904036521912 42 -0.5068592429161072 0.12279318273067474 -0.8532383441925049
1752  -19  -81 38.777469 38.269858 -2.631798028945923 0.7165282964706421 37 -0.5090116262435913 0.12486669421195984 -0.8516545295715332
1753  -17  -80 38.804556 38.278025 -2.5668530464172363 0.4194677770137787 37 -0.5068124532699585 0.12408707290887833 -0.8530788421630859
1754  -15  -80 38.821601 38.277588 -2.9098854064941406 0.2898940145969391 40 -0.5052589178085327 0.12358208745718002 -0.854073166847229
1755  -17  -81 38.804367 38.263534 -1.9370949268341064 0.38428324460983276 33 -0.506291925907135 0.12482765316963196 -0.8532798886299133
1756  -15  -81 38.818545 38.267469 -2.2457292079925537 0.3727220594882965 38 -0.505174458026886 0.12419258803129196 -0.8540345430374146
1757  -15  -81 38.827446 38.267652 -2.7762155532836914 0.2600134611129761 45 -0.5043636560440063 0.12390433251857758 -0.8545554876327515
1758  -15  -82 38.817892 38.260078 -1.5494343042373657 0.11935219913721085 47 -0.5049259066581726 0.12457863241434097 -0.8541253209114075
1759  -15  -82 38.827122 38.260428 -1.8852416276931763 0.21659539639949799 35 -0.5040799379348755 0.12426716089248657 -0.8546701669692993
1760  -13  -76 38.841022 38.306390 -1.8273637294769287 0.5871354341506958 38 -0.5048373937606812 0.12159111350774765 -0.8546079993247986
1761  -12  -77 38.857551 38.305796 -2.157085657119751 0.6735146641731262 46 -0.5033297538757324 0.12111669778823853 -0.8555641174316406
1762  -14  -78 38.839120 38.291179 -2.7392613887786865 0.6334176659584045 39 -0.5043328404426575 0.12239182740449905 -0.854791522026062
1763  -12  -78 38.858522 38.292267 -2.5162620544433594 0.33852285146713257 50 -0.5025891661643982 0.12173248082399368 -0.8559119701385498
1764  -10  -77 38.876438 38.306181 -2.3845772743225098 0.3793063759803772 8 -0.5016164183616638 0.12051445245742798 -0.856654703617096
1765   -9  -76 38.889930 38.309670 -2.453907012939453 0.09399038553237915 37 -0.5005332827568054 0.11992867290973663 -0.8573701977729797
1766   -9  -76 38.897005 38.310466 -2.2002408504486084 0.18255461752414703 47 -0.4999288022518158 0.11967390030622482 -0.8577583432197571
1767   -9  -77 38.886339 38.302162 -2.579930543899536 0.02351832389831543 42 -0.50052410364151 0.12040038406848907 -0.8573093414306641
1768  -11  -78 38.871572 38.295454 -2.0962648391723633 0.1023482009768486 38 -0.5015906691551208 0.12118685245513916 -0.8565749526023865
1769  -10  -78 38.880032 38.295315 -2.0930824279785156 0.13022205233573914 38 -0.5008155703544617 0.12093304842710495 -0.8570641875267029
1770  -11  -79 38.871668 38.288209 -1.8398431539535522 0.10572107881307602 19 -0.501233696937561 0.12152895331382751 -0.8567354083061218
1771  -10  -78 38.880589 38.288425 -1.9113909006118774 0.10620839893817902 14 -0.5004475712776184 0.1212465763092041 -0.8572348356246948
1772   -9  -78 38.886315 38.294692 -2.1340436935424805 0.1837766021490097 39 -0.5002121925354004 0.12076959013938904 -0.8574394583702087
1773   -8  -78 38.900702 38.295195 -2.0501959323883057 0.2143976241350174 44 -0.4988885819911957 0.12029258161783218 -0.8582772612571716
1774   -9  -79 38.887410 38.287750 -1.7689656019210815 0.10083054006099701 39 -0.49981817603111267 0.1210743859410286 -0.8576262593269348
1775  -13  -80 38.840392 38.278002 -2.554208278656006 0.30725833773612976 38 -0.5035921335220337 0.12298411130905151 -0.8551431894302368
1776  -12  -79 38.853918 38.281441 -1.846268892288208 0.12349225580692291 41 -0.5025776028633118 0.12241315841674805 -0.8558216691017151
1777  -12  -79 38.862335 38.281508 -1.9426422119140625 0.17701883614063263 45 -0.5018205046653748 0.12215081602334976 -0.856303334236145
1778  -12  -80 38.854095 38.274275 -1.8012763261795044 0.13609382510185242 41 -0.5022183060646057 0.1227492094039917 -0.8559845089912415
1779  -12  -80 38.862050 38.274333 -1.5997741222381592 0.10813635587692261 36 -0.5015271306037903 0.12250740826129913 -0.8564242124557495
1780  -14  -81 38.836242 38.267210 -2.2628934383392334 0.28725308179855347 40 -0.5035502910614014 0.12365294247865677 -0.8550713658332825
1781  -13  -81 38.844901 38.267026 -2.0014243125915527 0.20686675608158112 21 -0.5027346611022949 0.12338781356811523 -0.8555895090103149
1782  -14  -82 38.836179 38.259709 -1.7108303308486938 0.17010749876499176 30 -0.5032193064689636 0.12401823699474335 -0.8552132844924927
1783  -13  -82 38.844920 38.260186 -1.73164963722229 0.2021791785955429 29 -0.5024368762969971 0.1237204298377037 -0.855716347694397
1784  -12  -81 38.853290 38.267263 -1.9223963022232056 0.08189769089221954 173 -0.5019909739494324 0.1231171116232872 -0.8560649752616882
1785  -11  -79 38.871570 38.281202 -1.716935157775879 0.14570403099060059 36 -0.5009496808052063 0.1218760535120964 -0.8568522334098816
1786  -10  -79 38.880637 38.281495 -1.7865761518478394 0.1180991604924202 33 -0.5001432299613953 0.12158225476741791 -0.8573648929595947
1787  -11  -80 38.871853 38.274450 -1.7208517789840698 0.23218853771686554 36 -0.500629186630249 0.12219468504190445 -0.8569941520690918
1788   -7  -71 38.912663 38.355488 -3.5122945308685303 0.7271727323532104 31 -0.5000227093696594 0.11690283566713333 -0.8580856919288635
1789   -8  -73 38.906517 38.336942 -2.3108015060424805 0.24932128190994263 6 -0.5001338124275208 0.11807636171579361 -0.857860267162323
1790   -8  -75 38.905261 38.319520 -1.930840015411377 0.17709648609161377 108 -0.4995764493942261 0.11898248642683029 -0.858059823513031
1791  -52 -125 38.402099 37.868258 1.3008257150650024 0.6215949058532715 1691 -0.5332008600234985 0.1271819919347763 -0.8363741040229797
1792  -65 -138 38.262242 37.751061 2.9079208374023438 3.366973638534546 1108 -0.5427805781364441 0.12722210586071014 -0.8301829695701599
1793  -52 -139 38.400088 37.742647 2.9426791667938232 2.467674970626831 916 -0.5313228368759155 0.12409936636686325 -0.8380306959152222
1794  -59  169 38.295326 40.525821 8.434988975524902 1.006828784942627 2394 -0.5888364315032959 0.14292050898075104 -0.7955158352851868
1795  -92  152 37.914932 40.364468 7.197986125946045 0.9197962284088135 2336 -0.6125929951667786 0.14701277017593384 -0.7766061425209045
1796  -87  152 37.966138 40.365582 8.008146286010742 0.7533265352249146 1630 -0.6090573668479919 0.14727061986923218 -0.7793333530426025
1797  -78  151 38.070144 40.361963 8.26944637298584 0.9422311782836914 1117 -0.6017305850982666 0.1460777223110199 -0.7852270603179932
1798  -74  151 38.125217 40.362638 8.609569549560547 0.8625572323799133 7471 -0.5978200435638428 0.14588047564029694 -0.7882449626922607
1799  -80  144 38.057191 40.301714 6.088262557983398 2.5627877712249756 2055 -0.6022141575813293 0.14341530203819275 -0.7853471636772156
1800 -200 -201 36.737760 37.163051 2.088235855102539 1.4883379936218262 769 -0.6426449418067932 0.15379184484481812 -0.7505701780319214
1801 -199 -201 36.750691 37.162121 4.864522457122803 4.194528579711914 2905 -0.6418227553367615 0.1535448133945465 -0.7513238787651062
1802 -199 -204 36.755869 37.140293 1.761590600013733 3.9553794860839844 11417 -0.640903651714325 0.15461361408233643 -0.7518890500068665
1803 -197 -202 36.776979 37.152710 3.804608106613159 2.5040838718414307 10438 -0.6399428248405457 0.1534513533115387 -0.752944827079773
1804 -199 -204 36.753590 37.132227 6.776546955108643 1.662007451057434 2872 -0.6408272981643677 0.15510588884353638 -0.7518527507781982
1805 -201 -188 36.728551 37.284233 2.039278030395508 0.3539552092552185 2579 -0.6467424035072327 0.14744558930397034 -0.7483208179473877
1806 -200 -187 36.741125 37.288325 1.862089991569519 0.33081361651420593 2725 -0.6457151770591736 0.1483338177204132 -0.7490320801734924
1807 -199 -187 36.749790 37.289160 2.437438488006592 0.21241316199302673 597 -0.6445608735084534 0.15091687440872192 -0.7495101094245911
1808 -200 -188 36.740991 37.281716 2.3607397079467773 0.2887435555458069 642 -0.6459640860557556 0.14729896187782288 -0.7490216493606567
1809 -199 -188 36.750440 37.281819 2.59329891204834 0.1344679892063141 753 -0.6453170776367188 0.14706529676914215 -0.749625027179718
1810 -198 -186 36.758684 37.303070 1.782017469406128 0.09373129904270172 185 -0.6428769826889038 0.15572397410869598 -0.7499728202819824
1811 -197 -186 36.767370 37.303089 1.615630865097046 0.3272273540496826 194 -0.6423683762550354 0.1555284708738327 -0.7504490613937378
1812 -198 -186 36.758557 37.295629 2.0419883728027344 0.15849265456199646 169 -0.6427029967308044 0.15613839030265808 -0.7500357627868652
1813 -197 -186 36.767317 37.296179 2.258308172225952 0.07189489901065826 47 -0.6421120762825012 0.15588904917240143 -0.7505936026573181
1814 -197 -185 36.775592 37.303668 2.0794551372528076 0.4156588315963745 1476 -0.641893744468689 0.15531104803085327 -0.7509000897407532
1815 -196 -186 36.784144 37.303283 2.43426513671875 0.1638573706150055 1178 -0.6413298845291138 0.1551283597946167 -0.7514194846153259
1816 -197 -186 36.776352 37.296430 2.3355445861816406 0.05257808417081833 10086 -0.6415489315986633 0.15566299855709076 -0.7511218786239624
1817 -198 -187 36.758213 37.288466 2.4206430912017822 0.14210300147533417 2404 -0.643833577632904 0.15118639171123505 -0.7500807046890259
1818 -197 -187 36.767642 37.288849 2.148865222930908 0.17898905277252197 2772 -0.6426270604133606 0.15333843231201172 -0.7506782412528992
1819 -198 -188 36.759553 37.281600 2.1581320762634277 0.1628021001815796 9003 -0.644650936126709 0.1468496024608612 -0.7502402663230896
1820 -197 -188 36.767618 37.282667 2.123231887817383 0.23562803864479065 11893 -0.6441786289215088 0.1466081142425537 -0.7506930232048035
1821 -165  197 37.042495 40.760512 10.417028427124023 1.2054643630981445 11854 -0.6703981161117554 0.16032366454601288 -0.7244740724563599
1822 -152  197 37.196187 40.764864 9.812071800231934 1.6463278532028198 10683 -0.6615497469902039 0.15962886810302734 -0.7327145338058472
1823 -164  186 37.049264 40.660487 9.781968116760254 0.8535823225975037 478 -0.668117105960846 0.16301080584526062 -0.7259800434112549
1824 -106  214 37.740181 40.922522 10.195520401000977 1.5506517887115479 2515 -0.6308342814445496 0.15230488777160645 -0.7608228325843811
1825  -14 -102 38.836066 38.073353 1.2686083316802979 0.3452450931072235 2317 -0.5010087490081787 0.11744134873151779 -0.8574367165565491
1826  -18 -113 38.790549 37.978696 1.7423079013824463 0.9456489086151123 275 -0.5024210810661316 0.12020228803157806 -0.8562268614768982
1827  -31  -90 38.635505 38.185930 -1.183883786201477 0.5382977724075317 7902 -0.5202674865722656 0.12388253211975098 -0.8449703454971313
1828  -29  -89 38.662085 38.193037 -1.4018901586532593 0.6886828541755676 2286 -0.5181778073310852 0.12271405011415482 -0.8464237451553345
1829  -28  -89 38.680144 38.193280 -2.278728723526001 0.4804929792881012 1934 -0.5165828466415405 0.12215833365917206 -0.8474783301353455
1830  -29  -91 38.662120 38.178877 -1.3534164428710938 0.1711774468421936 2282 -0.5177014470100403 0.12345894426107407 -0.8466068506240845
1831  -27  -91 38.680553 38.178753 -1.901146650314331 0.2736142575740814 726 -0.5160662531852722 0.12291072309017181 -0.8476842641830444
1832  -32  -92 38.626636 38.164630 -1.138129472732544 0.37977662682533264 338 -0.5202834606170654 0.12526367604732513 -0.8447569012641907
1833  -31  -92 38.639602 38.168353 -0.9677696824073792 0.21720755100250244 639 -0.5193279385566711 0.1246904581785202 -0.8454293608665466
1834  -30  -92 38.648631 38.168122 -1.0042507648468018 0.31776928901672363 778 -0.5185114741325378 0.12442732602357864 -0.8459690809249878
1835  -31  -93 38.640066 38.161232 -0.6713297367095947 0.224807471036911 453 -0.5189984440803528 0.12504053115844727 -0.845579981803894
1836  -30  -93 38.649202 38.161398 -1.0505497455596924 0.3824976086616516 210 -0.5182099342346191 0.12475844472646713 -0.8461050391197205
1837  -33  -93 38.622345 38.154083 -1.7718617916107178 0.32745447754859924 622 -0.5202019214630127 0.12592573463916779 -0.8447086811065674
1838  -32  -93 38.630581 38.154343 -1.8409945964813232 0.5185732841491699 32 -0.519522488117218 0.125670924782753 -0.8451646566390991
1839  -33  -94 38.621867 38.146800 -1.776810884475708 0.37123292684555054 169 -0.5200142860412598 0.12632903456687927 -0.844763994216919
1840  -32  -94 38.631981 38.147599 -2.3496320247650146 0.31296440958976746 66 -0.5191137790679932 0.12597039341926575 -0.8453711271286011
1841  -31  -93 38.640001 38.154242 -0.9056288599967957 0.29310041666030884 50 -0.5187290906906128 0.12540116906166077 -0.8456918001174927
1842  -30  -93 38.648826 38.154170 -1.0414211750030518 0.15219655632972717 55 -0.5179774761199951 0.1251448541879654 -0.846190333366394
1843  -30  -92 38.657586 38.168092 -1.2652121782302856 0.21320681273937225 57 -0.517728328704834 0.12416071444749832 -0.8464877605438232
1844  -29  -92 38.666745 38.168395 -1.2651104927062988 0.13914334774017334 57 -0.5169281363487244 0.12386779487133026 -0.8470195531845093
1845  -30  -93 38.657581 38.161158 -1.2922090291976929 0.25690317153930664 35 -0.5174822211265564 0.12452223151922226 -0.8465851545333862
1846  -29  -93 38.666938 38.161554 -1.1398085355758667 0.0982060581445694 309 -0.5166683197021484 0.12421862781047821 -0.8471267223358154
1847  -28  -92 38.675351 38.168526 -1.4558449983596802 0.25976133346557617 350 -0.5161709785461426 0.12360135465860367 -0.8475200533866882
1848  -27  -92 38.684200 38.168345 -1.8479083776474 0.2948892414569855 90 -0.5153646469116211 0.12333997339010239 -0.8480486869812012
1849  -28  -93 38.676059 38.160899 -1.2158485651016235 0.09402503073215485 488 -0.515819787979126 0.12397241592407227 -0.8476796746253967
1850  -27  -93 38.684948 38.161608 -1.4249111413955688 0.1451396346092224 80 -0.5150436758995056 0.12366319447755814 -0.8481966257095337
1851  -29  -93 38.657888 38.154303 -1.0660563707351685 0.09831542521715164 7 -0.517180860042572 0.12486296892166138 -0.8467191457748413
1852  -29  -93 38.666711 38.154199 -0.9608767032623291 0.13484790921211243 173 -0.5163815021514893 0.12459716945886612 -0.847245991230011
1853  -26  -89 38.693570 38.196414 -2.2984461784362793 0.27488502860069275 45 -0.5155461430549622 0.1216026097536087 -0.8481892943382263
1854  -26  -89 38.702375 38.196759 -2.205687999725342 0.2901851236820221 137 -0.5148076415061951 0.12132803350687027 -0.8486769795417786
1855  -26  -89 38.693899 38.189563 -2.905441999435425 0.1698506474494934 181 -0.5152503848075867 0.1219431683421135 -0.8483200669288635
1856  -26  -89 38.702035 38.189456 -2.778853416442871 0.17027698457241058 126 -0.514585554599762 0.12171893566846848 -0.8487557172775269
1857  -25  -89 38.711145 38.196542 -2.334861993789673 0.12603285908699036 50 -0.5140510201454163 0.12108319252729416 -0.849170446395874
1858  -24  -89 38.720819 38.196750 -2.0438477993011475 0.19386650621891022 37 -0.5132218599319458 0.12078800797462463 -0.8497138023376465
1859  -25  -89 38.711184 38.189687 -2.4250400066375732 0.17164017260074615 51 -0.5138014554977417 0.12143713980913162 -0.8492709398269653
1860  -24  -89 38.720250 38.189515 -2.135345220565796 0.13176500797271729 42 -0.5129991173744202 0.12117613106966019 -0.8497930765151978
1861  -26  -90 38.693322 38.182381 -2.593964099884033 0.17233777046203613 39 -0.5150513648986816 0.12233512103557587 -0.8483844995498657
1862  -26  -90 38.702727 38.182629 -2.417339324951172 0.19381186366081238 7 -0.5142548680305481 0.1220460757613182 -0.8489091396331787
1863  -26  -91 38.693499 38.175237 -2.0045766830444336 0.13825273513793945 38 -0.5148123502731323 0.12270795553922653 -0.8484757542610168
1864  -26  -91 38.702195 38.175752 -2.2997751235961914 0.13382431864738464 21 -0.5140610933303833 0.12241945415735245 -0.848972737789154
1865  -25  -90 38.711591 38.182600 -2.1691367626190186 0.17952720820903778 10 -0.5135100483894348 0.12179093807935715 -0.8493965268135071
1866  -23  -89 38.729131 38.196572 -1.4815353155136108 0.14428870379924774 2 -0.5125183463096619 0.12055814266204834 -0.8501710295677185
1867  -22  -89 38.737702 38.197073 -1.5211621522903442 0.15407122671604156 2 -0.5117779970169067 0.12027671933174133 -0.8506567478179932
1868  -51 -101 38.408730 38.082435 -0.04032806679606438 0.18886761367321014 76 -0.5377034544944763 0.12571273744106293 -0.8337093591690063
1869  -51 -101 38.418165 38.082732 -0.2075592428445816 0.3334742784500122 113 -0.5369871258735657 0.12543869018554688 -0.8342121839523315
1870  -51 -102 38.410097 38.075679 -0.30208131670951843 0.28731000423431396 48 -0.5373515486717224 0.1260383576154709 -0.8338871002197266
1871  -51 -102 38.417381 38.075710 -0.7736735343933105 0.2054983526468277 46 -0.5368183255195618 0.12584365904331207 -0.8342598080635071
1872  -50 -101 38.426300 38.082556 -0.5195263624191284 0.4404906630516052 48 -0.5364283323287964 0.12524281442165375 -0.834601104259491
1873  -49 -101 38.434720 38.081893 -0.445004940032959 0.21634499728679657 47 -0.535719633102417 0.12504249811172485 -0.8350861668586731
1874  -50 -102 38.427005 38.075920 -0.8600143790245056 0.2386879026889801 188 -0.5360630750656128 0.12556396424770355 -0.8347874879837036
1875  -49 -102 38.434403 38.075716 -0.7208548784255981 0.1009553000330925 191 -0.5355044603347778 0.12537753582000732 -0.8351739645004272
1876  -51 -103 38.408541 38.069207 -0.546477198600769 0.364637553691864 191 -0.5372711420059204 0.1264374852180481 -0.8338784575462341
1877  -51 -103 38.418022 38.068526 -0.6660648584365845 0.11715198308229446 616 -0.5364402532577515 0.12619581818580627 -0.834449827671051
1878 -231 -251 36.411116 36.704792 3.110170364379883 0.327865332365036 1830 -0.6583412885665894 0.1525263637304306 -0.7371041178703308
1879 -231 -252 36.412649 36.699952 2.8787841796875 0.07604999095201492 720 -0.6580314040184021 0.15277226269245148 -0.73732990026474
1880 -232 -253 36.393880 36.687666 2.9107213020324707 0.3210419714450836 703 -0.6589457392692566 0.15400539338588715 -0.7362560033798218
1881 -231 -254 36.412943 36.683023 1.8280268907546997 0.12599565088748932 466 -0.657417893409729 0.15378597378730774 -0.7376663088798523
1882 -233 -254 36.392618 36.676922 2.6359705924987793 0.3634244501590729 709 -0.6586988568305969 0.1546969711780548 -0.7363319396972656
1883 -232 -254 36.397969 36.676814 2.588296890258789 0.3314388394355774 2825 -0.6583310961723328 0.15456876158714294 -0.7366876006126404
1884 -232 -255 36.394245 36.672075 2.6918606758117676 0.2602936029434204 40465 -0.6583657264709473 0.1549331247806549 -0.7365801334381104
1885 -231 -254 36.410236 36.675351 2.2071971893310547 0.09491109102964401 39005 -0.6574831604957581 0.15435463190078735 -0.7374893426895142
1886 -232 -256 36.400738 36.662308 2.642305612564087 0.2751205563545227 5979 -0.6576356291770935 0.15537486970424652 -0.7371391654014587
1887 -232 -257 36.402313 36.653729 3.0478410720825195 0.05413329601287842 7579 -0.6571912169456482 0.155843123793602 -0.7374364733695984
1888 -242 -260 36.285410 36.620519 2.8371620178222656 1.1952699422836304 2580 -0.6641557216644287 0.1572388857603073 -0.7308714985847473
1889 -238 -259 36.337175 36.634950 2.7864646911621094 0.9166635274887085 3216 -0.6607752442359924 0.1585930436849594 -0.7336377501487732
1890 -235 -258 36.364068 36.644801 2.8804235458374023 0.7156046032905579 136 -0.6595615148544312 0.15737588703632355 -0.7349908351898193
1891 -234 -257 36.373517 36.646649 3.2479476928710938 0.6110565662384033 183 -0.6590831875801086 0.15704813599586487 -0.7354897856712341
1892 -234 -258 36.374886 36.641131 2.8316149711608887 0.3937467336654663 206 -0.6587172746658325 0.15732626616954803 -0.7357581853866577
1893 -236 -259 36.360941 36.629272 2.48400616645813 0.5911585092544556 183 -0.6592680811882019 0.15840429067611694 -0.7350330352783203
1894 -234 -260 36.373938 36.627094 3.3956916332244873 0.12428545951843262 200 -0.658275306224823 0.15819589793682098 -0.735967218875885
1895 -233 -260 36.387727 36.625276 2.3835291862487793 0.1377173811197281 174 -0.6571970582008362 0.15793462097644806 -0.7369862794876099
1896 -238 -261 36.329159 36.614704 3.5930604934692383 0.3726256489753723 180 -0.6607251763343811 0.1600518822669983 -0.7333660125732422
1897 -237 -261 36.346550 36.615261 2.042970895767212 0.3663614094257355 47 -0.659669816493988 0.15959873795509338 -0.7344140410423279
1898 -238 -262 36.329486 36.601532 3.3028411865234375 0.6149716973304749 51 -0.6623477935791016 0.15212208032608032 -0.7335900664329529
1899 -237 -262 36.346418 36.601316 2.034170150756836 0.31994327902793884 42 -0.6608880162239075 0.1535591185092926 -0.7346065044403076
1900 -236 -260 36.358190 36.619753 1.7880595922470093 0.4358171820640564 42 -0.6591565012931824 0.15905879437923431 -0.7349919080734253
1901 -235 -260 36.365592 36.620846 3.303846597671509 0.3543678820133209 201 -0.6586729884147644 0.1587977558374405 -0.7354816198348999
1902 -236 -261 36.356979 36.612056 2.701683282852173 0.4672614634037018 43 -0.6589846014976501 0.15955862402915955 -0.7350376844406128
1903 -234 -261 36.376090 36.618858 3.450782060623169 0.4526296555995941 48 -0.6577963829040527 0.15862856805324554 -0.7363021373748779
1904 -236 -262 36.361361 36.604906 2.7247421741485596 0.25112247467041016 33 -0.6583417057991028 0.159854456782341 -0.7355493903160095
1905 -236 -263 36.357616 36.599662 2.2459230422973633 0.14477446675300598 39 -0.6611475944519043 0.14898303151130676 -0.7353149056434631
1906 -244 -265 36.267649 36.577986 2.6289260387420654 1.1498898267745972 53 -0.6659731864929199 0.15242885053157806 -0.7302364110946655
1907 -241 -265 36.305289 36.579454 3.2667734622955322 0.6910403370857239 51 -0.6637750864028931 0.15146659314632416 -0.7324346303939819
1908 -244 -268 36.265909 36.552025 2.8956985473632812 1.24884831905365 47 -0.665440022945404 0.1541123241186142 -0.7303690910339355
1909 -240 -267 36.309701 36.559377 2.666369676589966 0.514845073223114 45 -0.6628457903862 0.15259289741516113 -0.7330421805381775
1910 -239 -264 36.328900 36.586401 3.26963210105896 0.3831222355365753 31 -0.66254061460495 0.15048302710056305 -0.7337539792060852
1911 -237 -264 36.343975 36.589884 2.0171923637390137 0.4823906123638153 34 -0.6616399884223938 0.14989517629146576 -0.7346862554550171
1912 -239 -265 36.328385 36.573723 2.9145312309265137 0.3446930944919586 35 -0.6621983051300049 0.15128082036972046 -0.7338988184928894
1913 -237 -265 36.341700 36.577681 2.7511398792266846 0.2835724651813507 33 -0.6613726615905762 0.15069489181041718 -0.7347634434700012
1914 -237 -266 36.342712 36.567699 2.7028276920318604 0.1792541891336441 41 -0.6610924601554871 0.1513063609600067 -0.7348899245262146
1915 -238 -267 36.331007 36.559413 2.3632330894470215 0.37752673029899597 10765 -0.6616290807723999 0.15210865437984467 -0.7342410683631897
1916 -237 -267 36.343574 36.562449 2.7883920669555664 0.15775303542613983 49 -0.6609095335006714 0.15161588788032532 -0.734990656375885
1917 -237 -267 36.352188 36.562135 2.538365364074707 0.15279117226600647 51 -0.6603153347969055 0.15141955018043518 -0.7355649471282959
1918 -237 -268 36.343461 36.555382 2.781662702560425 0.2068144530057907 50 -0.6606882214546204 0.15205083787441254 -0.735099732875824
1919 -237 -267 36.352091 36.556271 2.9107437133789062 0.35289984941482544 44 -0.6601353883743286 0.15178124606609344 -0.735651969909668
1920 -238 -268 36.337526 36.549347 2.9496121406555176 0.2776397168636322 47 -0.6608460545539856 0.15255852043628693 -0.7348527312278748
1921 -237 -268 36.342806 36.549417 2.8926243782043457 0.21754197776317596 41 -0.6605128049850464 0.152426615357399 -0.7351795434951782
1922 -232 -258 36.395567 36.642458 2.477001667022705 0.01928102970123291 41 -0.6573000550270081 0.15670658648014069 -0.7371565699577332
1923  -45  -96 38.486123 38.127031 -0.13453835248947144 0.768833577632904 41 -0.5330976247787476 0.12178390473127365 -0.837242841720581
1924  -43  -97 38.504455 38.123508 0.03567744791507721 0.4652118384838104 45 -0.5308956503868103 0.12335014343261719 -0.8384118676185608
1925  -42  -95 38.520448 38.136437 -1.893332600593567 0.551297128200531 42 -0.5279989838600159 0.12982499599456787 -0.8392630815505981
1926  -40  -95 38.537368 38.136899 -2.0905115604400635 0.8125621676445007 42 -0.5266730189323425 0.12931977212429047 -0.8401737809181213
1927  -42  -97 38.519803 38.122657 -0.4158954322338104 0.6041596531867981 44 -0.5291916131973267 0.12430429458618164 -0.839347779750824
1928  -40  -96 38.533484 38.125525 -1.6785545349121094 0.5737044215202332 53 -0.5267609357833862 0.12977947294712067 -0.8400477170944214
1929  -40  -96 38.542161 38.125615 -0.3605581820011139 0.42369702458381653 36 -0.5260288715362549 0.12981535494327545 -0.8405008316040039
1930  -40  -97 38.533566 38.119070 -1.44582998752594 0.436372846364975 28 -0.5287231802940369 0.12076951563358307 -0.8401586413383484
1931  -40  -97 38.542341 38.118799 -0.17051099240779877 0.5108922719955444 41 -0.5276499390602112 0.12239532172679901 -0.8405980467796326
1932  -45  -99 38.480866 38.103451 -0.43186601996421814 0.9124183058738708 38 -0.5329877138137817 0.1226419061422348 -0.837187647819519
1933  -44 -100 38.489816 38.096894 -1.1545696258544922 0.7585170865058899 44 -0.5319399237632751 0.12272315472364426 -0.8378418684005737
1934  -45 -100 38.480089 38.089399 0.4197811484336853 0.4810147285461426 36 -0.5324249863624573 0.12338951975107193 -0.837435781955719
1935  -44 -100 38.488187 38.089773 -0.29488813877105713 0.5502430200576782 35 -0.5317203998565674 0.12312827259302139 -0.8379217386245728
1936 -189 -173 36.860983 37.417546 2.539651393890381 0.151788130402565 42 -0.6395858526229858 0.14712592959403992 -0.7545090913772583
1937 -188 -173 36.870124 37.417559 2.6224381923675537 0.06469213962554932 39 -0.6390246748924255 0.14691857993602753 -0.755024790763855
1938 -189 -174 36.861685 37.410345 2.804320812225342 0.26507893204689026 35 -0.6393504738807678 0.1475021094083786 -0.7546350955963135
1939 -188 -174 36.869979 37.410731 2.57009220123291 0.07814346253871918 44 -0.6388336420059204 0.14728944003582 -0.7551141977310181
1940 -187 -173 36.878642 37.417635 2.6330535411834717 0.05801842734217644 34 -0.6384785175323486 0.14671625196933746 -0.755526065826416
1941 -186 -173 36.887690 37.417946 2.5981760025024414 0.12762950360774994 40 -0.6379278302192688 0.1464940905570984 -0.7560341358184814
1942 -187 -174 36.878788 37.410877 2.595993757247925 0.09123903512954712 36 -0.6382850408554077 0.14707979559898376 -0.7556188106536865
1943 -189 -175 36.861722 37.403192 2.407289981842041 0.5480163097381592 44 -0.6391490697860718 0.1478889435529709 -0.7547299861907959
1944 -188 -175 36.870146 37.403636 2.4195709228515625 0.2822697162628174 33 -0.6386308670043945 0.14767113327980042 -0.7552111744880676
1945 -186  164 36.799845 40.456988 0.6480167508125305 1.0817790031433105 48 -0.6799150109291077 0.1628892868757248 -0.7149704694747925
1946 -192  157 36.728071 40.400306 -0.7406328916549683 1.1808035373687744 102 -0.6830806732177734 0.1634613275527954 -0.7118154764175415
1947 -186  158 36.802176 40.403999 0.28238368034362793 0.762785792350769 31 -0.679571270942688 0.16172157227993011 -0.7155620455741882
1948 -180  158 36.875354 40.405832 0.9706595540046692 0.540586531162262 14 -0.6756805777549744 0.16003073751926422 -0.71961510181427
1949 -168  176 37.014705 40.576856 7.839402198791504 1.0698221921920776 22 -0.6701567769050598 0.1578367054462433 -0.725243091583252
1950 -161  176 37.091290 40.575269 8.713687896728516 0.7750734090805054 14 -0.6659719347953796 0.15762874484062195 -0.7291327714920044
1951 -117  133 37.616512 40.193823 0.5313909649848938 0.5567652583122253 28 -0.6294989585876465 0.14949063956737518 -0.762485146522522
1952 -112  132 37.684774 40.188557 0.7196677923202515 0.6308180093765259 19 -0.6251707077026367 0.14823119342327118 -0.7662827372550964
1953 -174  201 36.933785 40.798585 10.627141952514648 0.6558179259300232 44 -0.6758207082748413 0.16531017422676086 -0.7182889580726624
1954 -180  196 36.866107 40.748101 9.908429145812988 0.8218653798103333 43 -0.6800134181976318 0.1614864021539688 -0.7151950597763062
1955 -232 -252 36.394612 36.700918 3.395477533340454 0.4779704213142395 40 -0.659390389919281 0.1531907171010971 -0.7360278367996216
1956  -72 -107 38.178259 38.025202 0.3218076825141907 0.24068184196949005 39 -0.5537691712379456 0.1352868229150772 -0.821606457233429
1957  -71 -107 38.187097 38.025361 -0.16043709218502045 0.224679097533226 45 -0.5530765652656555 0.13502682745456696 -0.8221156597137451
1958  -72 -108 38.177762 38.018164 0.20698282122612 0.20695550739765167 40 -0.5536635518074036 0.13571606576442719 -0.8216068744659424
1959  -71 -108 38.187495 38.018547 0.08114691078662872 0.3354450464248657 29 -0.5528424382209778 0.13540135324001312 -0.822211503982544
1960  -73 -109 38.160214 38.010667 0.8680745363235474 0.23373079299926758 39 -0.5548887848854065 0.13665786385536194 -0.8206235766410828
1961  -72 -109 38.169707 38.011273 0.47739750146865845 0.18626973032951355 37 -0.5540904402732849 0.13633547723293304 -0.8212164640426636
1962  -73 -110 38.160033 38.003432 0.6552627086639404 0.3551536798477173 39 -0.5567256212234497 0.12852905690670013 -0.8206929564476013
1963  -72 -110 38.169670 38.003825 0.301058828830719 0.22528325021266937 40 -0.5552006959915161 0.13110525906085968 -0.8213182091712952
1964  -72 -109 38.176713 38.011231 0.5538158416748047 0.14598523080348969 43 -0.5535669326782227 0.1361454576253891 -0.8216009736061096
1965  -71 -109 38.187237 38.011233 0.6642821431159973 0.13903455436229706 45 -0.5526296496391296 0.13581891357898712 -0.8222856521606445
1966  -72 -110 38.176538 38.004352 0.42470335960388184 0.15518085658550262 42 -0.5541170239448547 0.1332504153251648 -0.8217046856880188
1967  -76 -111 38.125152 37.996689 -1.2213232517242432 0.2561689615249634 42 -0.5594761371612549 0.12784050405025482 -0.8189281821250916
1968  -76 -111 38.133742 37.996540 -0.7079383134841919 0.27836930751800537 45 -0.5588550567626953 0.12762568891048431 -0.8193855881690979
1969  -76 -111 38.125217 37.989727 0.11073336750268936 0.4131893515586853 44 -0.5592515468597412 0.12823382019996643 -0.8190200328826904
1970  -76 -111 38.133959 37.989591 -0.19127334654331207 0.28412771224975586 179 -0.5585623383522034 0.12800174951553345 -0.8195264935493469
1971  -75 -110 38.142477 37.997053 -0.18313613533973694 0.33474650979042053 36 -0.5582277178764343 0.12736639380455017 -0.8198534846305847
1972  -74 -111 38.151800 37.996851 -0.6372637152671814 0.36373597383499146 33 -0.5575059056282043 0.12712614238262177 -0.8203817009925842
1973  -75 -111 38.142054 37.989600 0.21616382896900177 0.3308302164077759 35 -0.5579425096511841 0.12778224050998688 -0.8199828863143921
1974  -76 -112 38.125217 37.982481 0.4981035888195038 0.33986133337020874 30 -0.5590006113052368 0.12863965332508087 -0.8191277384757996
1975  -73 -111 38.160048 37.996604 -0.003684363095089793 0.3015868067741394 243 -0.5568827986717224 0.12692077457904816 -0.82083660364151
1976  -83 -114 38.054110 37.968257 0.7498401999473572 0.19225668907165527 41 -0.5639458894729614 0.13137024641036987 -0.8152956366539001
1977  -82 -114 38.063270 37.967847 1.0907446146011353 0.27793148159980774 19 -0.5632400512695312 0.1311459243297577 -0.8158194422721863
1978  -83 -114 38.054179 37.960804 0.38474059104919434 0.30824750661849976 45 -0.5637390613555908 0.131801575422287 -0.8153690695762634
1979  -82 -114 38.063242 37.960894 0.7178717851638794 0.387811541557312 29 -0.5630655884742737 0.13155297935009003 -0.8158743381500244
1980  -81 -114 38.072359 37.968058 0.6038758754730225 0.37028658390045166 39 -0.5625562071800232 0.13088728487491608 -0.8163326978683472
1981  -80 -114 38.080780 37.968208 0.0880470797419548 0.21357840299606323 35 -0.561936616897583 0.13065417110919952 -0.8167966604232788
1982  -77 -116 38.116007 37.947435 0.6776300072669983 0.3803490400314331 35 -0.5588526129722595 0.1309341937303543 -0.8188650608062744
1983  -81 -118 38.072820 37.933059 0.7803300023078918 0.22441762685775757 41 -0.5614517331123352 0.1328747421503067 -0.8167718648910522
1984  -80 -118 38.081437 37.932800 0.7084595561027527 0.19098171591758728 47 -0.5607882142066956 0.13265381753444672 -0.8172634243965149
1985  -83 -118 38.053986 37.925590 0.3854053318500519 0.32837358117103577 57 -0.5627869963645935 0.1338488906621933 -0.8156931400299072
1986 -192  170 36.725002 40.515894 0.9740463495254517 1.326650857925415 55 -0.6836778521537781 0.16765205562114716 -0.7102657556533813
1987 -182 -174 36.936678 37.411940 4.682134628295898 0.7825406193733215 38 -0.6346755623817444 0.14569485187530518 -0.7589203119277954
1988 -182 -175 36.941769 37.397137 6.8932785987854 1.9800913333892822 37 -0.6339516043663025 0.14637808501720428 -0.7593937516212463
1989 -181 -174 36.950484 37.407143 -1.4557749032974243 1.0385377407073975 45 -0.6336730122566223 0.145636186003685 -0.7597687840461731
1990 -180 -175 36.960568 37.403381 1.9621849060058594 0.3934670090675354 40 -0.6329325437545776 0.14560751616954803 -0.7603912949562073
1991 -181 -175 36.950090 37.397063 3.896859645843506 2.7971980571746826 44 -0.6334238648414612 0.1461898386478424 -0.7598702907562256
1992 -180 -175 36.958585 37.398060 3.27004075050354 1.0823508501052856 42 -0.6329122185707092 0.145940363407135 -0.760344386100769
1993 -179 -173 36.970055 37.420436 2.274085760116577 1.8786306381225586 34 -0.6327973008155823 0.14446865022182465 -0.7607210278511047
1994 -179 -173 36.975548 37.419592 3.3146350383758545 0.7759197950363159 34 -0.632429838180542 0.1443890631198883 -0.7610416412353516
1995 -179 -174 36.970074 37.411901 3.380200147628784 1.0015171766281128 37 -0.6325617432594299 0.14492809772491455 -0.760829508304596
1996 -179 -174 36.975603 37.412902 4.167571067810059 1.139445424079895 209 -0.6322392225265503 0.14474794268608093 -0.7611318230628967
1997 -178 -173 36.986769 37.418226 4.01460599899292 1.0884947776794434 54 -0.6316781640052795 0.14420457184314728 -0.7617005705833435
1998 -179 -175 36.971847 37.401449 2.6018500328063965 1.2928118705749512 29 -0.6321631073951721 0.1454513669013977 -0.761060893535614
1999 -177 -175 36.990142 37.401373 2.4791419506073 1.1308133602142334 51 -0.6309988498687744 0.14503304660320282 -0.7621062397956848
2000 -176 -170 37.010260 37.448339 1.9569768905639648 0.37644726037979126 35 -0.6286986470222473 0.1519576907157898 -0.7626577615737915
2001 -176 -171 37.001512 37.441001 1.6649779081344604 0.5097324848175049 186 -0.6290436387062073 0.15255506336688995 -0.7622539401054382
2002 -176 -171 37.010638 37.441348 1.8514631986618042 0.15928734838962555 50 -0.6284795999526978 0.15232306718826294 -0.7627654671669006
2003 -175 -170 37.019047 37.448389 2.21931529045105 0.47265514731407166 55 -0.6281448602676392 0.15174905955791473 -0.7631555199623108
2004 -174 -170 37.027800 37.448350 1.9278521537780762 0.23578296601772308 45 -0.6275838613510132 0.1515442430973053 -0.7636575698852539
2005 -175 -171 37.019258 37.441405 2.0065219402313232 0.09860146790742874 49 -0.6279362440109253 0.15211769938468933 -0.7632538080215454
2006 -174 -171 37.028291 37.441373 2.1024346351623535 0.09178446978330612 62 -0.6273679733276367 0.15190814435482025 -0.7637626528739929
2007 -176 -172 37.002465 37.433502 -0.0392967090010643 2.612614870071411 46 -0.6287677884101868 0.15293321013450623 -0.7624057531356812
2008 -176 -171 37.010382 37.433974 1.8808351755142212 0.19003228843212128 53 -0.6282821297645569 0.15272188186645508 -0.7628483772277832
2009 -176 -172 37.002402 37.427016 2.1603035926818848 1.0744261741638184 50 -0.6294006109237671 0.14987625181674957 -0.7624906301498413
2010 -176 -172 37.010799 37.427261 2.0213229656219482 0.24067093431949615 36 -0.6284223198890686 0.1515863537788391 -0.7629593014717102
2011 -174 -172 37.023806 37.430839 2.0297951698303223 0.13442806899547577 38 -0.6273572444915771 0.1525421440601349 -0.7636450529098511
2012 -173 -170 37.036759 37.448612 1.9824050664901733 0.18848608434200287 40 -0.6270219087600708 0.15131957828998566 -0.7641635537147522
2013 -172 -170 37.045467 37.448767 2.2010858058929443 0.13949105143547058 44 -0.6264803409576416 0.15110833942890167 -0.7646493911743164
2014 -173 -171 37.036901 37.441876 2.262338161468506 0.07564223557710648 35 -0.6268375515937805 0.15167950093746185 -0.7642434239387512
2015 -172 -171 37.045584 37.441627 2.193269729614258 0.10368096083402634 31 -0.6262843012809753 0.15148961544036865 -0.7647345662117004
2016 -171 -170 37.058690 37.445429 2.503734827041626 0.28740358352661133 35 -0.6255527138710022 0.15097713470458984 -0.7654343247413635
2017 -173 -172 37.041602 37.431074 1.9910731315612793 0.05974544584751129 19 -0.6262398362159729 0.15214604139328003 -0.7646406292915344
2018 -171 -172 37.059068 37.431335 2.1309587955474854 0.2017594575881958 38 -0.625158965587616 0.15172594785690308 -0.7656079530715942
2019 -175 -174 37.016724 37.409901 2.482501983642578 1.3391982316970825 31 -0.6294969916343689 0.14416083693504333 -0.7635124325752258
2020 -172 -174 37.050816 37.410221 2.2108349800109863 0.1762911081314087 42 -0.6270057559013367 0.14492210745811462 -0.7654157876968384
2021 -182 -176 36.939160 37.388451 4.921227931976318 1.8377442359924316 36 -0.6338812708854675 0.14690744876861572 -0.7593501806259155
2022 -180 -176 36.957380 37.390896 3.3763914108276367 2.653491735458374 35 -0.6327940821647644 0.14635448157787323 -0.7603631615638733
2023 -183 -178 36.932374 37.371553 3.8491005897521973 2.459826707839966 44 -0.6338505744934082 0.14797715842723846 -0.7591681480407715
2024 -180 -178 36.959030 37.370478 1.8855395317077637 1.1704699993133545 48 -0.6321332454681396 0.1474175751209259 -0.7607073187828064
2025 -178 -177 36.981114 37.386426 2.7719528675079346 1.1542109251022339 43 -0.6311637759208679 0.14604638516902924 -0.7617760300636292
2026 -181 -181 36.946320 37.349366 2.0809524059295654 0.8872069716453552 40 -0.6323649287223816 0.14885163307189941 -0.7602353692054749
2027 -178 -181 36.980846 37.351047 2.167760133743286 1.235202431678772 53 -0.6302213072776794 0.14795801043510437 -0.7621873617172241
2028 -173 -179 37.036277 37.366590 2.149980068206787 0.8460739254951477 56 -0.6271030902862549 0.14583097398281097 -0.7651634216308594
2029 -195 -182 36.792642 37.331442 2.585777521133423 0.11070194840431213 52 -0.6415724754333496 0.15339843928813934 -0.7515674829483032
2030 -194 -182 36.801864 37.331853 2.592021942138672 0.08195534348487854 48 -0.6409600973129272 0.15315131843090057 -0.7521401643753052
2031 -195 -183 36.793104 37.324928 2.4811136722564697 0.09074235707521439 42 -0.6413302421569824 0.15373414754867554 -0.7517056465148926
2032 -194 -183 36.801855 37.324881 2.2704758644104004 0.2082921713590622 42 -0.6407425999641418 0.15352396667003632 -0.752249538898468
2033 -195 -184 36.793696 37.317668 2.402822732925415 0.09713272005319595 43 -0.6410770416259766 0.15411119163036346 -0.7518444061279297
2034 -255 -279 36.151847 36.448798 2.1796021461486816 1.010645866394043 41 -0.670687735080719 0.15525701642036438 -0.7253091335296631
2035 -250 -277 36.201770 36.467765 1.0688471794128418 1.0755983591079712 38 -0.66647869348526 0.16027265787124634 -0.728092610836029
2036 -248 -276 36.231082 36.476643 1.8712873458862305 0.38524341583251953 5 -0.6649342775344849 0.15952488780021667 -0.7296671867370605
2037 -251 -280 36.195122 36.436185 2.6336021423339844 0.5792500376701355 9 -0.6686075329780579 0.1515447199344635 -0.7280097603797913
2038 -230 -323 36.445088 36.061143 4.108448505401611 0.7031410336494446 36 -0.6474905014038086 0.15025754272937775 -0.7471136450767517
2039 -223 -323 36.518667 36.063071 3.9522340297698975 0.9188756346702576 34 -0.6428847908973694 0.14870062470436096 -0.7513901591300964
2040 -231 -329 36.435010 36.005344 4.787837028503418 0.3093203902244568 2 -0.6466787457466125 0.1531059741973877 -0.7472383379936218
2041 -224 -328 36.512558 36.010784 4.388261318206787 0.42318814992904663 6 -0.6418278813362122 0.15169276297092438 -0.7516955733299255
2042 -206 -184 36.665566 37.318830 2.216205358505249 0.40517041087150574 1652 -0.6501126885414124 0.15359605848789215 -0.7441517114639282
2043 -203 -184 36.700892 37.319144 2.4904229640960693 0.43820109963417053 1170 -0.6472751498222351 0.15548989176750183 -0.7462289929389954
2044 -206 -187 36.666760 37.290472 2.4257383346557617 0.5925347805023193 1961 -0.6492109894752502 0.15518780052661896 -0.7446085214614868
2045 -203 -187 36.700626 37.291257 2.5195581912994385 0.40107864141464233 47 -0.6480028629302979 0.15092898905277252 -0.7465338110923767
2046 -200 -184 36.736290 37.320199 2.721099853515625 0.3691054582595825 46 -0.6448184847831726 0.1553284078836441 -0.7483863234519958
2047 -198 -183 36.762603 37.327320 2.6769585609436035 0.38116419315338135 33 -0.6433224678039551 0.1543167680501938 -0.7498816251754761
2048 -197 -182 36.775419 37.331263 2.3711252212524414 0.10476332157850266 37 -0.642632246017456 0.15380479395389557 -0.7505783438682556
2049 -196 -182 36.783447 37.331758 2.3104052543640137 0.2516603171825409 39 -0.6421725153923035 0.15359844267368317 -0.7510140538215637
2050 -197 -183 36.775867 37.324420 2.7145471572875977 0.11511167883872986 29 -0.6424317955970764 0.15417087078094482 -0.7506749033927917
2051 -196 -183 36.784244 37.324472 2.624079942703247 0.07558482140302658 43 -0.6419102549552917 0.15397363901138306 -0.7511613965034485
2052 -198 -184 36.762508 37.313601 2.1124632358551025 0.4533248841762543 58 -0.6429743766784668 0.15507252514362335 -0.7500243782997131
2053 -197 -184 36.775597 37.317299 2.177691698074341 0.3919948935508728 12 -0.6422539949417114 0.1545654833316803 -0.7507458925247192
2054 -196 -184 36.784288 37.317724 2.3286986351013184 0.19267261028289795 11 -0.6417332291603088 0.15434309840202332 -0.7512367963790894
2055 -197 -185 36.776246 37.310416 1.684103012084961 0.3914567828178406 19 -0.6420374512672424 0.15492849051952362 -0.7508562803268433
2056 -196 -185 36.784046 37.310841 2.4832310676574707 0.15292006731033325 20 -0.6415683627128601 0.154726043343544 -0.7512988448143005
2057 -201 -186 36.728132 37.299236 2.3869292736053467 0.30288049578666687 52 -0.6449254751205444 0.156002476811409 -0.7481540441513062
2058 -199 -186 36.745473 37.298797 1.854030728340149 0.3551548719406128 34 -0.643599808216095 0.1562688648700714 -0.7492391467094421
2059 -113 -131 37.710534 37.809901 1.0844100713729858 0.7435949444770813 25 -0.5872319936752319 0.1355767697095871 -0.7979834079742432
2060 -114 -132 37.701533 37.802650 0.8257935643196106 0.23501873016357422 30 -0.5876491069793701 0.13616403937339783 -0.7975763082504272
2061 -113 -132 37.710045 37.802846 1.9424192905426025 1.8204281330108643 22 -0.5870511531829834 0.13594335317611694 -0.7980540990829468
2062 -112 -131 37.719126 37.809902 0.7140083909034729 0.3711129426956177 16 -0.5866206288337708 0.1353643536567688 -0.7984690070152283
2063 -112 -131 37.727921 37.809872 0.2756254971027374 0.3161996603012085 28 -0.5859976410865784 0.13514909148216248 -0.7989627718925476
2064 -112 -132 37.719253 37.803053 1.0038652420043945 0.44231629371643066 18 -0.58641117811203 0.13570664823055267 -0.7985647320747375
2065 -112 -132 37.727981 37.803013 0.9174883365631104 0.2566523551940918 44 -0.5858079791069031 0.1354973316192627 -0.7990428805351257
2066 -111 -129 37.736540 37.823896 0.8027941584587097 0.2585706412792206 21 -0.5857899188995361 0.13422749936580658 -0.7992704510688782
2067 -110 -129 37.745361 37.824245 0.47185027599334717 0.3346140682697296 31 -0.5851938128471375 0.13399706780910492 -0.7997455596923828
2068 -111 -130 37.736928 37.817365 1.1146867275238037 0.13834500312805176 35 -0.5855931639671326 0.13455256819725037 -0.799359917640686
2069 -110 -130 37.745795 37.817303 0.7759686708450317 0.2252868264913559 34 -0.5849604606628418 0.1343362033367157 -0.7998594045639038
2070 -109 -129 37.754022 37.824432 0.3034750521183014 0.30619704723358154 40 -0.5846065282821655 0.13377943634986877 -0.8002113699913025
2071 -108 -129 37.763132 37.824488 0.4239020049571991 0.1886802464723587 32 -0.5839558839797974 0.13355109095573425 -0.8007245063781738
2072 -109 -130 37.754608 37.817361 0.8474884629249573 0.2445288449525833 41 -0.5843716263771057 0.13412383198738098 -0.800325334072113
2073 -108 -130 37.763127 37.817467 1.1317654848098755 0.16623513400554657 50 -0.5838172435760498 0.13391932845115662 -0.8007640838623047
2074 -110 -131 37.741544 37.806653 0.9171082377433777 0.27571767568588257 41 -0.58493572473526 0.1349748820066452 -0.799769937992096
2075 -109 -131 37.758752 37.807124 1.2616348266601562 0.5560605525970459 46 -0.5837847590446472 0.13453872501850128 -0.800683856010437
2076 -107 -120 37.774019 37.905382 1.2335333824157715 1.149734377861023 35 -0.5833871364593506 0.13865013420581818 -0.8002722263336182
2077 -106 -120 37.792372 37.905639 0.5234764218330383 0.25859200954437256 39 -0.5819767713546753 0.13815052807331085 -0.801384687423706
2078 -108 -121 37.771494 37.894934 0.2714850902557373 0.17280033230781555 43 -0.5831679701805115 0.13921619951725006 -0.8003336787223816
2079 -107 -121 37.779716 37.895127 0.444833904504776 0.13166680932044983 40 -0.5825679302215576 0.13899530470371246 -0.8008089065551758
2080 -108 -122 37.770945 37.887935 0.3109666705131531 0.15183039009571075 31 -0.5829653739929199 0.13957348465919495 -0.8004190325737
2081 -107 -122 37.779378 37.888056 0.6776377558708191 0.06952837854623795 31 -0.5823325514793396 0.13934634625911713 -0.8009191155433655
2082 -106 -121 37.788535 37.895157 0.32144221663475037 0.13825596868991852 32 -0.5818682312965393 0.13875524699687958 -0.8013590574264526
2083 -105 -121 37.797773 37.895023 -0.05057915300130844 0.21014761924743652 35 -0.5811557173728943 0.13851745426654816 -0.8019170761108398
2084 -106 -122 37.789499 37.887834 0.48246198892593384 0.2841651141643524 36 -0.5815380215644836 0.1390867531299591 -0.801541268825531
2085 -105 -122 37.797748 37.888180 -0.33656585216522217 0.19697561860084534 37 -0.5809857249259949 0.13886761665344238 -0.801979660987854
2086 -104 -120 37.811419 37.905275 0.23835419118404388 0.3152579963207245 28 -0.5805299878120422 0.13767297565937042 -0.8025155067443848
2087 -103 -120 37.823714 37.909499 -0.30299243330955505 0.09817738831043243 38 -0.5797650218009949 0.13715089857578278 -0.8031576871871948
2088 -159 -163 37.194102 37.514677 2.6823208332061768 0.17378032207489014 32 -0.6189807057380676 0.144155815243721 -0.7720634937286377
2089 -158 -163 37.203257 37.514695 2.7734475135803223 0.20778478682041168 39 -0.6183486580848694 0.14393073320388794 -0.7726117968559265
2090 -170 -164 37.070457 37.505325 3.283374071121216 0.20542065799236298 38 -0.6265590786933899 0.14752276241779327 -0.7652847766876221
2091 -261 -342 36.103978 35.877946 2.580845355987549 0.9111179113388062 39 -0.6662740111351013 0.15457551181316376 -0.7295103669166565
2092 -265 -347 36.056892 35.834382 2.395453929901123 0.9025707244873047 34 -0.6676727533340454 0.1583595722913742 -0.7274169325828552
2093 -262 -347 36.096447 35.838018 3.099479913711548 0.788848876953125 42 -0.6655493974685669 0.15723465383052826 -0.7296035289764404
2094 -261 -352 36.105833 35.787300 2.956697940826416 1.328429102897644 33 -0.663510799407959 0.16016551852226257 -0.7308217883110046
2095    7   89 39.082012 39.802870 0.20788630843162537 0.577134907245636 25 -0.514820396900177 0.1263144463300705 -0.8479413986206055
2096   12   88 39.142840 39.800036 0.6956737637519836 0.8729454278945923 23 -0.5098978281021118 0.12474888563156128 -0.8511415123939514
2097    6   83 39.081643 39.748014 -0.004234440624713898 0.5006675720214844 32 -0.514656662940979 0.12211940437555313 -0.848655104637146
2098   13   82 39.152276 39.746005 0.4801008999347687 0.5975760817527771 37 -0.5086027383804321 0.12195171415805817 -0.8523209691047668
2099   18   82 39.212922 39.745658 0.5672900676727295 1.014709711074829 10 -0.5034627318382263 0.12130457907915115 -0.8554592728614807
2100 -155 -173 37.243956 37.427218 1.9325275421142578 1.0055350065231323 39 -0.6129810214042664 0.14751729369163513 -0.7762041687965393
2101 -149 -173 37.314590 37.428652 2.484916925430298 0.6009995937347412 41 -0.6083054542541504 0.14573028683662415 -0.7802097201347351
2102 -155 -179 37.244994 37.370944 2.319786310195923 0.5919829607009888 35 -0.6133307814598083 0.14187103509902954 -0.7769800424575806
2103 -149 -179 37.317215 37.372099 2.2121493816375732 0.6962434649467468 37 -0.6080008149147034 0.14205804467201233 -0.7811238765716553
2104 -164 -189 37.148490 37.282188 2.7824573516845703 1.740405559539795 41 -0.6176908612251282 0.146976038813591 -0.7725645899772644
2105 -152 -188 37.282986 37.286907 2.6075620651245117 0.5530745387077332 14 -0.6086704730987549 0.1441817432641983 -0.7802127003669739
2106 -195 -195 36.799953 37.215442 2.3798863887786865 0.6830640435218811 41 -0.6402429938316345 0.14951454102993011 -0.7534815073013306
2107 -193 -195 36.817314 37.214145 2.7265565395355225 1.5377122163772583 13 -0.6391129493713379 0.14918337762355804 -0.7545058131217957
2108 -195 -197 36.800446 37.201398 2.1134676933288574 0.520490825176239 28 -0.6398897767066956 0.15028069913387299 -0.7536290884017944
2109 -193 -197 36.818698 37.202117 2.585378646850586 0.6095167398452759 37 -0.638715386390686 0.14980880916118622 -0.7547184228897095
2110 -191 -197 36.843866 37.205334 4.159381866455078 2.5715584754943848 40 -0.6372190117835999 0.14905209839344025 -0.7561318874359131
2111 -194 -199 36.810347 37.180715 3.2780675888061523 1.6859673261642456 35 -0.6386674642562866 0.15116703510284424 -0.7544881701469421
2112 -191 -199 36.845543 37.181047 3.8779139518737793 1.6509391069412231 47 -0.636462390422821 0.15033213794231415 -0.756515622138977
2113 -186 -197 36.903842 37.199818 5.742268085479736 3.8128702640533447 38 -0.6333264112472534 0.14797137677669525 -0.7596065402030945
2114 -114 -126 37.700530 37.852244 0.37857264280319214 0.3379851281642914 36 -0.5869278907775879 0.14314977824687958 -0.7968838214874268
2115 -113 -126 37.709354 37.851968 0.2164537012577057 0.09199800342321396 33 -0.5862582921981812 0.14293116331100464 -0.7974157929420471
2116 -112 -126 37.718496 37.852148 0.38527175784111023 0.07688432931900024 47 -0.5855735540390015 0.14268052577972412 -0.7979636192321777
2117 -110 -128 37.745491 37.831379 0.3191557228565216 0.3064979314804077 37 -0.5852786898612976 0.13412567973136902 -0.7996619343757629
2118 -109 -128 37.754291 37.831569 0.23036222159862518 0.24548903107643127 45 -0.5842284560203552 0.13582193851470947 -0.8001434206962585
2119 -108 -128 37.763241 37.831428 0.5424976348876953 0.12490084767341614 46 -0.5832281112670898 0.137229323387146 -0.8006329536437988
2120 -113 -130 37.710230 37.816964 -0.060614585876464844 0.3530082106590271 49 -0.5874601602554321 0.13522684574127197 -0.7978748679161072
2121 -112 -129 37.727592 37.824067 0.6221059560775757 0.15248863399028778 56 -0.5864325761795044 0.1344395875930786 -0.7987633347511292
2122 -112 -130 37.718921 37.817115 -0.04625561833381653 0.23441040515899658 48 -0.5868747234344482 0.13501131534576416 -0.7983421087265015
2123 -112 -130 37.727612 37.817148 0.7394585013389587 0.2359674721956253 51 -0.5862759351730347 0.13479915261268616 -0.7988177537918091
2124 -114 -131 37.701664 37.809527 0.5598616003990173 0.3111726939678192 47 -0.5878568291664124 0.13581636548042297 -0.7974824905395508
2125  -30   96 38.641266 39.868344 0.689262866973877 0.872292697429657 41 -0.5517405271530151 0.13519635796546936 -0.8229849934577942
2126  -24   95 38.719070 39.860312 0.8343807458877563 0.8375345468521118 28 -0.5454657077789307 0.1334749311208725 -0.8274367451667786
2127  -30  -73 38.653664 38.339956 -2.2606377601623535 0.5593728423118591 45 -0.5213516354560852 0.1252145618200302 -0.8441053032875061
2128  -24  -73 38.723026 38.341862 -2.94217586517334 0.854988157749176 38 -0.5158662796020508 0.12316161394119263 -0.847769558429718
2129  -30  -78 38.652705 38.288921 -2.443486452102661 0.7974016070365906 38 -0.5205500721931458 0.12569837272167206 -0.8445280194282532
2130 -202 -202 36.715547 37.155068 1.9715756177902222 0.11761276423931122 35 -0.6437933444976807 0.15473808348178864 -0.7493906021118164
2131 -204 -204 36.701822 37.139778 1.8767179250717163 0.1109004095196724 38 -0.6442278027534485 0.1558910757303238 -0.7487779855728149
2132 -203 -203 36.710130 37.147035 1.7791633605957031 0.35232120752334595 36 -0.6439191102981567 0.1553044468164444 -0.7491652965545654
2133 -203 -202 36.714821 37.150257 1.741620659828186 0.019129276275634766 37 -0.6437059640884399 0.15501785278320312 -0.7494078278541565
2134 -203 -203 36.710302 37.140085 2.38671612739563 1.1428016424179077 40 -0.6437040567398071 0.15567608177661896 -0.7492730021476746
2135 -202 -204 36.718424 37.138608 3.605487108230591 1.3325767517089844 38 -0.6431628465652466 0.15556907653808594 -0.7497599124908447
2136 -204 -204 36.700652 37.134931 1.647156834602356 0.12424948811531067 40 -0.6441539525985718 0.1561799794435501 -0.7487813830375671
2137 -203 -204 36.710499 37.133691 3.371779680252075 2.08602237701416 37 -0.6435146927833557 0.15601995587348938 -0.7493641376495361
2138 -202 -204 36.720263 37.136071 4.027124404907227 0.6035720109939575 38 -0.6429806351661682 0.15566539764404297 -0.7498961687088013
2139 -203 -205 36.711469 37.125925 7.195199489593506 3.2205421924591064 48 -0.6438032984733582 0.15406431257724762 -0.7495208382606506
2140 -202 -205 36.719301 37.125627 6.704396724700928 1.9791334867477417 40 -0.6427909731864929 0.15609987080097198 -0.7499683499336243
2141 -202 -206 36.716101 37.119598 8.812891960144043 2.9290499687194824 42 -0.645147442817688 0.14662021398544312 -0.7498581409454346
2142  -26  -92 38.693230 38.168619 -2.1835904121398926 0.08794449269771576 52 -0.5145719051361084 0.12305228412151337 -0.8485716581344604
2143 -119 -143 37.645817 37.700072 1.7591028213500977 0.37073561549186707 38 -0.5887530446052551 0.14278680086135864 -0.795601487159729
2144 -116 -143 37.681508 37.700371 2.1246073246002197 0.24162724614143372 41 -0.5861800909042358 0.14185751974582672 -0.7976649403572083
2145 -111 -141 37.733771 37.714844 2.076453924179077 0.40578198432922363 38 -0.5828615427017212 0.13980351388454437 -0.8004544973373413
2146 -105 -135 37.803245 37.771450 0.9817365407943726 0.5011231899261475 39 -0.5789523124694824 0.13684682548046112 -0.8037955164909363
2147  -99 -135 37.874387 37.773038 0.43391022086143494 0.4717492461204529 44 -0.5732909440994263 0.13665038347244263 -0.8078763484954834
2148 -105 -141 37.804652 37.715826 1.398730993270874 0.7408018112182617 35 -0.5778406262397766 0.13698086142539978 -0.8045722246170044
2149  -99 -141 37.876239 37.716833 0.8413164615631104 0.5535800457000732 46 -0.5720065832138062 0.13695812225341797 -0.8087341785430908
2150 -145 -145 37.353559 37.675085 1.3098106384277344 0.5237482190132141 42 -0.610533595085144 0.14165347814559937 -0.7792195081710815
2151 -143 -145 37.371596 37.675402 2.215759038925171 0.3252989947795868 35 -0.6092761754989624 0.1411924660205841 -0.7802866101264954
2152 -145 -147 37.354363 37.661166 1.3099392652511597 0.4495793581008911 44 -0.6100592017173767 0.14235641062259674 -0.7794628739356995
2153 -143 -147 37.371756 37.661157 1.7224187850952148 0.5454185009002686 29 -0.608884334564209 0.14193804562091827 -0.7804571986198425
2154 -142 -145 37.389101 37.675748 1.8227639198303223 0.4645003378391266 29 -0.6080777645111084 0.14074790477752686 -0.7813011407852173
2155 -140 -145 37.406947 37.675808 2.0464203357696533 0.35791394114494324 24 -0.6068583726882935 0.1403128206729889 -0.7823267579078674
2156 -142 -147 37.389560 37.661525 1.86433744430542 0.3375381529331207 39 -0.6076370477676392 0.14147751033306122 -0.7815122008323669
2157 -140 -146 37.403092 37.665429 1.622995376586914 0.17062658071517944 36 -0.606793999671936 0.14093920588493347 -0.7822641730308533
2158 -140 -146 37.411513 37.665528 2.2586042881011963 0.44153258204460144 46 -0.6062319874763489 0.1407320648431778 -0.7827370762825012
2159 -140 -147 37.402905 37.658173 1.7823792695999146 0.2473205327987671 34 -0.6066135168075562 0.14132454991340637 -0.7823346257209778
2160 -140 -147 37.412060 37.658675 2.0577797889709473 0.34522828459739685 45 -0.6059753894805908 0.14107032120227814 -0.7828748822212219
2161 -145 -148 37.355603 37.647555 1.8863015174865723 0.5114789605140686 49 -0.609637439250946 0.14304892718791962 -0.7796660661697388
2162 -144 -148 37.367676 37.650611 0.35144808888435364 0.38534533977508545 39 -0.6089445948600769 0.14260642230510712 -0.7802883386611938
2163 -143 -148 37.376500 37.650787 0.8074293732643127 0.46607089042663574 47 -0.6083316802978516 0.14237958192825317 -0.7808076739311218
2164 -144 -149 37.367708 37.643434 1.0349609851837158 0.42330726981163025 44 -0.6087570786476135 0.14298395812511444 -0.7803655862808228
2165 -143 -149 37.376486 37.643816 2.185190200805664 0.5091572403907776 46 -0.6082461476325989 0.142768993973732 -0.7808032631874084
2166 -145 -149 37.350201 37.637654 2.407334089279175 0.10455983877182007 39 -0.6098911166191101 0.1437378227710724 -0.779340922832489
2167 -144 -149 37.359339 37.637275 2.1422994136810303 0.3260534703731537 44 -0.6091036200523376 0.14349940419197083 -0.7800004482269287
2168 -145 -150 37.352341 37.630046 3.009288787841797 0.08903403580188751 40 -0.6094627380371094 0.14406798779964447 -0.779615044593811
2169 -144 -150 37.359511 37.629336 2.942750930786133 0.15271057188510895 46 -0.6088342070579529 0.14390157163143158 -0.7801367044448853
2170 -144 -150 37.368196 37.636902 1.8167364597320557 0.2739243507385254 17 -0.608423113822937 0.14328627288341522 -0.7805705666542053
2171 -143 -150 37.376587 37.636925 2.3315787315368652 0.24934802949428558 48 -0.6079492568969727 0.1431039422750473 -0.7809730768203735
2172 -144 -150 37.368182 37.629758 2.258958339691162 0.26122570037841797 29 -0.6081931591033936 0.14365363121032715 -0.7806822061538696
2173 -142 -148 37.385146 37.651286 1.8838223218917847 0.3664041757583618 46 -0.6077114343643188 0.1421332210302353 -0.7813354134559631
2174  -61 -103 38.301355 38.061481 -1.2984150648117065 0.3574942350387573 42 -0.5455334186553955 0.12986646592617035 -0.8279662132263184
2175  -60 -103 38.310966 38.061692 -0.5823197960853577 0.17870186269283295 34 -0.5447915196418762 0.1295882761478424 -0.828498125076294
2176  -59 -103 38.320196 38.068503 -0.7601919174194336 0.4348175525665283 52 -0.5441967248916626 0.12893258035182953 -0.828991174697876
2177  -58 -103 38.329575 38.068022 -1.2827072143554688 0.21562723815441132 18 -0.5435139536857605 0.12871363759040833 -0.8294729590415955
2178  -64 -104 38.265957 38.053756 -0.8028863668441772 0.12508518993854523 39 -0.5479707717895508 0.1312629133462906 -0.8261345028877258
2179  -63 -104 38.275193 38.053826 -1.2906568050384521 0.20868420600891113 35 -0.5472883582115173 0.13101013004779816 -0.8266267776489258
2180  -64 -105 38.266723 38.046374 -0.3870260715484619 0.5133300423622131 27 -0.5477470755577087 0.13166941702365875 -0.8262180685997009
2181  -62 -104 38.284167 38.054067 -0.400960773229599 0.25824129581451416 25 -0.5466333031654358 0.13075563311576843 -0.827100396156311
2182  -62 -104 38.293496 38.053685 -1.176367998123169 0.4931342899799347 53 -0.5458928346633911 0.13051608204841614 -0.8276270627975464
2183 -131 -146 37.509111 37.666638 2.805344820022583 0.18934431672096252 21 -0.5995259284973145 0.13829933106899261 -0.7883158922195435
2184 -130 -146 37.518245 37.666868 2.256836175918579 0.3373106122016907 33 -0.5988814234733582 0.13806132972240448 -0.7888473868370056
2185 -131 -147 37.509397 37.659526 2.621504783630371 0.3327518701553345 30 -0.5992781519889832 0.1386537253856659 -0.788442075252533
2186 -130 -147 37.517910 37.659839 1.7293094396591187 0.40103429555892944 26 -0.5987029075622559 0.13843117654323578 -0.7889180183410645
2187 -129 -145 37.526619 37.680926 2.526886463165283 0.1317969113588333 34 -0.5987151861190796 0.13713620603084564 -0.7891348600387573
2188 -129 -145 37.535226 37.681053 2.5080816745758057 0.1303369104862213 43 -0.598141610622406 0.1369248777627945 -0.7896063923835754
2189 -129 -146 37.526529 37.674040 2.1671090126037598 0.1810784786939621 40 -0.5985182523727417 0.1374915987253189 -0.7892224192619324
2190 -129 -146 37.535457 37.673937 2.1516008377075195 0.12630034983158112 49 -0.5979135632514954 0.13728375732898712 -0.7897167801856995
2191 -128 -145 37.548604 37.677925 1.8696167469024658 0.20567560195922852 42 -0.5971604585647583 0.1367688775062561 -0.7903756499290466
2192 -129 -147 37.530912 37.663459 2.209386110305786 0.2917422354221344 37 -0.5979397296905518 0.1379360854625702 -0.7895832061767578
2193 -128 -147 37.548739 37.663771 2.1751718521118164 0.5901114344596863 50 -0.5967068076133728 0.13748420774936676 -0.7905941009521484
2194 -133 -148 37.491675 37.652530 1.3244881629943848 1.1919442415237427 49 -0.6003286838531494 0.1394520401954651 -0.7875015139579773
2195 -132 -148 37.500497 37.652487 2.044827461242676 0.6755400896072388 52 -0.5997128486633301 0.13923871517181396 -0.7880083322525024
2196 -133 -149 37.491757 37.645497 2.432299852371216 0.43844789266586304 41 -0.6001032590866089 0.13980881869792938 -0.7876100540161133
2197 -132 -149 37.500520 37.645278 2.347348928451538 0.26022687554359436 37 -0.5994887948036194 0.13960570096969604 -0.7881138920783997
2198 -131 -148 37.514224 37.649128 1.7928563356399536 0.5288747549057007 44 -0.5986490249633789 0.13907192647457123 -0.7888461947441101
2199 -132 -150 37.496386 37.634858 2.65130877494812 1.2147939205169678 40 -0.5994566679000854 0.1402391642332077 -0.7880258560180664
2200 -131 -150 37.514027 37.635402 1.2951256036758423 0.8237518668174744 49 -0.598258376121521 0.13978064060211182 -0.7890173196792603
2201 -128 -149 37.540195 37.642874 3.203136920928955 2.1904704570770264 45 -0.5966762900352478 0.13876034319400787 -0.7903941869735718
2202 -125 -146 37.575154 37.670932 2.1537909507751465 0.3217355012893677 46 -0.5951144099235535 0.13648158311843872 -0.7919669151306152
2203 -122 -146 37.610697 37.671364 1.9721343517303467 0.23139166831970215 44 -0.5923618078231812 0.13654617965221405 -0.7940167784690857
2204 -125 -149 37.575926 37.642884 1.7302037477493286 0.36652323603630066 46 -0.5941651463508606 0.13787901401519775 -0.7924374938011169
2205 -122 -149 37.611612 37.643205 1.865541934967041 0.2712118327617645 46 -0.5916406512260437 0.13697807490825653 -0.7944799065589905
2206 -131 -152 37.505903 37.613624 1.6567655801773071 1.2398165464401245 46 -0.5981712937355042 0.14109475910663605 -0.788849413394928
2207 -128 -152 37.540418 37.614815 2.110459089279175 1.6945918798446655 48 -0.5958065986633301 0.14018326997756958 -0.790799081325531
2208 -131 -155 37.506100 37.585866 1.2973977327346802 0.5330366492271423 46 -0.5974004864692688 0.14252614974975586 -0.7891761660575867
2209 -128 -156 37.539702 37.585447 1.7371309995651245 0.5965177416801453 45 -0.5950338840484619 0.14171090722084045 -0.7911085486412048
2210  -79 -117 38.099568 37.940169 0.3631304204463959 0.2580009400844574 45 -0.5596503615379333 0.13174256682395935 -0.818190336227417
2211  -80 -118 38.089482 37.932690 0.3322407007217407 0.14960846304893494 48 -0.5601733326911926 0.13244032859802246 -0.8177196979522705
2212  -79 -118 38.100631 37.933130 0.6393405199050903 0.14648644626140594 48 -0.5592601895332336 0.13209205865859985 -0.8184007406234741
2213  -78 -117 38.108320 37.940067 0.2718200087547302 0.2929844558238983 48 -0.5590053796768188 0.13151457905769348 -0.8186677694320679
2214  -77 -117 38.116556 37.940554 0.6661149263381958 0.3656904697418213 48 -0.5584970116615295 0.13128651678562164 -0.8190512657165527
2215  -78 -118 38.107974 37.933329 -0.4476326107978821 0.4966543912887573 50 -0.5588139891624451 0.13190454244613647 -0.8187357187271118
2216  -77 -118 38.117190 37.933411 -0.9507670402526855 0.5188406109809875 51 -0.558144211769104 0.13165584206581116 -0.8192324638366699
2217  -80 -118 38.089554 37.925954 -0.017533287405967712 0.39420226216316223 196 -0.5598905086517334 0.13280531764030457 -0.817854106426239
2218  -79 -118 38.100742 37.925783 0.3412720859050751 0.2062406837940216 47 -0.5589712262153625 0.13249439001083374 -0.8185331225395203
2219  -80 -119 38.089743 37.918821 -1.8751190900802612 1.2766169309616089 41 -0.5596314668655396 0.1332002729177475 -0.8179671764373779
2220  -79 -119 38.100299 37.919328 0.14458617568016052 0.21676962077617645 44 -0.558782696723938 0.1328687071800232 -0.818601131439209
2221  -78 -119 38.111180 37.922888 -0.13334134221076965 0.37551555037498474 48 -0.5581364035606384 0.1323845386505127 -0.8191202878952026
2222  -76 -115 38.134370 37.953366 -0.3266700804233551 0.7401946187019348 173 -0.5577055811882019 0.13011357188224792 -0.8197774291038513
2223  -76 -116 38.125951 37.947568 0.3410181701183319 0.4805371165275574 177 -0.5581088066101074 0.1306580752134323 -0.819416344165802
2224  -76 -116 38.134811 37.947685 -1.716644287109375 1.644278883934021 169 -0.5574779510498047 0.13041898608207703 -0.8198836445808411
2225  -75 -115 38.143253 37.953431 -1.2727601528167725 0.8373525142669678 48 -0.5570942163467407 0.1298828125 -0.8202295303344727
2226  -74 -115 38.151246 37.954765 0.3119764029979706 1.1356714963912964 48 -0.5565263628959656 0.12959004938602448 -0.8206612467765808
2227  -75 -116 38.143241 37.947936 -3.5306339263916016 2.6397109031677246 49 -0.5569271445274353 0.13019488751888275 -0.8202935457229614
2228  -74 -116 38.151573 37.947717 0.18913492560386658 0.6903062462806702 45 -0.5563827157020569 0.13000264763832092 -0.8206933736801147
2229  -73 -114 38.160154 37.962939 0.5298944711685181 0.6737692356109619 42 -0.5559097528457642 0.12884174287319183 -0.8211967945098877
2230  -72 -114 38.178773 37.969441 -0.31781205534935 0.5371373295783997 35 -0.5545557737350464 0.12793974578380585 -0.822252631187439
2231  -71 -114 38.187232 37.969420 0.5097970962524414 0.5220036506652832 33 -0.5539406538009644 0.12771901488304138 -0.8227013945579529
2232  -71 -114 38.190035 37.961860 1.1601088047027588 0.3324233889579773 47 -0.5535901784896851 0.12809264659881592 -0.8228792548179626
2233  -71 -116 38.184589 37.951464 1.2482656240463257 0.5331826210021973 45 -0.5537945032119751 0.12885111570358276 -0.8226232528686523
2234  -76 -117 38.125809 37.940351 0.5187856554985046 0.46671196818351746 42 -0.5577724575996399 0.1310432404279709 -0.8195837736129761
2235  -76 -117 38.134512 37.941007 -4.808756351470947 3.377164125442505 43 -0.557182788848877 0.13078045845031738 -0.8200267553329468
2236  -76 -118 38.125559 37.933090 -1.1163179874420166 0.5569784641265869 48 -0.5574959516525269 0.13144522905349731 -0.8197075724601746
2237  -76 -118 38.134363 37.933091 -1.3926156759262085 0.7930188775062561 37 -0.5568931698799133 0.13122017681598663 -0.8201532363891602
2238  -75 -117 38.146439 37.936999 -2.5002880096435547 3.7552976608276367 45 -0.5562223792076111 0.13069912791252136 -0.8206914067268372
2239  -76 -119 38.130465 37.922677 -0.32764148712158203 0.6082244515419006 41 -0.5567050576210022 0.13187874853610992 -0.820175290107727
2240  -75 -119 38.146377 37.922390 0.6203157901763916 0.5000739097595215 49 -0.5556173920631409 0.13149110972881317 -0.8209746479988098
2241  -73 -117 38.164419 37.935257 0.8205814957618713 0.636658787727356 45 -0.5547309517860413 0.13029220700263977 -0.8217648267745972
2242  -71 -117 38.185522 37.935860 0.9964619874954224 0.4388294219970703 41 -0.5529962778091431 0.12964987754821777 -0.8230346441268921
2243  -73 -119 38.166173 37.923302 0.26570650935173035 0.4370984435081482 48 -0.5540536642074585 0.1308787614107132 -0.8221284747123718
2244  -71 -119 38.182765 37.922736 0.4173160791397095 0.37354177236557007 39 -0.552741289138794 0.13045059144496918 -0.8230794072151184
2245 -167  152 37.024953 40.353883 0.09253212064504623 1.0426812171936035 43 -0.6662180423736572 0.16005757451057434 -0.7283784747123718
2246 -161  151 37.097622 40.352877 0.6856626272201538 0.9554042816162109 39 -0.6623388528823853 0.158560112118721 -0.7322335839271545
2247 -168  146 37.021963 40.299989 -0.3693792223930359 0.7662339210510254 41 -0.6650111079216003 0.16347984969615936 -0.7287212014198303
2248 -161  145 37.098833 40.295472 -0.23585614562034607 0.8323598504066467 44 -0.6606624722480774 0.1620946079492569 -0.7329736351966858
2249 -155  145 37.175265 40.297079 0.131794273853302 0.5819992423057556 178 -0.6564363241195679 0.16029009222984314 -0.7371556758880615
2250 -149  145 37.244967 40.300691 0.4921179711818695 0.8592691421508789 178 -0.652587890625 0.15850034356117249 -0.7409498691558838
2251  -51  100 38.392722 39.901245 0.9388430118560791 1.0096039772033691 187 -0.5714111924171448 0.13901647925376892 -0.8088037967681885
2252  -65   84 38.240912 39.760142 -0.35932713747024536 0.9341831803321838 168 -0.5801980495452881 0.1393328160047531 -0.80246901512146
2253  -51   84 38.397409 39.759305 -0.7590384483337402 1.0028579235076904 133 -0.568445086479187 0.13725757598876953 -0.8111908435821533
2254 -118   55 37.622302 39.490907 0.038536541163921356 1.1370630264282227 164 -0.6187389492988586 0.14800015091896057 -0.7715296745300293
2255 -187  211 36.773294 40.878979 10.472074508666992 1.2786705493927002 740 -0.6852975487709045 0.16664883494377136 -0.7089397311210632
2256 -215 -229 36.578194 36.905300 2.389706611633301 0.5684682130813599 49 -0.6510736346244812 0.14739975333213806 -0.7445646524429321
2257 -215 -229 36.586160 36.905164 2.778193473815918 0.2863238453865051 42 -0.6505892276763916 0.1472228318452835 -0.7450228333473206
2258 -215 -230 36.577683 36.898201 2.7654364109039307 0.17125803232192993 49 -0.6509053707122803 0.14784899353981018 -0.7446226477622986
2259 -215 -230 36.586320 36.898245 2.942497491836548 0.20915311574935913 36 -0.6503859162330627 0.14764580130577087 -0.745116651058197
2260 -215 -231 36.578044 36.891164 3.0891802310943604 0.2061721831560135 41 -0.6506794095039368 0.1482727974653244 -0.744735836982727
2261 -215 -231 36.586476 36.891302 3.3995399475097656 0.2643358111381531 45 -0.6501806974411011 0.1480693817138672 -0.7452117204666138
2262 -215 -232 36.578280 36.884100 3.7045507431030273 0.21401794254779816 48 -0.6504632234573364 0.14870204031467438 -0.744839072227478
2263 -215 -232 36.586986 36.884347 3.8063912391662598 0.15759295225143433 41 -0.6499449014663696 0.14848385751247406 -0.7453349232673645
2264 -214 -226 36.591474 36.933655 3.2735064029693604 0.35163095593452454 45 -0.6484683752059937 0.1565302163362503 -0.7449746131896973
2265 -214 -227 36.591352 36.925601 2.0540692806243896 0.7163333296775818 45 -0.6482436656951904 0.15702594816684723 -0.7450658082962036
2266 -206 -190 36.667297 37.262516 2.573676347732544 0.5738727450370789 42 -0.6487789154052734 0.15557612478733063 -0.7449040412902832
2267 -203 -190 36.702040 37.263769 3.028895616531372 0.5581973195075989 45 -0.6479821801185608 0.14918844401836395 -0.7469015717506409
2268 -206 -193 36.667828 37.233566 2.079380989074707 0.4345003068447113 43 -0.6495336294174194 0.15038904547691345 -0.745311439037323
2269 -204 -192 36.693384 37.242235 2.5266456604003906 0.3198307454586029 43 -0.6480025053024292 0.15058372914791107 -0.7466038465499878
2270 -203 -192 36.711984 37.241941 2.6022696495056152 0.49047771096229553 95 -0.6466309428215027 0.1501273214817047 -0.7478837966918945
2271 -204 -194 36.692943 37.227345 2.201685905456543 0.5194700956344604 56 -0.6476028561592102 0.1514059156179428 -0.7467843890190125
2272 -203 -193 36.707601 37.231292 2.221999406814575 0.22726811468601227 93 -0.6466042399406433 0.15080860257148743 -0.747769832611084
2273 -202 -193 36.716517 37.231622 1.7078913450241089 0.19062629342079163 98 -0.646011471748352 0.15057559311389923 -0.7483289837837219
2274 -203 -194 36.708708 37.224307 1.9788904190063477 0.3681766390800476 151 -0.6463997960090637 0.15117885172367096 -0.7478718161582947
2275 -218 -214 36.542162 37.041934 3.7369987964630127 1.2374987602233887 122 -0.6549856662750244 0.15112726390361786 -0.7403744459152222
2276 -220 -216 36.525977 37.027528 3.650487184524536 0.792904794216156 116 -0.6556028127670288 0.15240834653377533 -0.7395651340484619
2277 -218 -216 36.542044 37.028032 3.335775375366211 0.6488499045372009 499 -0.6546008586883545 0.15199020504951477 -0.7405380606651306
2278 -217 -214 36.555473 37.045839 3.445857048034668 0.24985653162002563 520 -0.6542690396308899 0.15057046711444855 -0.7411211133003235
2279 -216 -214 36.563949 37.045864 3.5697169303894043 0.2908802926540375 175 -0.6536396145820618 0.15034370124340057 -0.7417223453521729
2280 -217 -214 36.555290 37.038492 3.371668815612793 0.41751739382743835 140 -0.6540048718452454 0.15101300179958344 -0.741264283657074
2281 -216 -214 36.564301 37.038488 2.95837664604187 0.2728829085826874 205 -0.6533085107803345 0.1507689207792282 -0.7419277429580688
2282 -215 -214 36.572751 37.045664 3.1195168495178223 0.4517775774002075 158 -0.6530393362045288 0.15013611316680908 -0.7422929406166077
2283 -215 -214 36.572959 37.039042 2.6279637813568115 0.18557779490947723 97 -0.6527512669563293 0.15052001178264618 -0.7424685955047607
2284 -217 -215 36.556214 37.031538 3.5618128776550293 0.24828913807868958 108 -0.6536833047866821 0.15140601992607117 -0.7414676547050476
2285 -216 -215 36.564829 37.031406 3.2853550910949707 0.2907930910587311 69 -0.6530587077140808 0.15118925273418427 -0.7420620918273926
2286 -217 -216 36.556257 37.024341 3.169884204864502 0.22871968150138855 155 -0.6534619331359863 0.15184560418128967 -0.7415729761123657
2287 -216 -216 36.564972 37.024546 3.1830408573150635 0.1941874474287033 675 -0.6528816819190979 0.15161527693271637 -0.7421309351921082
2288 -215 -215 36.573842 37.031828 3.086496353149414 0.2203628122806549 502 -0.6524695158004761 0.1509394347667694 -0.7426310181617737
2289 -220 -217 36.525650 37.013070 3.3126490116119385 0.34821924567222595 2626 -0.6552106142044067 0.15331001579761505 -0.7397263646125793
2290 -218 -217 36.543856 37.013791 3.130129337310791 0.24470308423042297 2366 -0.6539758443832397 0.15280228853225708 -0.7409231662750244
2291 -220 -219 36.526122 36.999177 3.0408546924591064 0.30716681480407715 159605 -0.6546356081962585 0.1541222333908081 -0.740066647529602
2292 -219 -218 36.539469 37.002855 3.090522527694702 0.28365445137023926 46432 -0.6538761258125305 0.15356804430484772 -0.7408528327941895
2293 -218 -218 36.548002 37.003184 3.2626352310180664 0.16777287423610687 40833 -0.653378963470459 0.1533486247062683 -0.7413367033004761
2294 -219 -219 36.539519 36.996099 2.8244271278381348 0.26768532395362854 34444 -0.6536607146263123 0.15397894382476807 -0.7409575581550598
2295 -218 -219 36.547843 36.996046 3.058286428451538 0.25426948070526123 37645 -0.6531496047973633 0.1537850797176361 -0.7414484024047852
2296 -217 -217 36.556129 37.017663 3.032827138900757 0.1269795298576355 2294 -0.6533058285713196 0.15226656198501587 -0.741624116897583
2297 -216 -217 36.565171 37.017703 3.0056278705596924 0.20876210927963257 2475 -0.6527074575424194 0.15203975141048431 -0.7421973347663879
2298 -217 -218 36.556634 37.010443 2.955152988433838 0.15270626544952393 1526 -0.6530584096908569 0.15269735455513 -0.7417535781860352
2299 -216 -218 36.565827 37.010960 3.155424118041992 0.18186502158641815 1482 -0.6524918079376221 0.15244324505329132 -0.7423042058944702
2300 -217 -218 36.556712 37.003159 3.009267568588257 0.2937120795249939 2564 -0.6528343558311462 0.1531422734260559 -0.7418590188026428
2301 -217 -219 36.557157 36.996657 3.1257307529449463 0.29519203305244446 2904 -0.6525492072105408 0.15351465344429016 -0.7420328855514526
2302 -212 -214 36.614505 37.046534 3.065704107284546 0.33145543932914734 1316 -0.6503202319145203 0.14905942976474762 -0.7448925375938416
2303 -211 -215 36.618772 37.037806 3.235177516937256 0.8019004464149475 1021 -0.6498228311538696 0.1494980752468109 -0.7452386617660522
2304 -212 -215 36.617208 37.032798 3.649362325668335 0.4224644601345062 2771 -0.6497879028320312 0.14984554052352905 -0.7451993227005005
2305 -212 -216 36.608887 37.025625 2.9918155670166016 0.11889377236366272 2786 -0.6501160264015198 0.1504877209663391 -0.7447836399078369
2306 -212 -216 36.617538 37.025762 3.325329065322876 0.22958160936832428 10313 -0.6495851874351501 0.15027448534965515 -0.7452896237373352
2307 -211 -214 36.626140 37.046859 2.9456210136413574 0.4762096405029297 462 -0.6496201753616333 0.14876656234264374 -0.7455616593360901
2308 -210 -214 36.634553 37.047016 3.274895668029785 0.3684953451156616 188 -0.6491143703460693 0.14856016635894775 -0.7460431456565857
2309 -211 -214 36.625934 37.039817 3.4108877182006836 0.5266391038894653 2668 -0.6494391560554504 0.14920580387115479 -0.7456316351890564
2310 -210 -214 36.634723 37.040222 3.7937097549438477 0.2698531150817871 1268 -0.6489055156707764 0.14901605248451233 -0.7461339831352234
2311 -209 -214 36.647620 37.044091 3.525834321975708 0.2676983177661896 1337 -0.6474125981330872 0.15198838710784912 -0.746830940246582
2312 -211 -215 36.625867 37.033164 3.968932867050171 0.18151187896728516 522 -0.6492644548416138 0.149618461728096 -0.7457009553909302
2313 -210 -215 36.634881 37.033001 4.25572395324707 0.19319047033786774 882 -0.6485908627510071 0.14990006387233734 -0.7462304830551147
2314 -211 -216 36.626676 37.026062 3.845456838607788 0.16606387495994568 6131 -0.6490187048912048 0.15003716945648193 -0.745830774307251
2315 -210 -216 36.635038 37.025843 4.021429538726807 0.2867446541786194 8692 -0.6482097506523132 0.15105409920215607 -0.7463289499282837
2316 -209 -216 36.648025 37.029963 3.2575876712799072 0.6027408242225647 2444 -0.6469247937202454 0.15308062732219696 -0.7470306158065796
2317 -212 -217 36.608753 37.018442 3.3266172409057617 0.13095051050186157 45318 -0.6499586701393127 0.15094150602817535 -0.7448290586471558
2318 -212 -217 36.617776 37.018978 3.5206973552703857 0.2539163827896118 83310 -0.6494084596633911 0.1506921947002411 -0.7453593015670776
2319 -212 -218 36.608492 37.011647 3.577627182006836 0.2522988021373749 149 -0.6498330235481262 0.15137751400470734 -0.744850218296051
2320 -212 -218 36.617947 37.011601 4.026338577270508 0.12693458795547485 104 -0.6491501331329346 0.15113316476345062 -0.7454950213432312
2321 -213 -218 36.600585 37.004111 3.2227659225463867 0.15967121720314026 186 -0.6500702500343323 0.1520201414823532 -0.7445123195648193
2322 -213 -219 36.600955 36.997498 3.214064359664917 0.12520241737365723 31 -0.6499157547950745 0.15243121981620789 -0.7445631623268127
2323 -212 -218 36.609194 37.004209 3.5643162727355957 0.12945783138275146 23 -0.6495117545127869 0.15180231630802155 -0.745043933391571
2324 -212 -218 36.618181 37.004694 3.8505754470825195 0.12273269891738892 38 -0.6489322781562805 0.15155033767223358 -0.7455999851226807
2325 -212 -219 36.609994 36.997515 3.6799662113189697 0.1569983810186386 37 -0.6492542028427124 0.15219072997570038 -0.7451892495155334
2326 -212 -219 36.618353 36.997558 3.7161905765533447 0.13946141302585602 101 -0.648712694644928 0.15198317170143127 -0.7457030415534973
2327 -210 -217 36.630912 37.015446 3.1501214504241943 0.627906322479248 152 -0.6482048034667969 0.15163344144821167 -0.7462157011032104
2328 -209 -217 36.651120 37.018579 2.0946578979492188 0.41936632990837097 181 -0.6464202404022217 0.15363234281539917 -0.7473539113998413
2329 -210 -219 36.630932 37.000962 3.244957447052002 0.7597687840461731 329 -0.6476337909698486 0.15317754447460175 -0.7463961243629456
2330 -209 -219 36.642155 36.998650 1.2744407653808594 0.7878745198249817 145 -0.6464296579360962 0.15493033826351166 -0.7470778822898865
2331 -207 -207 36.665541 37.103827 2.7527637481689453 0.39649027585983276 202 -0.6478627324104309 0.1486341804265976 -0.7471155524253845
2332 -207 -208 36.665290 37.098218 2.9299120903015137 0.22913295030593872 171 -0.647706925868988 0.14894263446331024 -0.7471892833709717
2333 -208 -209 36.659407 37.089869 3.2682900428771973 0.16583353281021118 190 -0.6478478908538818 0.14953555166721344 -0.7469486594200134
2334 -207 -209 36.666687 37.089254 3.237755537033081 0.2913363575935364 4654 -0.6473783254623413 0.1494033932685852 -0.7473819851875305
2335 -208 -210 36.659587 37.082705 3.6293294429779053 0.16207262873649597 1480 -0.6476492285728455 0.1499262899160385 -0.7470425367355347
2336 -207 -210 36.668404 37.083056 3.516167402267456 0.1752088963985443 522 -0.64710932970047 0.14970505237579346 -0.7475546598434448
2337 -206 -210 36.677776 37.082405 2.9198718070983887 0.39237603545188904 169 -0.6465132236480713 0.14952750504016876 -0.7481057047843933
2338 -203 -208 36.713160 37.096165 9.603837013244629 1.278876781463623 44 -0.6447033882141113 0.14797042310237885 -0.7499748468399048
2339 -204 -209 36.703826 37.086825 6.536449909210205 1.8980222940444946 37 -0.645027756690979 0.14869365096092224 -0.7495527267456055
2340 -115  124 37.648067 40.114350 0.24099169671535492 0.6549142003059387 47 -0.6257026791572571 0.1520451307296753 -0.7651003003120422
2341 -101  123 37.810271 40.105439 0.30459925532341003 0.7940158247947693 42 -0.6151080131530762 0.14963161945343018 -0.7741140127182007
2342 -114  111 37.663615 39.995245 0.2669261395931244 0.7661885023117065 156 -0.62353515625 0.14916099607944489 -0.7674339413642883
2343 -102  111 37.800460 39.994880 0.37394168972969055 0.5518690347671509 48 -0.6148279905319214 0.14631105959415436 -0.7749707102775574
2344  -20  -83 38.769264 38.249297 -2.5300588607788086 0.3076647222042084 41 -0.5110665559768677 0.11669701337814331 -0.8515825271606445
2345    0  114 39.006119 40.034523 4.950118064880371 0.8982367515563965 45 -0.5266158580780029 0.12636204063892365 -0.840659499168396
2346 -105  133 37.765092 40.192545 1.3428153991699219 0.9688750505447388 39 -0.6203711628913879 0.14621296525001526 -0.7705591917037964
2347  -72  -44 38.166405 38.600529 -0.7319425344467163 1.8466448783874512 134 -0.5656003952026367 0.13435034453868866 -0.8136622309684753
2348  -33  -32 38.615098 38.705489 -2.0037667751312256 0.7764896154403687 161 -0.5320743918418884 0.12658336758613586 -0.8371818661689758
2349  -10  -31 38.879661 38.715623 -2.464569091796875 0.6138896942138672 107 -0.5099911689758301 0.12214004248380661 -0.8514639139175415
2350  -84 -158 38.043730 37.571996 2.1471989154815674 1.7761536836624146 214 -0.5568541884422302 0.13082827627658844 -0.8202422857284546
2351 -112 -125 37.718556 37.866008 0.06440228223800659 0.11788411438465118 136 -0.5860354900360107 0.1419948786497116 -0.7977467775344849
2352 -112 -125 37.726972 37.866330 0.037104204297065735 0.13521020114421844 42 -0.5854249000549316 0.1417606770992279 -0.7982365489006042
2353 -112 -125 37.717916 37.859145 0.498977929353714 0.1425703912973404 48 -0.5858530402183533 0.14235089719295502 -0.7978173494338989
2354 -112 -125 37.726838 37.859227 0.4210645258426666 0.1425018310546875 39 -0.5852038264274597 0.14211618900299072 -0.7983354926109314
2355 -139  135 37.366348 40.209800 -0.2776089608669281 0.8722341060638428 41 -0.6448904871940613 0.1544177085161209 -0.7485128045082092
2356 -130  139 37.467124 40.245413 0.8999647498130798 1.0222688913345337 28 -0.6397622227668762 0.15148626267910004 -0.753495991230011
2357 -123  139 37.544562 40.248241 1.0367302894592285 0.8614221215248108 39 -0.6344200372695923 0.15181800723075867 -0.7579330801963806
2358 -130  132 37.467225 40.187696 0.2572703957557678 0.48486313223838806 42 -0.6385974884033203 0.15322361886501312 -0.7541324496269226
2359 -124  133 37.543270 40.192274 0.4887251555919647 0.6982760429382324 41 -0.6339676380157471 0.1512332260608673 -0.7584283351898193
2360  -33  -56 38.614953 38.488553 -2.082885503768921 0.7331019639968872 35 -0.5278339385986328 0.12539494037628174 -0.8400401473045349
2361  -14  -51 38.832006 38.537997 -2.3272008895874023 0.7842377424240112 30 -0.5109349489212036 0.12001783400774002 -0.8511998653411865
2362   -6  -50 38.928932 38.542595 -2.9125585556030273 0.6984440684318542 38 -0.5027039647102356 0.11829906702041626 -0.8563259243965149
2363  -14  -63 38.832768 38.426161 -2.906102418899536 0.9856346249580383 34 -0.508050799369812 0.12093399465084076 -0.8527950048446655
2364 -243 -247 36.274198 36.738688 3.0618019104003906 1.1979635953903198 280 -0.6671028137207031 0.15351328253746033 -0.7289770841598511
2365 -236 -247 36.355922 36.736342 3.529116630554199 0.7718692421913147 600 -0.6625654697418213 0.15185561776161194 -0.7334486246109009
2366 -243 -254 36.281012 36.676034 3.407412528991699 0.6686112880706787 553 -0.6651286482810974 0.15731282532215118 -0.7299702167510986
2367 -237 -253 36.338513 36.686580 3.1561365127563477 0.8156406283378601 38 -0.6622754335403442 0.15537768602371216 -0.7329727411270142
2368 -235 -252 36.368534 36.692892 3.1709113121032715 0.6897775530815125 44 -0.6607782244682312 0.1543109267950058 -0.7345476746559143
2369 -238 -255 36.336499 36.664460 3.2195611000061035 0.642782986164093 43 -0.6616531610488892 0.15677380561828613 -0.7332374453544617
2370 -235 -255 36.361313 36.672164 2.6357786655426025 0.4409063458442688 41 -0.6605607271194458 0.15575401484966278 -0.7344387173652649
2371 -234 -255 36.376670 36.673094 3.256563901901245 0.21452884376049042 39 -0.6596672534942627 0.15533645451068878 -0.7353296279907227
2372 -235 -256 36.362617 36.657915 2.9899959564208984 0.4407252371311188 44 -0.6600226163864136 0.15659570693969727 -0.7347434163093567
2373 -234 -256 36.375988 36.659271 3.06508469581604 0.2857971489429474 46 -0.6592859029769897 0.15620428323745728 -0.7354878783226013
2374 -211 -266 36.632870 36.573716 1.9983104467391968 0.6581680178642273 48 -0.6426607966423035 0.14826439321041107 -0.7516679763793945
2375 -202 -263 36.737261 36.605195 2.79327130317688 0.6888253092765808 47 -0.635676920413971 0.14936944842338562 -0.7573661804199219
2376 -279 -230 35.863296 36.882194 0.3672041594982147 1.9173868894577026 42 -0.6908612251281738 0.1629762202501297 -0.7043788433074951
2377  -64  -76 38.261667 38.310366 -1.721964716911316 0.5147062540054321 45 -0.5533047914505005 0.1306103765964508 -0.8226754069328308
2378  -52  -76 38.399432 38.312133 -1.9064396619796753 0.6136614084243774 43 -0.5423012375831604 0.12873485684394836 -0.8302630186080933
2379  -64  -88 38.258817 38.203474 -1.3115348815917969 0.8143110871315002 44 -0.5513924360275269 0.1321825385093689 -0.8237075805664062
2380  -55  -85 38.364977 38.231472 -1.5099409818649292 0.785494327545166 39 -0.5439800024032593 0.12917165458202362 -0.8290961384773254
2381  -49  -85 38.434127 38.231804 -1.3578318357467651 0.6235665082931519 36 -0.5384148359298706 0.12719608843326569 -0.8330249190330505
2382  -55  -92 38.366228 38.168656 -1.208560824394226 0.5667479038238525 41 -0.5418565273284912 0.13156075775623322 -0.8301103711128235
2383 -111  157 37.691743 40.411980 7.087029457092285 0.7367339730262756 50 -0.6272794604301453 0.15138329565525055 -0.7639395594596863
2384  -68  114 38.203282 40.029488 -0.14231830835342407 0.8114004135131836 34 -0.5865251421928406 0.14410077035427094 -0.7970089316368103
2385  -61  114 38.274504 40.025582 0.5884813070297241 0.7029372453689575 37 -0.5816466808319092 0.14252589643001556 -0.8008580207824707
2386  -68  109 38.197475 39.979958 0.3757282793521881 0.882037878036499 45 -0.5878708958625793 0.13777700066566467 -0.7971357107162476
2387  -61  107 38.280359 39.969605 0.9803791642189026 1.0352914333343506 157 -0.5814615488052368 0.13832592964172363 -0.801728367805481
2388  -55  107 38.347108 39.970194 1.3835198879241943 0.8170714378356934 143 -0.5765672326087952 0.13727723062038422 -0.8054348230361938
2389  -48  108 38.434202 39.973670 0.5861660838127136 0.9363552927970886 44 -0.5703347325325012 0.13477222621440887 -0.8102806210517883
2390 -133  192 37.416441 40.719178 9.401446342468262 1.6946481466293335 48 -0.647891640663147 0.15691706538200378 -0.7453948259353638
2391 -109  194 37.701064 40.743411 8.962687492370605 1.5691158771514893 39 -0.6308251023292542 0.15300258994102478 -0.760690450668335
2392 -170 -295 37.096950 36.318472 4.0407586097717285 2.038881778717041 47 -0.6069256663322449 0.1418071985244751 -0.7820051312446594
2393 -121 -294 37.649133 36.335555 2.473029375076294 0.9033795595169067 42 -0.565765380859375 0.13229863345623016 -0.8138836622238159
2394  -33 -131 38.620312 37.812559 1.3369437456130981 1.3135921955108643 40 -0.5137990713119507 0.12109009176492691 -0.8493219614028931
2395  -45  -95 38.482294 38.136798 -0.9795717000961304 0.7658580541610718 42 -0.5314508080482483 0.13046659529209137 -0.8369817733764648
2396  -43  -95 38.503035 38.136629 -1.1526418924331665 0.4917525053024292 43 -0.5294809341430664 0.13033461570739746 -0.8382498621940613
2397  -97 -118 37.894604 37.924312 0.057649195194244385 0.23282957077026367 39 -0.5743385553359985 0.1381808966398239 -0.8068712949752808
2398  -96 -118 37.903728 37.924395 0.25178053975105286 0.3605972230434418 39 -0.5736802816390991 0.1379322111606598 -0.8073819279670715
2399  -97 -119 37.895267 37.917474 0.7739463448524475 0.20796343684196472 39 -0.5741657018661499 0.13858139514923096 -0.8069256544113159
2400  -96 -119 37.903848 37.917640 0.30445390939712524 0.23512358963489532 41 -0.5735026001930237 0.13833075761795044 -0.8074400424957275
2401 -184 -232 36.933441 36.885020 2.749328851699829 0.7482233047485352 41 -0.6266732811927795 0.14751240611076355 -0.7651932239532471
2402 -158 -231 37.220606 36.896834 2.574491500854492 0.9198624491691589 38 -0.6072404980659485 0.14266958832740784 -0.7816036939620972
2403 -216   73 36.481557 39.632178 -1.6334041357040405 1.393585443496704 44 -0.6879198551177979 0.1645178198814392 -0.7068946957588196
2404 -233 -132 36.346155 37.776340 1.2702832221984863 0.848387598991394 41 -0.6748525500297546 0.15965180099010468 -0.7204757928848267
2405 -207 -132 36.641851 37.786300 2.056124210357666 0.9974864721298218 37 -0.6576828360557556 0.1547846496105194 -0.7372211217880249
2406 -285 -296 35.827576 36.286699 1.9731723070144653 0.7932400703430176 34 -0.6875301599502563 0.15776491165161133 -0.7088106274604797
2407 -279 -297 35.894946 36.275376 2.649054527282715 0.8368963599205017 45 -0.6838316917419434 0.15706834197044373 -0.7125333547592163
2408 -274 -311 35.950582 36.154561 2.79150652885437 0.5341038107872009 54 -0.6782200336456299 0.15934811532497406 -0.7173742651939392
2409 -273 -316 35.959267 36.107689 1.7482106685638428 0.5879647731781006 49 -0.67788165807724 0.15471000969409943 -0.7187080383300781
2410 -268 -295 36.013633 36.299515 3.5564193725585938 0.3648940622806549 43 -0.6778720617294312 0.15403394401073456 -0.7188622951507568
2411 -111 -148 37.735054 37.659152 1.8635282516479492 0.47535115480422974 46 -0.5823066234588623 0.1368674486875534 -0.801365315914154
2412 -117 -154 37.664874 37.601544 1.9880330562591553 0.36727002263069153 42 -0.5865582227706909 0.13774773478507996 -0.7981072068214417
2413 -111 -154 37.736003 37.602668 1.4383012056350708 0.45284369587898254 41 -0.5813479423522949 0.13609151542186737 -0.8021930456161499
2414 -102 -151 37.840622 37.633089 1.793561577796936 0.7614938616752625 52 -0.5738105177879333 0.13496430218219757 -0.8077908754348755
2415 -114 -163 37.702037 37.518734 2.0258049964904785 0.8725143671035767 42 -0.5821375250816345 0.13768252730369568 -0.8013485074043274
2416 -102 -164 37.843879 37.512871 2.0026557445526123 0.731641948223114 51 -0.5715659856796265 0.13378557562828064 -0.8095763325691223
2417    6  114 39.081421 40.028352 4.642420768737793 0.7628447413444519 42 -0.5203903913497925 0.12457896023988724 -0.8447922468185425
2418   13  113 39.153450 40.018499 4.607673645019531 0.6284756660461426 35 -0.5141578912734985 0.1230478435754776 -0.8488232493400574
2419   19  113 39.229591 40.021145 4.491411209106445 0.6151931881904602 37 -0.5079138278961182 0.12072740495204926 -0.8529058694839478
2420   24  113 39.289306 40.023004 5.276288032531738 0.5759720802307129 38 -0.5030225515365601 0.11893229931592941 -0.8560510873794556
2421   24  108 39.282912 39.975663 4.929379463195801 0.7741689085960388 42 -0.5019946098327637 0.12154537439346313 -0.8562874794006348
2422  -79  197 38.060837 40.778281 8.969317436218262 1.4012842178344727 46 -0.6084550619125366 0.14655649662017822 -0.7799381613731384
2423 -254 -228 36.147918 36.903850 1.8921141624450684 1.3351373672485352 40 -0.675703227519989 0.1571994572877884 -0.7202176451683044
2424 -248 -250 36.223597 36.708679 1.8424501419067383 1.236724615097046 41 -0.6688559055328369 0.1564684361219406 -0.7267388701438904
2425 -261 -268 36.082332 36.542390 0.9773451089859009 0.5719386339187622 40 -0.6748406887054443 0.15869690477848053 -0.7206978797912598
2426 -250 -265 36.203191 36.577438 1.3748772144317627 1.1414458751678467 43 -0.6687584519386292 0.15549609065055847 -0.727037250995636
2427 -182 -131 36.923029 37.794318 0.2595592141151428 1.052480697631836 27 -0.6402547955513 0.1510734260082245 -0.7531604170799255
2428 -165 -126 37.124134 37.846049 1.4831197261810303 0.8868060111999512 11 -0.628627359867096 0.1479804515838623 -0.7634981274604797
2429 -151 -125 37.277729 37.853365 2.3286526203155518 0.6277471780776978 53 -0.6184862852096558 0.14449036121368408 -0.7723970413208008
2430 -164 -138 37.129564 37.734728 0.7616659998893738 1.0437102317810059 36 -0.6263052821159363 0.14738009870052338 -0.7655200362205505
2431 -156  176 37.152360 40.571849 8.954062461853027 0.6651135683059692 35 -0.6625621318817139 0.15678352117538452 -0.7324141263961792
2432 -149  176 37.239720 40.577834 8.78421688079834 0.6950350403785706 31 -0.656785786151886 0.1588854044675827 -0.7371484637260437
2433 -155  169 37.169452 40.513918 7.014870643615723 0.8455792665481567 28 -0.6603351831436157 0.15830177068710327 -0.7340967655181885
2434 -149  170 37.240062 40.521658 7.559901237487793 0.8625501990318298 33 -0.6565699577331543 0.15625175833702087 -0.7379032969474792
2435 -193 -191 36.821336 37.254470 6.607186317443848 1.4133305549621582 41 -0.6399492621421814 0.14689691364765167 -0.7542455196380615
2436 -190 -189 36.855195 37.272626 1.5208320617675781 0.8697304725646973 32 -0.6376205086708069 0.14817959070205688 -0.7559649348258972
2437 -191 -191 36.838573 37.254470 2.0732500553131104 2.0383059978485107 30 -0.638873815536499 0.1465034931898117 -0.755233108997345
2438 -190 -191 36.853487 37.258292 2.1419479846954346 0.7839086651802063 48 -0.6380560994148254 0.14595761895179749 -0.7560296058654785
2439 -195 -192 36.797133 37.246970 2.5846731662750244 1.7610623836517334 26 -0.6412529945373535 0.14785723388195038 -0.7529494166374207
2440 -194 -192 36.804433 37.246509 3.936028242111206 1.6295214891433716 31 -0.6407869458198547 0.14771640300750732 -0.7533737421035767
2441 -195 -193 36.795680 37.240288 2.1731507778167725 0.19286182522773743 26 -0.6411665678024292 0.14825554192066193 -0.7529447674751282
2442 -194 -193 36.804450 37.240615 2.4566972255706787 0.140537828207016 45 -0.6406375765800476 0.14803922176361084 -0.7534373998641968
2443 -193 -192 36.816763 37.243319 5.501008987426758 3.1479830741882324 34 -0.6399343609809875 0.1476084142923355 -0.7541192173957825
2444 -195 -194 36.800910 37.230817 2.431492328643799 2.1225626468658447 30 -0.6405832171440125 0.1486516296863556 -0.7533630728721619
2445 -193 -194 36.814418 37.231523 4.657977104187012 3.8371572494506836 560 -0.6397623419761658 0.1483042687177658 -0.754128634929657
2446 -191 -192 36.846580 37.242503 3.0749239921569824 2.6743714809417725 673 -0.6380535960197449 0.14697149395942688 -0.7558353543281555
2447 -186 -191 36.896335 37.253079 2.7089686393737793 0.6974993944168091 145 -0.6347686648368835 0.14728012681007385 -0.7585362792015076
2448 -180 -185 36.965443 37.310716 2.3420703411102295 0.7346839904785156 161 -0.6301259398460388 0.1504935622215271 -0.7617696523666382
2449 -174 -185 37.029071 37.314915 3.1150810718536377 1.9917114973068237 153 -0.6261428594589233 0.14876584708690643 -0.7653847932815552
2450 -180 -191 36.967719 37.253739 2.876943349838257 1.5809259414672852 34 -0.6298471689224243 0.1473572999238968 -0.7626128792762756
2451 -174 -192 37.033944 37.250220 2.6536178588867188 0.9592233300209045 29 -0.6253121495246887 0.14674708247184753 -0.7664529085159302
2452 -169 -171 37.085406 37.439018 2.2319815158843994 0.29065850377082825 35 -0.6236591935157776 0.15068617463111877 -0.767035186290741
2453 -166 -171 37.120492 37.439398 2.8855373859405518 2.2570149898529053 34 -0.6213778853416443 0.14982563257217407 -0.7690525054931641
2454 -169 -174 37.086174 37.410827 2.3184814453125 0.3208821713924408 131 -0.6242634057998657 0.14605550467967987 -0.7674392461776733
2455 -166 -174 37.122499 37.411740 2.362915277481079 1.2257167100906372 41 -0.6213660836219788 0.14734932780265808 -0.7695404291152954
2456 -161 -172 37.173446 37.427913 3.170395851135254 2.3975255489349365 42 -0.6177331805229187 0.14845897257328033 -0.7722471356391907
2457 -167 -179 37.104029 37.370113 2.8905177116394043 1.1042397022247314 31 -0.6228047609329224 0.1440529078245163 -0.769001305103302
2458 -161 -179 37.175874 37.368943 3.030184268951416 2.434677839279175 42 -0.6180697679519653 0.14245031774044037 -0.7731091380119324
2459  -97 -130 37.891049 37.815804 0.32858172059059143 0.4621676206588745 34 -0.5737809538841248 0.133816659450531 -0.808002769947052
2460 -118 -134 37.657523 37.781089 1.165522813796997 0.08927401155233383 23 -0.5901412963867188 0.13834892213344574 -0.7953570485115051
2461 -119 -135 37.648556 37.773846 0.8430328369140625 0.28468477725982666 25 -0.5905882120132446 0.13894493877887726 -0.7949212789535522
2462 -118 -135 37.657736 37.773951 1.3001575469970703 0.28553739190101624 34 -0.5899285674095154 0.1387084573507309 -0.7954522371292114
2463 -116 -132 37.674979 37.795373 0.22611743211746216 0.26688626408576965 37 -0.589343249797821 0.13719569146633148 -0.7961481809616089
2464 -117 -133 37.666087 37.788107 0.7058903574943542 0.14188261330127716 36 -0.5897384285926819 0.13777951896190643 -0.7957546710968018
2465 -116 -133 37.675017 37.788387 0.6735392808914185 0.1240403801202774 26 -0.5891348123550415 0.13754823803901672 -0.7962415814399719
2466 -115 -132 37.683804 37.795485 0.38962116837501526 0.15584984421730042 37 -0.5887234807014465 0.13697190582752228 -0.7966451048851013
2467 -115 -132 37.692856 37.795551 0.9382463693618774 0.23887644708156586 652 -0.5880902409553528 0.13674552738666534 -0.7971515655517578
2468 -115 -133 37.683772 37.788422 1.0035934448242188 0.28425949811935425 8070 -0.5885319709777832 0.13733334839344025 -0.7967243790626526
2469 -115 -133 37.692917 37.788593 1.0283563137054443 0.195002943277359 6748 -0.5878632068634033 0.13709187507629395 -0.797259509563446
2470 -117 -134 37.666402 37.781172 0.9282073378562927 0.17934954166412354 7882 -0.5895233750343323 0.13812606036663055 -0.795853853225708
2471 -116 -134 37.675460 37.781478 0.6994205117225647 0.2874077260494232 1603 -0.5888994932174683 0.1378874033689499 -0.7963570356369019
2472 -117 -135 37.666485 37.774364 1.069942831993103 0.32183319330215454 1292 -0.5893093347549438 0.1384667456150055 -0.7959532141685486
2473 -116 -135 37.675314 37.774296 0.9930145144462585 0.2714814245700836 2697 -0.5886744856834412 0.13824915885925293 -0.7964606285095215
2474 -115 -134 37.688471 37.777724 1.2043683528900146 0.2970081567764282 167 -0.5878416299819946 0.1377481371164322 -0.7971622943878174
2475 -119 -136 37.640116 37.766796 0.515389621257782 0.5235773324966431 194 -0.5909923315048218 0.13951647281646729 -0.7945207953453064
2476 -120 -136 37.631308 37.759915 1.759669303894043 0.30917298793792725 47 -0.5914561152458191 0.1400960385799408 -0.7940735816955566
2477 -119 -136 37.640332 37.759960 0.9257326126098633 0.21821320056915283 47 -0.5907963514328003 0.13986298441886902 -0.7946056127548218
2478 -119 -136 37.648892 37.766883 -0.22466379404067993 0.4265129268169403 47 -0.5903946161270142 0.1392986923456192 -0.7950032353401184
2479 -118 -136 37.657789 37.766943 0.8398856520652771 0.8695310354232788 41 -0.5897578001022339 0.1390717476606369 -0.7955154776573181
2480 -119 -136 37.648923 37.759780 0.4950813353061676 0.22302097082138062 12276 -0.5902121663093567 0.1396644115447998 -0.7950745224952698
2481 -118 -136 37.657794 37.759958 1.3221451044082642 0.4923630654811859 9449 -0.589596152305603 0.13943585753440857 -0.7955715656280518
2482 -120 -137 37.631439 37.752808 1.7259738445281982 0.4796023666858673 10834 -0.5912669897079468 0.14046059548854828 -0.7941499948501587
2483 -119 -137 37.640428 37.752676 0.32626399397850037 0.35565271973609924 10552 -0.5906184315681458 0.14024022221565247 -0.794671356678009
2484 -120 -138 37.631515 37.745679 2.138543128967285 0.2919352948665619 1300 -0.5911167860031128 0.14083623886108398 -0.794195294380188
2485 -119 -138 37.640516 37.745692 0.3595835864543915 0.7799443006515503 573 -0.59046870470047 0.14060728251934052 -0.7947177886962891
2486 -118 -137 37.653535 37.749381 1.0596007108688354 0.81709885597229 9742 -0.5896548628807068 0.14009425044059753 -0.7954123020172119
2487 -117 -136 37.671224 37.763710 1.8058040142059326 0.3497401475906372 39857 -0.5887141227722168 0.13890115916728973 -0.7963178753852844
2488 -115 -136 37.688795 37.763889 2.0582945346832275 0.5924324989318848 6979 -0.5874492526054382 0.13844820857048035 -0.7973302006721497
2489 -117 -137 37.670289 37.749843 1.516542673110962 0.6956626176834106 2178 -0.5884849429130554 0.13965287804603577 -0.7963557839393616
2490 -115 -137 37.690084 37.749963 1.933173418045044 0.6027055978775024 630 -0.587044894695282 0.13914236426353455 -0.7975071668624878
2491 -113 -133 37.706469 37.792209 1.037070870399475 0.20529724657535553 505 -0.5870095491409302 0.13657324016094208 -0.7979771494865417
2492 -112 -133 37.723611 37.792354 1.051689863204956 0.3806898295879364 543 -0.5858146548271179 0.13614521920681 -0.7989278435707092
2493 -113 -134 37.706698 37.778275 0.5941553711891174 0.43201708793640137 566 -0.586539089679718 0.13726095855236053 -0.7982050776481628
2494 -112 -134 37.724571 37.778195 0.6127614974975586 0.40401792526245117 580 -0.5853115916252136 0.13683055341243744 -0.7991793751716614
2495 -109 -134 37.751758 37.785958 0.8651426434516907 0.49355077743530273 68 -0.5835957527160645 0.135762020945549 -0.8006151914596558
2496 -113 -137 37.715619 37.757541 1.7638494968414307 1.6048530340194702 43 -0.58531653881073 0.13808929920196533 -0.7989592552185059
2497 -110 -137 37.751198 37.757502 1.208398461341858 0.49818155169487 41 -0.5826994776725769 0.13718266785144806 -0.8010258078575134
2498 -120 -139 37.636070 37.735060 1.8833976984024048 0.32141223549842834 45 -0.5905452370643616 0.14127612113952637 -0.7945422530174255
2499 -118 -139 37.653558 37.735592 1.9988106489181519 0.42155781388282776 21 -0.5893756151199341 0.14082321524620056 -0.795490562915802
2500 -120 -141 37.636368 37.721151 2.0069143772125244 0.2448902428150177 25 -0.5901429057121277 0.14198102056980133 -0.7947155237197876
2501 -118 -141 37.654097 37.721124 2.163388252258301 0.20138394832611084 42 -0.5888793468475342 0.141534686088562 -0.795731782913208
2502 -116 -140 37.680690 37.728331 1.9907138347625732 0.32359305024147034 44 -0.5872030258178711 0.14050094783306122 -0.7971524596214294
2503  -62 -102 38.289234 38.078243 -0.8628538250923157 0.7121743559837341 40 -0.5470051169395447 0.12926988303661346 -0.8270880579948425
2504  -64 -103 38.265705 38.067679 -0.3890290856361389 0.08383534103631973 46 -0.5485180616378784 0.13051414489746094 -0.8258898258209229
2505  -63 -103 38.275506 38.068168 -0.6183243989944458 0.22774522006511688 43 -0.5477248430252075 0.13020354509353638 -0.8264651298522949
2506  -64 -103 38.265917 38.062338 -0.34004488587379456 0.19897504150867462 44 -0.5482467412948608 0.1307862401008606 -0.826026976108551
2507  -63 -103 38.274912 38.061222 -0.8739288449287415 0.5651531219482422 44 -0.5474991798400879 0.13059528172016144 -0.8265528082847595
2508  -62 -103 38.284358 38.068503 -0.4678139388561249 0.14713738858699799 37 -0.5470603108406067 0.12994271516799927 -0.8269461989402771
2509  -62 -103 38.292961 38.068083 -0.5379862785339355 0.3750801384449005 13 -0.5463265180587769 0.1297159194946289 -0.8274667263031006
2510  -62 -103 38.284420 38.060977 -1.0273799896240234 0.39165911078453064 37 -0.5467589497566223 0.130346417427063 -0.8270819187164307
2511  -61 -103 38.293639 38.061145 -0.932694673538208 0.31138789653778076 13 -0.546057403087616 0.1300838589668274 -0.8275865912437439
2512  -60 -101 38.306165 38.079891 -1.7950078248977661 0.8905012607574463 33 -0.5457913875579834 0.12872150540351868 -0.8279749155044556
2513  -59 -101 38.320107 38.082367 -0.1274523288011551 0.28605177998542786 42 -0.5448206067085266 0.1282079815864563 -0.828693687915802
2514  -58 -101 38.329448 38.082370 0.04911509528756142 0.32543620467185974 8 -0.5439990758895874 0.12792757153511047 -0.8292765617370605
2515  -59 -102 38.320138 38.075313 -0.678484320640564 0.18523328006267548 29 -0.5444920063018799 0.12857437133789062 -0.8288528919219971
2516  -58 -102 38.328363 38.075582 -0.9293255805969238 0.24208392202854156 4 -0.5438457131385803 0.12832821905612946 -0.8293152451515198
2517  -61 -103 38.302121 38.067994 -1.2108651399612427 0.21049518883228302 178 -0.5456110835075378 0.12946709990501404 -0.8279775381088257
2518  -60 -103 38.311324 38.068304 -0.5066011548042297 0.1948258876800537 179 -0.5448906421661377 0.12919165194034576 -0.8284948468208313
2519 -151 -154 37.280466 37.593242 1.9228606224060059 0.2572135627269745 150 -0.6130973696708679 0.1477034091949463 -0.7760769128799438
2520 -151 -154 37.289720 37.593415 2.9575226306915283 0.8674230575561523 153 -0.6124617457389832 0.14746439456939697 -0.7766240239143372
2521 -151 -155 37.280700 37.586307 2.463911771774292 0.20124849677085876 52 -0.6129350066184998 0.14807385206222534 -0.7761345505714417
2522 -151 -155 37.289697 37.586356 2.7116143703460693 0.5379713177680969 39 -0.6122559905052185 0.14783361554145813 -0.7767160534858704
2523 -150 -154 37.298430 37.593161 2.132101058959961 0.7989681959152222 38 -0.6118677854537964 0.1472647786140442 -0.7771298885345459
2524 -149 -154 37.307243 37.593735 1.9187901020050049 0.3030514717102051 46 -0.6112988591194153 0.14702196419239044 -0.7776234745979309
2525  -60 -157 38.317214 37.580474 2.8661880493164062 2.7818098068237305 34 -0.5344854593276978 0.12711963057518005 -0.8355632424354553
2526  -36  127 38.568582 40.143966 4.683082103729248 1.4258315563201904 44 -0.5631731152534485 0.1321137249469757 -0.8157094717025757
2527  -30  126 38.641516 40.142508 4.838322162628174 1.3373594284057617 42 -0.5576322078704834 0.13089008629322052 -0.8197036981582642
2528  -24  126 38.717496 40.141450 4.918708324432373 1.087563157081604 45 -0.5513610243797302 0.13099151849746704 -0.8239188194274902
2529  -82 -119 38.063715 37.918651 0.6636218428611755 0.12497235834598541 45 -0.5616876482963562 0.1339438408613205 -0.8164349794387817
2530  -81 -118 38.072906 37.926459 0.5175603032112122 0.15193955600261688 40 -0.5611406564712524 0.13322560489177704 -0.816928505897522
2531  -80 -118 38.081622 37.925668 0.20604544878005981 0.3525674343109131 43 -0.5604291558265686 0.13302555680274963 -0.8174493312835693
2532  -81 -119 38.072257 37.918688 0.5087423324584961 0.12407189607620239 40 -0.5609809756278992 0.13369370996952057 -0.8169617056846619
2533  -80 -119 38.082359 37.919196 -1.1766562461853027 1.0170413255691528 49 -0.5601099133491516 0.1333591490983963 -0.8176137804985046
2534 -123 -154 37.597342 37.601096 1.6194825172424316 0.7672951221466064 42 -0.5913842916488647 0.13946573436260223 -0.7942379713058472
2535 -145 -158 37.356180 37.562596 3.191920518875122 2.490161418914795 28 -0.6069633960723877 0.14741486310958862 -0.7809380888938904
2536 -143 -158 37.373696 37.562826 2.2390518188476562 0.6429815888404846 37 -0.6057865023612976 0.14697350561618805 -0.7819344997406006
2537 -145 -159 37.356792 37.548718 1.0951603651046753 0.9827925562858582 153 -0.6074221134185791 0.14420324563980103 -0.7811810374259949
2538 -143 -159 37.374500 37.548621 1.8626877069473267 0.5384727716445923 29 -0.6058528423309326 0.14530368149280548 -0.7821951508522034
2539 -141 -159 37.400469 37.556021 1.804963231086731 0.7062549591064453 37 -0.6037771105766296 0.14654304087162018 -0.7835677266120911
2540 -144 -162 37.366003 37.527792 1.374069333076477 0.4854442775249481 40 -0.6076260209083557 0.13931182026863098 -0.7819097638130188
2541 -141 -162 37.401410 37.528093 2.019021511077881 0.5456350445747375 38 -0.6051433086395264 0.13888303935527802 -0.7839088439941406
2542 -136 -160 37.453916 37.543446 1.6273093223571777 0.6747676134109497 46 -0.6005107760429382 0.14286939799785614 -0.7867497205734253
2543 -142 -166 37.384534 37.485738 2.1497340202331543 0.4895921051502228 37 -0.6052001118659973 0.1410609632730484 -0.7834760546684265
2544 -136 -166 37.455297 37.486600 2.5334866046905518 0.31814342737197876 41 -0.6003158092498779 0.13928373157978058 -0.7875411510467529
2545 -127 -163 37.560356 37.516337 2.26442813873291 0.8052141666412354 39 -0.5926656723022461 0.13971076905727386 -0.7932391166687012
2546 -117 -148 37.663792 37.657752 2.0876495838165283 0.234530970454216 42 -0.5879372954368591 0.1367635428905487 -0.7972612380981445
2547  -55  139 38.346289 40.252328 4.709169387817383 2.0151314735412598 45 -0.5807274580001831 0.13904337584972382 -0.802136242389679
2548  -49  139 38.423132 40.251845 6.284308910369873 2.9073925018310547 41 -0.5744156837463379 0.1404312402009964 -0.8064277172088623
2549  -49  133 38.423199 40.198039 3.7361197471618652 1.2134114503860474 26 -0.5739021301269531 0.13862743973731995 -0.8071052432060242
2550  -32  167 38.613018 40.505789 9.319364547729492 0.7929253578186035 45 -0.5656227469444275 0.1367424577474594 -0.8132480382919312
2551    7   51 39.089287 39.462732 -0.3150394558906555 0.7701672315597534 20 -0.5081252455711365 0.12312164902687073 -0.8524375557899475
2552   25  202 39.302421 40.823806 7.805944919586182 1.3434791564941406 11 -0.5174084901809692 0.12535874545574188 -0.8465067148208618
2553  -89  173 37.940605 40.561795 9.111352920532227 0.7004841566085815 2 -0.6134520769119263 0.148949533700943 -0.7755582332611084
2554  -77  174 38.088833 40.566941 8.886893272399902 0.8299560546875 34 -0.6035342216491699 0.14734436571598053 -0.7836045622825623
2555  -89  162 37.941941 40.456229 8.2854642868042 0.71770840883255 14 -0.6117820739746094 0.14779366552829742 -0.7770969867706299
2556  -69   52 38.186725 39.469528 -0.3390689492225647 0.8427477478981018 42 -0.5791382789611816 0.1384953409433365 -0.8033790588378906
2557  -23   56 38.725884 39.511030 -0.9405731558799744 1.0512079000473022 14 -0.5386142730712891 0.12928712368011475 -0.8325740098953247
2558   -8  167 38.901389 40.509709 9.191875457763672 0.9976978302001953 9 -0.5439851880073547 0.13083802163600922 -0.8288313746452332
2559  -40  149 38.520934 40.342881 7.535239219665527 2.779860019683838 34 -0.5694553256034851 0.13710933923721313 -0.81050705909729
2560  -27  149 38.675173 40.345378 8.192550659179688 0.7717059254646301 4 -0.5578165054321289 0.13536834716796875 -0.8188505172729492
2561  -40  135 38.529304 40.223045 5.258227348327637 2.029959201812744 38 -0.5664198994636536 0.1379328966140747 -0.8124918937683105
2562  -27  136 38.680784 40.226390 6.889017105102539 1.1458430290222168 3 -0.5553447008132935 0.1351136416196823 -0.8205708861351013
2563   -9  140 38.882801 40.266103 7.179050445556641 1.041178584098816 42 -0.5404317378997803 0.13080094754695892 -0.8311586380004883
2564   20  157 39.235677 40.417537 7.3859357833862305 1.1682878732681274 4 -0.5150449275970459 0.1240643635392189 -0.8481371998786926
2565  -16  -93 38.814322 38.158475 -1.8658618927001953 0.5144186615943909 27 -0.5041121244430542 0.12007848918437958 -0.8552497625350952
2566  -13  -89 38.840398 38.193341 -1.5626366138458252 0.43948784470558167 5 -0.5031136274337769 0.11754194647073746 -0.8561895489692688
2567  -12  -89 38.858501 38.193179 -1.767673134803772 0.3348242938518524 11 -0.5015281438827515 0.11701831221580505 -0.8571909666061401
2568  -13  -91 38.841154 38.179198 -2.165752649307251 0.49159353971481323 5 -0.5025851130485535 0.11824776977300644 -0.8564027547836304
2569  -12  -91 38.857604 38.179143 -1.5145031213760376 0.3354974389076233 23 -0.5012397766113281 0.11778716742992401 -0.8572542667388916
2570  -11  -89 38.871233 38.192130 -1.3082547187805176 0.3152148425579071 2 -0.5004245638847351 0.11670815199613571 -0.8578779101371765
2571  -13  -93 38.846469 38.158545 -2.201308488845825 0.8498707413673401 7 -0.5014587640762329 0.11915571987628937 -0.8569369912147522
2572 -164  136 37.062977 40.211030 -0.4650619924068451 0.7362515926361084 30 -0.6632468700408936 0.15733462572097778 -0.7316757440567017
2573 -151  135 37.216303 40.210135 -0.3091890215873718 0.7406299114227295 2 -0.6539807319641113 0.15627968311309814 -0.7401931881904602
2574 -140  173 37.343393 40.555090 7.967200756072998 0.9664497971534729 9 -0.6506420373916626 0.15647710859775543 -0.7430880665779114
2575 -127  173 37.493226 40.549266 8.005637168884277 1.1336687803268433 36 -0.641760528087616 0.15377305448055267 -0.7513303756713867
2576 -136  163 37.388602 40.462112 6.442580223083496 0.906135618686676 3 -0.6460303664207458 0.1580655723810196 -0.7467664480209351
2577 -130  163 37.462378 40.465848 7.117855072021484 0.548412024974823 8 -0.6413758397102356 0.15819212794303894 -0.750741183757782
2578 -124  165 37.530656 40.476986 7.592921257019043 0.7071393132209778 112 -0.6377271413803101 0.15608662366867065 -0.7542818188667297
2579 -113  173 37.655487 40.554619 8.855345726013184 0.8324704170227051 5 -0.6317188739776611 0.15146945416927338 -0.7602553963661194
2580 -102  172 37.795811 40.545332 8.88654613494873 0.6939770579338074 10 -0.6228721141815186 0.14894403517246246 -0.7680143117904663
2581 -117  165 37.609905 40.478924 8.478819847106934 0.4646588861942291 2 -0.6330743432044983 0.15421360731124878 -0.7585744261741638
2582 -111  164 37.687908 40.478531 8.419553756713867 0.4576999843120575 11 -0.6282076835632324 0.15244160592556 -0.7629656791687012
2583  -64  147 38.235560 40.328640 6.983792304992676 1.1190494298934937 6 -0.589856743812561 0.1417008936405182 -0.7949779033660889
2584  -42  108 38.503007 39.974608 1.2398940324783325 0.8124650716781616 16 -0.5653336644172668 0.13290108740329742 -0.8140854239463806
2585  -19  -96 38.778850 38.130916 -0.4415360391139984 0.5059481263160706 35 -0.5063148140907288 0.12256497144699097 -0.8535942435264587
2586  -16  -96 38.813420 38.130390 -0.1313437968492508 0.3860602378845215 13 -0.5033987760543823 0.12158462405204773 -0.8554571270942688
2587  -19  -99 38.777165 38.102105 0.09333466738462448 0.39589983224868774 58 -0.5055190324783325 0.12408395111560822 -0.8538463711738586
2588  -16  -99 38.813477 38.101674 -0.3118474781513214 0.4021137058734894 814 -0.5023291110992432 0.1230309009552002 -0.855879008769989
2589  -13  -97 38.842510 38.121554 -0.327325701713562 0.98795086145401 184 -0.5005640387535095 0.12116578221321106 -0.8571782112121582
2590  -17 -104 38.795574 38.059882 0.4777960181236267 0.720836341381073 148 -0.504575252532959 0.11680218577384949 -0.8554303646087646
2591  -62 -108 38.284604 38.018806 0.39814358949661255 0.8076509237289429 190 -0.5456479787826538 0.13274434208869934 -0.8274341821670532
2592  -62 -108 38.293250 38.019265 0.03000795841217041 0.7525666952133179 194 -0.5450190901756287 0.13248293101787567 -0.8278903961181641
2593  -64 -109 38.267816 38.011628 -0.09591395407915115 0.5388309359550476 740 -0.546709418296814 0.13361051678657532 -0.8265936970710754
2594  -63 -109 38.275585 38.011581 -0.5167872309684753 0.4530978500843048 2547 -0.5461540222167969 0.13340707123279572 -0.8269935846328735
2595  -64 -110 38.267382 38.004800 -0.014107192866504192 0.48332059383392334 2069 -0.5465294122695923 0.1340029239654541 -0.8266491889953613
2596  -63 -110 38.276311 38.004803 -0.20816995203495026 0.19351977109909058 2091 -0.5458071827888489 0.13374441862106323 -0.8271680474281311
2597  -62 -109 38.284854 38.011950 -0.7422882318496704 0.48593980073928833 2914 -0.5454893112182617 0.133137047290802 -0.8274756669998169
2598  -61 -109 38.294067 38.011975 0.3778854310512543 0.41286709904670715 40 -0.5448020696640015 0.13288427889347076 -0.8279688954353333
2599  -62 -110 38.285760 38.004527 -0.870908796787262 0.4122341573238373 36 -0.5450073480606079 0.13347986340522766 -0.8277379870414734
2600  -62 -110 38.293696 38.004987 0.18948382139205933 0.5573797821998596 49 -0.5445627570152283 0.13326987624168396 -0.8280643224716187
2601  -61 -107 38.301786 38.025887 0.494740754365921 0.34986037015914917 39 -0.5445636510848999 0.13187584280967712 -0.8282869458198547
2602  -60 -107 38.311327 38.025881 0.38830140233039856 0.7398632168769836 32 -0.5438905358314514 0.13162633776664734 -0.8287687301635742
2603  -61 -108 38.302358 38.019005 0.4804392457008362 0.7749131321907043 43 -0.5443863868713379 0.13226275146007538 -0.8283417820930481
2604  -60 -108 38.310082 38.019542 0.528338611125946 0.9605918526649475 33 -0.5438863635063171 0.1320376992225647 -0.8287060856819153
2605  -59 -107 38.319031 38.027115 -0.04851650446653366 0.35943344235420227 42 -0.5433434844017029 0.13134640455245972 -0.829171895980835
2606  -58 -107 38.329894 38.029273 0.638969361782074 0.7641631364822388 55 -0.5425966382026672 0.13093093037605286 -0.82972651720047
2607  -60 -108 38.316160 38.019840 -0.15362343192100525 0.35742321610450745 33 -0.543434202671051 0.13185246288776398 -0.8290321230888367
2608  -60 -109 38.306684 38.008093 0.6168187260627747 0.771809458732605 51 -0.5437033176422119 0.13274624943733215 -0.8287129402160645
2609  -59 -110 38.322927 38.004878 0.547497034072876 0.8626843094825745 1177 -0.5423027873039246 0.13245953619480133 -0.8296759128570557
2610  -63 -111 38.271703 37.994126 0.3411818742752075 0.3189547061920166 865 -0.5458950996398926 0.13307492434978485 -0.8272179961204529
2611  -62 -111 38.288828 37.994499 -0.401910662651062 0.8700493574142456 2835 -0.5443235039710999 0.1338081955909729 -0.8281348347663879
2612  -63 -112 38.271795 37.980276 0.36858007311820984 0.519852340221405 122 -0.5474758148193359 0.12475308030843735 -0.8274701237678528
2613  -62 -112 38.289547 37.980362 -0.1382441222667694 0.37127694487571716 307 -0.545918881893158 0.12471846491098404 -0.8285033702850342
2614  -60 -112 38.316485 37.986703 0.028409255668520927 0.6221221685409546 311 -0.5426689982414246 0.12965331971645355 -0.8298798203468323
2615  -70 -114 38.196998 37.968998 1.223872423171997 0.3924633264541626 107 -0.5531548261642456 0.12747246026992798 -0.8232682347297668
2616  -69 -114 38.204955 37.968961 1.0336140394210815 0.4015015661716461 6119 -0.5525658130645752 0.12726403772830963 -0.8236958980560303
2617  -70 -114 38.196576 37.962214 1.0276561975479126 0.46743497252464294 24103 -0.5530309081077576 0.1278790384531021 -0.8232883810997009
2618  -69 -114 38.205167 37.961861 0.21013782918453217 0.24944381415843964 624888 -0.5523320436477661 0.12765862047672272 -0.8237915635108948
2619  -68 -114 38.219392 37.964981 0.7656065821647644 0.24596907198429108 124295 -0.5512481331825256 0.12707677483558655 -0.8246071934700012
2620  -70 -116 38.203358 37.951331 0.6132065057754517 0.31626617908477783 1620 -0.5520437955856323 0.12827740609645844 -0.8238886594772339
2621  -68 -116 38.219109 37.951584 0.5609102249145508 0.19312508404254913 1589 -0.5507133603096008 0.1278049796819687 -0.824851930141449
2622  -66 -115 38.245269 37.958965 0.23477381467819214 0.5984807014465332 1179 -0.5489736795425415 0.1266889125108719 -0.8261826634407043
2623  -69 -118 38.211198 37.929949 0.3348637521266937 0.27985337376594543 1663 -0.5506368279457092 0.12923207879066467 -0.8246806859970093
2624  -66 -118 38.245845 37.930879 0.8197212815284729 0.524317741394043 308406 -0.5478606820106506 0.12819966673851013 -0.826688289642334
2625  -61 -117 38.300160 37.943711 0.37706607580184937 0.45487073063850403 5992 -0.5439521074295044 0.1259748786687851 -0.8296062350273132
2626  -42 -100 38.515360 38.097584 -0.5624709725379944 0.6807944178581238 4724 -0.5296961665153503 0.1219271793961525 -0.8393781781196594
2627  -39  -95 38.551609 38.139647 -3.3556466102600098 0.6117374300956726 36 -0.5255576372146606 0.12874862551689148 -0.8409596085548401
2628  -38  -95 38.559756 38.139278 -2.8745322227478027 0.49638834595680237 44 -0.5248728394508362 0.12853166460990906 -0.8414203524589539
2629  -39  -96 38.551284 38.132445 -1.346760630607605 0.7211374640464783 38 -0.5254664421081543 0.1291731894016266 -0.8409515023231506
2630  -38  -96 38.559710 38.132741 -1.0451542139053345 0.5032841563224792 41 -0.5247885584831238 0.12891389429569244 -0.8414144515991211
2631  -37  -95 38.568719 38.139652 -2.8320772647857666 0.26231080293655396 30 -0.5240761637687683 0.1282326877117157 -0.8419623970985413
2632  -37  -95 38.577149 38.140140 -2.6522953510284424 0.47897323966026306 46 -0.5233773589134216 0.12795622646808624 -0.8424389362335205
2633  -37  -96 38.568454 38.133377 -1.6119308471679688 0.5551369190216064 36 -0.5240483283996582 0.12861403822898865 -0.8419215083122253
2634  -36  -96 38.579085 38.132337 -1.6733708381652832 0.19139845669269562 47 -0.5230135917663574 0.12832887470722198 -0.8426081538200378
2635  -39  -96 38.550975 38.125697 -0.2647596299648285 0.31572988629341125 43 -0.525312602519989 0.12955376505851746 -0.8409890532493591
2636  -38  -96 38.560453 38.126075 0.19970139861106873 0.27959662675857544 42 -0.5245374441146851 0.12925559282302856 -0.8415185213088989
2637  -39  -97 38.551399 38.118936 0.043322693556547165 0.40559378266334534 41 -0.5264045000076294 0.12423033267259598 -0.8411095142364502
2638  -37  -97 38.569439 38.125360 -0.33189791440963745 0.36383718252182007 44 -0.5236977338790894 0.1290120780467987 -0.8420787453651428
2639  -36  -95 38.586299 38.140363 -2.2284183502197266 0.35152357816696167 38 -0.5225954651832581 0.12766949832439423 -0.842967689037323
2640  -35  -95 38.596249 38.140228 -2.639862298965454 0.4916476309299469 38 -0.5217222571372986 0.12737540900707245 -0.843552827835083
2641  -36  -96 38.586618 38.132632 -2.0137412548065186 0.23809440433979034 43 -0.5223618149757385 0.12808291614055634 -0.8430497646331787
2642  -34  -95 38.604325 38.139986 -3.5533032417297363 0.6079556941986084 43 -0.5211312770843506 0.12717272341251373 -0.8439486622810364
2643  -37 -100 38.568827 38.089890 0.6286633610725403 0.4443735182285309 173 -0.525060772895813 0.12083730846643448 -0.8424426317214966
2644  -36 -100 38.578848 38.090468 0.11897332966327667 0.4755924940109253 169 -0.5241931080818176 0.12050899863243103 -0.843029797077179
2645  -34  -99 38.604893 38.106032 -1.4151873588562012 0.36588847637176514 174 -0.5225954055786133 0.11895430833101273 -0.8442416787147522
2646  -33  -99 38.613687 38.107227 -0.7409868836402893 0.585273027420044 46 -0.5218967795372009 0.11864161491394043 -0.8447176814079285
2647  -36 -100 38.586092 38.097359 0.12040407955646515 0.5037322640419006 47 -0.5239533185958862 0.11996585130691528 -0.8432562351226807
2648  -35 -100 38.594974 38.098059 -0.10677296668291092 0.4557267427444458 52 -0.5232184529304504 0.11967367678880692 -0.8437539339065552
2649  -36 -100 38.586644 38.090712 0.09117259830236435 0.3396654427051544 51 -0.5236132144927979 0.12028785794973373 -0.8434216976165771
2650  -35 -100 38.596722 38.090637 0.04213570058345795 0.3097044825553894 44 -0.5227357149124146 0.11999872326850891 -0.8440068960189819
2651  -34 -100 38.603986 38.097401 -0.6043799519538879 0.214701309800148 52 -0.5224074721336365 0.11944463849067688 -0.84428870677948
2652  -33 -100 38.614593 38.096546 -0.8424314856529236 0.5411576628684998 35 -0.5214300155639648 0.11917509883642197 -0.8449307680130005
2653  -34 -100 38.604938 38.090875 -0.49257948994636536 0.35913771390914917 48 -0.5219759941101074 0.11973457038402557 -0.8445144891738892
2654  -33 -100 38.614734 38.090822 -1.5462723970413208 0.6809147000312805 57 -0.5212212204933167 0.11947380006313324 -0.8450174927711487
2655  -45 -101 38.480054 38.082331 0.20356175303459167 0.3365724980831146 35 -0.5321084260940552 0.12375343590974808 -0.8375833034515381
2656  -44 -101 38.488957 38.082825 0.3400314152240753 0.20800268650054932 49 -0.5313396453857422 0.12346147000789642 -0.8381142616271973
2657  -40 -102 38.541637 38.076151 -0.45400485396385193 0.42574113607406616 39 -0.5267723202705383 0.12232471257448196 -0.8411585092544556
2658  -42 -103 38.515213 38.062324 0.3349874019622803 0.1760612577199936 47 -0.528308629989624 0.12377536296844482 -0.8399819731712341
2659  -41 -104 38.524000 38.061264 0.3742401599884033 0.09990189969539642 38 -0.5275035500526428 0.1235714703798294 -0.8405177593231201
2660  -40 -103 38.534761 38.069542 -0.592252790927887 0.6618067622184753 40 -0.5269376635551453 0.12283159047365189 -0.840981125831604
2661  -40 -103 38.541293 38.069293 -0.8169559836387634 0.5156100988388062 34 -0.5264907479286194 0.1226826161146164 -0.8412826657295227
2662  -40 -103 38.533706 38.062859 0.23869721591472626 0.20768752694129944 43 -0.5267330408096313 0.12320369482040405 -0.8410548567771912
2663  -40 -103 38.542379 38.062368 0.3832978904247284 0.24296344816684723 43 -0.5260014533996582 0.12298384308815002 -0.8415446877479553
2664  -73  145 38.132654 40.307779 6.783076763153076 0.9663218259811401 45 -0.5971590876579285 0.1412612944841385 -0.7895861864089966
2665 -229 -242 36.428184 36.785938 3.365651845932007 0.42797568440437317 45 -0.6570523381233215 0.1583641916513443 -0.737023115158081
2666 -226 -239 36.462333 36.814798 2.8119266033172607 0.38640737533569336 43 -0.6557319164276123 0.1557510793209076 -0.7387539148330688
2667 -224 -239 36.479744 36.815698 2.034454345703125 0.47016197443008423 47 -0.6546425819396973 0.1552690863609314 -0.7398207187652588
2668 -225 -240 36.475358 36.804233 2.486828327178955 0.20823858678340912 39 -0.654604971408844 0.15608686208724976 -0.7396818995475769
2669 -224 -240 36.484342 36.804650 2.380880832672119 0.15285629034042358 48 -0.6540226340293884 0.15583668649196625 -0.7402494549751282
2670 -186 -182 36.890160 37.340750 0.8632770776748657 0.7774012088775635 51 -0.6356615424156189 0.15061847865581512 -0.7571317553520203
2671 -186 -179 36.896903 37.360176 7.039609432220459 1.8688836097717285 43 -0.6357704997062683 0.14941172301769257 -0.7572793960571289
2672 -185 -179 36.909023 37.360628 7.048007488250732 1.5106816291809082 44 -0.6350216865539551 0.14910759031772614 -0.7579672932624817
2673 -186 -180 36.898186 37.354616 6.605510711669922 2.776332378387451 36 -0.6355380415916443 0.14968283474445343 -0.7574209570884705
2674 -185 -180 36.906443 37.354542 3.345350980758667 1.8856849670410156 36 -0.6350175142288208 0.1494957059621811 -0.7578943371772766
2675 -184 -180 36.919835 37.358768 3.59987211227417 1.9949851036071777 46 -0.6342903971672058 0.14895763993263245 -0.7586087584495544
2676 -185 -181 36.902865 37.343894 2.41747784614563 0.9599369764328003 38 -0.6349632143974304 0.15015719830989838 -0.757809042930603
2677 -184 -181 36.920479 37.344708 2.426543712615967 0.2985808551311493 20 -0.6338905692100525 0.14970792829990387 -0.7587952613830566
2678 -183 -170 36.930390 37.446676 3.640584707260132 0.21915443241596222 36 -0.6337723731994629 0.15393932163715363 -0.7580470442771912
2679 -213 -205 36.592057 37.127151 2.750549793243408 0.3784060776233673 41 -0.6516380906105042 0.15589694678783417 -0.7423367500305176
2680 -212 -205 36.609722 37.127589 2.6752758026123047 0.26666954159736633 2 -0.6506636142730713 0.15547187626361847 -0.7432801723480225
2681 -213 -206 36.592919 37.113973 2.685821771621704 0.35094931721687317 7 -0.6511677503585815 0.15667784214019775 -0.7425851225852966
2682 -212 -206 36.605847 37.116792 3.0505762100219727 0.27937355637550354 35 -0.6505276560783386 0.15621298551559448 -0.7432436943054199
2683 -212 -206 36.613302 37.117779 2.699066400527954 0.3250970244407654 41 -0.6501351594924927 0.15598316490650177 -0.743635356426239
2684 -212 -207 36.605999 37.110174 2.932379722595215 0.4085295796394348 41 -0.6503115296363831 0.15661250054836273 -0.7433487772941589
2685 -212 -207 36.613636 37.109552 2.975476026535034 0.388033926486969 44 -0.6498112082481384 0.15646487474441528 -0.7438172698020935
2686 -211 -204 36.621834 37.131072 2.450005292892456 0.1368749588727951 47 -0.6501072645187378 0.15499018132686615 -0.7438673377037048
2687 -210 -204 36.632659 37.132817 2.3948729038238525 0.30751916766166687 47 -0.6493250131607056 0.1545848250389099 -0.7446345686912537
2688 -211 -205 36.622836 37.124434 2.452308416366577 0.3744052052497864 45 -0.6497892737388611 0.15535835921764374 -0.7440683841705322
2689 -210 -205 36.632789 37.121939 2.141843557357788 0.2434460073709488 27 -0.6490203142166138 0.1552530825138092 -0.7447611093521118
2690 -209 -204 36.640598 37.132094 2.2338972091674805 0.24152745306491852 31 -0.6487199664115906 0.1544167548418045 -0.745196521282196
2691 -208 -204 36.649887 37.132133 1.9566128253936768 0.31977757811546326 42 -0.6480780839920044 0.15417538583278656 -0.7458047270774841
2692 -209 -205 36.638046 37.122326 2.382131576538086 0.13804298639297485 33 -0.6486414074897766 0.15508757531642914 -0.7451256513595581
2693 -211 -206 36.625582 37.117035 2.5798237323760986 0.2142077535390854 46 -0.6492441296577454 0.15570779144763947 -0.74447101354599
2694 -210 -206 36.632166 37.117437 2.2402312755584717 0.3163197934627533 48 -0.6488382816314697 0.1555222123861313 -0.7448635697364807
2695 -211 -207 36.623607 37.110061 2.2197468280792236 0.3356483578681946 49 -0.64911949634552 0.156172513961792 -0.7444823980331421
2696 -207 -195 36.659940 37.213156 2.2653799057006836 0.4067254066467285 43 -0.6499419808387756 0.14996196329593658 -0.74504154920578
2697 -206 -195 36.677391 37.213720 2.4963481426239014 0.23911936581134796 43 -0.6482282876968384 0.15251800417900085 -0.7460150122642517
2698 -207 -197 36.660744 37.199265 2.567683219909668 0.30958569049835205 3095 -0.6493698358535767 0.15130557119846344 -0.745268702507019
2699 -206 -197 36.675187 37.198990 1.8704890012741089 0.29118505120277405 2948 -0.6478636264801025 0.15335306525230408 -0.7461605072021484
2700 -205 -195 36.690333 37.217425 2.175238847732544 0.3452291190624237 28565 -0.6474941968917847 0.1520094871520996 -0.746755838394165
2701 -204 -195 36.699646 37.217557 1.8264976739883423 0.2227826565504074 53 -0.6468722224235535 0.15177813172340393 -0.7473417520523071
2702 -204 -196 36.691111 37.210903 1.9951531887054443 0.251485675573349 58 -0.647212028503418 0.15233644843101501 -0.7469338178634644
2703 -204 -196 36.698378 37.210523 1.3675893545150757 0.2699314057826996 54 -0.6466701626777649 0.1521719992160797 -0.7474365830421448
2704 -203 -195 36.708587 37.217988 1.171977162361145 0.3312852680683136 57 -0.6462555527687073 0.15153178572654724 -0.7479250431060791
2705 -202 -195 36.717401 37.218257 1.1087719202041626 0.39173421263694763 57 -0.645745575428009 0.15132255852222443 -0.748407781124115
2706 -205 -197 36.690888 37.195034 0.7938903570175171 0.37776559591293335 58 -0.6466817259788513 0.15318529307842255 -0.7472195029258728
2707 -203 -197 36.710211 37.201801 0.6993216872215271 0.23878134787082672 53 -0.6455990076065063 0.15235380828380585 -0.748324990272522
2708 -204 -198 36.691825 37.191343 0.13984352350234985 0.26670119166374207 48 -0.6465368270874023 0.15337055921554565 -0.7473068833351135
2709 -199 -196 36.752614 37.204193 2.9674863815307617 0.06781326234340668 48 -0.6428956985473633 0.15121760964393616 -0.7508784532546997
2710 -199 -197 36.752827 37.197199 3.1090354919433594 0.1349859982728958 32 -0.6426938772201538 0.15159431099891663 -0.7509752511978149
2711 -197 -195 36.770008 37.219008 2.6296095848083496 0.1572735607624054 44 -0.6421951651573181 0.15000517666339874 -0.7517205476760864
2712 -198 -196 36.760852 37.211445 2.720197916030884 0.06402213126420975 50 -0.6425926685333252 0.1506352722644806 -0.7512547969818115
2713 -197 -196 36.770160 37.211577 2.5195937156677246 0.18066835403442383 51 -0.6419901251792908 0.1504082977771759 -0.7518151998519897
2714 -197 -195 36.778775 37.218750 2.1727216243743896 0.44248899817466736 62 -0.6416400671005249 0.14981751143932343 -0.7522318959236145
2715 -196 -195 36.787471 37.219034 1.8316389322280884 0.723236620426178 42 -0.6410998702049255 0.1496012955904007 -0.7527353167533875
2716 -197 -196 36.778859 37.211719 2.052145004272461 0.4290429353713989 43 -0.6414507031440735 0.15020044147968292 -0.7523170113563538
2717 -196 -196 36.787698 37.211862 2.0832667350769043 0.15486134588718414 12 -0.6409201622009277 0.14999303221702576 -0.7528104186058044
2718 -198 -196 36.761421 37.204396 2.7288761138916016 0.26231649518013 34 -0.6423431634902954 0.15100154280662537 -0.7513945698738098
2719 -197 -196 36.769720 37.205152 1.989370346069336 0.3138934373855591 15 -0.6418400406837463 0.15076805651187897 -0.7518712878227234
2720 -198 -197 36.761668 37.197492 2.953688859939575 0.36368635296821594 54 -0.6421321630477905 0.15137064456939697 -0.75150066614151
2721 -198 -197 36.769081 37.197702 2.048846960067749 0.3949755132198334 43 -0.6416735053062439 0.15118776261806488 -0.7519291639328003
2722 -196 -197 36.784460 37.201124 2.2496628761291504 0.8466956615447998 54 -0.6408196091651917 0.15064989030361176 -0.7527647614479065
2723 -201 -199 36.735677 37.182946 3.242964506149292 0.13461172580718994 38 -0.6433387398719788 0.15275950729846954 -0.750186562538147
2724 -152 -160 37.273050 37.543855 2.196816921234131 0.3528633713722229 31 -0.6143721342086792 0.1406976729631424 -0.7763704657554626
2725 -156 -161 37.228972 37.529235 2.8022491931915283 0.20424658060073853 36 -0.6170102953910828 0.14254111051559448 -0.7739382386207581
2726 -155 -161 37.238269 37.529145 2.775414228439331 0.25554558634757996 1845 -0.6163457036018372 0.14231523871421814 -0.7745091319084167
2727 -158 -162 37.211435 37.521880 2.625483274459839 0.21627864241600037 240 -0.6180230379104614 0.14335966110229492 -0.7729783654212952
2728 -157 -162 37.220354 37.521997 2.2907354831695557 0.16624580323696136 412 -0.6174027323722839 0.1431342214345932 -0.7735156416893005
2729 -158 -163 37.212007 37.514776 2.476487159729004 0.25486958026885986 367 -0.6177501082420349 0.14371345937252045 -0.7731308341026306
2730 -157 -163 37.220613 37.514846 2.118173599243164 0.19999705255031586 461 -0.6171295642852783 0.14349322021007538 -0.7736671566963196
2731 -156 -162 37.229185 37.522102 2.1470789909362793 0.15450042486190796 309 -0.6167717576026917 0.1429077684879303 -0.7740607261657715
2732 -136 -144 37.452237 37.686319 2.43646502494812 1.5737954378128052 437 -0.6039780378341675 0.1386539340019226 -0.7848475575447083
2733 -134 -143 37.473050 37.694210 -6.3151068687438965 2.7219724655151367 485 -0.6027568578720093 0.13773901760578156 -0.7859466671943665
2734 -131 -134 37.501751 37.782695 0.3530157208442688 0.5347191691398621 112 -0.6012141108512878 0.14214631915092468 -0.7863434553146362
2735 -129 -133 37.528582 37.790133 0.00550683680921793 0.4521966576576233 114 -0.5995543003082275 0.14109951257705688 -0.7877979278564453
2736 -127 -133 37.546922 37.790465 0.4197481870651245 0.20007863640785217 128 -0.5982950329780579 0.1406325399875641 -0.7888380885124207
2737 -129 -134 37.528992 37.775969 1.278076171875 0.4968969225883484 28 -0.599223792552948 0.14184348285198212 -0.7879157662391663
2738 -128 -134 37.546464 37.776278 1.0123867988586426 0.34003472328186035 26 -0.5979659557342529 0.1413842886686325 -0.7889532446861267
2739 -132 -136 37.493716 37.761768 0.8815916180610657 0.5017907023429871 22 -0.6011627316474915 0.14342337846755981 -0.7861508131027222
2740 -131 -136 37.511409 37.762057 1.7171704769134521 0.5762243270874023 30 -0.5999634265899658 0.14297567307949066 -0.7871479392051697
2741 -132 -138 37.494249 37.747093 2.112949848175049 0.3945002257823944 99 -0.60074782371521 0.14417822659015656 -0.7863298654556274
2742 -131 -137 37.512017 37.747865 2.8449385166168213 0.46426355838775635 121 -0.5994356274604797 0.1436731517314911 -0.7874230146408081
2743 -129 -136 37.529058 37.762110 2.2858922481536865 0.44459760189056396 109 -0.5986827611923218 0.1425226926803589 -0.7882044315338135
2744 -128 -136 37.542366 37.765667 2.1088521480560303 0.49741193652153015 126 -0.5978547930717468 0.14200937747955322 -0.7889252305030823
2745 -127 -136 37.551132 37.765609 1.539722204208374 0.22515325248241425 104 -0.5972230434417725 0.14179085195064545 -0.7894428372383118
2746 -128 -136 37.542651 37.758706 2.2552430629730225 0.41950124502182007 23 -0.5975569486618042 0.14234158396720886 -0.7890910506248474
2747 -127 -136 37.551275 37.759730 1.8464932441711426 0.4815373122692108 17 -0.5969725251197815 0.14207251369953156 -0.7895817160606384
2748 -129 -137 37.525601 37.751322 2.7619800567626953 0.15725891292095184 2 -0.5985353589057922 0.14314502477645874 -0.7882036566734314
2749 -129 -137 37.533669 37.751548 2.540642261505127 0.48310405015945435 27 -0.597955048084259 0.1429271101951599 -0.7886834740638733
2750 -130 -138 37.524828 37.744501 2.205915927886963 0.5043065547943115 30 -0.5983707904815674 0.1435093730688095 -0.7882623672485352
2751 -129 -138 37.532758 37.744215 2.1291909217834473 2.6422924995422363 30 -0.5978001356124878 0.14332449436187744 -0.7887288331985474
2752 -128 -137 37.540942 37.753398 1.2562025785446167 1.263870120048523 33 -0.597497820854187 0.14265067875385284 -0.7890799641609192
2753 -128 -138 37.541333 37.742867 -3.1104207038879395 1.3420757055282593 9 -0.5971642136573792 0.14318117499351501 -0.7892363667488098
2754 -126 -133 37.564068 37.790521 0.4321299195289612 0.3231794536113739 7 -0.5971700549125671 0.14022313058376312 -0.7897628545761108
2755 -124 -133 37.581385 37.791049 1.100459337234497 0.36226212978363037 16 -0.5960026383399963 0.1397753655910492 -0.7907235026359558
2756 -126 -134 37.560053 37.779898 0.6044965982437134 0.28578314185142517 135 -0.5971189141273499 0.14086179435253143 -0.7896879315376282
2757 -126 -134 37.568439 37.780247 0.9760938286781311 0.19340471923351288 30 -0.5965796709060669 0.1406451165676117 -0.7901339530944824
2758 -126 -135 37.559908 37.773058 1.3656400442123413 0.22106465697288513 27 -0.5969037413597107 0.14120985567569733 -0.7897884249687195
2759 -126 -135 37.569485 37.772900 1.0981395244598389 0.1680348664522171 30 -0.5961934924125671 0.14097221195697784 -0.7903671264648438
2760 -125 -134 37.577584 37.780196 1.2905999422073364 0.1939394772052765 28 -0.5959038734436035 0.14041338860988617 -0.7906849384307861
2761 -124 -134 37.586773 37.780080 1.6624317169189453 0.20517024397850037 27 -0.595210611820221 0.14018110930919647 -0.7912481427192688
2762 -125 -135 37.578176 37.772961 1.4266092777252197 0.3046107292175293 25 -0.5955713391304016 0.14075052738189697 -0.7908755540847778
2763 -124 -135 37.587349 37.773167 1.3161143064498901 0.2993822991847992 21 -0.5948967337608337 0.14050373435020447 -0.791426956653595
2764 -123 -132 37.595033 37.794163 0.958064079284668 0.17297211289405823 31 -0.5950906276702881 0.13926845788955688 -0.7914995551109314
2765 -122 -132 37.603947 37.794895 0.9438123106956482 0.12698614597320557 29 -0.5944404006004333 0.13900046050548553 -0.7920351028442383
2766 -123 -133 37.595680 37.787486 1.1250207424163818 0.24433335661888123 31 -0.5948106646537781 0.13958381116390228 -0.7916544079780579
2767 -122 -133 37.603858 37.787534 1.2848122119903564 0.2909300625324249 28 -0.5942047238349915 0.1393720805644989 -0.7921465635299683
2768 -216 -246 36.577772 36.753967 3.682420253753662 0.38910916447639465 36 -0.6476292014122009 0.1530473828315735 -0.7464267611503601
2769 -216 -249 36.579848 36.725977 2.76530122756958 0.6627362370491028 29 -0.6478413343429565 0.1499393731355667 -0.7468733787536621
2770 -211 -248 36.631592 36.741208 2.5395917892456055 0.7574018836021423 33 -0.6448148488998413 0.1491553634405136 -0.7496442198753357
2771 -211 -254 36.632053 36.684941 2.5053069591522217 0.8997050523757935 31 -0.6432967782020569 0.15222962200641632 -0.7503302097320557
2772 -202 -251 36.736131 36.715723 2.8823375701904297 0.7126011252403259 33 -0.637762725353241 0.14819476008415222 -0.7558419108390808
2773 -217 -260 36.565123 36.626688 2.467189073562622 0.46859657764434814 30 -0.6469053030014038 0.15183843672275543 -0.747300922870636
2774 -211 -260 36.631674 36.629538 2.2406070232391357 0.6881834268569946 9 -0.6427810788154602 0.1516072005033493 -0.750898003578186
2775 -217 -266 36.565999 36.571139 2.302907943725586 0.5219977498054504 21 -0.6464720964431763 0.1501815766096115 -0.7480102181434631
2776  -40   84 38.524064 39.764061 -0.10456115007400513 0.8806048035621643 19 -0.5593692660331726 0.1336483508348465 -0.8180734515190125
2777  -27   84 38.681161 39.761560 -0.07209933549165726 0.6727827191352844 37 -0.5473939776420593 0.13016122579574585 -0.8266909718513489
2778  -17   94 38.790824 39.853321 0.36739614605903625 0.6485448479652405 23 -0.5396451354026794 0.13185295462608337 -0.8315033912658691
2779  -11   95 38.867116 39.855679 0.14563220739364624 0.814586877822876 24 -0.5339704751968384 0.1296447515487671 -0.8355045318603516
2780   -4   95 38.948492 39.857579 0.3148841857910156 1.062239646911621 19 -0.5276204943656921 0.12726564705371857 -0.8398928642272949
2781    0   94 39.011366 39.851590 1.0772579908370972 0.6214796304702759 32 -0.5223676562309265 0.12580899894237518 -0.8433884978294373
2782  -13   86 38.837590 39.774650 -0.005771884694695473 0.5244889259338379 31 -0.5351147651672363 0.12766756117343903 -0.8350767493247986
2783   -1   86 38.976917 39.776036 0.06296589970588684 0.6203601956367493 40 -0.5234808921813965 0.12587009370326996 -0.8426888585090637
2784 -233 -157 36.355995 37.554206 1.176147699356079 0.9792970418930054 22 -0.6713497042655945 0.15866221487522125 -0.7239584922790527
2785 -158  212 37.124832 40.896048 10.202423095703125 1.8106273412704468 268 -0.6669862866401672 0.16049258410930634 -0.7275792360305786
2786 -171   56 37.006716 39.489403 -0.5623255968093872 1.3378368616104126 29 -0.6569675803184509 0.15736375749111176 -0.7373128533363342
2787  -70    3 38.182582 39.029227 -0.4332258403301239 0.9561516642570496 16 -0.5719778537750244 0.13679717481136322 -0.8087816834449768
2788 -192  177 36.726406 40.574673 2.9437003135681152 1.2238889932632446 8051 -0.6851202845573425 0.16388173401355743 -0.7097555994987488
2789  -18  -83 38.787080 38.249400 -2.6044912338256836 0.25102728605270386 8522 -0.5093695521354675 0.11664429306983948 -0.8526058793067932
2790  -20  -84 38.764268 38.238938 -2.4074742794036865 0.20024019479751587 6187 -0.51107257604599 0.11736321449279785 -0.8514873385429382
2791  -19  -84 38.773663 38.238754 -2.1111066341400146 0.1983918696641922 18093 -0.5102534890174866 0.11710084974765778 -0.8520145416259766
2792  -20  -85 38.764881 38.231818 -1.8324581384658813 0.15824687480926514 1038 -0.5107282996177673 0.11770467460155487 -0.8516467809677124
2793  -19  -85 38.773819 38.232257 -2.0309391021728516 0.1295115053653717 808 -0.5099601745605469 0.1174202561378479 -0.8521462082862854
2794  -19  -84 38.782400 38.239099 -1.9125165939331055 0.12261907011270523 2589 -0.5095215439796448 0.11683258414268494 -0.8524892330169678
2795  -18  -84 38.791141 38.239019 -2.053462266921997 0.08509212732315063 1872 -0.508764386177063 0.11658424139022827 -0.8529753684997559
2796  -19  -85 38.782515 38.232410 -1.8176369667053223 0.10225547850131989 536 -0.5092294812202454 0.11716359108686447 -0.852618396282196
2797  -18  -85 38.791427 38.231997 -1.87396240234375 0.07691952586174011 1187 -0.5084266662597656 0.11692291498184204 -0.8531304001808167
2798  -17  -82 38.800271 38.253140 -2.637349843978882 0.24233412742614746 1736 -0.5076311230659485 0.11923142522573471 -0.8532845973968506
2799  -16  -82 38.809311 38.252760 -2.137552499771118 0.11775484681129456 18 -0.5065650939941406 0.1202143207192421 -0.8537800312042236
2800  -17  -83 38.800538 38.246007 -2.4542722702026367 0.14968204498291016 61 -0.5081497430801392 0.11594248563051224 -0.8534290790557861
2801  -16  -83 38.809506 38.246096 -2.1953048706054688 0.10317602753639221 16 -0.5073736906051636 0.1156780868768692 -0.8539265990257263
2802  -15  -82 38.818182 38.253142 -1.9299191236495972 0.15105099976062775 633 -0.5051535964012146 0.12263048440217972 -0.8542725443840027
2803  -15  -82 38.827181 38.253181 -1.8105953931808472 0.1363929808139801 89 -0.503912091255188 0.12412244081497192 -0.854790210723877
2804 -121 -131 37.622057 37.808834 1.148796558380127 0.11150675266981125 168 -0.5935373306274414 0.13783355057239532 -0.7929157614707947
2805 -122 -132 37.612871 37.801663 1.0091463327407837 0.2067156732082367 54 -0.5940070152282715 0.13843291997909546 -0.7924594879150391
2806 -121 -132 37.621509 37.801936 1.0262194871902466 0.20344127714633942 40 -0.593380331993103 0.13820001482963562 -0.7929694652557373
2807 -142 -135 37.379495 37.766144 0.8572825789451599 0.8612084984779358 48 -0.6090903878211975 0.14599691331386566 -0.7795471549034119
2808 -138 -134 37.431263 37.781557 1.191284418106079 0.5358977913856506 35 -0.6059706211090088 0.14392037689685822 -0.7823595404624939
2809 -135 -134 37.467489 37.782389 0.5736010670661926 0.7988983988761902 50 -0.6034703850746155 0.1429804265499115 -0.7844616770744324
2810 -138 -137 37.432257 37.753473 0.5234923362731934 0.5243871212005615 40 -0.6052520871162415 0.14539168775081635 -0.782643735408783
2811 -135 -137 37.467485 37.754331 0.825921356678009 0.4491516053676605 40 -0.6028000712394714 0.14446496963500977 -0.7847050428390503
2812 -144 -140 37.361334 37.725010 1.372947096824646 0.656581461429596 40 -0.6097930669784546 0.1462216079235077 -0.7789555191993713
2813  -85   91 38.002450 39.822089 -0.3172038495540619 0.9976297616958618 47 -0.5981343984603882 0.1435115486383438 -0.7884413003921509
2814  -64   98 38.241487 39.886378 0.7521460652351379 0.9817548394203186 26 -0.5821075439453125 0.14096708595752716 -0.8007990121841431
2815 -177 -201 37.004942 37.169239 3.0225188732147217 0.9667543768882751 36 -0.626218855381012 0.14729821681976318 -0.7656064033508301
2816 -189 -213 36.865816 37.056208 3.0837223529815674 0.5351793169975281 34 -0.6341069936752319 0.14745597541332245 -0.7590553760528564
2817 -177 -213 37.005884 37.059524 2.8815767765045166 0.6361662745475769 22 -0.6246922016143799 0.14607831835746765 -0.7670859098434448
2818  -67  -98 38.228065 38.107475 -1.1270949840545654 0.9433829188346863 48 -0.5529266595840454 0.12937821447849274 -0.8231241106987
2819  -63  -96 38.279889 38.127709 -0.16435781121253967 0.5104356408119202 38 -0.5494534373283386 0.12680365145206451 -0.8258460760116577
2820  -60  -96 38.315096 38.128152 -1.1181646585464478 0.7276772856712341 28 -0.5466362833976746 0.1257956624031067 -0.8278672099113464
2821  -63  -99 38.280992 38.098849 -0.4090583920478821 0.41840431094169617 36 -0.548363983631134 0.12836411595344543 -0.8263290524482727
2822  -59  -99 38.316213 38.101468 -0.9540278315544128 0.6543900370597839 2822 -0.545693039894104 0.1272459775209427 -0.8282678127288818
2823  -69 -102 38.207708 38.071250 -0.7548409700393677 0.4588862359523773 4781 -0.5531499981880188 0.1319272667169571 -0.8225693702697754
2824  -67 -101 38.235591 38.078691 -3.0574069023132324 0.6046117544174194 3901 -0.5512667894363403 0.13074667751789093 -0.8240208029747009
2825  -65 -102 38.251912 38.078070 -1.3490163087844849 0.8812242746353149 9480 -0.5501035451889038 0.13035912811756134 -0.8248591423034668
2826  -67 -103 38.235908 38.065194 -1.0374784469604492 0.7060711979866028 10466 -0.5507000684738159 0.13146720826625824 -0.8242850303649902
2827  -65 -103 38.253375 38.066735 -0.8578187823295593 0.42529892921447754 615 -0.5494369864463806 0.1309063583612442 -0.8252166509628296
2828  -70 -105 38.200004 38.049649 -0.2558387219905853 0.321011483669281 250 -0.5530611872673035 0.1333545595407486 -0.822398841381073
2829  -68 -105 38.217675 38.049998 -0.452571839094162 0.26733556389808655 516 -0.5516449809074402 0.13282841444015503 -0.8234345316886902
2830  -70 -106 38.196367 38.039663 -0.3729744553565979 0.24657055735588074 245 -0.552941083908081 0.13399536907672882 -0.822375476360321
2831  -69 -106 38.204199 38.039129 -0.4056837260723114 0.1469065397977829 179 -0.5523574352264404 0.13381624221801758 -0.8227967619895935
2832  -70 -107 38.195743 38.032403 0.032890740782022476 0.11434238404035568 132 -0.5526540279388428 0.13439501821994781 -0.8225032091140747
2833  -69 -107 38.204799 38.032353 -0.5139718055725098 0.2765015661716461 3516 -0.5519636273384094 0.13414748013019562 -0.8230071067810059
2834  -69 -106 38.213518 38.039688 -0.04877835884690285 0.14399543404579163 48 -0.5516741275787354 0.13352985680103302 -0.8233016133308411
2835  -68 -106 38.221987 38.039558 -0.1368369162082672 0.13496161997318268 43 -0.5510089993476868 0.1332995742559433 -0.8237841725349426
2836  -69 -107 38.213567 38.032455 -0.3455919623374939 0.34472355246543884 32 -0.5512996912002563 0.13389940559864044 -0.8234923481941223
2837  -68 -107 38.222698 38.032468 -0.12869706749916077 0.09089907258749008 495 -0.5506011843681335 0.13364547491073608 -0.8240007758140564
2838  -67 -104 38.231101 38.054904 -0.44632893800735474 0.14096447825431824 130 -0.5507332682609558 0.13217337429523468 -0.8241499662399292
2839  -66 -104 38.241465 38.052822 -0.6618956923484802 0.335455060005188 126 -0.5498242974281311 0.13199244439601898 -0.824785590171814
2840  -67 -105 38.230623 38.046687 -0.473445326089859 0.24648363888263702 126 -0.550494372844696 0.13264304399490356 -0.8242340683937073
2841  -66 -105 38.241533 38.045639 -1.7499994039535522 0.4492851793766022 115 -0.5496033430099487 0.13239401578903198 -0.8248685002326965
2842  -65 -104 38.248694 38.052079 -0.9377846121788025 0.11461472511291504 141 -0.5492454171180725 0.13183379173278809 -0.8251965641975403
2843  -65 -104 38.257895 38.053072 -0.8519531488418579 0.17812633514404297 26 -0.5485725998878479 0.13152474164962769 -0.8256932497024536
2844  -65 -105 38.248793 38.046851 -0.9865022897720337 0.3305487036705017 28 -0.5491538643836975 0.13214260339736938 -0.8252080678939819
2845  -65 -105 38.257619 38.046946 -0.6244043111801147 0.43468743562698364 31 -0.5484609007835388 0.13188864290714264 -0.8257094621658325
2846  -67 -106 38.232227 38.039231 -0.3248649835586548 0.2775484621524811 33 -0.5501532554626465 0.133019357919693 -0.8244011998176575
2847  -66 -106 38.240001 38.040151 -0.9039801359176636 0.5484213829040527 29 -0.5495947003364563 0.13275465369224548 -0.8248162865638733
2848  -67 -107 38.231596 38.032578 0.03588414192199707 0.11092416942119598 37 -0.5499234795570374 0.1333926022052765 -0.8244941830635071
2849  -65 -106 38.248614 38.039667 0.03849156200885773 0.266715407371521 28 -0.5489079356193542 0.13254037499427795 -0.8253079056739807
2850  -63 -102 38.271960 38.077739 -0.5075737833976746 0.5507923364639282 31 -0.548381507396698 0.12978671491146088 -0.8260951638221741
2851 -214 -207 36.588234 37.102708 2.918086528778076 0.32050180435180664 34 -0.6512230038642883 0.15750575065612793 -0.7423614859580994
2852 -213 -207 36.597327 37.102916 2.9165923595428467 0.30146968364715576 35 -0.650642454624176 0.15726810693740845 -0.7429207563400269
2853 -214 -208 36.588974 37.095673 2.979520082473755 0.3262132406234741 34 -0.6509715914726257 0.15792042016983032 -0.7424939274787903
2854 -213 -208 36.598146 37.095615 2.5767393112182617 0.2581372559070587 32 -0.6503663659095764 0.1576932966709137 -0.7430722713470459
2855 -212 -207 36.606675 37.102816 3.055861234664917 0.4782739281654358 33 -0.6500337719917297 0.1570427119731903 -0.7435009479522705
2856 -211 -207 36.615300 37.103211 3.0012166500091553 0.40351012349128723 30 -0.6494559049606323 0.15679709613323212 -0.7440576553344727
2857 -212 -208 36.606520 37.095965 2.4662790298461914 0.1852298229932785 30 -0.6498256325721741 0.15746234357357025 -0.743594229221344
2858 -211 -208 36.615514 37.095744 2.764594316482544 0.3509332835674286 31 -0.6492359042167664 0.15725283324718475 -0.7441534399986267
2859 -214 -209 36.589176 37.088257 2.715226173400879 0.2531571090221405 31 -0.6507115960121155 0.15836307406425476 -0.7426275014877319
2860 -213 -209 36.597948 37.088707 3.0315535068511963 0.20618847012519836 28 -0.6501827836036682 0.15812359750270844 -0.7431414723396301
2861 -214 -210 36.589535 37.081685 2.798279047012329 0.2368495613336563 27 -0.6516594290733337 0.15366411209106445 -0.7427834868431091
2862 -213 -210 36.598741 37.081545 2.6509687900543213 0.2633296549320221 31 -0.6505714654922485 0.15552778542041779 -0.7433490753173828
2863 -212 -209 36.606715 37.088836 3.070925235748291 0.2941415309906006 28 -0.6495882868766785 0.1578904092311859 -0.7437107563018799
2864 -208 -210 36.650909 37.082675 3.395409345626831 0.19999927282333374 30 -0.6478326320648193 0.15162959694862366 -0.7465395331382751
2865 -214 -211 36.589319 37.074346 2.7575087547302246 0.25439929962158203 32 -0.6528573632240295 0.14798247814178467 -0.742885172367096
2866 -214 -211 36.589684 37.067778 2.8140530586242676 0.19402608275413513 27 -0.6526510119438171 0.14837978780269623 -0.7429872155189514
2867 -219 -227 36.532412 36.925508 2.2904839515686035 0.41982322931289673 29 -0.6520517468452454 0.15849347412586212 -0.7414232492446899
2868 -219 -226 36.541551 36.932487 3.351205587387085 0.09903969615697861 32 -0.6516997218132019 0.15784801542758942 -0.7418702840805054
2869 -219 -227 36.541725 36.925701 3.430053234100342 0.1516197919845581 31 -0.6515212655067444 0.15826775133609772 -0.7419375777244568
2870 -220 -228 36.523768 36.918159 1.7466152906417847 0.33011236786842346 38 -0.6542761921882629 0.15094906091690063 -0.7410377860069275
2871 -219 -228 36.532584 36.918472 2.6833744049072266 0.48191148042678833 36 -0.6532419323921204 0.1531723290681839 -0.7414939403533936
2872 -220 -228 36.524466 36.911111 2.047222852706909 0.37266677618026733 34 -0.6547783017158508 0.1483546495437622 -0.7411182522773743
2873 -219 -228 36.532951 36.911402 3.0582187175750732 0.3376384675502777 37 -0.654319703578949 0.14814971387386322 -0.741564154624939
2874 -219 -228 36.541961 36.918802 3.32617449760437 0.15705269575119019 36 -0.6521034836769104 0.15529626607894897 -0.7420539855957031
