Number xind yind east north data err wgt Elos Nlos Ulos
********************************************************
   0    4  -62 39.056483 38.438728 -1.2498741149902344 0.5343683958053589 873 0.6831560134887695 0.16067349910736084 -0.7123776078224182
   1    1  -65 39.020925 38.410453 -0.16770361363887787 0.4278913736343384 768 0.6794841289520264 0.16577348113059998 -0.7147170305252075
   2  -37  -73 38.570608 38.338433 -1.228617787361145 0.667563796043396 11322 0.6531792283058167 0.1558021754026413 -0.7410010695457458
   3  -29  -87 38.664072 38.212735 -1.9923008680343628 0.46142399311065674 754 0.6575415730476379 0.1559402346611023 -0.7371035814285278
   4  -27  -86 38.690687 38.220320 -2.8853349685668945 1.148332953453064 232 0.6598480939865112 0.1535106748342514 -0.7355508208274841
   5  -25  -86 38.707847 38.219899 -2.134105682373047 1.2520283460617065 206 0.660258412361145 0.15583229064941406 -0.7346938848495483
   6  -27  -88 38.690730 38.205992 -2.037993907928467 0.21821434795856476 211 0.657809853553772 0.16100968420505524 -0.7357730865478516
   7  -25  -88 38.708581 38.206212 -1.8292303085327148 0.42685380578041077 211 0.658851683139801 0.1611071527004242 -0.7348190546035767
   8  -30  -89 38.655108 38.192160 -2.5901217460632324 0.29681822657585144 207 0.6557489633560181 0.15986961126327515 -0.7378583550453186
   9  -28  -89 38.672876 38.191888 -3.025552988052368 0.3843729794025421 224 0.6567563414573669 0.15992338955402374 -0.7369502186775208
  10  -30  -91 38.655074 38.177959 -2.479379415512085 0.2714841365814209 199 0.6557964086532593 0.15887460112571716 -0.7380310893058777
  11  -28  -91 38.672900 38.177794 -2.579652786254883 0.24846251308918 223 0.6568145751953125 0.15893802046775818 -0.737111508846283
  12  -27  -89 38.690671 38.191797 -2.5900561809539795 0.4904649257659912 204 0.657783567905426 0.15999555587768555 -0.7360178232192993
  13  -25  -89 38.704243 38.195377 -2.036475419998169 0.1044757142663002 51 0.6585992574691772 0.16031742095947266 -0.7352178692817688
  14  -25  -89 38.713189 38.195715 -1.8436119556427002 0.2607123553752899 52 0.6591320037841797 0.1603851318359375 -0.7347255945205688
  15  -25  -90 38.704296 38.188536 -2.106358051300049 0.17167264223098755 50 0.6586281657218933 0.1598382592201233 -0.735296368598938
  16  -25  -90 38.713130 38.188458 -2.093151807785034 0.18192115426063538 57 0.6591464877128601 0.15987318754196167 -0.7348241209983826
  17  -27  -90 38.686419 38.181365 -3.2025249004364014 0.15236304700374603 56 0.6575651168823242 0.1592426747083664 -0.7363762855529785
  18  -26  -90 38.695097 38.181295 -2.6569628715515137 0.2295127511024475 49 0.6580661535263062 0.15927590429782867 -0.735921323299408
  19  -27  -91 38.686249 38.174361 -2.6209819316864014 0.15148401260375977 54 0.6575959920883179 0.15875554084777832 -0.7364538311958313
  20  -26  -91 38.695251 38.174358 -2.4556238651275635 0.11159282922744751 55 0.6581112146377563 0.1587933599948883 -0.7359852194786072
  21  -25  -90 38.703846 38.181270 -2.370487928390503 0.29767724871635437 50 0.6585865616798401 0.1593157947063446 -0.7354469895362854
  22  -25  -90 38.713095 38.181321 -1.9742534160614014 0.12268183380365372 53 0.6591470837593079 0.15936660766601562 -0.734933614730835
  23  -25  -91 38.704142 38.174410 -2.5540452003479004 0.10760273039340973 54 0.6586182117462158 0.15883371233940125 -0.7355228662490845
  24  -23  -86 38.726427 38.220265 -1.3339818716049194 0.24765941500663757 51 0.6610257029533386 0.15749864280223846 -0.733647882938385
  25  -22  -86 38.739627 38.223720 -1.4723738431930542 0.0900309756398201 203 0.6622202396392822 0.15607140958309174 -0.7328752875328064
  26  -22  -86 38.748510 38.223856 -1.4478797912597656 0.13499821722507477 50 0.6623561978340149 0.15774749219417572 -0.7323933243751526
  27  -22  -86 38.739691 38.216750 -1.439503788948059 0.1536523848772049 54 0.6606854200363159 0.1620042473077774 -0.7329729795455933
  28  -21  -86 38.748871 38.216592 -1.1996994018554688 0.07509403675794601 51 0.6612375378608704 0.16203980147838593 -0.7324671149253845
  29  -24  -87 38.721878 38.209451 -1.2216718196868896 0.3173569142818451 53 0.659609317779541 0.16139397025108337 -0.7340760231018066
  30  -23  -87 38.730793 38.209602 -0.9476509094238281 0.16877102851867676 56 0.6601473689079285 0.16145047545433044 -0.733579695224762
  31  -24  -88 38.722150 38.202574 -1.200212836265564 0.20853769779205322 46 0.659672200679779 0.1609174907207489 -0.7341240644454956
  32  -23  -88 38.730871 38.202696 -1.4741578102111816 0.17224079370498657 50 0.6601755619049072 0.1609647274017334 -0.7336611151695251
  33  -22  -87 38.739640 38.209737 -0.9252104759216309 0.13475365936756134 54 0.6606979370117188 0.16150875389575958 -0.7330710291862488
  34  -22  -87 38.748384 38.209612 -1.1786643266677856 0.09194792062044144 49 0.6612073183059692 0.16153961420059204 -0.7326048016548157
  35  -22  -88 38.739522 38.202494 -1.3625051975250244 0.3234292268753052 53 0.6606707572937012 0.1609877645969391 -0.7332100868225098
  36  -21  -86 38.757549 38.223756 -1.0135191679000854 0.31613391637802124 53 0.6624240875244141 0.15971364080905914 -0.7319056987762451
  37  -20  -86 38.766557 38.223847 -0.6982330083847046 0.10343629866838455 52 0.6624990701675415 0.16162745654582977 -0.7314174771308899
  38  -21  -86 38.757840 38.216729 -1.0835837125778198 0.21464833617210388 53 0.6617482900619507 0.16208761930465698 -0.7319951057434082
  39  -20  -86 38.766536 38.216862 -0.9412619471549988 0.1713394820690155 56 0.6622342467308044 0.16213169693946838 -0.731545627117157
  40  -19  -86 38.775337 38.223867 -0.8273547887802124 0.10669877380132675 56 0.6627518534660339 0.16267254948616028 -0.7309566140174866
  41  -18  -86 38.784337 38.223805 -0.9313120245933533 0.14106515049934387 52 0.6632817983627319 0.16271166503429413 -0.7304670810699463
  42  -13  -91 38.851184 38.178644 -3.76847767829895 0.2163798063993454 50 0.6677828431129456 0.1599404364824295 -0.726969838142395
  43  -11  -86 38.864539 38.223708 -2.9636030197143555 0.2664412558078766 50 0.6682661771774292 0.1631525456905365 -0.7258109450340271
  44  -11  -86 38.873860 38.224121 -3.1377928256988525 0.33678245544433594 49 0.6688422560691833 0.16323214769363403 -0.7252622842788696
  45  -11  -86 38.864597 38.216981 -3.5061492919921875 0.08104205876588821 50 0.6682922840118408 0.1626768410205841 -0.7258937358856201
  46  -11  -86 38.873494 38.217033 -3.456303358078003 0.2223643958568573 176 0.6688219904899597 0.16272369027137756 -0.7253952026367188
  47   -9  -86 38.886776 38.220623 -3.2656631469726562 0.2131788283586502 47 0.6696137189865112 0.16304610669612885 -0.7245919704437256
  48  -11  -88 38.868857 38.206498 -3.529590129852295 0.21302512288093567 51 0.6686165928840637 0.16196425259113312 -0.7257543802261353
  49   -9  -88 38.887064 38.206580 -3.315965414047241 0.19093117117881775 48 0.6697627305984497 0.16207464039325714 -0.7246720790863037
  50   -7  -87 38.913736 38.214081 -3.308798313140869 0.3441649377346039 53 0.6714197397232056 0.16275914013385773 -0.7229833602905273
  51  -10  -90 38.878186 38.185360 -3.5906546115875244 0.4305189549922943 189 0.6693713068962097 0.16054531931877136 -0.7253738641738892
  52   -7  -90 38.913676 38.185187 -3.575132369995117 0.4783502519130707 194 0.6716351509094238 0.16074016690254211 -0.7232349514961243
  53   -4  -68 38.949379 38.381980 -0.9785982370376587 0.6576376557350159 183 0.6755203008651733 0.16343918442726135 -0.7189992666244507
  54   -1  -68 38.984003 38.383233 -0.7588680982589722 1.320056676864624 673 0.6774358153343201 0.16366392374038696 -0.7171435356140137
  55   -5  -70 38.941096 38.361293 -0.4012979567050934 0.8511859774589539 725 0.6749157309532166 0.16188348829746246 -0.719918429851532
  56   -3  -70 38.957844 38.361728 -0.6910572052001953 0.638988196849823 676 0.6758203506469727 0.16197329759597778 -0.7190490365028381
  57   -5  -72 38.940681 38.347778 0.16685958206653595 0.5996457934379578 835 0.6747959852218628 0.16088813543319702 -0.7202537059783936
  58 -214  216 36.448325 40.917204 -10.75061321258545 3.3282837867736816 752 0.5477591753005981 0.13041041791439056 -0.8264096975326538
  59 -208  217 36.518817 40.933028 -8.918686866760254 0.7385479211807251 203 0.5532882213592529 0.13212576508522034 -0.822444498538971
  60 -215  211 36.444040 40.874651 -8.5160551071167 1.2483946084976196 199 0.5460889935493469 0.13141410052776337 -0.8273555636405945
  61   16  -55 39.189236 38.496642 -1.3800723552703857 0.599105715751648 150 0.6909980177879333 0.16105695068836212 -0.7046860456466675
  62   14  -59 39.163597 38.466833 -0.6670063138008118 0.5401285290718079 1838 0.6898555159568787 0.15886330604553223 -0.7063014507293701
  63   17  -59 39.198115 38.465653 -1.0378316640853882 0.8035439848899841 2448 0.6916631460189819 0.159353107213974 -0.704420804977417
  64    8  -62 39.091681 38.439033 -0.9251753687858582 0.5656736493110657 876 0.6846790909767151 0.16244107484817505 -0.710512101650238
  65  -71 -113 38.189364 37.975042 -5.29014778137207 0.18758894503116608 2142 0.6249784827232361 0.1460808664560318 -0.7668522000312805
  66  -70 -113 38.197835 37.975053 -5.000156402587891 0.1590828150510788 2118 0.6255550384521484 0.14614567160606384 -0.766369640827179
  67  -69 -112 38.206564 37.981804 -4.978059768676758 0.23865900933742523 285 0.6260736584663391 0.14661139249801636 -0.7658569812774658
  68  -68 -112 38.215628 37.982075 -4.900013446807861 0.28990623354911804 835 0.6267310976982117 0.14670522511005402 -0.7653010487556458
  69  -69 -113 38.207372 37.975534 -5.356903076171875 0.3152172863483429 762 0.626226007938385 0.14625121653079987 -0.7658013105392456
  70  -68 -113 38.215390 37.975174 -5.138394832611084 0.2814379930496216 794 0.62678462266922 0.14629162847995758 -0.7653364539146423
  71  -74 -115 38.153033 37.960787 -5.553278923034668 0.42822423577308655 41 0.622686505317688 0.14497056603431702 -0.7689245939254761
  72  -73 -114 38.161422 37.962118 -5.245523929595947 0.44645532965660095 54 0.623275637626648 0.14512118697166443 -0.7684187293052673
  73  -72 -114 38.171856 37.968506 -6.206029415130615 0.45723509788513184 43 0.6238858103752136 0.14556899666786194 -0.7678386569023132
  74  -72 -114 38.180271 37.968330 -5.369975566864014 0.5056707859039307 47 0.6244491338729858 0.1456189900636673 -0.7673711180686951
  75  -72 -114 38.175125 37.963797 -7.061130523681641 0.2953662872314453 50 0.6241710186004639 0.145318403840065 -0.7676543593406677
  76  -71 -115 38.180750 37.961035 -8.132511138916016 0.5171308517456055 44 0.6246209144592285 0.14520259201526642 -0.7673102021217346
  77  -74 -115 38.152256 37.955068 -5.781085014343262 0.36642539501190186 43 0.6227945685386658 0.1446484476327896 -0.7688977718353271
  78  -74 -116 38.152590 37.949028 -4.671669960021973 0.27260589599609375 44 0.6229735016822815 0.14431114494800568 -0.7688161730766296
  79  -71 -116 38.184168 37.948512 -6.240037441253662 0.7190619707107544 46 0.6249307990074158 0.14446935057640076 -0.7671962976455688
  80  -71 -114 38.188935 37.967662 -5.17629861831665 0.40545010566711426 49 0.6250777244567871 0.14565081894397736 -0.7668531537055969
  81  -70 -114 38.198611 37.967591 -4.574469566345215 0.2780054807662964 45 0.6257108449935913 0.1457129269838333 -0.7663248181343079
  82  -71 -114 38.189888 37.962003 -6.451923847198486 0.7763923406600952 48 0.625211775302887 0.14532211422920227 -0.7668062448501587
  83  -70 -115 38.197951 37.960708 -5.2703962326049805 0.5752304792404175 37 0.6256992816925049 0.1452871561050415 -0.7664150595664978
  84  -69 -114 38.211264 37.964250 -5.225647926330566 0.29260358214378357 42 0.6265568137168884 0.1455945074558258 -0.7656558156013489
  85  -70 -116 38.194961 37.950067 -5.610791206359863 0.9370608925819397 45 0.6254804730415344 0.14460153877735138 -0.7667232751846313
  86  -69 -116 38.211740 37.949560 -4.767502784729004 0.2655535936355591 32 0.6264517307281494 0.14465457201004028 -0.7659199237823486
  87  -68 -104 38.223528 38.052377 -4.445026874542236 0.20049411058425903 39 0.6272894144058228 0.15114407241344452 -0.7639787197113037
  88  -67 -104 38.231606 38.053312 -4.604106903076172 0.1748884916305542 13 0.6278247833251953 0.15126176178455353 -0.7635155916213989
  89  -68 -105 38.224426 38.045418 -4.278594017028809 0.3372541069984436 25 0.6274179220199585 0.1507330983877182 -0.7639544010162354
  90  -67 -105 38.232485 38.045324 -4.825765132904053 0.25987139344215393 32 0.6278951168060303 0.15077167749404907 -0.7635546326637268
  91  -66 -105 38.244934 38.051016 -4.566224098205566 0.0979396179318428 10 0.6287098526954651 0.151215597987175 -0.7627959847450256
  92  -65 -105 38.250448 38.051475 -4.59775972366333 0.3051149547100067 42 0.6290909051895142 0.15128760039806366 -0.7624675631523132
  93  -66 -105 38.241797 38.045022 -3.89412784576416 0.21671830117702484 36 0.6285281181335449 0.1508263349533081 -0.7630228400230408
  94  -65 -105 38.250912 38.045486 -4.373215198516846 0.269653856754303 2 0.6292270421981812 0.15094371140003204 -0.7624233961105347
  95  -68 -106 38.224439 38.038572 -3.964207887649536 0.2716122269630432 2 0.6274155378341675 0.15030714869499207 -0.7640403509140015
  96  -67 -106 38.232741 38.038718 -4.047360420227051 0.4948062598705292 8 0.6279392242431641 0.15037009119987488 -0.7635974884033203
  97  -56 -100 38.352241 38.092700 -2.557232141494751 0.2565920650959015 2 0.6359776258468628 0.15465262532234192 -0.7560523152351379
  98  -61 -102 38.299200 38.077806 -2.8113372325897217 0.7772991061210632 4 0.6323966979980469 0.15331052243709564 -0.7593222856521606
  99  -60 -101 38.313100 38.081360 -2.982823133468628 0.29311472177505493 38 0.6334816217422485 0.15367580950260162 -0.758343517780304
 100  -59 -101 38.321954 38.080597 -2.9730656147003174 0.20984859764575958 36 0.6339572668075562 0.15366452932357788 -0.7579482197761536
 101  -60 -102 38.312922 38.073975 -3.59122371673584 0.15880146622657776 15 0.6333256959915161 0.15317563712596893 -0.758574903011322
 102  -59 -102 38.321584 38.074483 -3.531872510910034 0.18908169865608215 49 0.6338742971420288 0.15326489508152008 -0.7580984234809875
 103  -61 -103 38.294878 38.066618 -4.230768203735352 0.3438510298728943 167 0.6320575475692749 0.15256460011005402 -0.7597547769546509
 104  -61 -103 38.303802 38.067325 -4.122526168823242 0.38046881556510925 205 0.6326658129692078 0.1526782065629959 -0.7592255473136902
 105  -61 -104 38.294731 38.060107 -3.2929677963256836 0.4756413996219635 175 0.6320875287055969 0.1521662473678589 -0.7598097920417786
 106  -61 -104 38.304212 38.059583 -3.281235694885254 0.5424569845199585 41 0.6328282952308655 0.15223048627376556 -0.7591800093650818
 107  -60 -103 38.313657 38.067134 -4.123444557189941 0.32908573746681213 22 0.6333003640174866 0.15273363888263702 -0.7586851119995117
 108  -59 -103 38.321454 38.067109 -3.5329999923706055 0.15441566705703735 52 0.6338310837745667 0.15279370546340942 -0.7582297325134277
 109  -60 -104 38.312727 38.060171 -5.082990646362305 0.4023084044456482 46 0.6333448886871338 0.15231572091579437 -0.7587319612503052
 110  -58 -101 38.330009 38.081469 -2.8857131004333496 0.14961744844913483 6 0.6344593167304993 0.15377211570739746 -0.7575061321258545
 111  -57 -101 38.339400 38.081477 -2.820953369140625 0.16996705532073975 30 0.6351689100265503 0.15386344492435455 -0.7568926811218262
 112  -58 -102 38.330530 38.074855 -2.933359146118164 0.1933579444885254 25 0.6345234513282776 0.15336814522743225 -0.7575343251228333
 113  -57 -102 38.340016 38.074003 -3.072892904281616 0.20852187275886536 48 0.6351977586746216 0.15339498221874237 -0.7569635510444641
 114  -57 -101 38.347960 38.081852 -2.547591209411621 0.17560824751853943 46 0.6358156800270081 0.15396927297115326 -0.7563279271125793
 115  -56 -101 38.357270 38.081720 -2.911383628845215 0.32824215292930603 39 0.636409342288971 0.154022678732872 -0.7558175921440125
 116  -57 -102 38.349018 38.074452 -2.6391468048095703 0.21859101951122284 143 0.6358434557914734 0.1535019427537918 -0.7563995718955994
 117  -56 -102 38.356690 38.074776 -3.0009169578552246 0.29258325695991516 138 0.6363343000411987 0.15357261896133423 -0.7559723258018494
 118  -58 -103 38.330518 38.067215 -3.232442617416382 0.17628315091133118 35 0.634482204914093 0.15287886559963226 -0.7576677799224854
 119  -58 -103 38.339027 38.067271 -3.4094088077545166 0.19166506826877594 40 0.6350299715995789 0.1529396027326584 -0.7571964263916016
 120  -57 -103 38.348296 38.067346 -3.3836638927459717 0.17459802329540253 37 0.6356679797172546 0.15301860868930817 -0.7566449046134949
 121 -121 -139 37.616247 37.737407 -5.478222370147705 0.10425414144992828 46 0.5805394649505615 0.13631001114845276 -0.802741289138794
 122 -122 -139 37.610112 37.730638 -5.434880256652832 0.27139705419540405 23 0.5800063014030457 0.1358373463153839 -0.8032066226005554
 123 -122 -140 37.615744 37.730440 -5.464548110961914 0.1680147796869278 25 0.5804761052131653 0.1358899176120758 -0.8028583526611328
 124 -122 -141 37.615792 37.720408 -5.554075717926025 0.2536294162273407 36 0.5804229974746704 0.13528582453727722 -0.8029986619949341
 125 -120 -139 37.628953 37.733963 -5.604283332824707 0.14387276768684387 25 0.5815429091453552 0.13623566925525665 -0.8020272254943848
 126 -119 -139 37.646813 37.733986 -5.471702575683594 0.1545044630765915 39 0.5829771757125854 0.1364223062992096 -0.8009535074234009
 127 -120 -141 37.629861 37.719626 -5.28049898147583 0.25922921299934387 32 0.5815938711166382 0.13539429008960724 -0.8021327257156372
 128 -119 -141 37.647182 37.720050 -5.60533332824707 0.21439847350120544 45 0.5829314589500427 0.13558514416217804 -0.8011289238929749
 129 -115 -132 37.685277 37.801331 -5.377278804779053 0.16050827503204346 39 0.5858616828918457 0.1407695710659027 -0.7980915307998657
 130 -113 -130 37.711850 37.815744 -5.075070858001709 0.21719399094581604 37 0.5879441499710083 0.14190031588077545 -0.7963579297065735
 131 -112 -130 37.720934 37.815724 -4.669748783111572 0.19469714164733887 37 0.5886475443840027 0.1419907510280609 -0.795822024345398
 132 -114 -131 37.694512 37.808352 -6.065288543701172 0.09664157778024673 27 0.5865908265113831 0.14128312468528748 -0.7974649667739868
 133 -114 -131 37.703185 37.808658 -5.758519649505615 0.2524731159210205 38 0.5872530341148376 0.14138612151145935 -0.7969591021537781
 134 -114 -132 37.694445 37.801570 -5.511512279510498 0.2229345589876175 26 0.5865778923034668 0.1408771127462387 -0.7975462675094604
 135 -114 -132 37.703154 37.801636 -6.50753927230835 0.38731205463409424 34 0.5872234106063843 0.140961155295372 -0.7970561981201172
 136 -113 -131 37.711816 37.808786 -5.743406772613525 0.6878381371498108 32 0.5879024267196655 0.1414760947227478 -0.796464204788208
 137 -112 -131 37.720581 37.808851 -5.619887828826904 0.40785229206085205 25 0.5885688066482544 0.14156456291675568 -0.7959561944007874
 138 -113 -132 37.712192 37.801646 -7.045112133026123 0.8671372532844543 41 0.5879102349281311 0.14104941487312317 -0.7965341806411743
 139 -112 -132 37.721015 37.801797 -6.118532180786133 0.22401992976665497 45 0.5885922908782959 0.1411464959383011 -0.7960131168365479
 140 -252  229 35.994907 41.032139 -6.506270885467529 0.7227636575698853 46 0.5137127637863159 0.12291806936264038 -0.8491114974021912
 141 -246  230 36.066629 41.034526 -6.6670331954956055 0.8783727288246155 49 0.5196913480758667 0.12385829538106918 -0.8453283905982971
 142 -240  229 36.141467 41.033926 -7.594560623168945 0.5451598763465881 39 0.5259040594100952 0.1246313527226448 -0.8413631916046143
 143 -234  229 36.217203 41.036091 -8.460550308227539 0.8882779479026794 40 0.53212970495224 0.12574540078639984 -0.8372730016708374
 144 -240  223 36.144949 40.977394 -6.986041069030762 0.6188965439796448 8 0.5239550471305847 0.1294088214635849 -0.8418577313423157
 145  -56  -40 38.352277 38.633757 -1.9592676162719727 1.3312482833862305 36 0.6436338424682617 0.15295056998729706 -0.749894380569458
 146  -18  -29 38.788599 38.732876 -1.4402120113372803 0.8465663194656372 69 0.6710503101348877 0.15944024920463562 -0.7240651249885559
 147  -74  151 38.126331 40.363134 -5.688477039337158 0.6643128991127014 160 0.6526875495910645 0.1570730060338974 -0.7411659955978394
 148  -62  150 38.263809 40.357022 -5.8792290687561035 0.6888978481292725 164 0.6602852940559387 0.16020655632019043 -0.7337283492088318
 149  -39 -104 38.544348 38.061225 -5.09599494934082 0.7682006359100342 158 0.6484861969947815 0.15251505374908447 -0.7457914352416992
 150  -39 -104 38.552991 38.061329 -4.322645664215088 0.19836187362670898 172 0.6496440172195435 0.15015225112438202 -0.7452630400657654
 151  -38 -103 38.566020 38.064841 -4.557119846343994 0.35654088854789734 45 0.6505519151687622 0.15048696100711823 -0.744403064250946
 152  -35  -99 38.597410 38.103736 -4.908836841583252 0.3441937267780304 49 0.6526660323143005 0.15342746675014496 -0.7419481873512268
 153  -34  -99 38.606022 38.103501 -5.46897554397583 0.4328228235244751 50 0.6532094478607178 0.15345817804336548 -0.7414634227752686
 154  -36 -100 38.579756 38.097613 -3.9634270668029785 0.26404017210006714 44 0.651615560054779 0.1529155820608139 -0.7429763674736023
 155  -36 -100 38.588800 38.096217 -4.73544979095459 0.5899513959884644 46 0.6522092819213867 0.15287017822265625 -0.7424647212028503
 156  -36 -101 38.578238 38.088898 -5.104882717132568 0.7490921020507812 43 0.6514308452606201 0.1522701531648636 -0.7432709336280823
 157  -36 -101 38.588669 38.089249 -4.256764888763428 0.2782147526741028 42 0.6521391272544861 0.15236493945121765 -0.7426300644874573
 158  -35 -100 38.597244 38.096273 -6.024629592895508 0.6206907033920288 41 0.6526830792427063 0.15290598571300507 -0.742040753364563
 159  -34 -100 38.606328 38.096574 -5.880531311035156 0.5009607672691345 38 0.6532180905342102 0.1529679149389267 -0.7415570616722107
 160  -35 -100 38.597931 38.089526 -5.440230846405029 0.6252189874649048 24 0.6526429653167725 0.15241371095180511 -0.742177426815033
 161  -34 -100 38.606000 38.089764 -4.959774017333984 0.6455240845680237 7 0.6530939936637878 0.15246188640594482 -0.7417706251144409
 162   11  -62 39.128189 38.438713 -0.5545974969863892 0.4756165146827698 36 0.6862848997116089 0.16469353437423706 -0.7084413170814514
 163    8  -65 39.091994 38.410642 -0.4262106418609619 0.7007327675819397 43 0.6836010813713074 0.166113018989563 -0.710701048374176
 164   10  -64 39.118885 38.418209 -0.6016653776168823 0.18517401814460754 40 0.6850320100784302 0.1667540967464447 -0.70917147397995
 165   12  -64 39.137527 38.417742 -1.009291648864746 0.6115500330924988 41 0.6861196756362915 0.1668083816766739 -0.7081064581871033
 166   10  -66 39.118930 38.402554 -0.04572581127285957 0.39115771651268005 42 0.6851937174797058 0.16565890610218048 -0.7092719674110413
 167   12  -66 39.137539 38.403225 -1.0154829025268555 0.8582748770713806 39 0.6862474679946899 0.1657867580652237 -0.708222508430481
 168   14  -62 39.163769 38.438784 -1.0559046268463135 0.9485851526260376 43 0.6878249645233154 0.16673316061496735 -0.706467866897583
 169   16  -61 39.190710 38.445683 -0.10384245216846466 0.5745322704315186 31 0.6890161633491516 0.1685210019350052 -0.7048811912536621
 170   18  -61 39.208591 38.445279 -0.5659053921699524 0.6811842322349548 41 0.68992018699646 0.1690586656332016 -0.7038674354553223
 171   16  -63 39.190395 38.431352 0.02579599991440773 0.6941014528274536 40 0.6889889240264893 0.16799227893352509 -0.7050339579582214
 172   17  -62 39.204574 38.435076 0.6048757433891296 0.5139120221138 45 0.6898293495178223 0.16833439469337463 -0.7041299343109131
 173   18  -62 39.213062 38.435013 -1.492262840270996 0.4971928894519806 42 0.6902109980583191 0.16834066808223724 -0.7037543654441833
 174   17  -63 39.204329 38.427876 0.16798046231269836 0.4252564609050751 42 0.6898226737976074 0.16781087219715118 -0.7042614817619324
 175   18  -63 39.213327 38.428100 -0.9813879132270813 0.3679490089416504 41 0.6902878880500793 0.16785435378551483 -0.7037951350212097
 176   13  -64 39.154786 38.417440 -2.0833394527435303 0.22765682637691498 43 0.687061071395874 0.16685105860233307 -0.7071830630302429
 177   14  -64 39.168426 38.420892 -1.1435368061065674 0.689972460269928 46 0.6877825260162354 0.1671469807624817 -0.7064114212989807
 178   15  -64 39.177459 38.420885 -0.5698816776275635 0.6253851056098938 45 0.6883039474487305 0.16718724370002747 -0.7058938145637512
 179   14  -65 39.168260 38.413945 -2.092256784439087 0.2505008280277252 42 0.6878153085708618 0.16665251553058624 -0.7064962387084961
 180   15  -65 39.177283 38.414066 -1.5666972398757935 0.2545155882835388 42 0.6883049607276917 0.16669458150863647 -0.7060093283653259
 181   13  -65 39.150233 38.406966 -2.328061819076538 0.37449079751968384 42 0.6868886947631836 0.16609294712543488 -0.7075288891792297
 182   13  -65 39.159452 38.407176 -1.7170281410217285 0.29918351769447327 41 0.6873960494995117 0.16614358127117157 -0.7070240378379822
 183   13  -66 39.150160 38.399806 -1.723121166229248 0.4822675585746765 2087 0.686944305896759 0.1655878722667694 -0.7075932621955872
 184   13  -66 39.159351 38.399942 -0.922505259513855 0.1774018406867981 2151 0.6874735355377197 0.16563932597637177 -0.70706707239151
 185   14  -65 39.168207 38.407183 -1.2892667055130005 0.534031867980957 1601 0.6878777742385864 0.16617809236049652 -0.7065473198890686
 186   15  -65 39.177298 38.406678 -1.4980171918869019 0.4934161901473999 1811 0.6884029507637024 0.16618233919143677 -0.7060346007347107
 187   14  -66 39.168008 38.399799 -1.0133932828903198 0.4425660967826843 2145 0.6879537105560303 0.16566237807273865 -0.7065944075584412
 188   16  -64 39.185920 38.420925 -0.5241044759750366 0.9028366208076477 2335 0.6887635588645935 0.16722247004508972 -0.7054370641708374
 189   17  -64 39.195648 38.420957 -0.5777321457862854 0.6107689142227173 1844 0.6893458962440491 0.16727371513843536 -0.7048558592796326
 190   16  -65 39.185967 38.413697 -0.723630428314209 0.3248617351055145 169173 0.6887926459312439 0.16670410335063934 -0.7055313587188721
 191   17  -65 39.194940 38.413889 -1.0890533924102783 0.2174043506383896 50406 0.6892945170402527 0.1667548567056656 -0.7050290107727051
 192   17  -64 39.204270 38.420884 -0.7693580389022827 0.3137778043746948 9556 0.6898038387298584 0.16729861497879028 -0.7044017314910889
 193   18  -64 39.213615 38.420951 -0.5692076683044434 0.22374969720840454 9645 0.6903168559074402 0.16733932495117188 -0.7038893699645996
 194   17  -65 39.204071 38.413910 -1.0257750749588013 0.219468891620636 3138 0.6897761821746826 0.16678692400455475 -0.7045502066612244
 195   16  -65 39.186056 38.406992 -1.1249206066131592 0.162882998585701 51 0.6888493299484253 0.1662297546863556 -0.7055878639221191
 196  -16  185 38.802116 40.666998 -7.882768630981445 0.7573271989822388 32 0.6936814785003662 0.16517774760723114 -0.7010865211486816
 197  -68  171 38.191725 40.537998 -7.058394432067871 0.8066269755363464 184 0.6587791442871094 0.1587274670600891 -0.7354016900062561
 198 -234  223 36.217922 40.980876 -7.606017112731934 0.4621732532978058 39 0.5296104550361633 0.1318807303905487 -0.8379262089729309
 199   10  -73 39.122067 38.335443 -3.8527095317840576 0.7768029570579529 39 0.6852698922157288 0.16079364717006683 -0.7103172540664673
 200   11  -74 39.126908 38.327970 3.0598325729370117 0.6723593473434448 29 0.6854998469352722 0.16026169061660767 -0.7102156281471252
 201   12  -73 39.140847 38.333698 -2.144944429397583 3.539745569229126 36 0.6865282654762268 0.1607893705368042 -0.7091020941734314
 202   10  -75 39.120324 38.319336 -6.581836700439453 0.49628689885139465 47 0.6852985620498657 0.1596495360136032 -0.7105475664138794
 203   12  -75 39.138346 38.318322 -2.3961687088012695 3.6980063915252686 28 0.686201274394989 0.15962259471416473 -0.7096819281578064
 204  -79 -109 38.096013 38.012447 -3.732469320297241 0.7235993146896362 37 0.6186485290527344 0.147696852684021 -0.771660327911377
 205  -77 -108 38.122465 38.020307 -2.9443798065185547 0.7036282420158386 29 0.6206842064857483 0.14844228327274323 -0.7698805332183838
 206  -75 -108 38.140345 38.020384 -4.406286716461182 0.7306947112083435 20 0.6219351291656494 0.1485908329486847 -0.7688416242599487
 207  -77 -110 38.121880 38.005632 -3.0388400554656982 0.20918908715248108 22 0.6204460263252258 0.14748328924179077 -0.7702566981315613
 208  -75 -109 38.135470 38.009763 -3.148679256439209 0.2936328649520874 22 0.6215693950653076 0.1478893905878067 -0.7692725658416748
 209  -75 -109 38.143729 38.009822 -3.4641547203063965 0.3312702775001526 33 0.6221391558647156 0.14795690774917603 -0.7687988877296448
 210  -75 -110 38.135897 38.002850 -3.0594210624694824 0.18431803584098816 29 0.6214779019355774 0.14743541181087494 -0.7694335579872131
 211  -75 -110 38.144160 38.002458 -2.994685411453247 0.13176880776882172 37 0.6220311522483826 0.1474723219871521 -0.7689793109893799
 212  -73 -106 38.167179 38.041121 -3.6636672019958496 0.8305448889732361 41 0.6235817074775696 0.15003977715969086 -0.7672247886657715
 213  -70 -105 38.192910 38.049055 -3.9971256256103516 0.47654759883880615 42 0.6253606677055359 0.15073783695697784 -0.7656384110450745
 214  -69 -105 38.210592 38.048768 -4.0682597160339355 0.5550007224082947 793 0.626481294631958 0.1508364975452423 -0.7647022604942322
 215  -70 -106 38.192866 38.034395 -3.481214761734009 0.38393110036849976 730 0.6251888275146484 0.14978547394275665 -0.7659655809402466
 216  -69 -106 38.206443 38.038397 -3.0681562423706055 0.25343310832977295 159 0.6261991262435913 0.15016016364097595 -0.765066385269165
 217  -68 -106 38.215068 38.038354 -3.493946075439453 0.18736006319522858 184 0.6267772912979126 0.15022146701812744 -0.7645807862281799
 218  -69 -107 38.206682 38.031204 -4.0132341384887695 0.5351305603981018 163 0.6260908246040344 0.14968450367450714 -0.7652482390403748
 219  -68 -107 38.215525 38.031458 -3.8773465156555176 0.18931305408477783 197 0.6266968846321106 0.1497686803340912 -0.7647354602813721
 220  -73 -108 38.157781 38.020250 -4.871609210968018 0.44278812408447266 847 0.6229987740516663 0.14868615567684174 -0.7679615020751953
 221  -72 -108 38.170551 38.024066 -5.224725246429443 0.6500561237335205 180 0.6237069368362427 0.14898057281970978 -0.7673294544219971
 222  -72 -108 38.179979 38.024065 -4.09107780456543 0.3645239472389221 217 0.6242831945419312 0.14903800189495087 -0.7668495178222656
 223  -41  -93 38.521992 38.155962 -2.3998513221740723 0.5718556046485901 198 0.6487886905670166 0.15165112912654877 -0.7457045316696167
 224  -39  -92 38.548174 38.163555 -2.0114386081695557 0.2437603920698166 47 0.6493043303489685 0.15731249749660492 -0.7440810203552246
 225  -38  -92 38.566258 38.163826 -2.7084801197052 0.526911199092865 69 0.650428831577301 0.15742966532707214 -0.7430735230445862
 226  -39  -94 38.548008 38.148852 -2.6866660118103027 0.49877601861953735 50 0.6491727232933044 0.15624506771564484 -0.7444208264350891
 227  -38  -94 38.566054 38.148847 -2.7684895992279053 0.6018033027648926 62 0.650323748588562 0.15634973347187042 -0.7433934807777405
 228  -42  -95 38.513088 38.135472 -4.251587390899658 1.1086556911468506 214 0.6478656530380249 0.15173199772834778 -0.7464900612831116
 229  -41  -95 38.530261 38.135447 -2.953822135925293 0.543467104434967 52 0.6483041644096375 0.15460626780986786 -0.7455190420150757
 230  -42  -97 38.514131 38.121432 -3.6708366870880127 0.8180318474769592 49 0.6464634537696838 0.15760751068592072 -0.7464883923530579
 231  -41  -97 38.525637 38.124239 -2.7257120609283447 0.6818523406982422 54 0.6470984220504761 0.15783973038196564 -0.7458889484405518
 232  -40  -97 38.535498 38.124712 -1.8378993272781372 0.13886003196239471 51 0.6478255391120911 0.15796248614788055 -0.7452315092086792
 233  -41  -97 38.525656 38.118126 -2.991534948348999 0.39730527997016907 55 0.647114634513855 0.1574552357196808 -0.7459561228752136
 234  -40  -97 38.535116 38.117613 -2.1280698776245117 0.11316569894552231 44 0.6477679014205933 0.15750116109848022 -0.7453791499137878
 235  -39  -95 38.543923 38.138628 -2.9859962463378906 0.2213667929172516 52 0.6490111351013184 0.15552504360675812 -0.7447122931480408
 236  -39  -95 38.552756 38.138865 -3.2489166259765625 0.5890017747879028 52 0.6495686769485474 0.1555916965007782 -0.7442122101783752
 237  -40  -96 38.543593 38.131700 -2.8222439289093018 0.3732445538043976 47 0.649105966091156 0.15506333112716675 -0.7447260022163391
 238  -39  -96 38.553114 38.131724 -2.437347412109375 0.4737621545791626 49 0.6497448086738586 0.1551278680562973 -0.74415522813797
 239  -38  -95 38.561988 38.138738 -4.752360820770264 0.5533000826835632 49 0.6501131653785706 0.15562419593334198 -0.7437297701835632
 240  -37  -95 38.570768 38.138925 -3.642488718032837 0.2877415418624878 44 0.6506250500679016 0.15567661821842194 -0.7432711124420166
 241  -38  -96 38.561746 38.131797 -3.084691047668457 0.4512282609939575 50 0.6502600908279419 0.15517346560955048 -0.7436954975128174
 242  -37  -96 38.570907 38.131849 -3.498542547225952 0.3042967617511749 50 0.6508026719093323 0.15521876513957977 -0.7432113289833069
 243  -39  -97 38.544310 38.124272 -2.3604037761688232 0.29588624835014343 46 0.649126410484314 0.15496601164340973 -0.7447283864021301
 244  -39  -97 38.552683 38.124668 -2.105827808380127 0.31450340151786804 56 0.6497822999954224 0.1546439528465271 -0.7442232370376587
 245  -39  -97 38.544660 38.117506 -2.120274782180786 0.19561795890331268 51 0.6491140127182007 0.15479891002178192 -0.7447740435600281
 246  -39  -97 38.552628 38.117641 -2.226321220397949 0.28822383284568787 54 0.6497820615768433 0.15414929389953613 -0.7443260550498962
 247  -38  -97 38.562177 38.124677 -3.0857861042022705 0.21476273238658905 56 0.6503323316574097 0.15468467772006989 -0.7437341809272766
 248  -36  -92 38.584641 38.163256 -3.359201669692993 0.943571150302887 50 0.6514570713043213 0.1574602872133255 -0.742165744304657
 249  -34  -92 38.601847 38.163730 -1.8033041954040527 0.3227546215057373 46 0.6525499224662781 0.15759488940238953 -0.7411763668060303
 250  -36  -93 38.580208 38.153147 -2.826571464538574 0.5324119329452515 41 0.6511908173561096 0.15672488510608673 -0.7425549030303955
 251  -36  -93 38.587518 38.152745 -2.7137606143951416 0.6675302982330322 43 0.6515547037124634 0.15671387314796448 -0.7422379851341248
 252  -36  -94 38.579624 38.145865 -3.3486783504486084 0.2645501494407654 35 0.6511073112487793 0.15619713068008423 -0.7427393794059753
 253  -36  -94 38.588125 38.146001 -2.7720837593078613 0.5492802262306213 40 0.6515936255455017 0.15624132752418518 -0.7423034310340881
 254  -35  -94 38.598025 38.151888 -2.237713098526001 0.14932073652744293 40 0.6523208022117615 0.15674039721488953 -0.7415591478347778
 255 -106 -120 37.785279 37.904495 -4.90898323059082 0.74940025806427 49 0.5959545373916626 0.13841967284679413 -0.7909982204437256
 256 -108 -122 37.768801 37.890272 -4.545130252838135 0.19975753128528595 38 0.5946530699729919 0.13740378618240356 -0.7921539545059204
 257 -107 -122 37.781842 37.894036 -4.790071487426758 0.22442884743213654 5884 0.5956260561943054 0.1377447545528412 -0.7913633584976196
 258 -106 -122 37.790300 37.893952 -4.887797832489014 0.15717244148254395 40296 0.5961768627166748 0.13779698312282562 -0.7909393906593323
 259 -107 -122 37.781546 37.886836 -4.4887590408325195 0.26211994886398315 2077 0.5955317616462708 0.13729459047317505 -0.7915126085281372
 260 -106 -122 37.790035 37.887204 -4.7703704833984375 0.11467202007770538 1494 0.5961205959320068 0.13738159835338593 -0.7910540699958801
 261 -117 -124 37.661880 37.875134 -4.816603183746338 0.5165674686431885 1903 0.586638867855072 0.13554108142852783 -0.7984256148338318
 262 -116 -124 37.680108 37.875291 -4.557252407073975 0.2151205986738205 4 0.5879629850387573 0.13570454716682434 -0.7974231839179993
 263 -117 -125 37.662478 37.860875 -5.53530216217041 0.5573140382766724 4 0.5865427851676941 0.13466888666152954 -0.7986437678337097
 264 -116 -125 37.680346 37.861393 -4.541411876678467 0.27132681012153625 15 0.5878790020942688 0.13485835492610931 -0.7976287007331848
 265 -114 -124 37.696787 37.875466 -4.610525131225586 0.2895546853542328 112 0.5891702771186829 0.13585500419139862 -0.7965059876441956
 266 -113 -124 37.715420 37.875550 -4.630853652954102 0.28616514801979065 36 0.5906549692153931 0.13604719936847687 -0.7953727841377258
 267 -114 -125 37.693268 37.864846 -5.086670398712158 0.23484376072883606 680 0.5888422131538391 0.13517773151397705 -0.7968637943267822
 268 -114 -125 37.702102 37.864835 -5.5789594650268555 0.1737826019525528 127 0.5895348787307739 0.13526247441768646 -0.7963370084762573
 269 -114 -125 37.693393 37.857667 -5.931392669677734 0.3793102204799652 168 0.5888586044311523 0.13475292921066284 -0.7969236373901367
 270 -114 -125 37.702451 37.857769 -5.831257343292236 0.2557278275489807 129 0.5895476937294006 0.13484200835227966 -0.7963988780975342
 271 -113 -125 37.710911 37.864828 -5.323077201843262 0.18390794098377228 38 0.5902201533317566 0.13534611463546753 -0.7958150506019592
 272 -112 -125 37.719624 37.865327 -4.89603328704834 0.13806450366973877 40 0.5908613801002502 0.13545005023479462 -0.7953214645385742
 273 -113 -125 37.711044 37.858023 -5.32009220123291 0.13412058353424072 42 0.5901814103126526 0.13493090867996216 -0.7959142923355103
 274 -112 -126 37.720217 37.857924 -4.8919453620910645 0.19598446786403656 40 0.5908502340316772 0.1350020468235016 -0.7954058647155762
 275 -117 -127 37.662396 37.846975 -5.742928981781006 0.5064010620117188 703 0.5856696963310242 0.13715489208698273 -0.7988613843917847
 276 -116 -126 37.675955 37.850312 -4.356196880340576 0.21542145311832428 203 0.5874375104904175 0.1344299465417862 -0.7980262041091919
 277 -115 -126 37.684526 37.850715 -4.397956848144531 0.21817372739315033 192 0.5878553986549377 0.13584983348846436 -0.7974778413772583
 278    2  -76 39.024737 38.314929 -4.284393310546875 0.18315854668617249 172 0.6797982454299927 0.15892601013183594 -0.7159726023674011
 279    2  -75 39.034102 38.315423 -4.397418022155762 0.14189749956130981 39 0.6803581118583679 0.15900668501853943 -0.7154227495193481
 280    6  -74 39.070279 38.327709 -5.392358303070068 0.1692253202199936 47 0.6824179887771606 0.16004091501235962 -0.713226854801178
 281    4  -75 39.051997 38.321595 -5.031076431274414 0.15093502402305603 41 0.6813880205154419 0.15952736139297485 -0.7143258452415466
 282    3  -75 39.042855 38.315453 -4.612962245941162 0.13150878250598907 42 0.6808909773826599 0.1590527594089508 -0.714905321598053
 283    4  -75 39.051985 38.315521 -4.80380916595459 0.10481031984090805 203 0.6814660429954529 0.1591082662343979 -0.71434485912323
 284    5  -75 39.061051 38.322115 -4.842992782592773 0.09656507521867752 71 0.6819216012954712 0.15960578620433807 -0.713798999786377
 285    6  -75 39.069883 38.322651 -5.078625679016113 0.20565484464168549 50 0.6824710965156555 0.15969257056713104 -0.7132541537284851
 286    5  -75 39.060805 38.315601 -4.850151062011719 0.10521163791418076 31 0.682003915309906 0.1591583490371704 -0.713820219039917
 287    6  -75 39.069879 38.315602 -4.640783786773682 0.20246674120426178 17 0.6825762391090393 0.1592087745666504 -0.7132617831230164
 288    1  -76 39.019492 38.309043 -3.9673004150390625 0.08585945516824722 23 0.6795254945755005 0.15848812460899353 -0.7163286209106445
 289    0  -77 39.003990 38.299438 -3.269782781600952 0.0 35 0.6786547899246216 0.15773579478263855 -0.7173194289207458
 290    1  -77 39.019492 38.301072 -4.012966156005859 0.04418221116065979 42 0.6795933842658997 0.1579296737909317 -0.7163875699043274
 291    2  -76 39.025263 38.308513 -4.020642280578613 0.1389022022485733 19 0.679885745048523 0.15848033130168915 -0.7159883975982666
 292    2  -76 39.034108 38.308474 -4.185701370239258 0.13086195290088654 42 0.6804158687591553 0.15851949155330658 -0.7154759764671326
 293    2  -77 39.024936 38.301515 -3.9102683067321777 0.05631497874855995 46 0.679929792881012 0.15799032151699066 -0.7160549163818359
 294    2  -77 39.033885 38.301563 -3.9182586669921875 0.22161652147769928 44 0.6804894208908081 0.15804116427898407 -0.7155117988586426
 295    0  -78 39.004145 38.293724 -3.699307680130005 0.08948930352926254 43 0.6787081360816956 0.15733470022678375 -0.7173570394515991
 296    1  -78 39.017585 38.294018 -4.112391471862793 0.13111257553100586 45 0.6795417666435242 0.15742766857147217 -0.7165469527244568
 297    0  -79 39.009673 38.285669 -4.305516719818115 0.08061455190181732 49 0.6791120171546936 0.15680013597011566 -0.7170917987823486
 298    1  -79 39.016395 38.287261 -4.192840099334717 0.06856954097747803 53 0.6795340776443481 0.15695089101791382 -0.7166587710380554
 299    2  -78 39.029420 38.291020 -4.053537368774414 0.3297343850135803 720 0.680324375629425 0.15728464722633362 -0.7158353328704834
 300    3  -76 39.043059 38.308326 -4.576616287231445 0.13536716997623444 180 0.6809767484664917 0.15855757892131805 -0.7149336934089661
 301    4  -76 39.051918 38.308509 -4.4369964599609375 0.14938530325889587 174 0.6815264225006104 0.15861698985099792 -0.714396595954895
 302    3  -77 39.043061 38.301262 -4.487471103668213 0.21766021847724915 188 0.6810474395751953 0.15806496143341064 -0.7149754166603088
 303    4  -77 39.052012 38.301584 -4.242559909820557 0.08182241022586823 169 0.6816136240959167 0.158137708902359 -0.7144196033477783
 304    5  -77 39.065397 38.304975 -3.948969602584839 0.3040894865989685 176 0.6824440360069275 0.15845251083374023 -0.7135565280914307
 305    4  -78 39.047742 38.290985 -4.290395259857178 0.4361763298511505 160 0.6814795136451721 0.15738171339035034 -0.7147144079208374
 306    5  -78 39.066348 38.291296 -4.2459397315979 0.3762378990650177 112 0.6826910376548767 0.15751464664936066 -0.7135279774665833
 307    7  -67 39.083535 38.388998 0.4419674277305603 0.5757970213890076 36 0.6833578944206238 0.16456910967826843 -0.7112939357757568
 308    8  -67 39.096650 38.393036 0.045374952256679535 0.28101372718811035 32 0.6840851902961731 0.16491279006004333 -0.7105147838592529
 309    9  -67 39.105871 38.393018 0.18605394661426544 0.3394486606121063 35 0.6846055388450623 0.16495037078857422 -0.7100047469139099
 310    8  -68 39.096971 38.385981 0.28720149397850037 0.2575373947620392 27 0.6841185092926025 0.16440720856189728 -0.7105997800827026
 311    9  -68 39.105659 38.385708 0.6179103255271912 0.23209595680236816 52 0.6846023797988892 0.16442202031612396 -0.7101302146911621
 312    6  -68 39.079208 38.378743 0.050895895808935165 0.32787078619003296 44 0.6830312013626099 0.16378962993621826 -0.7117874026298523
 313    7  -68 39.087593 38.378858 -0.3357895016670227 0.25428181886672974 38 0.683482825756073 0.16382719576358795 -0.7113451361656189
 314    6  -69 39.079068 38.371712 0.08402832597494125 1.516196370124817 32 0.682916522026062 0.1632535308599472 -0.7120205163955688
 315    7  -69 39.088110 38.371764 1.0315858125686646 0.8317862749099731 48 0.6833890676498413 0.16328638792037964 -0.711559534072876
 316    8  -68 39.096439 38.378883 0.34485307335853577 0.7294875979423523 50 0.6839841604232788 0.16386649012565613 -0.7108540534973145
 317    9  -68 39.105630 38.378816 0.8576741814613342 0.4559393525123596 41 0.6845440864562988 0.16390962898731232 -0.7103049159049988
 318    8  -69 39.096405 38.371718 1.2712690830230713 0.7357969284057617 50 0.6838554739952087 0.16331703960895538 -0.711104154586792
 319   10  -67 39.114520 38.392937 -0.3093032240867615 0.28258514404296875 34 0.6850737929344177 0.16497494280338287 -0.709547221660614
 320   10  -67 39.123650 38.392915 -0.4095017910003662 0.5109871625900269 34 0.6855825185775757 0.16501058638095856 -0.7090473771095276
 321   10  -68 39.114775 38.385954 -0.2040076106786728 0.36380329728126526 21 0.6851003766059875 0.16447316110134125 -0.7096379399299622
 322   10  -68 39.123489 38.385691 -1.0344351530075073 0.4344961643218994 32 0.6855545043945312 0.16448180377483368 -0.7091973423957825
 323   11  -67 39.132334 38.392599 -1.2265437841415405 0.35422390699386597 49 0.6860628724098206 0.1650211662054062 -0.7085801362991333
 324   12  -67 39.141311 38.392849 -1.9817081689834595 0.2216113954782486 57 0.6865374445915222 0.16506865620613098 -0.7081092000007629
 325   11  -68 39.131141 38.386914 -1.9707145690917969 0.25508826971054077 41 0.6859785914421082 0.16459962725639343 -0.7087597250938416
 326   12  -67 39.141024 38.388155 -2.0365848541259766 0.18985581398010254 56 0.6865395903587341 0.16473259031772614 -0.7081853747367859
 327   10  -68 39.114695 38.378936 -1.40303373336792 0.5556977987289429 219 0.6850336790084839 0.16394951939582825 -0.709823489189148
 328  -90 -121 37.967451 37.903664 -5.67714262008667 0.5410755276679993 118 0.6095631122589111 0.13998807966709137 -0.7802795767784119
 329  -89  154 37.940026 40.389665 -6.31427526473999 0.5001446604728699 47 0.6415694355964661 0.15644685924053192 -0.7509414553642273
 330  -84  156 38.008357 40.401643 -6.416311740875244 0.5090355277061462 52 0.6458202004432678 0.15717777609825134 -0.7471354603767395
 331  -90  148 37.937438 40.329079 -5.413576602935791 0.8869748115539551 50 0.641380786895752 0.15258124470710754 -0.751897394657135
 332  -49  101 38.419383 39.915876 0.3385150134563446 0.7931320071220398 51 0.6646660566329956 0.15827953815460205 -0.7301825881004333
 333  -40  104 38.528226 39.944058 -0.4851384460926056 0.7283040881156921 16 0.671330451965332 0.1582985818386078 -0.7240558862686157
 334  -34  104 38.600583 39.944441 -0.9146034717559814 0.6428771018981934 198 0.675401508808136 0.15863682329654694 -0.7201855182647705
 335  -40   98 38.527936 39.887208 -0.3059904873371124 0.8337607979774475 170 0.669659435749054 0.16236314177513123 -0.7247030735015869
 336  -34   98 38.597855 39.888526 0.11397650837898254 0.7638887763023376 53 0.6733309626579285 0.1642783284187317 -0.7208592295646667
 337  -49   89 38.419166 39.801956 1.150572419166565 0.9417974352836609 49 0.6628483533859253 0.15909016132354736 -0.7316573262214661
 338  -37   88 38.562823 39.798747 0.4883593022823334 0.6006069183349609 49 0.671290397644043 0.15956713259220123 -0.7238145470619202
 339  -27  129 38.673790 40.169509 -5.668337821960449 0.7155969738960266 46 0.681238055229187 0.1635686308145523 -0.7135544419288635
 340  -21  129 38.746265 40.169774 -6.101608753204346 1.245909571647644 191 0.6850810050964355 0.1638590693473816 -0.7097988128662109
 341  -27  123 38.672628 40.113290 -5.304682731628418 0.8914917707443237 191 0.6811726093292236 0.16009996831417084 -0.7144032120704651
 342  -21  123 38.746982 40.112884 -5.302587032318115 0.5936439037322998 185 0.6847962737083435 0.16226115822792053 -0.7104402780532837
 343 -124  126 37.533368 40.134101 -0.32290321588516235 0.9959180355072021 174 0.6124956607818604 0.1472587287425995 -0.7766363024711609
 344  -77  117 38.090178 40.053909 0.7929429411888123 0.5396521091461182 154 0.6465521454811096 0.15589848160743713 -0.746770441532135
 345  -71  117 38.160788 40.054562 0.5292661190032959 0.8389224410057068 165 0.6515123248100281 0.15290959179401398 -0.7430682182312012
 346  -32  -87 38.629051 38.212864 -2.7507994174957275 0.6326503753662109 41 0.6559157371520996 0.1538332998752594 -0.73899245262146
 347  -35  -90 38.590674 38.185058 -3.646059274673462 1.8490952253341675 40 0.6517912745475769 0.1590242236852646 -0.7415385246276855
 348  -32  -90 38.629220 38.185146 -2.516494035720825 0.5882754921913147 46 0.6542736887931824 0.1592637002468109 -0.73929762840271
 349  -55    8 38.355973 39.071017 -1.0168431997299194 0.9865780472755432 41 0.6498309969902039 0.15495850145816803 -0.7441152930259705
 350  -65  186 38.221522 40.672735 -8.679481506347656 0.8825618624687195 42 0.6613397598266602 0.16146397590637207 -0.7325019836425781
 351 -265  242 35.839702 41.143116 -6.847603797912598 0.8779251575469971 45 0.5032777786254883 0.12027053534984589 -0.855713963508606
 352 -259  242 35.914808 41.142205 -6.660945892333984 0.6423060297966003 47 0.5091503262519836 0.12307611107826233 -0.8518322706222534
 353 -265  235 35.838839 41.081836 -6.236959457397461 0.36254847049713135 48 0.5008864998817444 0.12425296008586884 -0.8565476536750793
 354 -259  236 35.914721 41.084185 -5.987685203552246 0.5320732593536377 186 0.5073434710502625 0.12531353533267975 -0.8525837659835815
 355 -249  251 36.022512 41.226605 -7.69140625 0.7026404142379761 34 0.519577145576477 0.12570570409297943 -0.8451259136199951
 356   26  -55 39.298950 38.501373 0.5582476258277893 0.6170991063117981 30 0.6971859931945801 0.16184522211551666 -0.6983822584152222
 357   27  -55 39.316230 38.501729 -0.012854511849582195 0.47632652521133423 7 0.6980931758880615 0.1619255691766739 -0.6974567770957947
 358   26  -56 39.298544 38.487346 -0.290578156709671 0.5402920842170715 2 0.6971918940544128 0.16082894802093506 -0.6986110806465149
 359   27  -56 39.315386 38.488506 -0.47355228662490845 0.28067663311958313 21 0.6980492472648621 0.16096016764640808 -0.6977242231369019
 360   29  -55 39.334760 38.501672 0.14528465270996094 0.777660071849823 1 0.6990812420845032 0.1619844138622284 -0.696452796459198
 361   30  -55 39.351551 38.501415 0.35052570700645447 0.8780778646469116 4 0.6999404430389404 0.16201423108577728 -0.695582389831543
 362   28  -56 39.329565 38.490986 0.4029080271720886 0.27347633242607117 39 0.6988015174865723 0.16118811070919037 -0.6969181299209595
 363   29  -56 39.338812 38.490843 0.09750337898731232 0.4876110851764679 47 0.6993138194084167 0.1612125039100647 -0.6963983774185181
 364  -59 -107 38.322071 38.032610 -4.104234218597412 0.6116405129432678 10 0.6342473030090332 0.15072496235370636 -0.7582957148551941
 365  -72 -108 38.170743 38.017231 -3.8965845108032227 0.29860416054725647 4 0.6237481832504272 0.14856597781181335 -0.7673763036727905
 366  -71 -108 38.180463 38.016906 -4.816139221191406 0.7722338438034058 7 0.6244006752967834 0.14861784875392914 -0.7668354511260986
 367  -74 -109 38.153286 38.010032 -4.955962181091309 0.6527079343795776 4 0.6227514743804932 0.14803311228752136 -0.768288254737854
 368  -73 -109 38.162130 38.009548 -4.8941121101379395 0.6307551264762878 6 0.6232419013977051 0.1480434536933899 -0.7678884863853455
 369  -74 -110 38.153846 38.003067 -3.7864532470703125 0.672278106212616 24 0.6227498054504395 0.14759738743305206 -0.7683734893798828
 370  -73 -110 38.162494 38.002929 -5.247382164001465 0.6318162083625793 43 0.6232779026031494 0.1476382613182068 -0.7679372429847717
 371  -72 -109 38.170562 38.009919 -3.340273857116699 0.3131776750087738 32 0.6237480044364929 0.14811432361602783 -0.7674638032913208
 372  -71 -109 38.180517 38.009867 -4.878502368927002 0.9940553307533264 47 0.6244084239006042 0.14818167686462402 -0.7669135332107544
 373  -72 -110 38.170876 38.002876 -3.4929962158203125 0.4238871932029724 46 0.6237630844116211 0.14767861366271973 -0.7675354480743408
 374  -71 -108 38.188560 38.024185 -4.605617046356201 0.8348492980003357 42 0.6248394846916199 0.1491043120622635 -0.7663834095001221
 375  -70 -107 38.197653 38.024827 -5.0014567375183105 0.9228625893592834 45 0.6254518032073975 0.14921240508556366 -0.765862762928009
 376  -71 -108 38.188509 38.016904 -5.883718013763428 0.7211644649505615 49 0.6248465776443481 0.14865440130233765 -0.7664650678634644
 377  -70 -108 38.200272 38.017385 -4.402409553527832 0.79500412940979 44 0.625621497631073 0.14876742660999298 -0.7658107280731201
 378  -69 -108 38.206407 38.024313 -4.374938488006592 0.5493780374526978 10 0.6260541677474976 0.14924906194210052 -0.7653632760047913
 379  -68 -108 38.215107 38.024235 -4.38720178604126 0.2903152108192444 1 0.6266486048698425 0.1493111252784729 -0.7648645639419556
 380  -71 -109 38.188506 38.010254 -5.987040996551514 0.8866596817970276 11 0.6248378753662109 0.14823958277702332 -0.7665524482727051
 381 -123 -124 37.599196 37.866844 -5.35961389541626 0.4997808039188385 47 0.5819180011749268 0.13452164828777313 -0.8020445108413696
 382 -119 -124 37.636505 37.867503 -4.963719844818115 0.2729320228099823 47 0.5847211480140686 0.13485769927501678 -0.7999466061592102
 383 -123 -127 37.600345 37.839508 -5.482024669647217 0.4675750732421875 44 0.5809422135353088 0.1364004760980606 -0.802434504032135
 384 -120 -127 37.626722 37.846469 -5.023724555969238 0.17747150361537933 49 0.5836861729621887 0.13390164077281952 -0.8008625507354736
 385 -119 -127 37.644845 37.846752 -5.09574556350708 0.229783833026886 3 0.5847412943840027 0.13549603521823883 -0.799824059009552
 386 -120 -128 37.627559 37.832226 -5.093361854553223 0.32211729884147644 29 0.5815480351448059 0.14196710288524628 -0.8010289072990417
 387 -119 -128 37.640720 37.836271 -5.178456783294678 0.08589724451303482 14 0.5825403332710266 0.14242073893547058 -0.8002269268035889
 388 -118 -128 37.649644 37.836191 -5.387428283691406 0.18918873369693756 42 0.5832176208496094 0.1425037682056427 -0.7997186779975891
 389 -119 -129 37.640483 37.829051 -5.006372451782227 0.24121858179569244 182 0.5825046300888062 0.14198660850524902 -0.8003300428390503
 390 -118 -129 37.650082 37.829275 -5.008517742156982 0.38104909658432007 46 0.5833068490028381 0.14211298525333405 -0.7997231483459473
 391 -116 -118 37.670204 37.924545 -4.820022106170654 0.6645256876945496 47 0.5875135660171509 0.1386101394891739 -0.797254741191864
 392 -113 -118 37.705660 37.925622 -4.223594665527344 0.3694719970226288 50 0.5901663899421692 0.13900037109851837 -0.7952248454093933
 393 -116 -121 37.670601 37.896255 -5.302526950836182 0.5314382314682007 43 0.5874623656272888 0.1369127333164215 -0.797585666179657
 394 -113 -121 37.707216 37.896214 -4.49880313873291 0.3348752558231354 171 0.5901306867599487 0.13722600042819977 -0.7955594658851624
 395 -110 -118 37.740932 37.924276 -4.022465229034424 0.7291479110717773 181 0.5930209755897522 0.13929377496242523 -0.7930468916893005
 396 -107 -118 37.777342 37.925192 -4.895040988922119 1.3561153411865234 141 0.595775842666626 0.13968747854232788 -0.7909099459648132
 397 -111 -120 37.732319 37.903968 -4.202554225921631 0.43452122807502747 180 0.5921177864074707 0.1379401981830597 -0.7939577698707581
 398 -109 -120 37.750214 37.904094 -4.790774345397949 0.5791273713111877 55 0.5934458374977112 0.13810670375823975 -0.7929366827011108
 399 -111 -122 37.733273 37.889642 -4.631251811981201 0.3265404999256134 51 0.5920584201812744 0.13706237077713013 -0.7941541075706482
 400 -109 -122 37.750926 37.890056 -4.387613296508789 0.21706654131412506 50 0.593323826789856 0.1372326761484146 -0.7931796908378601
 401 -108 -120 37.768088 37.904171 -5.487068176269531 0.9049282670021057 45 0.5947515368461609 0.1382652372121811 -0.791930079460144
 402  -18  -91 38.784422 38.174336 -2.96543288230896 0.17824213206768036 45 0.6635597944259644 0.15925371646881104 -0.7309765219688416
 403  -17  -80 38.797673 38.276783 -1.9645005464553833 0.9874026775360107 51 0.6669203042984009 0.1552806943655014 -0.7287697196006775
 404  -16  -80 38.814894 38.276222 -2.0901572704315186 0.7292918562889099 63 0.6678387522697449 0.1552959829568863 -0.7279248237609863
 405  -17  -81 38.797530 38.262475 -0.24365359544754028 0.27188360691070557 48 0.6668782234191895 0.15425275266170502 -0.7290264964103699
 406  -16  -81 38.810984 38.266075 -1.3448561429977417 0.30112385749816895 45 0.6676737070083618 0.15456926822662354 -0.728230893611908
 407  -15  -81 38.819962 38.266121 -1.8283867835998535 0.2443418651819229 43 0.6681451201438904 0.1545993536710739 -0.727791965007782
 408  -16  -82 38.811209 38.258986 -0.8365040421485901 0.259900838136673 45 0.6676440238952637 0.15405479073524475 -0.7283670902252197
 409  -15  -82 38.819902 38.259115 -1.3025107383728027 0.28946003317832947 47 0.668104887008667 0.15409117937088013 -0.7279366850852966
 410  -14  -80 38.833078 38.276623 -2.1470463275909424 0.8623296022415161 55 0.6688393354415894 0.1553894430398941 -0.7269856333732605
 411  -13  -79 38.846989 38.280191 -1.1673206090927124 0.11031516641378403 53 0.6696662902832031 0.15570877492427826 -0.7261555790901184
 412  -12  -79 38.855701 38.280410 -1.0619218349456787 0.19303791224956512 52 0.6701595783233643 0.15575918555259705 -0.7256894111633301
 413  -13  -80 38.846858 38.273128 -1.0267547369003296 0.13423894345760345 50 0.6695840954780579 0.155186727643013 -0.726343035697937
 414  -12  -80 38.855560 38.273105 -1.2719478607177734 0.20789258182048798 51 0.6700893044471741 0.15522149205207825 -0.7258695363998413
 415  -14  -81 38.828732 38.266121 -1.4214383363723755 0.40462034940719604 58 0.6686135530471802 0.15462779998779297 -0.7273556590080261
 416  -14  -81 38.837492 38.266134 -1.8268452882766724 0.20621374249458313 29 0.6690805554389954 0.15465597808361053 -0.7269200086593628
 417  -14  -82 38.828713 38.258997 -0.7224536538124084 0.18966417014598846 17 0.6685618162155151 0.15410754084587097 -0.7275135517120361
 418  -14  -82 38.837659 38.259206 -1.3251157999038696 0.388637900352478 60 0.6690347194671631 0.15414965152740479 -0.7270697355270386
 419  -13  -81 38.846574 38.266249 -1.1362314224243164 0.29716089367866516 56 0.6695556640625 0.1546906679868698 -0.7264750599861145
 420  -12  -81 38.856006 38.266114 -1.263723373413086 0.3246488571166992 55 0.6700894832611084 0.1547185480594635 -0.725976824760437
 421  -18  -83 38.793195 38.251889 -0.14093254506587982 0.24652531743049622 23 0.6665091514587402 0.1534534990787506 -0.7295324802398682
 422  -67 -111 38.233252 37.996008 -4.51380729675293 0.3325291872024536 12 0.6278613209724426 0.14768734574317932 -0.7641849517822266
 423  -68 -111 38.224624 37.989174 -4.936370849609375 0.14414332807064056 2 0.6272899508476257 0.1472020000219345 -0.7647476196289062
 424  -67 -111 38.233484 37.989059 -5.086644649505615 0.3010369837284088 1 0.6279086470603943 0.14726437628269196 -0.7642276883125305
 425  -66 -111 38.242457 37.996413 -3.902662992477417 0.2461162954568863 61 0.628534734249115 0.14779327809810638 -0.7636107206344604
 426  -65 -111 38.251209 37.996246 -3.7084147930145264 0.30542948842048645 50 0.6291770339012146 0.14786040782928467 -0.7630685567855835
 427  -66 -111 38.241987 37.989076 -5.290048599243164 0.6940799355506897 50 0.6284626722335815 0.1473233550786972 -0.7637607455253601
 428  -65 -111 38.251339 37.989304 -4.970860958099365 0.43341320753097534 48 0.6290666460990906 0.14739921689033508 -0.7632487416267395
 429  -68 -112 38.224530 37.982544 -4.619235038757324 0.1842482089996338 36 0.6273711323738098 0.14680948853492737 -0.7647565007209778
 430  -67 -112 38.233644 37.982648 -4.712272644042969 0.27668124437332153 43 0.628024697303772 0.14689116179943085 -0.764204204082489
 431  -68 -113 38.224444 37.974767 -4.6554789543151855 0.1680997908115387 39 0.6273951530456543 0.14633230865001678 -0.7648282647132874
 432  -67 -113 38.233421 37.975102 -4.513177871704102 0.19823482632637024 42 0.6280532479286194 0.14643093943595886 -0.7642690539360046
 433  -66 -113 38.248007 37.979065 -5.822476387023926 0.794053852558136 48 0.6290280222892761 0.14678065478801727 -0.7633997797966003
 434  -64 -111 38.264868 37.993157 -4.604465961456299 0.41295886039733887 41 0.6300797462463379 0.1477627456188202 -0.7623422145843506
 435  -63 -111 38.281412 37.992999 -4.388460159301758 0.52383953332901 39 0.6311785578727722 0.14787034690380096 -0.7614118456840515
 436  -64 -113 38.264526 37.978626 -6.082927703857422 0.6083837747573853 33 0.6300210356712341 0.14684513211250305 -0.7625680565834045
 437  -63 -113 38.282044 37.979535 -5.484227657318115 0.46963897347450256 31 0.631106972694397 0.14700716733932495 -0.761638343334198
 438  -67 -114 38.230142 37.964576 -5.161279678344727 0.30461087822914124 1934 0.6277724504470825 0.14573809504508972 -0.7646320462226868
 439  -66 -114 38.247035 37.964754 -4.8587164878845215 0.5073837637901306 1742 0.6289390921592712 0.14587882161140442 -0.7636458277702332
 440 -109  154 37.713956 40.388459 -5.146638870239258 0.5620747804641724 1371 0.6269095540046692 0.1544850766658783 -0.7636221647262573
 441  -17  -92 38.797497 38.163911 -3.9623236656188965 0.39159291982650757 2042 0.6644519567489624 0.1585998684167862 -0.7303078770637512
 442  -16  -92 38.815279 38.163779 -3.6933047771453857 0.39511486887931824 12405 0.6655310392379761 0.15868031978607178 -0.729307234287262
 443  -17  -94 38.797749 38.150029 -4.669188022613525 1.298377513885498 3133 0.6646587252616882 0.15765787661075592 -0.7303236722946167
 444  -16  -94 38.816038 38.150182 -4.2535176277160645 0.7321962714195251 3222 0.6657386422157288 0.15775242447853088 -0.7293190360069275
 445  -13  -93 38.840996 38.156786 -3.611165761947632 0.7765040397644043 3190 0.6672295331954956 0.15834324061870575 -0.7278270721435547
 446  -16  -96 38.807087 38.128792 -4.0613627433776855 0.272097647190094 2567 0.6653854250907898 0.15622875094413757 -0.7299690842628479
 447  -13  -96 38.841928 38.129191 -4.450252532958984 0.764431357383728 11724 0.667461097240448 0.156419038772583 -0.728030800819397
 448 -269  242 35.792304 41.138682 -6.604220390319824 0.6598508954048157 11012 0.4991728663444519 0.11920184642076492 -0.8582642078399658
 449 -269  236 35.797239 41.088150 -6.072587966918945 0.342946857213974 3332 0.4972400963306427 0.12410446256399155 -0.8586910963058472
 450  -53  -95 38.393899 38.139888 -2.954228162765503 0.5560545921325684 3290 0.6409680247306824 0.14891938865184784 -0.7529827356338501
 451  -48  -93 38.451639 38.156161 -2.985326051712036 0.6617031097412109 3249 0.6448648571968079 0.14934073388576508 -0.7495643496513367
 452  -45  -93 38.485514 38.155260 -2.5054800510406494 0.6916521787643433 3392 0.6469425559043884 0.14948157966136932 -0.7477436065673828
 453  -48  -96 38.451668 38.127651 -2.94089674949646 0.6150979399681091 2848 0.6440156698226929 0.15177881717681885 -0.749804675579071
 454  -45  -96 38.485703 38.129565 -4.84905481338501 1.4369984865188599 2596 0.6460332274436951 0.15278519690036774 -0.7478621602058411
 455  -55  -99 38.368046 38.106294 -2.0703213214874268 0.3195886015892029 2542 0.6371139883995056 0.15564876794815063 -0.7548902034759521
 456  -53  -99 38.389934 38.105969 -3.3421971797943115 0.573283314704895 2656 0.6388146877288818 0.15585197508335114 -0.7534095644950867
 457  -55 -100 38.369875 38.091461 -2.188305139541626 0.33186352252960205 10847 0.6372718214988708 0.15473692119121552 -0.7549444437026978
 458  -53 -100 38.388856 38.092235 -3.8099470138549805 0.5696758031845093 2802 0.6385535597801208 0.15492978692054749 -0.7538210153579712
 459  -52  -98 38.405381 38.106936 -3.2696988582611084 0.6742715835571289 3303 0.6397455930709839 0.15600457787513733 -0.752587616443634
 460  -50  -99 38.422790 38.106079 -3.5958545207977295 0.4999603033065796 761 0.6407440900802612 0.15603967010974884 -0.7517304420471191
 461  -52 -100 38.405741 38.092108 -2.94297194480896 0.3543022572994232 719 0.6395497918128967 0.15501669049263 -0.7529581189155579
 462  -50 -100 38.423092 38.093396 -3.3480746746063232 0.28822726011276245 727 0.6406837701797485 0.15522198379039764 -0.7519510984420776
 463  -55 -101 38.366459 38.081622 -2.5861613750457764 0.1998836100101471 198701 0.6370155811309814 0.15408504009246826 -0.7552939653396606
 464  -54 -101 38.374705 38.081616 -2.755344867706299 0.2349836677312851 7902 0.6375742554664612 0.15414677560329437 -0.7548098564147949
 465  -55 -102 38.365741 38.074784 -2.471510887145996 0.1593405157327652 2299 0.6368858218193054 0.15362931787967682 -0.7554962038993835
 466  -54 -102 38.374802 38.073781 -3.07491397857666 0.22208188474178314 2358 0.6374426484107971 0.15362010896205902 -0.7550283670425415
 467  -54 -101 38.384047 38.081578 -3.029487371444702 0.24333594739437103 2679 0.6381028294563293 0.1541910320520401 -0.7543540000915527
 468  -53 -101 38.393055 38.081665 -3.172783136367798 0.387386679649353 2335 0.6386619210243225 0.15425322949886322 -0.7538679838180542
 469  -54 -102 38.383902 38.074411 -2.619184970855713 0.21723690629005432 1111 0.6379994750022888 0.15371562540531158 -0.7545384168624878
 470  -53 -102 38.392560 38.074712 -2.8685977458953857 0.18265043199062347 2202 0.6386061906814575 0.15380580723285675 -0.7540066242218018
 471  -55 -103 38.367022 38.067402 -3.111405611038208 0.31651371717453003 1698 0.6368818283081055 0.15315164625644684 -0.7555965781211853
 472  -54 -103 38.375115 38.067619 -3.2516469955444336 0.16355860233306885 2111 0.6373798847198486 0.1532144397497177 -0.7551637291908264
 473  -54 -103 38.383845 38.067384 -3.0469770431518555 0.10032171756029129 8676 0.6380072832107544 0.15327580273151398 -0.7546212673187256
 474   32  -70 39.377349 38.366066 -4.499643325805664 0.6479203701019287 2888 0.6994326114654541 0.16399617493152618 -0.6956287026405334
 475  -48 -145 38.453824 37.686548 -7.962490558624268 1.3723852634429932 190 0.6374976634979248 0.14969217777252197 -0.7557704448699951
 476  -19 -122 38.779658 37.896182 -5.76741361618042 0.9217203259468079 226 0.6604957580566406 0.1553783267736435 -0.7345767021179199
 477    7 -124 39.083765 37.877282 -6.189467906951904 0.4758191406726837 214 0.6778509020805359 0.15914994478225708 -0.717767059803009
 478  -18  170 38.783062 40.533824 -7.273700714111328 0.7155334949493408 188 0.6908986568450928 0.16653159260749817 -0.7035099864006042
 479 -112 -159 37.725997 37.554071 -7.30689811706543 0.7443689703941345 206 0.5857851505279541 0.135718435049057 -0.7990220785140991
 480  -70 -121 38.203797 37.901289 -5.093474864959717 0.4952492415904999 210 0.6235686540603638 0.15146265923976898 -0.7669557929039001
 481  -77 -126 38.114526 37.857970 -5.363030433654785 0.9024427533149719 49 0.6171133518218994 0.14800135791301727 -0.7728303074836731
 482  -71 -126 38.185407 37.858507 -5.6307172775268555 0.6917703151702881 54 0.6221372485160828 0.14862555265426636 -0.7686713933944702
 483  -90 -115 37.967373 37.951951 -4.1526689529418945 0.252053439617157 40 0.6094226837158203 0.14289987087249756 -0.779861330986023
 484  -91 -116 37.958517 37.944931 -3.8080146312713623 0.46771150827407837 38 0.6087639927864075 0.14239287376403809 -0.7804682850837708
 485  -90 -116 37.967364 37.944988 -4.178149700164795 0.39239397644996643 34 0.6093979477882385 0.1424693614244461 -0.7799593806266785
 486  -89 -114 37.980585 37.962800 -3.9902851581573486 0.32002347707748413 20 0.6104497909545898 0.1436910629272461 -0.7789120078086853
 487  -88 -114 37.998557 37.963123 -3.6877737045288086 0.3609475791454315 35 0.6117067337036133 0.14385393261909485 -0.7778952121734619
 488  -89 -115 37.976239 37.952197 -3.924440860748291 0.18039536476135254 31 0.6100491881370544 0.14298687875270844 -0.7793553471565247
 489  -89 -115 37.984788 37.952092 -3.8201072216033936 0.23701593279838562 39 0.6106666922569275 0.14305275678634644 -0.7788594961166382
 490  -89 -116 37.976392 37.944998 -3.9079887866973877 0.05640918016433716 31 0.6100437045097351 0.14254488050937653 -0.7794406414031982
 491  -89 -116 37.985236 37.945184 -3.858999252319336 0.11626250296831131 35 0.6106777787208557 0.14262942969799042 -0.7789284586906433
 492  -88 -115 37.994066 37.952441 -3.452253818511963 0.09126724302768707 37 0.6113840341567993 0.14316362142562866 -0.7782761454582214
 493  -87 -115 38.002672 37.952340 -3.6802563667297363 0.12239698320627213 46 0.6120030879974365 0.14322933554649353 -0.7777773141860962
 494  -88 -116 37.994125 37.945027 -3.865718126296997 0.09039068967103958 40 0.611331582069397 0.14269784092903137 -0.7784028649330139
 495  -87 -116 38.002897 37.945333 -3.903963327407837 0.12186945974826813 44 0.6119786500930786 0.14279305934906006 -0.7778768539428711
 496  -86 -111 38.014162 37.991482 -4.380887031555176 0.9519482851028442 51 0.6127609014511108 0.14570632576942444 -0.776719868183136
 497  -84 -111 38.034247 37.991673 -3.4172308444976807 0.47334152460098267 46 0.6141854524612427 0.1458849161863327 -0.7755603194236755
 498  -86 -113 38.016129 37.977136 -3.984487771987915 0.38846102356910706 53 0.6129297614097595 0.1448504477739334 -0.7767466902732849
 499  -84 -113 38.033596 37.977088 -3.871987819671631 0.5000054836273193 44 0.6141225695610046 0.14498038589954376 -0.7757797241210938
 500  -83 -111 38.051185 37.991390 -2.944526195526123 0.25002166628837585 51 0.6153799891471863 0.14600613713264465 -0.774590015411377
 501  -81 -111 38.069002 37.991640 -3.153632879257202 0.2801806926727295 57 0.6166414618492126 0.14616835117340088 -0.7735555171966553
 502  -83 -113 38.051267 37.977281 -3.052410364151001 0.2874132990837097 59 0.6153649687767029 0.14513522386550903 -0.7747656106948853
 503  -82 -112 38.064656 37.980991 -3.4902713298797607 0.46714967489242554 43 0.6163155436515808 0.1454733908176422 -0.7739461660385132
 504  -81 -112 38.073272 37.981097 -3.771735429763794 0.3099242150783539 44 0.6169278025627136 0.1455514132976532 -0.7734435796737671
 505  -82 -113 38.064842 37.973780 -3.3311524391174316 0.2979644238948822 53 0.6163240671157837 0.14503055810928345 -0.7740225195884705
 506  -81 -113 38.073353 37.973900 -3.3040778636932373 0.17639487981796265 47 0.6169317364692688 0.14510875940322876 -0.7735236287117004
 507  -86 -114 38.011550 37.966288 -4.13303279876709 0.223502054810524 57 0.6125898361206055 0.1441451460123062 -0.7771459817886353
 508  -86 -114 38.020465 37.966415 -3.585407018661499 0.22063937783241272 48 0.6132076382637024 0.1442224681377411 -0.7766442894935608
 509  -86 -115 38.011785 37.959407 -3.9604263305664062 0.23426969349384308 64 0.612640917301178 0.14373338222503662 -0.7771819829940796
 510  -86 -115 38.020361 37.959376 -3.635643720626831 0.1954108029603958 48 0.6131973266601562 0.14378966391086578 -0.7767326235771179
 511  -85 -114 38.029155 37.966718 -3.269749164581299 0.09218566119670868 34 0.6138157248497009 0.14431016147136688 -0.7761474847793579
 512  -84 -114 38.038209 37.966635 -3.3121368885040283 0.08364392817020416 51 0.6144546866416931 0.1443781703710556 -0.7756289839744568
 513  -85 -115 38.029426 37.959598 -3.533531427383423 0.16754065454006195 13 0.6138287782669067 0.14387451112270355 -0.7762179970741272
 514  -84 -115 38.038274 37.959718 -3.1933248043060303 0.18763303756713867 43 0.6144543886184692 0.1439538151025772 -0.7757081389427185
 515  -86 -115 38.012049 37.952538 -3.581352949142456 0.16092173755168915 45 0.6126669645309448 0.14331725239753723 -0.7772383093833923
 516  -86 -115 38.020255 37.952559 -3.3596856594085693 0.18654777109622955 41 0.6132171154022217 0.1433776319026947 -0.7767931818962097
 517  -85 -115 38.029160 37.952592 -3.496817111968994 0.1764393150806427 41 0.6138471961021423 0.1434517502784729 -0.7762817144393921
 518   -9  117 38.892625 40.057376 -4.962710380554199 0.6748141050338745 55 0.6911104917526245 0.16795305907726288 -0.7029637098312378
 519   -1  127 38.978090 40.144093 -6.277277946472168 0.6241745948791504 20 0.6968063712120056 0.16648699343204498 -0.6976696252822876
 520   -2  117 38.966657 40.058148 -5.830687046051025 0.8047942519187927 46 0.69512939453125 0.16831450164318085 -0.69890296459198
 521    2  117 39.027876 40.053891 -5.8763933181762695 0.6279463171958923 20 0.6984153985977173 0.16824641823768616 -0.6956357359886169
 522 -218  145 36.433215 40.281590 -0.9167633652687073 0.8001432418823242 41 0.53429114818573 0.12834255397319794 -0.8355005383491516
 523 -199  151 36.647824 40.343109 -0.8901192545890808 0.7488043904304504 46 0.5517817139625549 0.13443142175674438 -0.8230827450752258
 524  -49 -106 38.437229 38.039599 -4.093360424041748 0.13894501328468323 38 0.6413382291793823 0.1518593430519104 -0.7520798444747925
 525  -48 -106 38.446657 38.039793 -4.0256266593933105 0.0954003781080246 43 0.6419903635978699 0.15194573998451233 -0.7515057325363159
 526  -49 -107 38.437496 38.032795 -4.472692489624023 0.25742143392562866 2978 0.641467273235321 0.15145862102508545 -0.7520505785942078
 527  -48 -107 38.446904 38.032481 -4.195041656494141 0.15718059241771698 3131 0.64212965965271 0.1515156775712967 -0.751473605632782
 528  -47 -106 38.455314 38.039705 -4.119877338409424 0.09062756597995758 781 0.6425600647926331 0.1520007997751236 -0.7510075569152832
 529  -47 -106 38.464298 38.039849 -4.414660453796387 0.16415216028690338 701 0.6431347727775574 0.15206873416900635 -0.7505016922950745
 530  -47 -107 38.455786 38.033012 -4.526407718658447 0.10131785273551941 757 0.6427165269851685 0.1516115516424179 -0.7509523630142212
 531  -47 -107 38.463828 38.033530 -4.664722442626953 0.08197172731161118 168 0.6431816220283508 0.15168504416942596 -0.750539243221283
 532  -46 -105 38.473234 38.046699 -4.787338733673096 0.1521289199590683 183 0.6435562968254089 0.15252523124217987 -0.7500475645065308
 533  -45 -105 38.482192 38.046957 -4.8121018409729 0.09520640969276428 174 0.6441236138343811 0.1525992751121521 -0.7495453357696533
 534  -43 -104 38.500521 38.054319 -4.636422157287598 0.33716753125190735 46 0.645359992980957 0.15320204198360443 -0.7483579516410828
 535  -44 -105 38.491241 38.047027 -4.6438212394714355 0.27582329511642456 43 0.6447024345397949 0.15266358852386475 -0.7490344047546387
 536  -43 -105 38.499858 38.046990 -4.765295028686523 0.3686188757419586 37 0.6452603936195374 0.15272009372711182 -0.7485423684120178
 537   14  -77 39.166439 38.299071 -4.5818281173706055 1.2080508470535278 41 0.6879834532737732 0.1583884358406067 -0.7082315683364868
 538   17  -78 39.200989 38.296230 -5.150099754333496 0.9712674021720886 795 0.690032422542572 0.15851615369319916 -0.7062066793441772
 539   -5  -81 38.936072 38.264989 -2.7500386238098145 0.19381649792194366 592 0.6749842166900635 0.1550343781709671 -0.7213602662086487
 540   -4  -81 38.944395 38.264245 -3.0179076194763184 0.05839865282177925 871 0.6754879355430603 0.15502043068408966 -0.7208916544914246
 541   -5  -82 38.935953 38.259274 -2.4597835540771484 0.20621365308761597 592 0.6750652194023132 0.15464438498020172 -0.721368134021759
 542   -4  -82 38.944757 38.259274 -2.85098934173584 0.11669889092445374 586 0.6755897998809814 0.15468449890613556 -0.7208682894706726
 543   -3  -82 38.958035 38.260040 -3.4509477615356445 0.3442001938819885 712 0.6763258576393127 0.1547873318195343 -0.720155656337738
 544   -2  -80 38.972747 38.278965 -3.0090010166168213 0.09654831886291504 167 0.6769996881484985 0.15616728365421295 -0.7192240357398987
 545   -1  -80 38.977287 38.277699 -3.3134701251983643 0.0 173 0.6772928237915039 0.15610268712043762 -0.7189620733261108
 546   -2  -80 38.972935 38.274584 -2.896878719329834 0.061712656170129776 195 0.6770449280738831 0.1558624804019928 -0.7192475199699402
 547   -1  -80 38.977613 38.274023 -3.134504556655884 0.11637261509895325 180 0.6773475408554077 0.15584796667099 -0.7189657688140869
 548    0  -80 38.998768 38.275543 -4.118344306945801 0.09395131468772888 173 0.6785430908203125 0.1560397744178772 -0.7177958488464355
 549   -1  -82 38.977187 38.259907 -3.750317096710205 0.22885730862617493 46 0.6774207949638367 0.1548556238412857 -0.7191111445426941
 550    0  -81 38.994398 38.262358 -4.032280445098877 0.22180967032909393 225 0.6782742142677307 0.15582586824893951 -0.7180963754653931
 551  -65  142 38.232224 40.279510 -5.53284215927124 1.2995179891586304 215 0.6575793623924255 0.15776564180850983 -0.736681342124939
 552  -59  142 38.304311 40.280848 -5.027255058288574 1.3715965747833252 199 0.6618687510490417 0.15823659300804138 -0.7327284216880798
 553  -59  136 38.305587 40.225266 -3.5903468132019043 2.9542200565338135 62 0.6614234447479248 0.1572175770998001 -0.733349621295929
 554  -49  151 38.417810 40.363786 -7.021387100219727 1.4106030464172363 55 0.6690544486045837 0.16236750781536102 -0.7252605557441711
 555  -37  151 38.564125 40.366850 -7.152137756347656 1.735507607460022 53 0.6769067645072937 0.16478903591632843 -0.7173854112625122
 556   -5    8 38.932960 39.074364 -1.4549109935760498 0.8862985372543335 58 0.6828185319900513 0.16286785900592804 -0.7122029066085815
 557 -194  244 36.684160 41.177981 -10.063307762145996 1.480482578277588 233 0.5691336989402771 0.13766926527023315 -0.8106380105018616
 558 -165  179 37.046832 40.604140 -6.849418640136719 0.3633255362510681 48 0.5858204960823059 0.14280647039413452 -0.7977597713470459
 559 -159  179 37.119021 40.604873 -7.228163242340088 0.55159991979599 53 0.5911587476730347 0.14355726540088654 -0.7936766743659973
 560 -159  173 37.122574 40.548478 -6.878668785095215 0.701111912727356 48 0.5913175940513611 0.14018088579177856 -0.7941617369651794
 561 -149  139 37.242653 40.241043 -1.534592866897583 0.8649075627326965 53 0.5944967865943909 0.1417893022298813 -0.7914981842041016
 562 -140  142 37.350822 40.271577 -1.8941764831542969 0.4836464822292328 55 0.60206538438797 0.14441829919815063 -0.7852774262428284
 563 -133  142 37.424769 40.272474 -1.8808947801589966 0.8122270703315735 55 0.6073349118232727 0.14512944221496582 -0.7810773849487305
 564 -140  135 37.351159 40.212491 -1.236292839050293 0.5249991416931152 58 0.6016525626182556 0.14293381571769714 -0.7858652472496033
 565 -133  136 37.426497 40.215529 -0.5699812173843384 0.49087467789649963 57 0.6067050099372864 0.1450217217206955 -0.7815867066383362
 566  -79 -117 38.092443 37.939071 -4.616916179656982 0.244375079870224 62 0.6183607578277588 0.14313727617263794 -0.7727494835853577
 567  -80 -118 38.082637 37.931756 -4.412396430969238 0.12273593246936798 51 0.6175584197044373 0.14258424937725067 -0.7734929919242859
 568  -79 -118 38.092710 37.932085 -4.530549049377441 0.1904878318309784 51 0.6182894110679626 0.14268845319747925 -0.7728895545005798
 569  -79 -117 38.100180 37.939046 -4.461755275726318 0.18825514614582062 50 0.6187926530838013 0.14317047595977783 -0.7723975777626038
 570  -78 -117 38.109590 37.939009 -4.292138576507568 0.20573437213897705 50 0.619522750377655 0.14326055347919464 -0.7717953324317932
 571  -79 -118 38.099576 37.931666 -4.147444248199463 0.13800784945487976 42 0.6186735033988953 0.14269492030143738 -0.7725809216499329
 572  -78 -118 38.109891 37.931824 -3.830953359603882 0.06317978352308273 44 0.6195313334465027 0.14281685650348663 -0.7718706727027893
 573  -80 -118 38.082893 37.925008 -4.616354942321777 0.16034379601478577 47 0.6174749732017517 0.1421491652727127 -0.7736396193504333
 574  -79 -118 38.092948 37.925065 -4.755821704864502 0.1964271515607834 41 0.6182454824447632 0.14224493503570557 -0.7730063796043396
 575  -80 -119 38.082611 37.917661 -4.4974365234375 0.5332220792770386 38 0.6173864006996155 0.14167971909046173 -0.7737964391708374
 576  -79 -119 38.093483 37.918357 -4.659095287322998 0.44501641392707825 37 0.6182752251625061 0.14183524250984192 -0.7730579376220703
 577  -78 -119 38.104267 37.920837 -4.590404510498047 0.5221283435821533 44 0.6189736723899841 0.1420581042766571 -0.7724578380584717
 578  -77 -117 38.118126 37.939089 -4.771062850952148 0.32218030095100403 44 0.6201791167259216 0.14334306120872498 -0.7712526917457581
 579  -76 -117 38.126958 37.939195 -3.063837766647339 1.9154727458953857 36 0.6207881569862366 0.14341671764850616 -0.7707488536834717
 580  -77 -118 38.117791 37.932251 -3.732570171356201 0.7720147967338562 41 0.6200763583183289 0.1429002732038498 -0.7714173793792725
 581  -76 -118 38.127537 37.932337 -1.8574670553207397 1.5998647212982178 14 0.6207792162895203 0.142987459897995 -0.770835816860199
 582  -75 -117 38.140908 37.935034 -1.99476957321167 3.609480857849121 36 0.6218404173851013 0.14328612387180328 -0.7699244022369385
 583  -77 -119 38.121939 37.921829 -4.4533586502075195 0.31703320145606995 202 0.6202366948127747 0.14226134121418 -0.7714065909385681
 584  -75 -119 38.141717 37.921754 -4.592390060424805 0.4835803806781769 159 0.6217767000198364 0.14244458079338074 -0.7701319456100464
 585    6  -29 39.071364 38.736034 -1.6476330757141113 0.9456823468208313 155 0.6867421269416809 0.16258710622787476 -0.7084848284721375
 586  -24  -48 38.717193 38.564657 -1.0060886144638062 0.7208998799324036 213 0.6650489568710327 0.15782268345355988 -0.7299327850341797
 587 -235   61 36.257533 39.519105 -0.46620267629623413 0.9867753386497498 180 0.5047309994697571 0.12089131027460098 -0.8547701239585876
 588 -149 -134 37.301988 37.773246 -5.531823635101318 0.9291046261787415 172 0.5575946569442749 0.12887299060821533 -0.8200487494468689
 589 -140 -132 37.407208 37.794896 -5.381383895874023 0.6943799257278442 140 0.5660334229469299 0.13125841319561005 -0.8138657212257385
 590 -134 -132 37.477077 37.795882 -5.468660354614258 0.5924084782600403 2683 0.5714111328125 0.131902813911438 -0.8099943995475769
 591 -141 -137 37.388830 37.752754 -5.034733772277832 0.5075237154960632 2710 0.5642935633659363 0.12823541462421417 -0.8155540823936462
 592 -138 -137 37.425850 37.755161 -6.200031757354736 0.8511700630187988 2501 0.567406415939331 0.12875281274318695 -0.8133097290992737
 593 -143 -138 37.374727 37.737054 -4.536312103271484 0.17501944303512573 212 0.5630529522895813 0.12704843282699585 -0.8165966868400574
 594 -135 -136 37.458932 37.757917 -5.6974005699157715 0.5352869033813477 183 0.5699702501296997 0.12920676171779633 -0.8114429116249084
 595 -133 -136 37.486489 37.759916 -5.009665489196777 0.6480005979537964 197 0.5721012353897095 0.12956443428993225 -0.8098847270011902
 596 -131 -136 37.504645 37.761276 -4.906162261962891 0.5509353876113892 220 0.5735533833503723 0.12981367111206055 -0.8088169693946838
 597 -133 -137 37.482711 37.752742 -5.980548858642578 0.4605529308319092 665 0.5719273090362549 0.1290798932313919 -0.8100849390029907
 598  -15   98 38.819653 39.888547 -0.7231696248054504 0.9181488156318665 745 0.6852619051933289 0.16707831621170044 -0.7088729739189148
 599  -24   89 38.712336 39.803667 0.2785285711288452 0.5541840195655823 762 0.6796958446502686 0.16114431619644165 -0.7155739068984985
 600  -12   89 38.856595 39.802708 -0.2230120748281479 0.59023118019104 526 0.6872562170028687 0.16350680589675903 -0.70777428150177
 601 -102 -126 37.834719 37.851813 -5.156825542449951 0.1545335054397583 369 0.5970077514648438 0.14519479870796204 -0.78898686170578
 602 -101 -126 37.844913 37.852316 -5.123996257781982 0.12338688224554062 2426 0.5978807210922241 0.1453506201505661 -0.7882968187332153
 603 -102 -127 37.835060 37.845318 -5.109240531921387 0.11141988635063171 596 0.5970199108123779 0.14480313658714294 -0.7890496253967285
 604 -101 -127 37.844335 37.845330 -5.328053951263428 0.21914422512054443 694 0.5977800488471985 0.14490780234336853 -0.7884546518325806
 605 -100 -127 37.857711 37.848968 -5.120297908782959 0.23905175924301147 563 0.5988445281982422 0.1452706903219223 -0.7875796556472778
 606 -102 -128 37.840097 37.834607 -4.814260005950928 0.44100937247276306 654 0.5974034667015076 0.14420780539512634 -0.7888683080673218
 607 -100 -128 37.858572 37.835564 -5.24168586730957 0.60149085521698 90 0.598908007144928 0.14446906745433807 -0.7876788377761841
 608  -98 -124 37.879701 37.873908 -3.6433534622192383 0.3550117015838623 158 0.6014202833175659 0.14475806057453156 -0.7857090830802917
 609  -97 -124 37.888387 37.874021 -3.710176944732666 0.3863753378391266 122 0.6017435193061829 0.14653947949409485 -0.7851310968399048
 610  -97 -124 37.896960 37.873734 -3.618643045425415 0.30577966570854187 217 0.602279007434845 0.14726869761943817 -0.7845839858055115
 611  -99 -125 37.870348 37.866788 -4.296839237213135 0.3090905249118805 184 0.600013256072998 0.14652451872825623 -0.7864570617675781
 612  -98 -125 37.880105 37.867421 -3.666292190551758 0.2828886806964874 204 0.6008526682853699 0.14668352901935577 -0.7857862710952759
 613  -99 -125 37.871062 37.859630 -4.708898544311523 0.15571099519729614 138 0.5999118089675903 0.14605918526649475 -0.7866210341453552
 614  -98 -126 37.880604 37.859120 -4.4185051918029785 0.09010237455368042 111 0.6007292866706848 0.146145299077034 -0.7859808802604675
 615  -97 -125 37.888647 37.866948 -3.8854503631591797 0.4109968841075897 33 0.6015405654907227 0.14674842357635498 -0.7852476835250854
 616  -97 -125 37.897360 37.866586 -4.0346832275390625 0.3850916028022766 38 0.6022222638130188 0.1468171775341034 -0.7847121357917786
 617  -97 -125 37.888797 37.860025 -4.536530494689941 0.048367615789175034 26 0.6014243960380554 0.14629827439785004 -0.7854205965995789
 618  -97 -126 37.897295 37.859700 -4.561878681182861 0.05217226594686508 32 0.6020926833152771 0.14636704325675964 -0.7848955988883972
 619  -96 -123 37.906537 37.881165 -4.644639015197754 0.8305177688598633 39 0.6047156453132629 0.14084795117378235 -0.7838882803916931
 620  -95 -123 37.914473 37.881525 -5.846681594848633 1.1778979301452637 29 0.6051333546638489 0.14160796999931335 -0.7834289073944092
 621  -96 -124 37.905796 37.874084 -3.7882401943206787 0.4797113537788391 37 0.6030052900314331 0.14739055931568146 -0.784002959728241
 622  -95 -124 37.915374 37.873984 -4.622781276702881 0.646297037601471 22 0.6037387251853943 0.14747990667819977 -0.783421516418457
 623  -94 -123 37.923312 37.880795 -4.904017448425293 1.198117971420288 32 0.6051498055458069 0.14433035254478455 -0.78291916847229
 624  -94 -123 37.930625 37.881359 -3.8974239826202393 0.6313772797584534 32 0.6060109734535217 0.14322903752326965 -0.7824552059173584
 625  -94 -124 37.922306 37.874613 -4.310128211975098 0.5600501894950867 42 0.6042490601539612 0.147581085562706 -0.7830089330673218
 626  -94 -124 37.928841 37.876572 -4.68141508102417 0.0 37 0.6047397255897522 0.1477617770433426 -0.7825959324836731
 627  -95 -125 37.909718 37.863580 -4.374198913574219 0.5336832404136658 34 0.6031277775764465 0.14674727618694305 -0.7840294241905212
 628  -94 -125 37.922544 37.863676 -4.790299415588379 0.5529283285140991 25 0.604132890701294 0.14688575267791748 -0.7832292318344116
 629  -98 -127 37.875740 37.849011 -4.728513240814209 0.14072716236114502 46 0.600260317325592 0.14546078443527222 -0.7864659428596497
 630  -97 -127 37.893552 37.849461 -4.476861000061035 0.21987256407737732 50 0.6016931533813477 0.14568206667900085 -0.785329282283783
 631  -98 -128 37.875841 37.834845 -5.593286514282227 0.459644615650177 1600 0.6002063155174255 0.1445896178483963 -0.7866678237915039
 632  -97 -128 37.893224 37.834866 -4.756252288818359 0.9307082295417786 2446 0.6015318036079407 0.14476041495800018 -0.7856232523918152
 633  -95 -128 37.919081 37.841172 -3.9476945400238037 2.181757688522339 1995 0.6036613583564758 0.145433247089386 -0.7838636636734009
 634  -93 -117 37.940533 37.937764 -4.4021100997924805 0.2344738245010376 2401 0.6074742674827576 0.14180637896060944 -0.7815791964530945
 635  -92 -117 37.949730 37.937803 -4.474504470825195 0.42904967069625854 1541 0.608126163482666 0.1418834626674652 -0.7810580730438232
 636  -93 -118 37.941110 37.930724 -3.881955146789551 0.10767358541488647 20644 0.6074895262718201 0.14137719571590424 -0.7816451191902161
 637  -92 -118 37.949806 37.930794 -4.169612884521484 0.15882936120033264 10546 0.6081213355064392 0.14145497977733612 -0.7811395525932312
 638  -91 -117 37.958581 37.937978 -4.316585540771484 0.49633461236953735 40703 0.6087564826011658 0.14196665585041046 -0.7805517911911011
 639  -90 -117 37.967335 37.937962 -4.091031551361084 0.10434811562299728 9432 0.6093853116035461 0.14203834533691406 -0.7800478935241699
 640  -91 -118 37.958728 37.930913 -4.688485145568848 0.12932327389717102 792 0.6087609529495239 0.1415359377861023 -0.7806264758110046
 641  -21  -87 38.757314 38.209669 -1.4985684156417847 0.1899254471063614 2789 0.6617099046707153 0.16158032417297363 -0.7321419715881348
 642 -134  167 37.419047 40.495716 -7.190735340118408 0.8418719172477722 2842 0.6096041202545166 0.14913445711135864 -0.7785510420799255
 643 -178  154 36.899691 40.374492 -0.8169708847999573 0.5946733355522156 45 0.5709108710289001 0.1405346840620041 -0.8088948726654053
 644 -171  155 36.980345 40.379112 -1.9122871160507202 0.7276579141616821 45 0.5773818492889404 0.1398104578256607 -0.8044148683547974
 645 -177  148 36.907673 40.320528 -0.8171131014823914 0.5715900659561157 43 0.5714393854141235 0.13695500791072845 -0.8091355562210083
 646  -40  -98 38.534461 38.111013 -1.9931960105895996 0.14515721797943115 195 0.6477790474891663 0.15708906948566437 -0.7454565167427063
 647  -41  -99 38.527980 38.103049 -2.246687173843384 0.22710566222667694 182 0.647390604019165 0.15654507279396057 -0.745908260345459
 648  -43 -100 38.508086 38.095952 -5.686429500579834 1.93095862865448 46 0.6461472511291504 0.1559654176235199 -0.7471067309379578
 649  -37 -101 38.571222 38.089336 -5.217896461486816 0.503959059715271 40 0.6510196924209595 0.15227101743221283 -0.7436308860778809
 650  -42 -104 38.518061 38.060879 -4.888099670410156 0.20274251699447632 44 0.6465474963188171 0.15375007688999176 -0.7472196221351624
 651  -41 -103 38.527011 38.067984 -5.569050312042236 0.895376980304718 43 0.6471598148345947 0.15426811575889587 -0.7465826272964478
 652  -40 -103 38.534524 38.068191 -4.289397716522217 0.5791138410568237 40 0.6476057171821594 0.15432493388652802 -0.7461840510368347
 653  -41 -104 38.526933 38.061424 -4.9063334465026855 0.3014529347419739 46 0.6470832228660583 0.15383490920066833 -0.7467383146286011
 654  -40 -104 38.535783 38.060971 -4.786651611328125 0.359844446182251 41 0.6476152539253235 0.15385760366916656 -0.7462723255157471
 655  -39 -101 38.554493 38.082956 -3.950244188308716 0.2565978169441223 45 0.6500536799430847 0.1519988477230072 -0.7445311546325684
 656  -39 -102 38.544714 38.075915 -5.342711925506592 1.0365931987762451 132 0.6486157178878784 0.15393789112567902 -0.7453863620758057
 657  -39 -102 38.552904 38.074936 -3.761653423309326 0.308864563703537 157 0.6498258113861084 0.15115158259868622 -0.744902491569519
 658  -38 -101 38.562594 38.082171 -5.43519401550293 0.915693461894989 195 0.6506208777427673 0.15175412595272064 -0.7440854907035828
 659  -37 -101 38.570250 38.082375 -6.2696661949157715 0.35534462332725525 188 0.6510655283927917 0.1518009454011917 -0.743686854839325
 660  -38 -102 38.562556 38.075309 -4.426599502563477 0.5180185437202454 178 0.65053391456604 0.15125109255313873 -0.7442639470100403
 661  -37 -102 38.570981 38.075409 -4.6198296546936035 0.46176689863204956 180 0.6510210633277893 0.15129292011260986 -0.7438293695449829
 662  -39 -103 38.544891 38.067745 -6.438457489013672 0.74631667137146 174 0.6485539078712463 0.15340737998485565 -0.7455494403839111
 663  -39 -103 38.551552 38.067897 -4.280125617980957 0.4230206608772278 43 0.649601936340332 0.15061639249324799 -0.7452060580253601
 664  -30 -100 38.655413 38.092656 -5.825961112976074 0.829477846622467 40 0.6563409566879272 0.152961865067482 -0.7387957572937012
 665  -28 -100 38.673827 38.092828 -4.59188175201416 0.5649411678314209 42 0.6575273871421814 0.15307919681072235 -0.7377157807350159
 666  -27  -99 38.691331 38.107699 -5.632663726806641 0.48596879839897156 40 0.6584367156028748 0.15418097376823425 -0.7366744875907898
 667  -25  -99 38.709097 38.107473 -5.307575702667236 0.7000961303710938 50 0.6594588160514832 0.15423864126205444 -0.7357475161552429
 668  -27 -100 38.692153 38.094440 -6.012795448303223 0.5252529382705688 46 0.6586130261421204 0.15327483415603638 -0.736706018447876
 669  -25 -100 38.709059 38.093723 -5.992951393127441 0.7591075897216797 54 0.6595876812934875 0.1532941460609436 -0.7358294129371643
 670  -29 -103 38.664662 38.071629 -4.846419334411621 0.8797251582145691 49 0.6569046378135681 0.15151965618133545 -0.7385919690132141
 671  -26 -102 38.700657 38.072052 -4.980467319488525 0.9499204158782959 43 0.6590852737426758 0.15171976387500763 -0.7366055250167847
 672  -23  -99 38.734988 38.100185 -5.2435712814331055 0.8103293776512146 48 0.6610573530197144 0.15385359525680542 -0.7343924641609192
 673  -19  -99 38.772206 38.100770 -5.074380874633789 0.7857668399810791 49 0.6633785367012024 0.15408951044082642 -0.7322468161582947
 674  -23 -102 38.736140 38.072469 -5.263733863830566 0.7697821855545044 44 0.6611933708190918 0.1519073247909546 -0.7346751093864441
 675  -20 -102 38.771597 38.072330 -4.751970291137695 0.4532748758792877 48 0.6632760167121887 0.15209731459617615 -0.7327559590339661
 676 -121 -132 37.623210 37.800746 -6.001428127288818 0.1462685912847519 42 0.5811930894851685 0.1401430070400238 -0.8016074895858765
 677 -124 -133 37.587991 37.792978 -6.1061787605285645 0.20286676287651062 43 0.5801458954811096 0.1326591819524765 -0.8036369681358337
 678 -123 -133 37.597240 37.793389 -6.13389778137207 0.21919898688793182 40 0.5795359015464783 0.13833871483802795 -0.8031192421913147
 679 -124 -133 37.588139 37.786211 -5.902731418609619 0.16544178128242493 44 0.5801324844360352 0.13219694793224335 -0.8037227988243103
 680 -123 -133 37.597177 37.786164 -5.574493885040283 0.16609510779380798 41 0.579505980014801 0.13767966628074646 -0.8032540678977966
 681 -122 -133 37.606071 37.793336 -6.3421735763549805 0.3077893555164337 37 0.5798828601837158 0.13953667879104614 -0.8026614785194397
 682 -122 -133 37.614804 37.793557 -5.978235721588135 0.1367235779762268 41 0.580497682094574 0.13962365686893463 -0.8022018074989319
 683 -122 -133 37.605680 37.786581 -5.998052597045898 0.28723999857902527 3151 0.5797876715660095 0.1391187608242035 -0.8028027415275574
 684 -124 -134 37.587790 37.779136 -6.225198268890381 0.2980256676673889 3017 0.5800077319145203 0.13169452548027039 -0.8038952946662903
 685 -123 -134 37.597375 37.779191 -6.027431488037109 0.4820307493209839 2998 0.579400360584259 0.13737589120864868 -0.8033823370933533
 686 -124 -135 37.588416 37.772074 -7.010953426361084 0.17210087180137634 7108 0.5799775123596191 0.1312054693698883 -0.8039970993995667
 687 -118 -134 37.650381 37.779702 -5.6495795249938965 0.23485949635505676 3275 0.5831263065338135 0.13913019001483917 -0.8003790378570557
 688 -119 -135 37.641469 37.772879 -5.667654037475586 0.24451994895935059 2062 0.5824407935142517 0.13863953948020935 -0.8009630441665649
 689 -118 -135 37.650623 37.772825 -6.306652545928955 0.26487118005752563 2904 0.5831522345542908 0.13872750103473663 -0.8004299998283386
 690 -130 -136 37.521741 37.762801 -5.516087055206299 0.3722971975803375 2620 0.5748556852340698 0.13005003333091736 -0.8078539371490479
 691 -129 -136 37.535309 37.764541 -6.111750602722168 0.11503347009420395 38720 0.5758932828903198 0.1302739977836609 -0.80707848072052
 692 -128 -136 37.544229 37.764483 -5.750161170959473 0.1539369374513626 10070 0.5765603184700012 0.13033752143383026 -0.806591808795929
 693 -129 -136 37.535049 37.760447 -6.034325122833252 0.09187003970146179 48 0.5758180618286133 0.12998484075069427 -0.807178795337677
 694 -127 -136 37.553245 37.765378 -6.472433567047119 0.23975545167922974 49 0.5772593021392822 0.13047054409980774 -0.8060702085494995
 695 -126 -136 37.561791 37.765966 -5.988755226135254 0.2045358270406723 44 0.5779131650924683 0.13057802617549896 -0.8055841326713562
 696 -125 -135 37.570320 37.766633 -6.260325908660889 0.13928470015525818 50 0.5785730481147766 0.13069172203540802 -0.805091917514801
 697 -125 -135 37.578960 37.767371 -6.757053852081299 0.12255371361970901 52 0.5792255997657776 0.13080768287181854 -0.8046036958694458
 698  -45  -98 38.475986 38.107736 -2.1809422969818115 0.5409654974937439 46 0.644342303276062 0.15655843913555145 -0.7485402226448059
 699  -44  -98 38.493035 38.110321 -3.907524347305298 0.5881437063217163 44 0.645491898059845 0.15685085952281952 -0.7474877834320068
 700  -44  -98 38.497565 38.111257 -6.153053283691406 0.9379514455795288 54 0.6456858515739441 0.15691715478897095 -0.7473064064979553
 701  -44  -99 38.489815 38.102051 -3.9286439418792725 0.49809861183166504 41 0.6452662944793701 0.15630246698856354 -0.7477973699569702
 702  -43  -99 38.499249 38.103956 -6.0622406005859375 0.5758742094039917 49 0.6457188725471497 0.15644767880439758 -0.7473762631416321
 703  -46  -99 38.472637 38.098387 -1.7553106546401978 0.15144875645637512 50 0.6440083980560303 0.15591385960578918 -0.7489620447158813
 704  -45 -100 38.481057 38.096816 -2.8552181720733643 0.22536645829677582 42 0.6446000933647156 0.15588396787643433 -0.7484591007232666
 705 -111 -125 37.728859 37.865125 -5.155461311340332 0.27307042479515076 25 0.5915301442146301 0.13551539182662964 -0.7948129773139954
 706 -111 -125 37.738109 37.865297 -5.082671165466309 0.2037174105644226 49 0.5922106504440308 0.1356046050786972 -0.7942909002304077
 707 -111 -125 37.729225 37.858221 -4.869094371795654 0.24630489945411682 54 0.5914630889892578 0.13531292974948883 -0.7948973774909973
 708 -110 -125 37.746697 37.865578 -4.913142204284668 0.14738334715366364 54 0.5928371548652649 0.1356935352087021 -0.7938081622123718
 709 -108 -123 37.764699 37.879818 -4.781620979309082 0.12463099509477615 51 0.5942720174789429 0.1367245465517044 -0.7925573587417603
 710 -107 -123 37.773270 37.879590 -4.73812198638916 0.14201776683330536 44 0.5948905944824219 0.13678191602230072 -0.7920832633972168
 711 -108 -124 37.764750 37.872690 -4.750468730926514 0.15459758043289185 46 0.5942157506942749 0.13628509640693665 -0.792675256729126
 712 -107 -124 37.773168 37.872580 -4.661551475524902 0.14734585583209991 50 0.594813883304596 0.13634510338306427 -0.7922162413597107
 713 -107 -123 37.781653 37.879955 -4.740763187408447 0.1682753711938858 48 0.5954691767692566 0.136866956949234 -0.7916337251663208
 714 -106 -123 37.790671 37.879762 -4.956629753112793 0.13674241304397583 374 0.5961523652076721 0.13693779706954956 -0.7911071181297302
 715 -259  291 35.888114 41.580436 -10.341848373413086 2.523388147354126 690 0.5153059363365173 0.12533079087734222 -0.8477924466133118
 716   33  -76 39.384085 38.309995 -4.5342607498168945 1.0147459506988525 33 0.6990450024604797 0.16530416905879974 -0.6957087516784668
 717   25  -85 39.293498 38.228501 -4.760451793670654 0.7458247542381287 20 0.6928894519805908 0.16537588834762573 -0.7018226385116577
 718   33  -85 39.388259 38.227805 -4.383767604827881 0.7523280382156372 47 0.6980547904968262 0.1656738668680191 -0.6966143846511841
 719   20  -44 39.233421 38.603074 -1.0504634380340576 1.0949227809906006 53 0.6927791237831116 0.16880306601524353 -0.7011152505874634
 720   27  -47 39.315450 38.567348 -0.7344897985458374 0.8455507755279541 139 0.6973943114280701 0.16655029356479645 -0.6970667839050293
 721   22  -52 39.260683 38.526705 -0.19185484945774078 0.5310898423194885 23 0.6947302222251892 0.1634615808725357 -0.70045006275177
 722   27  -49 39.309985 38.551639 0.036793071776628494 0.7619171738624573 1 0.6972504258155823 0.16542139649391174 -0.6974794268608093
 723  -52  111 38.381270 39.999808 -0.41682252287864685 1.2288575172424316 16 0.6625627875328064 0.16152866184711456 -0.7313816547393799
 724  -28  -71 38.672322 38.359336 -1.1037384271621704 0.8242932558059692 12 0.6591101884841919 0.15892089903354645 -0.7350631952285767
 725  -20  -70 38.760081 38.360242 -0.9791655540466309 0.7043979167938232 57 0.6643121838569641 0.16096937656402588 -0.7299165725708008
 726  -27  -76 38.680525 38.311389 -1.3931429386138916 0.7848958373069763 102 0.6597015857696533 0.15713798999786377 -0.7349160313606262
 727  -21  -76 38.751355 38.312391 -1.2915199995040894 0.9122596383094788 183 0.6642813682556152 0.15763220191001892 -0.7306725382804871
 728  -49  -73 38.428344 38.340335 -1.9660743474960327 0.8888010382652283 2930 0.6449635624885559 0.15185341238975525 -0.7489743828773499
 729  -66 -110 38.242344 38.003326 -3.256986618041992 0.2134847193956375 3084 0.6286411881446838 0.14824999868869781 -0.7634345293045044
 730  -65 -110 38.251576 38.003293 -3.23081636428833 0.3138054609298706 2958 0.629341721534729 0.1483350545167923 -0.7628405690193176
 731  -63 -108 38.278041 38.017996 -4.53005313873291 0.22575095295906067 2821 0.6312572360038757 0.14947856962680817 -0.7610325217247009
 732  -62 -108 38.286144 38.017662 -4.6273698806762695 0.5067684054374695 2516 0.6317915916442871 0.14951442182064056 -0.760581910610199
 733  -64 -109 38.260465 38.010460 -4.144089698791504 0.6688089370727539 12064 0.6300508379936218 0.14887243509292603 -0.762150228023529
 734  -64 -109 38.268662 38.010860 -4.659231662750244 0.41435062885284424 12275 0.6306091547012329 0.14895989000797272 -0.761671245098114
 735  -64 -110 38.260239 38.003493 -3.883988618850708 0.33362364768981934 162682 0.629994809627533 0.14842785894870758 -0.7622832655906677
 736  -64 -110 38.269060 38.003645 -4.635429859161377 0.32862234115600586 21627 0.6306182742118835 0.14850860834121704 -0.7617518305778503
 737  -63 -109 38.277885 38.010465 -4.377932548522949 0.1300593763589859 2294 0.631284773349762 0.14901603758335114 -0.7611003518104553
 738  -62 -109 38.286849 38.011080 -4.5537214279174805 0.43550094962120056 2462 0.6319214105606079 0.14912879467010498 -0.760549783706665
 739  -63 -110 38.277820 38.003619 -4.898400783538818 0.6467012763023376 2105 0.6311363577842712 0.14855284988880157 -0.7613139748573303
 740  -62 -110 38.285500 38.004690 -3.741194725036621 0.23159687221050262 2334 0.6316527724266052 0.14867781102657318 -0.7608611583709717
 741  -82 -114 38.064737 37.966834 -3.650705337524414 0.1775340586900711 2841 0.6163305044174194 0.1446060985326767 -0.7740967869758606
 742  -81 -114 38.073577 37.966963 -3.47458815574646 0.12678611278533936 2586 0.6169487237930298 0.14468400180339813 -0.7735896110534668
 743 -259  201 35.928558 40.773779 -3.3255388736724854 0.5066854953765869 2364 0.5026223659515381 0.12250473350286484 -0.8557822704315186
 744 -259  189 35.936491 40.667830 -2.9332938194274902 0.44237688183784485 2075 0.5012450218200684 0.12021355330944061 -0.8569143414497375
 745 -168   95 37.031857 39.842429 0.7087334394454956 0.868009626865387 2414 0.5725594758987427 0.13730072975158691 -0.8082846999168396
 746 -169  219 36.991239 40.955945 -9.668678283691406 1.0460048913955688 7702 0.5875643491744995 0.14251545071601868 -0.7965283989906311
 747 -150  217 37.213114 40.944500 -10.286556243896484 1.2794647216796875 2505 0.6025688052177429 0.1459810733795166 -0.7846019864082336
 748 -175  200 36.920738 40.787231 -7.675813674926758 0.5659708976745605 2372 0.5798120498657227 0.14133527874946594 -0.8023979067802429
 749 -162  201 37.077506 40.798149 -8.655566215515137 0.6774325370788574 2780 0.5910348892211914 0.14445240795612335 -0.7936064600944519
 750 -177  192 36.898512 40.712431 -7.148190021514893 0.5918025970458984 2279 0.5770707726478577 0.1405419409275055 -0.8045105934143066
 751 -171  192 36.969838 40.714620 -7.1337666511535645 0.46850672364234924 39 0.5827487707138062 0.13928478956222534 -0.8006269931793213
 752 -171  186 36.971293 40.657865 -6.8009114265441895 0.527407705783844 52 0.5816014409065247 0.1405961811542511 -0.801231861114502
 753 -162  189 37.078028 40.687146 -7.505192756652832 0.6212172508239746 52 0.5897267460823059 0.14222405850887299 -0.7949809432029724
 754 -203  204 36.586372 40.817845 -7.562958240509033 0.5520765781402588 40 0.5558314919471741 0.13562776148319244 -0.8201563954353333
 755 -196  205 36.672765 40.822900 -8.149593353271484 0.876181423664093 49 0.5622536540031433 0.1367240995168686 -0.8155840635299683
 756 -190  204 36.743702 40.822548 -8.348705291748047 0.7272658944129944 23 0.5676326751708984 0.1373486965894699 -0.8117440342903137
 757 -208 -127 36.631677 37.828133 -5.468375205993652 1.5092138051986694 39 0.5017963647842407 0.11869031935930252 -0.8568039536476135
 758 -193 -126 36.799978 37.841119 -4.953664302825928 1.0468287467956543 30 0.5168939232826233 0.12160620093345642 -0.847368061542511
 759 -166 -128 37.104894 37.824832 -4.485953330993652 1.1098310947418213 37 0.5423904657363892 0.12731991708278656 -0.8304229974746704
 760 -149 -123 37.298671 37.879050 -4.169541358947754 0.5775255560874939 46 0.5583696961402893 0.13310366868972778 -0.818844735622406
 761   28  -49 39.331452 38.550897 -0.884530782699585 0.41857102513313293 35 0.6983752250671387 0.1654367744922638 -0.696349561214447
 762   26  -53 39.307881 38.520837 0.28213441371917725 0.4211897552013397 39 0.6974758505821228 0.16324947774410248 -0.6977657675743103
 763   29  -53 39.342801 38.520202 0.06121991202235222 0.3848085105419159 170 0.6993079781532288 0.1633150577545166 -0.6959142684936523
 764   21  -56 39.240740 38.494673 -0.10795637965202332 0.2701873183250427 47 0.6938842535018921 0.16111783683300018 -0.701830267906189
 765   23  -56 39.272569 38.493781 0.11179158091545105 0.44974786043167114 39 0.6956915855407715 0.1611839085817337 -0.7000235319137573
 766   19  -58 39.226078 38.475797 -0.20830801129341125 0.1684752106666565 53 0.6932035684585571 0.1597229540348053 -0.7028210163116455
 767   21  -58 39.245464 38.474370 0.08535509556531906 0.23590512573719025 41 0.6943331956863403 0.15970391035079956 -0.7017093300819397
 768   19  -60 39.227300 38.457294 -0.3620263338088989 0.5852900743484497 116 0.6921753287315369 0.16398219764232635 -0.7028535604476929
 769   21  -60 39.245615 38.458844 0.1020498126745224 0.37148287892341614 160 0.6931043863296509 0.1647966206073761 -0.7017467021942139
 770   22  -58 39.262620 38.474050 -0.7929552793502808 0.5340739488601685 147 0.6952822804450989 0.15974530577659607 -0.7007595896720886
 771   24  -58 39.278787 38.475569 -0.46761277318000793 0.3744543194770813 2697 0.6961539387702942 0.15991036593914032 -0.6998560428619385
 772   22  -59 39.262583 38.459486 -1.3241369724273682 0.5622283816337585 49308 0.6937035918235779 0.16604958474636078 -0.7008586525917053
 773   24  -59 39.275451 38.462448 -0.6722553372383118 0.3139511048793793 12829 0.6944143772125244 0.16572925448417664 -0.7002303004264832
 774   24  -59 39.280666 38.460690 -1.056343913078308 0.06898199021816254 27859 0.6935640573501587 0.17038382589817047 -0.699955940246582
 775   24  -60 39.275839 38.455886 -1.1630589962005615 0.19119717180728912 8212 0.6933462023735046 0.17002874612808228 -0.7002580761909485
 776   24  -60 39.283741 38.454951 -1.2053272724151611 0.2773502469062805 2820 0.6937705278396606 0.16998815536499023 -0.6998474597930908
 777   -3  -72 38.958738 38.347251 0.36443814635276794 0.3109012842178345 2663 0.6760290265083313 0.16097544133663177 -0.7190769910812378
 778   -2  -70 38.975937 38.360588 0.5348033308982849 0.471709668636322 570 0.677017867565155 0.16200926899909973 -0.7179135084152222
 779    0  -70 38.994481 38.360831 0.31678780913352966 0.8807679414749146 476 0.678226113319397 0.16214196383953094 -0.7167421579360962
 780   -2  -72 38.976089 38.346950 -0.7878298759460449 0.6256226301193237 4 0.6770733594894409 0.1610390990972519 -0.7180795073509216
 781    0  -72 38.989586 38.350844 -0.19968876242637634 0.194365456700325 471 0.6778870224952698 0.1613873839378357 -0.7172331213951111
 782    0  -72 38.998466 38.350651 -0.7386988997459412 0.1884171962738037 166 0.6783897876739502 0.16141004860401154 -0.7167524695396423
 783    0  -72 38.989479 38.343708 -0.4625553488731384 0.2371581494808197 148 0.6778033375740051 0.16085444390773773 -0.7174318432807922
 784    0  -72 38.998212 38.343679 -0.8433945775032043 0.16824008524417877 6 0.6782742142677307 0.1608816385269165 -0.7169805765151978
 785 -227  192 36.303417 40.700615 -3.9192521572113037 0.9900839328765869 2974 0.5323004722595215 0.12580378353595734 -0.8371556401252747
 786 -227  186 36.307101 40.650123 -4.085344314575195 1.5150479078292847 3067 0.5303499698638916 0.13200196623802185 -0.837439239025116
 787 -221  186 36.381426 40.653327 -3.9669992923736572 0.9776360392570496 2595 0.5362927317619324 0.13299234211444855 -0.8334885239601135
 788 -215  186 36.456043 40.649227 -3.3452577590942383 1.1498433351516724 12237 0.5421939492225647 0.13349157571792603 -0.8295816779136658
 789  -10  -83 38.882659 38.245124 -2.940328359603882 0.5578755140304565 12583 0.6716966032981873 0.154106006026268 -0.7246205806732178
 790   -9  -83 38.890741 38.244802 -3.1542205810546875 0.6424211263656616 3008 0.6716192364692688 0.15634244680404663 -0.7242130637168884
 791 -190  198 36.743553 40.768634 -7.962120532989502 0.6658671498298645 2941 0.5675828456878662 0.13378997147083282 -0.8123730421066284
 792 -184  198 36.819231 40.769489 -7.45872688293457 0.5323120951652527 3103 0.5730445981025696 0.13578101992607117 -0.8081976771354675
 793 -225  175 36.338438 40.551999 -1.9766929149627686 0.8370130658149719 31 0.5324073433876038 0.12679260969161987 -0.8369385600090027
 794 -212  177 36.490827 40.568766 -2.485234022140503 1.1422566175460815 32 0.5445305109024048 0.1299504041671753 -0.8286129832267761
 795 -224  164 36.350165 40.452561 -1.042812466621399 0.5758092403411865 34 0.5305386781692505 0.12980519235134125 -0.8376630544662476
 796 -257  173 35.957757 40.523462 -2.0714473724365234 1.0348416566848755 43 0.49963849782943726 0.12125957757234573 -0.857704758644104
 797 -243  170 36.125400 40.498192 -1.864436388015747 0.9776566624641418 156 0.513253927230835 0.12436949461698532 -0.8491776585578918
 798 -165  148 37.055124 40.321812 -1.5918667316436768 0.7426820397377014 132 0.581748902797699 0.1410522162914276 -0.8010445833206177
 799 -159  148 37.128692 40.323514 -1.6983660459518433 0.3607052266597748 164 0.5868138670921326 0.1432136446237564 -0.7969562411308289
 800 -174  139 36.950351 40.234092 -0.7041993737220764 0.6512547731399536 31 0.5730592608451843 0.1388872116804123 -0.8076592087745667
 801 -161  138 37.099251 40.233450 -0.8692112565040588 0.7619032263755798 37 0.5841585993766785 0.14007654786109924 -0.7994606494903564
 802  -77  111 38.089304 40.000258 0.9763332009315491 0.7433518767356873 37 0.6465020775794983 0.15290507674217224 -0.7474323511123657
 803  -71  111 38.159510 39.999889 1.1027171611785889 0.6132076382637024 29 0.6492578387260437 0.15909767150878906 -0.743742048740387
 804  -65  117 38.234500 40.054805 0.4022945165634155 1.185177206993103 33 0.655768871307373 0.1542624682188034 -0.7390334010124207
 805  -65  111 38.234836 39.999207 0.7294673919677734 0.7780259847640991 30 0.6537364721298218 0.1606847196817398 -0.7394654154777527
 806  -59  111 38.308475 40.000732 0.1722332388162613 0.6297844648361206 37 0.6582302451133728 0.16121050715446472 -0.7353531122207642
 807  -46  129 38.453113 40.168224 -4.977503776550293 1.2138447761535645 32 0.6684063673019409 0.16237521171569824 -0.7258561849594116
 808  -40  129 38.525987 40.168805 -4.879917144775391 0.7192068696022034 33 0.6726909875869751 0.16279251873493195 -0.7217932343482971
 809  -34  129 38.599737 40.169077 -5.412554740905762 0.5986711382865906 24 0.6770451664924622 0.1631961315870285 -0.7176188826560974
 810   -4  167 38.947516 40.511719 -7.061954021453857 0.7148648500442505 36 0.6990391612052917 0.1691209077835083 -0.6947966814041138
 811  -97 -117 37.892131 37.933901 -3.797382354736328 0.12212008237838745 19 0.6040043234825134 0.14117015898227692 -0.7843785881996155
 812  -99 -118 37.870302 37.923094 -4.3575849533081055 0.362364262342453 34 0.6023010611534119 0.14030301570892334 -0.7858425378799438
 813  -98 -118 37.878594 37.922968 -4.845826625823975 0.5842997431755066 32 0.602924644947052 0.14037014544010162 -0.7853522300720215
 814  -99 -119 37.869864 37.915807 -4.363219261169434 0.31838202476501465 33 0.6023781299591064 0.13988372683525085 -0.7858582735061646
 815  -98 -119 37.878741 37.916226 -4.986634254455566 0.3682073652744293 37 0.6030785441398621 0.1399965137243271 -0.7853007316589355
 816  -97 -118 37.887652 37.922791 -5.0413103103637695 0.5387373566627502 36 0.6035928130149841 0.1404384970664978 -0.7848265767097473
 817  -97 -118 37.896621 37.923120 -4.605417728424072 0.3831826448440552 36 0.6042428016662598 0.1405341923236847 -0.7843091487884521
 818  -97 -119 37.887983 37.916006 -5.4096856117248535 0.26906540989875793 36 0.6037591695785522 0.14006276428699493 -0.7847657799720764
 819  -97 -119 37.896665 37.916226 -5.592667579650879 0.21124298870563507 28 0.6043405532836914 0.14013870060443878 -0.7843046188354492
 820  -95 -117 37.909777 37.933977 -3.955512285232544 0.24495819211006165 16 0.6052684187889099 0.1413210779428482 -0.7833763360977173
 821  -94 -117 37.922969 37.937509 -3.849653720855713 0.2049979865550995 4 0.6062494516372681 0.1416534185409546 -0.7825573086738586
 822  -93 -117 37.931790 37.937727 -3.87440824508667 0.12376454472541809 16 0.6068750023841858 0.14173784852027893 -0.782056987285614
 823  -94 -118 37.922976 37.930517 -4.070228099822998 0.3500930964946747 1 0.6061985492706299 0.14121679961681366 -0.7826756834983826
 824  -93 -118 37.932014 37.930748 -4.008243083953857 0.13657240569591522 128 0.6068407893180847 0.14130409061908722 -0.7821620106697083
 825  -96 -118 37.905308 37.923418 -4.68617057800293 0.21937502920627594 31 0.6048761606216431 0.140626922249794 -0.7838041186332703
 826  -95 -118 37.914362 37.923274 -5.061310768127441 0.33305734395980835 149 0.605553388595581 0.14069944620132446 -0.7832680344581604
 827  -96 -119 37.905251 37.916055 -5.540898323059082 0.43940290808677673 126 0.604905903339386 0.1401868760585785 -0.7838599681854248
 828  -95 -119 37.914959 37.916500 -4.5989089012146 0.15204213559627533 169 0.6056146025657654 0.1402975469827652 -0.783292829990387
 829  -94 -118 37.922999 37.923436 -5.366460800170898 0.301138699054718 160 0.606172502040863 0.14078034460544586 -0.7827744483947754
 830  -93 -118 37.932100 37.923550 -4.713514804840088 0.43707937002182007 501 0.6068376898765564 0.1408650279045105 -0.7822436094284058
 831  -99 -120 37.870478 37.908776 -3.9292805194854736 0.26821979880332947 49 0.6025020480155945 0.1394820362329483 -0.7858346700668335
 832  -98 -120 37.879116 37.909177 -4.29896879196167 0.3303225338459015 43 0.6031962633132935 0.1395941823720932 -0.7852819561958313
 833  -99 -121 37.870087 37.901776 -4.680924415588379 0.34072670340538025 44 0.6025465726852417 0.13907213509082794 -0.7858731746673584
 834  -97 -120 37.887889 37.909007 -4.9415202140808105 0.3804132342338562 43 0.603827714920044 0.1396559327840805 -0.7847855687141418
 835  -32 -109 38.629706 38.016290 -3.889247179031372 0.34583455324172974 41 0.6520572900772095 0.1586407572031021 -0.741386890411377
 836  -41 -113 38.531086 37.978276 -5.310783386230469 0.8477573990821838 42 0.6464645266532898 0.15196947753429413 -0.7476556301116943
 837  -33 -113 38.616299 37.977516 -4.338613510131836 0.925992488861084 46 0.651096522808075 0.15579991042613983 -0.7428322434425354
 838 -227  260 36.285495 41.314863 -8.447504043579102 0.7747417092323303 39 0.5410102009773254 0.13420046865940094 -0.8302398920059204
 839 -252  204 36.002615 40.804537 -3.7370998859405518 0.8866091370582581 43 0.5096152424812317 0.12377754598855972 -0.8514525294303894
 840 -252  198 36.004903 40.750904 -4.071075916290283 0.7538881897926331 48 0.5079725384712219 0.12494649738073349 -0.8522630333900452
 841 -246  198 36.079577 40.751156 -4.436727523803711 0.7994362115859985 47 0.514276921749115 0.12583254277706146 -0.848342776298523
 842 -240  198 36.153435 40.752641 -3.9560141563415527 0.5777001976966858 54 0.5204324722290039 0.12676039338111877 -0.8444417715072632
 843 -112  -98 37.721897 38.107752 -3.2662570476531982 0.728030800819397 51 0.5944648385047913 0.14071181416511536 -0.7917144298553467
 844 -124 -110 37.578768 37.994067 -4.305698394775391 0.5673770904541016 51 0.5820145010948181 0.13747002184391022 -0.8014743328094482
 845 -115 -107 37.685558 38.023594 -3.319823980331421 0.6236605048179626 50 0.5902905464172363 0.13924431800842285 -0.7950900197029114
 846   16  -69 39.185884 38.369855 -5.733516216278076 0.39926421642303467 49 0.6890244483947754 0.16357842087745667 -0.706036388874054
 847   16  -69 39.194174 38.369400 -5.223311424255371 0.4853474497795105 47 0.6895266175270081 0.16358892619609833 -0.7055435180664062
 848   17  -68 39.203758 38.378353 -5.489715099334717 0.21805310249328613 46 0.6900426149368286 0.1642714887857437 -0.7048802375793457
 849   18  -68 39.212803 38.378528 -4.644227504730225 0.3968130946159363 45 0.6905592083930969 0.16432376205921173 -0.7043619155883789
 850   17  -69 39.204126 38.370865 -4.550140857696533 0.305719792842865 2602 0.6901864409446716 0.16376005113124847 -0.7048583626747131
 851   18  -69 39.213057 38.371448 -5.310344696044922 0.5435497760772705 2667 0.6907089352607727 0.16384297609329224 -0.7043271064758301
 852   13  -71 39.150523 38.357518 -5.98191499710083 0.19857320189476013 2585 0.6870526075363159 0.16254615783691406 -0.7081930637359619
 853   13  -71 39.159476 38.357586 -5.6272125244140625 0.0791030004620552 2126 0.687620997428894 0.1626027226448059 -0.7076282501220703
 854   14  -70 39.167781 38.364476 -5.955094814300537 0.42436692118644714 1983 0.6880233287811279 0.16311989724636078 -0.7071179151535034
 855   15  -70 39.177432 38.364528 -4.951275825500488 0.2206328958272934 2491 0.688646137714386 0.163182333111763 -0.7064970135688782
 856   14  -71 39.168123 38.357796 -5.660550594329834 0.27329930663108826 22 0.6881629228591919 0.16266578435897827 -0.7070867419242859
 857   15  -71 39.176995 38.357412 -4.862659454345703 0.28026050329208374 7 0.6887200474739075 0.16268780827522278 -0.7065389752388
 858   13  -72 39.150301 38.350748 -5.907077312469482 0.22204408049583435 28 0.6871206164360046 0.16207395493984222 -0.7082353234291077
 859   13  -72 39.159145 38.350479 -5.762301445007324 0.18026117980480194 39 0.6876572966575623 0.16209964454174042 -0.7077083587646484
 860   13  -72 39.150526 38.343596 -5.145047664642334 0.3289746046066284 24 0.6872161626815796 0.16157706081867218 -0.7082561254501343
 861   13  -72 39.159633 38.343419 -5.4268622398376465 0.2685178220272064 32 0.6877730488777161 0.16161058843135834 -0.7077077627182007
 862   15  -72 39.172379 38.346963 -5.027587413787842 0.7779161930084229 38 0.6884956955909729 0.161920428276062 -0.7069337964057922
 863   16  -70 39.186228 38.364648 -5.761052131652832 0.41719216108322144 32 0.6891565322875977 0.1632300615310669 -0.7059881687164307
 864   17  -70 39.195162 38.364727 -6.074477672576904 0.45821017026901245 33 0.689659595489502 0.16327190399169922 -0.705487072467804
 865   16  -71 39.186150 38.357285 -4.89328670501709 0.4421955347061157 46 0.6893064379692078 0.16273240745067596 -0.7059566974639893
 866   17  -71 39.195370 38.357574 -5.739048004150391 0.4913948178291321 33 0.6898421049118042 0.16279441118240356 -0.7054188847541809
 867   18  -70 39.207938 38.361078 -4.963346004486084 0.6644932627677917 6 0.690498411655426 0.1630876064300537 -0.7047087550163269
 868   16  -72 39.191024 38.346838 -5.322509765625 0.8266831636428833 21 0.6895819306373596 0.16199438273906708 -0.7058573365211487
 869   18  -72 39.208492 38.346917 -4.35939884185791 0.5650210976600647 16 0.6906198859214783 0.16208387911319733 -0.7048212885856628
 870    6  -74 39.078823 38.327436 -5.548821449279785 0.10838688910007477 32 0.6829425096511841 0.160065695643425 -0.7127191424369812
 871    7  -74 39.087442 38.327942 -6.320480823516846 0.4013623595237732 43 0.6834813952445984 0.16014957427978516 -0.7121834754943848
 872    6  -75 39.078610 38.322560 -5.349597930908203 0.16570495069026947 46 0.6830148100852966 0.15973247587680817 -0.7127245664596558
 873    7  -75 39.087656 38.322524 -5.910824298858643 0.3586040437221527 29 0.6835910677909851 0.15978221595287323 -0.7121607661247253
 874    6  -75 39.078819 38.315408 -4.605562210083008 0.32223618030548096 34 0.6831524968147278 0.15924690663814545 -0.7127013206481934
 875    7  -75 39.088007 38.315456 -5.435492038726807 0.3978404402732849 28 0.6837470531463623 0.15930430591106415 -0.7121180295944214
 876    8  -75 39.096137 38.318877 -7.626224994659424 0.9357301592826843 19 0.6841616034507751 0.15957331657409668 -0.7116595506668091
 877   10  -73 39.117312 38.338213 -2.307420015335083 0.313866525888443 31 0.6849216818809509 0.16095338761806488 -0.7106168866157532
 878   28  -57 39.330765 38.485319 0.2677123248577118 0.24083326756954193 6 0.6988763809204102 0.16078230738639832 -0.6969367861747742
 879   29  -57 39.337798 38.484655 0.1635557860136032 0.332504540681839 24 0.6992716789245605 0.160761296749115 -0.6965450048446655
 880   30  -56 39.346347 38.491900 -0.4280678629875183 0.4034634828567505 19 0.6996819376945496 0.16130685806274414 -0.696006715297699
 881   31  -56 39.356803 38.493153 0.42984265089035034 0.15362879633903503 18 0.7002407908439636 0.16143375635147095 -0.6954149603843689
 882   29  -56 39.343636 38.486081 -0.9536203145980835 0.13717210292816162 44 0.6995636820793152 0.16087865829467773 -0.6962246298789978
 883   25  -57 39.293855 38.477220 -0.9216630458831787 0.14435286819934845 37 0.6969572305679321 0.16007976233959198 -0.6990172266960144
 884   26  -57 39.302920 38.477451 -0.7500702142715454 0.06522132456302643 38 0.6974303722381592 0.16012412309646606 -0.6985349655151367
 885   25  -58 39.294151 38.472086 -1.1897964477539062 0.023179568350315094 45 0.696973979473114 0.15970811247825623 -0.699085533618927
 886   26  -58 39.299747 38.473316 -0.9113950133323669 0.0 41 0.6972644329071045 0.15980789065361023 -0.6987730860710144
 887   27  -57 39.309875 38.477425 -0.6076146960258484 0.08674417436122894 24 0.6977949738502502 0.16014473140239716 -0.6981660723686218
 888   27  -58 39.314205 38.473053 -0.15302026271820068 0.0 35 0.6980461478233337 0.1598435789346695 -0.6979840397834778
 889   25  -59 39.293741 38.464376 -1.9205739498138428 0.13381439447402954 35 0.6942485570907593 0.17069591581821442 -0.6992008686065674
 890   25  -60 39.290956 38.453289 -2.066134214401245 0.18148627877235413 25 0.6941733360290527 0.169895201921463 -0.6994705200195312
 891   19  -61 39.226369 38.445587 -1.0031107664108276 0.5479637384414673 43 0.6908628940582275 0.16914249956607819 -0.702921986579895
 892   20  -61 39.240088 38.448603 -0.5737053155899048 0.570332407951355 39 0.6916008591651917 0.16941232979297638 -0.7021307945251465
 893   21  -61 39.249235 38.449035 -0.42224493622779846 0.14129793643951416 39 0.6920759677886963 0.16947311162948608 -0.7016478180885315
 894   20  -61 39.240289 38.442017 -1.0522887706756592 0.2848893702030182 46 0.691632091999054 0.16893836855888367 -0.7022143006324768
 895  -36  -95 38.579469 38.138566 -3.6483771800994873 0.15719696879386902 48 0.6511569023132324 0.1556958705186844 -0.7428011298179626
 896  -36  -95 38.588520 38.138525 -3.4158732891082764 0.24456550180912018 28 0.6516721248626709 0.15572994947433472 -0.7423420548439026
 897  -36  -96 38.579022 38.131870 -3.5183074474334717 0.3233998119831085 54 0.6511813402175903 0.15523284673690796 -0.7428765892982483
 898  -36  -96 38.588553 38.131758 -3.6601717472076416 0.31965121626853943 45 0.6517674922943115 0.15527468919754028 -0.742353618144989
 899  -35  -95 38.596791 38.138918 -2.4192380905151367 0.46619367599487305 40 0.6521455645561218 0.15579158067703247 -0.7419131994247437
 900  -34  -95 38.607057 38.138579 -2.6303954124450684 0.48185107111930847 24 0.6528971791267395 0.15585114061832428 -0.7412393093109131
 901  -83 -114 38.046923 37.966811 -3.169551134109497 0.11071345210075378 26 0.6150614619255066 0.14445820450782776 -0.7751330733299255
 902  -82 -114 38.056111 37.966974 -3.3406336307525635 0.17777766287326813 14 0.6157366037368774 0.14454835653305054 -0.7745800614356995
 903  -83 -115 38.046974 37.959886 -3.2567138671875 0.10022561997175217 43 0.6150876879692078 0.14403901994228363 -0.7751902937889099
 904  -82 -115 38.056245 37.959809 -3.4885783195495605 0.2897008955478668 38 0.615782618522644 0.14411775767803192 -0.7746237516403198
 905  -44 -109 38.495764 38.008087 -4.44860315322876 0.28632059693336487 50 0.6451116800308228 0.15025928616523743 -0.7491682171821594
 906  -52 -113 38.398623 37.972280 -4.738033771514893 0.6132341623306274 44 0.6386137008666992 0.1479436159133911 -0.7551723122596741
 907  -46 -113 38.469015 37.972589 -5.2864532470703125 0.7612981796264648 46 0.6427299380302429 0.15026815235614777 -0.7512107491493225
 908 -109 -107 37.757153 38.023712 -3.297912836074829 0.6085758209228516 26 0.5952083468437195 0.14163152873516083 -0.790991485118866
 909 -115 -113 37.685879 37.965987 -3.530543327331543 0.680544376373291 1304 0.5888804793357849 0.14127081632614136 -0.7957778573036194
 910 -109 -113 37.758853 37.968643 -2.852315902709961 0.6152286529541016 1779 0.5945042967796326 0.14215275645256042 -0.7914273142814636
 911  -24  -89 38.721639 38.195384 -0.9269744157791138 0.15341873466968536 1465 0.6596333384513855 0.1604020744562149 -0.734271764755249
 912  -23  -89 38.730787 38.195549 -1.2556737661361694 0.20714256167411804 1466 0.6601849794387817 0.16045987606048584 -0.7337632775306702
 913  -24  -90 38.721935 38.188376 -1.5926631689071655 0.33202382922172546 128 0.659650981426239 0.15990519523620605 -0.7343642711639404
 914  -18  -90 38.784494 38.188638 -3.057141065597534 0.09646891802549362 99 0.6635695695877075 0.16027440130710602 -0.730744481086731
 915  -20  -91 38.766533 38.174509 -2.94514799118042 0.17756909132003784 174 0.662527322769165 0.1591872274875641 -0.7319269180297852
 916  -19  -90 38.775500 38.181652 -2.4158918857574463 0.1259259283542633 179 0.6630190014839172 0.15973056852817535 -0.73136305809021
 917  -18  -90 38.784455 38.181729 -3.021714925765991 0.384901225566864 135 0.6636189818382263 0.15979433059692383 -0.7308047413825989
 918  -19  -91 38.775399 38.174590 -3.3053619861602783 0.3672634959220886 171 0.6630144715309143 0.15922541916370392 -0.7314773201942444
 919  -79 -121 38.097396 37.900340 -4.924367427825928 0.5751510858535767 664 0.6167186498641968 0.1477099061012268 -0.773201048374176
 920  -76 -121 38.133361 37.899871 -4.46019172668457 0.7937893271446228 727 0.6189124584197998 0.14971555769443512 -0.7710594534873962
 921  -73 -117 38.158773 37.934912 -5.0241475105285645 0.4762231409549713 769 0.6231023073196411 0.14341850578784943 -0.7688788175582886
 922  -72 -118 38.176077 37.933827 -4.806596279144287 0.5555936694145203 782 0.6241834759712219 0.1434553563594818 -0.7679944634437561
 923  -74 -119 38.158243 37.921842 -4.837732791900635 0.5120808482170105 802 0.62285315990448 0.14271561801433563 -0.76921147108078
 924  -72 -119 38.177058 37.922275 -4.203453063964844 0.26618608832359314 761 0.6238442659378052 0.14414666593074799 -0.7681406736373901
 925    4   47 39.047797 39.429941 -0.6055021286010742 0.8428420424461365 2603 0.6934996843338013 0.1653447151184082 -0.7012270092964172
 926   20   14 39.231977 39.127808 -1.1620333194732666 1.2518171072006226 2775 0.699240505695343 0.1675320267677307 -0.6949789524078369
 927   27  -98 39.309785 38.112668 -5.062437534332275 0.7329258322715759 55 0.6930382251739502 0.1625814586877823 -0.7023285031318665
 928  -55   58 38.349480 39.520620 -0.1315355747938156 1.018619418144226 43 0.6550456285476685 0.15680281817913055 -0.7391401529312134
 929 -129  -17 37.507173 38.837312 -2.015343189239502 1.2671998739242554 41 0.5901399850845337 0.14050783216953278 -0.794979453086853
 930 -155   58 37.190627 39.508612 -0.3747981786727905 1.0361740589141846 41 0.5784750580787659 0.1386287361383438 -0.8038337230682373
 931  -48  -99 38.441553 38.106547 -3.106776714324951 0.20082500576972961 13 0.6418574452400208 0.15617705881595612 -0.7507514953613281
 932  -47  -98 38.458611 38.107091 -2.930044651031494 0.4851536154747009 49 0.6430516242980957 0.15635408461093903 -0.7496919631958008
 933  -49 -100 38.440968 38.092366 -3.5041990280151367 0.404413640499115 46 0.6417846083641052 0.15526707470417023 -0.7510024309158325
 934  -47 -100 38.456169 38.092489 -3.068753242492676 0.19713598489761353 57 0.6428614258766174 0.15540438890457153 -0.7500523924827576
 935  -33 -100 38.619082 38.093373 -4.9965338706970215 0.8435103893280029 44 0.654017984867096 0.15281008183956146 -0.7408842444419861
 936  -31 -100 38.637939 38.093433 -5.046568870544434 0.39019256830215454 58 0.6552508473396301 0.1529255211353302 -0.739770233631134
 937  -36 -101 38.580424 38.082775 -6.000850677490234 0.7547526955604553 42 0.6516039967536926 0.15185894072055817 -0.7432032823562622
 938  -36 -101 38.588534 38.082577 -5.003190040588379 0.2697644531726837 52 0.6520324349403381 0.15186959505081177 -0.7428252696990967
 939  -36 -102 38.580027 38.075321 -4.6930251121521 0.34209582209587097 47 0.6515426635742188 0.151324063539505 -0.7433661222457886
 940  -36 -102 38.588663 38.075683 -4.560998916625977 0.27005812525749207 54 0.6520529985427856 0.15138758718967438 -0.7429056167602539
 941  -34 -102 38.602242 38.079082 -5.1646246910095215 0.839651882648468 49 0.6528640985488892 0.15168946981430054 -0.7421311736106873
 942  -36 -103 38.584234 38.065242 -4.554561138153076 0.2937920093536377 49 0.6517083048820496 0.15061354637145996 -0.7433651685714722
 943  -34 -103 38.601313 38.064961 -4.579656600952148 0.3283661901950836 47 0.652750551700592 0.15067638456821442 -0.742437481880188
 944  -32 -102 38.629295 38.071818 -4.726386070251465 0.4477901756763458 47 0.6546561121940613 0.15134143829345703 -0.7406221032142639
 945  -55 -106 38.366713 38.039263 -4.837868690490723 0.1434219479560852 40 0.6368091702461243 0.15136747062206268 -0.7560172080993652
 946  -54 -106 38.375258 38.039501 -4.5526041984558105 0.10721215605735779 40 0.6373587846755981 0.15144024789333344 -0.7555392980575562
 947  -55 -107 38.366911 38.033234 -4.591725826263428 0.229715496301651 38 0.6368772387504578 0.15100321173667908 -0.7560327053070068
 948  -54 -107 38.375435 38.032760 -5.006950855255127 0.24027441442012787 48 0.6373900175094604 0.1510213166475296 -0.7555968165397644
 949  -54 -106 38.384347 38.039698 -4.935242652893066 0.1859898716211319 35 0.6379560828208923 0.15151599049568176 -0.7550198435783386
 950  -53 -106 38.393083 38.039440 -4.985713005065918 0.16104982793331146 41 0.6384801864624023 0.1515493392944336 -0.7545700073242188
 951  -54 -107 38.384499 38.032325 -5.176960468292236 0.1609666645526886 43 0.6379307508468628 0.15104511380195618 -0.7551355957984924
 952  -53 -107 38.392713 38.032409 -4.528172969818115 0.35405433177948 21 0.6384409070014954 0.15110118687152863 -0.7546931505203247
 953  -52 -106 38.402071 38.039498 -4.8281707763671875 0.1131950318813324 18 0.6390397548675537 0.15160907804965973 -0.7540841698646545
 954  -51 -106 38.411610 38.039763 -5.049206256866455 0.4485810399055481 44 0.639721691608429 0.1517057716846466 -0.7534862756729126
 955  -52 -107 38.402786 38.032793 -4.252954483032227 0.239174485206604 44 0.6392180323600769 0.1512247771024704 -0.7540102601051331
 956  -51 -107 38.410215 38.032418 -4.3395819664001465 0.15221743285655975 42 0.6397429704666138 0.15126067399978638 -0.7535576820373535
 957  -50 -106 38.419742 38.039535 -4.946492671966553 0.2740439772605896 44 0.6402198076248169 0.15173973143100739 -0.7530562877655029
 958  -50 -106 38.428805 38.039685 -4.449644565582275 0.1727038025856018 43 0.6408008933067322 0.1518094837665558 -0.7525477409362793
 959  -50 -107 38.419903 38.032526 -4.889326572418213 0.5575246214866638 44 0.6404237747192383 0.1513446420431137 -0.7529622912406921
 960  -50 -107 38.428995 38.032728 -5.354760646820068 0.43817606568336487 41 0.6409770250320435 0.15141116082668304 -0.7524780035018921
 961  -55 -108 38.370559 38.021053 -4.4981184005737305 0.5187944769859314 43 0.6372199654579163 0.1502884328365326 -0.7558863162994385
 962  -53 -108 38.389733 38.021321 -4.869096279144287 0.3303127586841583 41 0.6383615732192993 0.15041068196296692 -0.7548981308937073
 963  -55 -109 38.371962 38.007625 -4.6796722412109375 0.3397529423236847 47 0.6372212767601013 0.14943301677703857 -0.7560548186302185
 964  -53 -110 38.388770 38.007232 -5.091552734375 1.07125985622406 126 0.6381991505622864 0.14949460327625275 -0.7552173733711243
 965  -51 -108 38.407806 38.021768 -4.0788254737854 0.29413682222366333 45 0.6396271586418152 0.1505838930606842 -0.7537915110588074
 966  -50 -108 38.424372 38.022984 -3.8589508533477783 0.5708319544792175 45 0.6408205032348633 0.15080052614212036 -0.7527338862419128
 967  -52 -109 38.406215 38.007680 -4.070499897003174 0.7682441473007202 7 0.6392577290534973 0.14962360262870789 -0.7542959451675415
 968  -50 -110 38.424227 38.006284 -2.067281723022461 1.116226315498352 35 0.6405948996543884 0.14969705045223236 -0.7531460523605347
 969 -108 -131 37.770020 37.805783 -5.390296459197998 0.4060051739215851 27 0.5923855304718018 0.1418737769126892 -0.7930644750595093
 970 -106 -131 37.787482 37.805799 -6.046637058258057 0.3333370089530945 22 0.5936285853385925 0.14202207326889038 -0.7921078205108643
 971 -110 -134 37.742969 37.784577 -5.735507488250732 0.648128092288971 15 0.5901966094970703 0.14031483232975006 -0.7949715256690979
 972 -107 -134 37.780350 37.785296 -6.1056904792785645 0.7104814648628235 8 0.5930519700050354 0.14071744680404663 -0.7927723526954651
 973 -117 -136 37.664170 37.762413 -5.800116062164307 0.3704023063182831 28 0.5841939449310303 0.13824346661567688 -0.7997537851333618
 974 -116 -136 37.681864 37.762653 -5.975894451141357 0.47127529978752136 10 0.5855231285095215 0.13842204213142395 -0.7987502813339233
 975 -117 -138 37.664583 37.748407 -5.731995582580566 0.8018983602523804 70 0.5842888951301575 0.1374332457780838 -0.799824059009552
 976 -116 -138 37.682966 37.749312 -7.645310401916504 1.000394344329834 22 0.5856586694717407 0.13765333592891693 -0.7987837791442871
 977 -113 -137 37.708204 37.755685 -7.696761131286621 2.0548126697540283 30 0.5874781012535095 0.1382460743188858 -0.7973440289497375
 978 -116 -140 37.673319 37.727218 -5.805516242980957 0.5178987383842468 3 0.5849599838256836 0.13626188039779663 -0.7995339632034302
 979 -113 -140 37.709167 37.728440 -5.935458660125732 0.6384596228599548 16 0.5876537561416626 0.13666032254695892 -0.7974879741668701
 980 -109 -138 37.761520 37.741617 -6.3034281730651855 0.8379063010215759 6 0.5914247035980225 0.137882798910141 -0.7944841384887695
 981   24  -66 39.275654 38.399772 -4.484737873077393 0.48212867975234985 6 0.6940361261367798 0.16611413657665253 -0.700514018535614
 982   24  -66 39.285152 38.399158 -5.155921459197998 0.19282414019107819 52 0.6945419311523438 0.16610124707221985 -0.700015664100647
 983   28  -63 39.323370 38.425806 -3.928203582763672 0.44120490550994873 42 0.6962766647338867 0.16810175776481628 -0.6978113055229187
 984   30  -61 39.346401 38.443057 -4.500598430633545 0.19574663043022156 44 0.6972777843475342 0.16938523948192596 -0.6965001225471497
 985   28  -63 39.329610 38.426024 -2.409724235534668 0.46772801876068115 47 0.6966738104820251 0.16815562546253204 -0.6974018216133118
 986   29  -63 39.337557 38.427013 -3.1907570362091064 1.1792783737182617 46 0.6971789002418518 0.16827520728111267 -0.6968680620193481
 987   30  -62 39.347655 38.432646 -4.892663478851318 0.4257916808128357 46 0.6975938677787781 0.1686909794807434 -0.6963520050048828
 988   31  -62 39.356387 38.433506 -4.612037658691406 0.1435042768716812 40 0.698081910610199 0.16879040002822876 -0.6958386301994324
 989   30  -63 39.348240 38.427618 -5.0435404777526855 0.48225992918014526 47 0.6977264285087585 0.16835123300552368 -0.6963014006614685
 990   31  -63 39.356270 38.427273 -4.330965518951416 0.1746806502342224 46 0.6981859803199768 0.16836191713809967 -0.6958380341529846
 991   26  -64 39.302084 38.419435 -4.033489227294922 0.29187119007110596 44 0.6951901316642761 0.1675732135772705 -0.6990206837654114
 992   25  -64 39.295344 38.414861 -5.325985431671143 0.307284951210022 41 0.6949031352996826 0.16723649203777313 -0.6993865966796875
 993   26  -64 39.302211 38.415141 -4.596432685852051 0.6846550107002258 49 0.6952705979347229 0.1672797054052353 -0.6990109086036682
 994 -110 -129 37.747050 37.830164 -4.2274017333984375 0.27438536286354065 51 0.5906537771224976 0.14311297237873077 -0.7941327095031738
 995 -109 -129 37.756046 37.830314 -4.004197120666504 0.20847095549106598 34 0.5913532972335815 0.14321409165859222 -0.7935937643051147
 996 -107 -127 37.782389 37.844758 -5.115171909332275 0.32212579250335693 37 0.5934880375862122 0.14437063038349152 -0.7917885780334473
 997 -106 -127 37.791630 37.844527 -5.830934524536133 0.16228114068508148 47 0.5941843390464783 0.1444450318813324 -0.791252613067627
 998 -108 -128 37.764514 37.837502 -4.4272565841674805 0.04915357008576393 13965 0.5920629501342773 0.1437433511018753 -0.7929686307907104
 999 -107 -128 37.773557 37.837809 -4.3859076499938965 0.05864490568637848 1921 0.5928017497062683 0.14386366307735443 -0.7923946976661682
1000 -108 -129 37.764856 37.830299 -4.060718536376953 0.15325745940208435 11477 0.5920383334159851 0.1433030068874359 -0.7930667996406555
1001 -107 -129 37.773844 37.830705 -4.199872016906738 0.0749632865190506 4322 0.5927501916885376 0.1434224545955658 -0.7925132513046265
1002 -107 -128 37.782535 37.837612 -4.7790045738220215 0.3059558570384979 1063 0.5935266017913818 0.14395011961460114 -0.7918362021446228
1003 -106 -128 37.791372 37.837842 -5.801318645477295 0.31088128685951233 99 0.5941490530967712 0.14403709769248962 -0.7913534045219421
1004 -107 -129 37.783060 37.830389 -4.433555603027344 0.15440838038921356 1488 0.5934739708900452 0.14349886775016785 -0.7919575572013855
1005 -106 -129 37.791701 37.831130 -5.079714775085449 0.3224620223045349 636 0.5941512584686279 0.14363282918930054 -0.7914252281188965
1006 -129 -131 37.530227 37.810299 -5.589439392089844 0.3043871521949768 3170 0.5755550861358643 0.13332144916057587 -0.8068220615386963
1007 -126 -130 37.565818 37.811144 -5.3889594078063965 0.5343869924545288 3268 0.578337550163269 0.1337287425994873 -0.8047622442245483
1008 -129 -134 37.531008 37.782133 -5.960185527801514 0.5836716890335083 3217 0.5756783485412598 0.13144761323928833 -0.8070415258407593
1009 -127 -133 37.557008 37.789439 -5.085423946380615 0.31615325808525085 3153 0.5777104496955872 0.13215801119804382 -0.8054718375205994
1010 -125 -133 37.575276 37.789569 -5.5690693855285645 0.36342892050743103 2972 0.5791977643966675 0.13233305513858795 -0.8043742775917053
1011 -127 -134 37.557162 37.775150 -6.09062385559082 0.4144122898578644 3282 0.5776821374893188 0.13118715584278107 -0.8056508302688599
1012 -125 -134 37.570868 37.779099 -6.242689609527588 0.444717139005661 2841 0.5787901878356934 0.13157525658607483 -0.8047918677330017
1013 -125 -134 37.579251 37.779084 -6.234870433807373 0.18843603134155273 3450 0.5794007778167725 0.13163451850414276 -0.8043426871299744
1014 -125 -135 37.570323 37.772014 -6.413624286651611 0.2481802999973297 3234 0.5786324143409729 0.13106787204742432 -0.8049880862236023
1015 -125 -135 37.579538 37.772023 -6.64435338973999 0.18862488865852356 1016 0.5793337821960449 0.1311403065919876 -0.8044716715812683
1016 -123 -130 37.591806 37.817840 -5.505718231201172 0.38239315152168274 1727 0.5788952112197876 0.14037151634693146 -0.8032285571098328
1017 -122 -130 37.609631 37.818101 -5.7048869132995605 0.38023921847343445 2804 0.5801793932914734 0.14103949069976807 -0.8021843433380127
1018 -123 -131 37.592162 37.803626 -5.993321895599365 0.3014412224292755 2729 0.579662024974823 0.13688084483146667 -0.8032779693603516
1019 -122 -131 37.605645 37.807443 -5.410391330718994 0.11699985712766647 10394 0.5799319744110107 0.14038559794425964 -0.8024778962135315
1020 -121 -131 37.614887 37.807578 -5.462005138397217 0.137820765376091 47 0.5806326270103455 0.1404830515384674 -0.8019540309906006
1021    1  -72 39.016361 38.343724 -1.2887332439422607 0.8063196539878845 41 0.6792647242546082 0.16095024347305298 -0.7160269021987915
1022    2  -72 39.025732 38.350691 -0.00905659794807434 0.39607158303260803 33 0.6799038648605347 0.16151878237724304 -0.7152918577194214
1023    2  -72 39.034114 38.350740 -3.2108826637268066 2.025789499282837 39 0.6803508400917053 0.16154883801937103 -0.7148599028587341
1024    3  -70 39.042580 38.364792 -1.2737584114074707 1.2430109977722168 39 0.6808977127075195 0.16261477768421173 -0.7140972018241882
1025    4  -70 39.052260 38.364876 -1.7496477365493774 1.4558409452438354 38 0.681451678276062 0.16266107559204102 -0.71355801820755
1026    3  -71 39.042536 38.357687 -1.409825086593628 2.1368162631988525 40 0.6807864904403687 0.16207492351531982 -0.7143259048461914
1027    4  -71 39.052519 38.357733 -0.9164679646492004 0.5801264643669128 44 0.6813974380493164 0.16213074326515198 -0.71373051404953
1028    5  -70 39.061007 38.364818 -1.6492362022399902 1.4594100713729858 37 0.6818274259567261 0.16266383230686188 -0.7131983041763306
1029    6  -70 39.070077 38.364497 1.448080062866211 0.5000419616699219 46 0.6823393702507019 0.1626802235841751 -0.7127047777175903
1030  -65 -120 38.256151 37.915390 -5.26785135269165 0.7489449977874756 38 0.6276528239250183 0.14996230602264404 -0.7639131546020508
1031  -59 -120 38.328405 37.915858 -5.182646751403809 0.49525219202041626 38 0.6320905089378357 0.15223443508148193 -0.7597935795783997
1032  -65 -126 38.257858 37.859627 -5.744473457336426 0.5157122611999512 36 0.6270874738693237 0.1492508053779602 -0.7645164728164673
1033  -59 -126 38.329405 37.859454 -5.573196887969971 0.5350714921951294 36 0.6318358778953552 0.14975298941135406 -0.7604982256889343
1034  -75 -134 38.146480 37.782905 -6.479499340057373 1.1087301969528198 39 0.6187304854393005 0.14535564184188843 -0.7720391154289246
1035  -62 -133 38.292451 37.792477 -6.803248882293701 0.8303471803665161 42 0.6288424730300903 0.14653714001178741 -0.7635993957519531
1036  -50 -122 38.429138 37.891953 -5.6345953941345215 0.7848159670829773 41 0.6383930444717407 0.15248556435108185 -0.7544550895690918
1037  -84  147 38.009527 40.325203 -4.905338764190674 0.6687905788421631 34 0.6459904909133911 0.15284235775470734 -0.747887372970581
1038   21   -5 39.247337 38.951715 -0.7347871661186218 0.9873448610305786 37 0.6981013417243958 0.16659970581531525 -0.6963469982147217
1039    9  -57 39.113369 38.479009 -0.7952750325202942 0.4699540436267853 37 0.686940610408783 0.159525066614151 -0.7089882493019104
1040   14  -56 39.164214 38.494862 -0.5246018171310425 0.3440510630607605 30 0.6896514892578125 0.16084124147891998 -0.7060530781745911
1041 -152  148 37.201133 40.324009 -1.9128563404083252 0.4124956429004669 33 0.5916944742202759 0.14543481171131134 -0.792935311794281
1042  -15  -70 38.824549 38.365352 -2.4886796474456787 1.5821069478988647 37 0.6683216691017151 0.16169072687625885 -0.7260869741439819
1043  -10  -68 38.878944 38.380181 -1.0283560752868652 1.9918252229690552 32 0.6710798144340515 0.16290178894996643 -0.7232667803764343
1044   -7  -68 38.914503 38.382454 0.06756985932588577 0.5837825536727905 43 0.6734890341758728 0.16331355273723602 -0.7209307551383972
1045  -10  -71 38.875732 38.354075 -2.177818775177002 0.9272699952125549 44 0.6710667014122009 0.1610575020313263 -0.7236919403076172
1046   -7  -71 38.912985 38.353066 -1.3224633932113647 1.4221389293670654 37 0.6731963753700256 0.16114477813243866 -0.7216917276382446
1047  -16  -74 38.806602 38.325956 -2.0985774993896484 0.8781061172485352 40 0.667669951915741 0.1588866412639618 -0.7273045778274536
1048  -13  -74 38.843424 38.325836 -2.2904200553894043 0.8408159613609314 39 0.6696493625640869 0.15900208055973053 -0.7254571318626404
1049  -16  -77 38.807319 38.297270 -2.346588373184204 1.6949641704559326 42 0.6675546169281006 0.15680254995822906 -0.727862536907196
1050  -14  -77 38.833687 38.304902 -3.5237534046173096 1.0993679761886597 46 0.6691038012504578 0.15746642649173737 -0.7262950539588928
1051  -13  -77 38.850590 38.304465 -2.166696310043335 1.1080762147903442 42 0.6699931025505066 0.1574869304895401 -0.725470244884491
1052  -14  -78 38.833696 38.290701 -1.7784684896469116 0.8730765581130981 42 0.6689737439155579 0.15642128884792328 -0.7266405820846558
1053  -13  -78 38.850930 38.290791 -2.165120840072632 0.8634992241859436 41 0.6699126362800598 0.15648697316646576 -0.7257608771324158
1054  -10  -74 38.878520 38.325770 -1.4774359464645386 0.5466535687446594 36 0.6715795397758484 0.15912632644176483 -0.72364342212677
1055   -5  -83 38.940697 38.248766 -2.91095232963562 0.3828617036342621 42 0.6739633083343506 0.16028010845184326 -0.7211683392524719
1056   -3  -83 38.958286 38.248775 -3.4743852615356445 0.3701469898223877 45 0.6745686531066895 0.16215795278549194 -0.7201818227767944
1057   -5  -84 38.940438 38.234447 -3.5912063121795654 0.4619745910167694 38 0.6728335618972778 0.16430887579917908 -0.7213166356086731
1058   -3  -84 38.958324 38.234583 -3.7084591388702393 0.2293304055929184 60 0.6739187240600586 0.1644115000963211 -0.7202793955802917
1059   -1  -84 38.983978 38.241886 -3.8113913536071777 0.8938164114952087 16 0.6754267811775208 0.16465386748313904 -0.718809962272644
1060    1  -81 39.019935 38.269762 -3.6008100509643555 0.5157705545425415 34 0.6795357465744019 0.1575251817703247 -0.7165312170982361
1061    4  -81 39.056989 38.269296 -4.755315780639648 1.1286101341247559 32 0.6813534498214722 0.1598907709121704 -0.7142775654792786
1062    1  -84 39.021186 38.242442 -2.955202579498291 1.0104655027389526 41 0.6777317523956299 0.1653061807155609 -0.716486930847168
1063    4  -84 39.056455 38.241676 -6.259166240692139 1.6489003896713257 34 0.6797690391540527 0.1654088944196701 -0.7145305871963501
1064 -115 -151 37.693377 37.629137 -6.8486008644104 0.5884733200073242 10 0.5836585164070129 0.13993923366069794 -0.7998498678207397
1065 -109 -151 37.764131 37.630263 -6.974823951721191 0.46008914709091187 28 0.5889462828636169 0.14066414535045624 -0.7958366274833679
1066 -119 -158 37.651017 37.565923 -6.934588432312012 0.5203094482421875 20 0.5801694393157959 0.13574087619781494 -0.8031051158905029
1067 -146  167 37.269860 40.495688 -6.197444438934326 0.7363566756248474 43 0.5992034077644348 0.14781716465950012 -0.7868325114250183
1068 -140  167 37.343582 40.495800 -6.684642791748047 0.6196473836898804 43 0.6043599247932434 0.1484801322221756 -0.7827532887458801
1069 -121 -142 37.618408 37.706121 -5.411620140075684 0.1188342273235321 49 0.580599844455719 0.13446341454982758 -0.8030089735984802
1070 -121 -144 37.619730 37.691353 -5.714601993560791 0.17466022074222565 43 0.5805910229682922 0.13358142971992493 -0.8031625747680664
1071 -120 -143 37.638877 37.698839 -5.898372650146484 0.30717867612838745 46 0.5821214318275452 0.13421520590782166 -0.8019482493400574
1072 -121 -145 37.620700 37.678640 -6.741052627563477 0.16098551452159882 41 0.5805684328079224 0.13282088935375214 -0.8033050298690796
1073 -120 -146 37.639252 37.670756 -6.514276027679443 0.23567093908786774 44 0.5808635950088501 0.13706885278224945 -0.802377462387085
1074 -119 -151 37.643210 37.629670 -6.7195634841918945 0.28357887268066406 39 0.5798308849334717 0.13948209583759308 -0.8027085065841675
1075 -115 -145 37.692030 37.685049 -5.905237197875977 0.274284690618515 47 0.5851959586143494 0.1374068260192871 -0.7991652488708496
1076 -109 -145 37.762804 37.686041 -6.188538551330566 0.4383937120437622 38 0.5901579856872559 0.13959068059921265 -0.7951276898384094
1077   -2   92 38.967223 39.832159 -0.412807822227478 0.8173485994338989 27 0.6938170790672302 0.16369828581809998 -0.7012993097305298
1078 -116 -127 37.675621 37.843334 -5.056535720825195 0.27014368772506714 30 0.5852874517440796 0.14280395209789276 -0.7981513738632202
1079 -115 -127 37.684897 37.843510 -4.8180012702941895 0.08270592987537384 30 0.5859442949295044 0.14330017566680908 -0.7975803017616272
1080 -118 -128 37.658448 37.836402 -5.5562567710876465 0.3042120635509491 18 0.583902895450592 0.14260786771774292 -0.7991998791694641
1081 -117 -128 37.667210 37.836262 -6.1310811042785645 0.21051496267318726 4875 0.5845839381217957 0.14269033074378967 -0.7986871600151062
1082 -118 -129 37.658826 37.829209 -5.029532432556152 0.18825630843639374 4395 0.5840025544166565 0.14220291376113892 -0.7991992235183716
1083 -117 -129 37.667367 37.829309 -6.615015506744385 0.7281271815299988 43093 0.5846259593963623 0.1422857642173767 -0.7987285256385803
1084 -116 -128 37.675727 37.836451 -5.5265984535217285 0.42555639147758484 13767 0.5851916670799255 0.14277522265911102 -0.7982267737388611
1085 -115 -126 37.693356 37.850923 -5.025343418121338 0.3189687430858612 908 0.5882980823516846 0.1369495391845703 -0.796963095664978
1086 -114 -126 37.702345 37.850884 -5.648553848266602 0.29966139793395996 6822 0.5884822010993958 0.13888946175575256 -0.7964913249015808
1087 -115 -127 37.693314 37.843786 -4.829665660858154 0.12033046782016754 5533 0.5865638852119446 0.1433950960636139 -0.7971076965332031
1088 -113 -126 37.711271 37.851016 -5.711699962615967 0.20503099262714386 1530 0.5887727737426758 0.14041811227798462 -0.7960084676742554
1089   -8  -74 38.904823 38.333029 -1.3071118593215942 0.2736770808696747 2265 0.6730340123176575 0.15974558889865875 -0.7221540212631226
1090   -6  -74 38.922152 38.333167 -2.6964614391326904 1.4094945192337036 2348 0.6739121079444885 0.15980128943920135 -0.7213223576545715
1091   -8  -75 38.904522 38.318994 -1.1099697351455688 0.3364773988723755 2021 0.6729877591133118 0.15873093903064728 -0.7224208116531372
1092   -7  -75 38.917894 38.322515 -1.5753432512283325 0.10001157224178314 8780 0.6737142205238342 0.15903052687644958 -0.7216775417327881
1093   -6  -75 38.926913 38.322477 -1.0450104475021362 0.16564011573791504 904 0.6742019057273865 0.15905897319316864 -0.7212157249450684
1094   -7  -75 38.917994 38.315514 -1.3851335048675537 0.20449157059192657 1963 0.6736977696418762 0.1585230976343155 -0.7218044996261597
1095   -6  -75 38.926900 38.315529 -1.1469695568084717 0.14717251062393188 2083 0.6741889119148254 0.1585577130317688 -0.721338152885437
1096  -11  -77 38.869018 38.304817 -1.9523855447769165 0.522763192653656 1243 0.6710102558135986 0.15757954120635986 -0.7245094180107117
1097   -9  -77 38.886942 38.304973 -1.2855416536331177 0.3212491571903229 2042 0.6719527244567871 0.1576460748910904 -0.7236209511756897
1098  -11  -78 38.864505 38.294323 -0.9230415225028992 0.11077676713466644 4721 0.6706933379173279 0.15679757297039032 -0.7249723672866821
1099  -11  -78 38.873157 38.294282 -1.0257354974746704 0.1505485326051712 16935 0.6711649298667908 0.15682412683963776 -0.7245301008224487
1100  -11  -79 38.864346 38.286960 -1.1727063655853271 0.2149830162525177 30024 0.6706124544143677 0.1562523990869522 -0.7251648902893066
1101  -11  -79 38.873117 38.287391 -1.0201226472854614 0.10703067481517792 10372 0.6711065769195557 0.15631739795207977 -0.7246936559677124
1102  -10  -78 38.882537 38.294466 -0.7803494930267334 0.24928398430347443 81 0.6716855764389038 0.1568724364042282 -0.7240369915962219
1103   -9  -78 38.890802 38.294634 -0.9589062333106995 0.2516912519931793 679 0.6721134781837463 0.1569075584411621 -0.7236320972442627
1104  -10  -79 38.881939 38.288259 -0.5441284775733948 0.2216864973306656 739 0.6716113686561584 0.15641622245311737 -0.7242044806480408
1105   -9  -78 38.889167 38.288623 -0.33463990688323975 0.1695331484079361 503 0.6720229387283325 0.15647171437740326 -0.723810613155365
1106   -8  -76 38.900563 38.308871 -1.1168826818466187 0.35152992606163025 684 0.6727261543273926 0.15798041224479675 -0.7228289246559143
1107   -7  -76 38.909175 38.308283 -1.4574315547943115 0.15394246578216553 69 0.6731761693954468 0.15796369314193726 -0.7224135398864746
1108   -8  -77 38.899830 38.301546 -0.6945752501487732 0.09678506851196289 159 0.6726247072219849 0.15743862092494965 -0.7230415940284729
1109   -7  -77 38.909044 38.302333 -0.9493888020515442 0.14524708688259125 121 0.6731634140014648 0.15753592550754547 -0.7225188612937927
1110   -7  -76 38.918014 38.308381 -1.0400540828704834 0.3155710697174072 165 0.6736493706703186 0.15800075232982635 -0.7219641804695129
1111   -6  -76 38.927117 38.308448 -0.8620572090148926 0.16746708750724792 187 0.674182653427124 0.1580466628074646 -0.7214562296867371
1112   -7  -77 38.919107 38.301880 -0.7814698219299316 0.33430761098861694 119 0.6736913919448853 0.15753327310085297 -0.7220271229743958
1113   -8  -77 38.897177 38.297714 -0.8087389469146729 0.06660199165344238 250 0.6724467277526855 0.157149076461792 -0.723270058631897
1114  -27  -82 38.681066 38.254967 -2.406770944595337 1.1303685903549194 46 0.6600327491760254 0.15320561826229095 -0.7354487180709839
1115  -23  -80 38.736490 38.270035 -1.6104780435562134 0.5579367280006409 3 0.6634380221366882 0.15455518662929535 -0.7320947647094727
1116  -20  -81 38.769886 38.268898 -1.4250656366348267 0.5924646854400635 57 0.6653174161911011 0.15460291504859924 -0.7303770780563354
1117  -23  -84 38.736107 38.240575 -1.400343894958496 0.5241788625717163 31 0.6632367968559265 0.15241739153862 -0.7327250242233276
1118  -20  -83 38.762245 38.248663 -1.3364287614822388 0.5676442384719849 165 0.6647675037384033 0.15310530364513397 -0.7311928272247314
1119  -19  -83 38.779659 38.248344 -1.058322787284851 0.3885369896888733 147 0.6657442450523376 0.15314814448356628 -0.7302945852279663
1120  -20  -84 38.761900 38.234409 -1.0823016166687012 0.30630791187286377 178 0.6646740436553955 0.15207354724407196 -0.7314929962158203
1121  -19  -84 38.775683 38.237907 -0.5265297889709473 0.10364799201488495 207 0.6655027866363525 0.15238727629184723 -0.7306737899780273
1122  -18  -84 38.784376 38.237773 -0.33750903606414795 0.09358172118663788 50 0.6660200953483582 0.15241602063179016 -0.7301963567733765
1123  -19  -85 38.775065 38.230561 -0.8003060817718506 0.26167210936546326 51 0.6651172041893005 0.15318290889263153 -0.7308585047721863
1124  -18  -85 38.784194 38.230923 -0.5044606924057007 0.12101449072360992 46 0.6653077006340027 0.15474654734134674 -0.7303555607795715
1125   -2  -88 38.968126 38.198560 -4.731406211853027 1.0721231698989868 56 0.6748219728469849 0.1619478166103363 -0.7199918031692505
1126  -12  126 38.855271 40.141471 -5.773687362670898 0.6943677067756653 2418 0.6905009150505066 0.16483844816684723 -0.7042987942695618
1127  -12  -48 38.859197 38.566461 -1.1932507753372192 0.6350250840187073 1855 0.6731225252151489 0.16030213236808777 -0.7219482660293579
1128  -24  -58 38.714637 38.469083 -0.7200007438659668 0.6763495802879333 1285 0.6636636257171631 0.15703065693378448 -0.7313631176948547
1129  -11  -60 38.863346 38.456525 -0.4652782678604126 0.82518070936203 1765 0.6723661422729492 0.15792064368724823 -0.7231769561767578
1130    0  -48 38.998397 38.564130 -1.644054651260376 0.8678752183914185 2364 0.6806497573852539 0.16265790164470673 -0.7143236398696899
1131   13  -48 39.149513 38.565363 -0.8681789040565491 0.780444324016571 2391 0.6885671019554138 0.16529828310012817 -0.7060820460319519
1132   -2  -57 38.967440 38.481370 -1.1011947393417358 0.6857377290725708 2391 0.6787376403808594 0.15911558270454407 -0.7169361710548401
1133    3  -57 39.036762 38.480497 -1.3397928476333618 0.8740277886390686 22 0.6826531887054443 0.15933239459991455 -0.7131604552268982
1134   -2  -63 38.967568 38.424666 -0.6833527088165283 0.7254440784454346 49 0.6778092384338379 0.16062822937965393 -0.7174769639968872
1135    1  -62 39.020828 38.438889 -0.4353637993335724 0.49535611271858215 43 0.6816067099571228 0.15861961245536804 -0.7143192887306213
1136   10  -73 39.116364 38.340309 -2.701737642288208 0.0 19 0.6848458647727966 0.1610967516899109 -0.7106574773788452
1137   11  -71 39.136562 38.352016 -5.973676681518555 0.0 41 0.6862090826034546 0.16207875311374664 -0.7091174721717834
1138   12  -72 39.141970 38.351103 -5.671459197998047 0.2961297631263733 55 0.6865870356559753 0.16205064952373505 -0.7087579965591431
1139   12  -72 39.143574 38.344147 -4.827121734619141 0.29207277297973633 50 0.6867641806602478 0.1615748256444931 -0.7086948752403259
1140   13  -67 39.150373 38.392706 -1.432294249534607 0.28739267587661743 1725 0.6870178580284119 0.16508933901786804 -0.7076382637023926
1141  -59  -95 38.324420 38.142027 -3.0827431678771973 0.6952555179595947 2132 0.6364879608154297 0.14757698774337769 -0.7570363879203796
1142  -67  -99 38.236150 38.098881 -3.07824969291687 0.9201187491416931 2493 0.629787802696228 0.14817911386489868 -0.7625026702880859
1143  -63  -99 38.272417 38.098651 -4.615082740783691 0.7408372163772583 2254 0.6317055821418762 0.15038055181503296 -0.7604826092720032
1144  -67 -102 38.227017 38.077688 -3.287051200866699 1.4045804738998413 2554 0.6275326013565063 0.15275026857852936 -0.7634593844413757
1145  -65 -102 38.247843 38.077272 -3.616828680038452 0.8247280716896057 2656 0.629165530204773 0.15294106304645538 -0.7620759606361389
1146  -67 -103 38.226781 38.061921 -4.993365287780762 0.7917249798774719 1530 0.6275363564491272 0.1517692506313324 -0.7636519074440002
1147  -66 -103 38.247377 38.066611 -3.186530590057373 0.37826862931251526 1941 0.6289233565330505 0.15222027897834778 -0.7624200582504272
1148  -64 -102 38.263298 38.077463 -4.136492729187012 0.5682909488677979 2560 0.6300765872001648 0.15303830802440643 -0.7613033652305603
1149  -62 -102 38.282826 38.077606 -4.177794933319092 0.7814919352531433 2489 0.6313525438308716 0.15318672358989716 -0.7602156400680542
1150  -64 -103 38.264407 38.065180 -4.069081783294678 0.4045534133911133 6927 0.630070686340332 0.15225908160209656 -0.7614644765853882
1151  -63 -103 38.276989 38.067027 -3.892646074295044 0.23786260187625885 6217 0.6308894157409668 0.15246398746967316 -0.7607452273368835
1152  -62 -103 38.285636 38.067745 -4.40060567855835 0.23736320436000824 8826 0.6314713954925537 0.152573823928833 -0.7602401971817017
1153  -63 -104 38.276700 38.059459 -3.940974235534668 0.1534663438796997 4432 0.6308457851409912 0.15198209881782532 -0.7608778476715088
1154  -62 -104 38.286199 38.059731 -3.9099068641662598 0.22634971141815186 36468 0.6315123438835144 0.15207721292972565 -0.760305643081665
1155  -60  -99 38.308449 38.097501 -2.9439330101013184 0.9119076728820801 1977 0.6334653496742249 0.1527286022901535 -0.7585483193397522
1156  -58  -99 38.334322 38.105537 -2.612367630004883 0.43417888879776 2417 0.6353383660316467 0.1534913182258606 -0.7568259835243225
1157  -56  -99 38.352504 38.105989 -2.8058536052703857 0.44542384147644043 2586 0.6363083720207214 0.15464289486408234 -0.7557759284973145
1158  -58 -100 38.334185 38.092149 -2.7590060234069824 0.3537478446960449 7864 0.6347659230232239 0.15448030829429626 -0.7571050524711609
1159  -42 -105 38.517751 38.047103 -5.165238380432129 0.2921804189682007 7566 0.6464190483093262 0.15284846723079681 -0.7475156784057617
1160  -41 -104 38.526530 38.054101 -5.371340274810791 0.25226548314094543 2281 0.6469350457191467 0.15333926677703857 -0.7469686269760132
1161  -40 -104 38.535669 38.054292 -4.599654674530029 0.21879003942012787 2382 0.6475624442100525 0.15342295169830322 -0.7464075684547424
1162  -41 -105 38.526584 38.047114 -5.823672771453857 0.2461429089307785 2844 0.6469655632972717 0.15290242433547974 -0.7470317482948303
1163  -40 -105 38.535332 38.046889 -5.346729755401611 0.5562806725502014 2923 0.6474720239639282 0.15293332934379578 -0.7465865015983582
1164  -42 -106 38.513318 38.036279 -5.070261478424072 0.525452196598053 3155 0.6462757587432861 0.15216688811779022 -0.7477786540985107
1165  -41 -106 38.531488 38.036502 -6.968087673187256 0.975066065788269 2542 0.6473322510719299 0.15227435529232025 -0.7468422651290894
1166  -39 -105 38.548821 38.051517 -4.543060302734375 0.19370347261428833 2772 0.6489948630332947 0.1507645696401596 -0.7457048296928406
1167  -38 -105 38.566034 38.051054 -5.229756832122803 0.602472186088562 2946 0.6504847407341003 0.14950218796730042 -0.7446601986885071
1168  -39 -106 38.548180 38.035922 -4.4776177406311035 1.7180640697479248 3102 0.648726224899292 0.1505281627178192 -0.7459863424301147
1169  -38 -106 38.567090 38.036529 -3.8975017070770264 1.1233277320861816 3035 0.6504521369934082 0.14884193241596222 -0.7448208928108215
1170  -41 -109 38.522825 38.015183 -4.853944778442383 0.38087034225463867 3081 0.6468231678009033 0.15087810158729553 -0.7475664019584656
1171  -38 -109 38.556888 38.016611 -4.397988319396973 1.4194589853286743 3063 0.647936999797821 0.15528063476085663 -0.745698094367981
1172  -35 -106 38.593064 38.044054 -4.454911708831787 1.288009762763977 3002 0.6519903540611267 0.1503235548734665 -0.7431765794754028
1173  -32 -106 38.629631 38.043683 -4.801275730133057 0.6441170573234558 3147 0.6538806557655334 0.15292087197303772 -0.7409826517105103
1174  -35 -109 38.593484 38.015684 -3.9840524196624756 0.3947031497955322 4153 0.6496763825416565 0.15836814045906067 -0.7435321807861328
1175   -5  -74 38.940266 38.331514 -2.8287158012390137 1.637336015701294 180 0.6748380661010742 0.15973269939422607 -0.7204714417457581
1176   -4  -73 38.953975 38.336727 1.2256033420562744 0.10252532362937927 37 0.6756539940834045 0.16017508506774902 -0.7196080088615417
1177   -3  -73 38.962909 38.336628 0.6916764378547668 0.3119915723800659 47 0.6762635111808777 0.1602284014225006 -0.7190232872962952
1178   -4  -74 38.954127 38.329954 0.008830863982439041 1.7907216548919678 37 0.6756019592285156 0.1596735119819641 -0.7197682857513428
1179   -3  -74 38.962613 38.329451 0.7555778622627258 0.14756716787815094 45 0.676171600818634 0.15969373285770416 -0.7192286252975464
1180   -5  -75 38.936063 38.322606 -1.4938243627548218 0.3561088740825653 47 0.6747205853462219 0.15910550951957703 -0.7207201719284058
1181   -4  -75 38.944926 38.322688 -2.4948959350585938 0.6001940369606018 46 0.6751960515975952 0.15914076566696167 -0.7202669382095337
1182   -5  -75 38.935863 38.315465 -1.5445507764816284 0.22122228145599365 57 0.6747002005577087 0.15859006345272064 -0.7208528518676758
1183   -4  -75 38.945039 38.315581 -1.695696234703064 0.2204142063856125 49 0.6752126812934875 0.15863348543643951 -0.7203632593154907
1184   -4  -75 38.953207 38.322110 -2.4490816593170166 0.6843218803405762 178 0.6756019592285156 0.1591174304485321 -0.719891369342804
1185   -3  -75 38.962330 38.322200 -0.6639403700828552 0.9280687570571899 45 0.6760956645011902 0.15915605425834656 -0.7194191813468933
1186   -4  -75 38.953842 38.315564 -1.621045470237732 0.2008945196866989 49 0.675675094127655 0.1586596816778183 -0.7199237942695618
1187   -2  -73 38.971976 38.336593 -1.2932555675506592 0.8014190793037415 43 0.6768010854721069 0.16026738286018372 -0.7185086607933044
1188   -1  -73 38.980265 38.336578 -1.0050804615020752 0.6551798582077026 47 0.6771785616874695 0.16027793288230896 -0.7181506156921387
1189   -2  -74 38.971886 38.329713 -0.3589293658733368 0.5783250331878662 42 0.6767516136169434 0.15976183116436005 -0.7186678647994995
1190   -1  -74 38.980593 38.329648 -0.8650602698326111 0.24515631794929504 46 0.6771935820579529 0.15978069603443146 -0.7182471752166748
1191    0  -73 38.989807 38.336493 0.1278526335954666 0.11591140925884247 59 0.6777383685112 0.1603168398141861 -0.7176135182380676
1192    0  -73 38.998474 38.336684 -0.3994552493095398 0.4044698178768158 37 0.6782002449035645 0.16035820543766022 -0.7171677947044373
1193   -5  -76 38.934966 38.309614 -1.6043105125427246 0.35787665843963623 44 0.6746135354042053 0.1581578403711319 -0.7210288643836975
1194    0  -77 39.002312 38.300755 -3.2612099647521973 0.008295297622680664 46 0.6785421967506409 0.15781889855861664 -0.7174076437950134
1195    0  -78 38.998879 38.292018 -4.044990539550781 0.13016144931316376 43 0.6784486770629883 0.15720057487487793 -0.7176317572593689
1196    0  -78 38.997931 38.290202 -3.916187286376953 0.15202176570892334 43 0.6784013509750366 0.15706783533096313 -0.7177056074142456
1197  -92 -121 37.948891 37.896926 -6.163838863372803 0.6238970756530762 34 0.6083149909973145 0.13944582641124725 -0.7813499569892883
1198  -93 -122 37.941741 37.891627 -5.235830307006836 0.4561212360858917 39 0.6078884601593018 0.13908375799655914 -0.7817463874816895
1199  -91 -121 37.955751 37.898678 -7.755115509033203 0.15144038200378418 38 0.6088035702705383 0.13960693776607513 -0.780940592288971
1200  -91 -121 37.965144 37.898272 -6.921594142913818 0.5543397068977356 55 0.6094554662704468 0.13965459167957306 -0.7804234027862549
1201  -77 -116 38.118811 37.946236 -4.851261138916016 0.3203316330909729 52 0.6203420162200928 0.14381639659404755 -0.771033525466919
1202  -76 -116 38.127160 37.946298 -4.724892616271973 0.3567272126674652 54 0.6209222674369812 0.1438852995634079 -0.770553469657898
1203  -75 -115 38.136010 37.953074 -4.313069820404053 0.6543030738830566 44 0.6216187477111816 0.14439059793949127 -0.7698971033096313
1204  -75 -115 38.143896 37.952820 -5.292379379272461 0.9103797674179077 51 0.6222447156906128 0.1444535106420517 -0.7693794369697571
1205  -75 -116 38.136490 37.946429 -2.5852386951446533 2.4651565551757812 32 0.6216244101524353 0.14397747814655304 -0.7699698805809021
1206  -75 -116 38.143817 37.946486 -1.7949457168579102 1.963830828666687 43 0.6221892237663269 0.14405016601085663 -0.7694999575614929
1207  -74 -111 38.153052 37.995653 -3.602531909942627 0.2519147992134094 33 0.6225413084030151 0.14709557592868805 -0.7686386108398438
1208  -46 -106 38.473200 38.039700 -4.633968353271484 0.1270577609539032 47 0.6436952948570251 0.15211623907089233 -0.7500113248825073
1209  -45 -106 38.482206 38.039877 -4.5879082679748535 0.14529624581336975 52 0.6442660093307495 0.15218514204025269 -0.7495072484016418
1210  -46 -107 38.473241 38.032775 -4.561265468597412 0.16529537737369537 52 0.6437830328941345 0.15169915556907654 -0.7500205636024475
1211  -45 -107 38.482167 38.032782 -5.086979389190674 0.3968772888183594 732 0.6443257331848145 0.1517511010169983 -0.7495438456535339
1212  -44 -106 38.490808 38.040080 -4.650341510772705 0.13574759662151337 1533 0.6448047161102295 0.15225225687026978 -0.7490301728248596
1213  -43 -106 38.500120 38.040227 -4.834813594818115 0.33256760239601135 2418 0.6454476118087769 0.1523342728614807 -0.74845951795578
1214  -44 -107 38.491184 38.032751 -5.483370304107666 0.4428825378417969 2335 0.6448235511779785 0.15178947150707245 -0.749107837677002
1215  -43 -107 38.500125 38.032853 -4.532766342163086 0.14684121310710907 2237 0.6453913450241089 0.15185445547103882 -0.7486055493354797
1216  -48 -108 38.442284 38.021797 -5.631248474121094 1.1591014862060547 2069 0.6419544219970703 0.150838240981102 -0.7517595291137695
1217  -47 -108 38.460308 38.022061 -5.057133197784424 0.5360358357429504 2275 0.6429651379585266 0.15093956887722015 -0.7508748769760132
1218  -48 -109 38.443325 38.008063 -5.864649772644043 1.1305447816848755 2424 0.6418915390968323 0.14994825422763824 -0.7519912123680115
1219  -47 -109 38.459497 38.008398 -4.563392639160156 0.6350322961807251 2235 0.6427854895591736 0.15004229545593262 -0.751208484172821
1220  -45 -108 38.478000 38.022722 -5.150352478027344 0.7534123659133911 2547 0.644020140171051 0.1510789543390274 -0.7499420642852783
1221  -44 -108 38.495911 38.022428 -5.102484226226807 0.6691967844963074 2263 0.6451360583305359 0.15116986632347107 -0.7489640712738037
1222  -45 -110 38.478151 38.007790 -5.219079971313477 0.4687024652957916 2568 0.6439879536628723 0.1501263678073883 -0.7501610517501831
1223    3  -88 39.039692 38.199330 -5.30780029296875 1.5561957359313965 10921 0.6788087487220764 0.16228201985359192 -0.7161586880683899
1224    9  -82 39.108352 38.254901 -6.044439315795898 1.289793848991394 11320 0.6829851269721985 0.16398808360099792 -0.7117859721183777
1225   16  -82 39.184029 38.253933 -4.246257781982422 0.7179360389709473 2822 0.6868146061897278 0.16636981070041656 -0.7075356841087341
1226    9  -88 39.108438 38.199696 -4.566725254058838 0.8290672898292542 43 0.682540237903595 0.16255171597003937 -0.7125418186187744
1227   16  -88 39.182794 38.200089 -4.180511474609375 1.9852590560913086 47 0.6867465376853943 0.16288548707962036 -0.7084119319915771
1228  -30  -92 38.650507 38.167279 -2.6781177520751953 0.27681899070739746 22 0.6555606126785278 0.15810462832450867 -0.7384058833122253
1229  -29  -92 38.659591 38.167195 -2.703096389770508 0.20782889425754547 43 0.6560972332954407 0.15814152359962463 -0.7379211783409119
1230  -30  -93 38.650545 38.159928 -2.1369783878326416 0.24589037895202637 7 0.6555693745613098 0.15758636593818665 -0.7385088801383972
1231  -29  -93 38.659611 38.160195 -2.367117404937744 0.19890014827251434 29 0.6560997366905212 0.15764586627483368 -0.7380250096321106
1232  -29  -92 38.668449 38.167201 -2.706547975540161 0.0792229101061821 18 0.6565933227539062 0.15817615389823914 -0.7374724745750427
1233  -28  -92 38.677392 38.167330 -2.6705613136291504 0.11209361255168915 14 0.6570996046066284 0.15822158753871918 -0.7370115518569946
1234  -29  -93 38.668455 38.160130 -2.3646302223205566 0.10963530838489532 47 0.6565907597541809 0.1576743870973587 -0.7375821471214294
1235  -28  -93 38.677504 38.160286 -2.4771616458892822 0.09940754622220993 43 0.6570966839790344 0.1577206403017044 -0.73712158203125
1236  -30  -93 38.650942 38.153072 -1.8514609336853027 0.10995809733867645 18 0.6555930972099304 0.15710197389125824 -0.7385910153388977
1237  -29  -93 38.659651 38.153144 -2.2799341678619385 0.1151263415813446 46 0.6560813188552856 0.15714125335216522 -0.7381490468978882
1238  -27  -92 38.686303 38.167287 -2.565990924835205 0.07619930058717728 42 0.6575859189033508 0.15824998915195465 -0.7365716099739075
1239  -26  -92 38.695043 38.167152 -2.6708455085754395 0.22885654866695404 46 0.6580873131752014 0.15827831625938416 -0.7361175417900085
1240  -89 -117 37.976338 37.938000 -4.274839401245117 0.27574294805526733 34 0.6100317239761353 0.1421155035495758 -0.7795283794403076
1241  -94 -122 37.923518 37.888517 -3.9462685585021973 0.5189892053604126 41 0.6064841747283936 0.13872724771499634 -0.7828996181488037
1242  -93 -122 37.932566 37.888761 -4.128422737121582 0.7594407200813293 46 0.607232391834259 0.1388372778892517 -0.7822998762130737
1243 -103 -126 37.826334 37.859042 -5.498763084411621 0.31871092319488525 36 0.5964437127113342 0.14556436240673065 -0.7893453240394592
1244 -102 -125 37.835570 37.859437 -4.636268138885498 0.16592606902122498 43 0.5971425771713257 0.14568081498146057 -0.7887952327728271
1245 -101 -126 37.844330 37.859129 -4.599846363067627 0.16528701782226562 44 0.5979012846946716 0.1457718014717102 -0.7882034778594971
1246 -100 -125 37.853398 37.866361 -4.593254566192627 0.09159637987613678 44 0.5987063646316528 0.14632651209831238 -0.7874892354011536
1247 -100 -125 37.862113 37.866560 -4.722692012786865 0.1772179752588272 45 0.5993825793266296 0.1464271992444992 -0.7869559526443481
1248 -100 -125 37.853646 37.859510 -4.968689441680908 0.19874031841754913 42 0.5986682772636414 0.14589998126029968 -0.7875973582267761
1249 -100 -125 37.862171 37.859450 -5.10255765914917 0.11233212798833847 42 0.5992567539215088 0.1459653526544571 -0.7871375679969788
1250 -104 -126 37.808912 37.851936 -5.328987121582031 0.14540059864521027 178 0.5953885912895203 0.145033061504364 -0.790239155292511
1251 -105 -127 37.800159 37.844804 -6.056389331817627 0.2000877559185028 35 0.594759464263916 0.14452745020389557 -0.7908053398132324
1252 -104 -127 37.808957 37.844873 -5.291685581207275 0.296276330947876 50 0.5953302383422852 0.14459316432476044 -0.7903637290000916
1253 -104 -126 37.817943 37.852125 -5.220156669616699 0.09686090052127838 40 0.5959970951080322 0.14511343836784363 -0.7897655367851257
1254 -103 -126 37.826863 37.852321 -5.3610076904296875 0.21702538430690765 44 0.59651780128479 0.14517360925674438 -0.789361298084259
1255 -104 -127 37.818129 37.845076 -4.988560199737549 0.1285000592470169 159 0.5959349870681763 0.14467263221740723 -0.7898932695388794
1256 -103 -127 37.827100 37.845503 -5.044737815856934 0.17608487606048584 170 0.5965043902397156 0.14475774765014648 -0.7894477248191833
1257 -105 -128 37.799916 37.837720 -6.0013508796691895 0.3513185679912567 141 0.5946962237358093 0.14408817887306213 -0.7909330129623413
1258 -104 -128 37.809109 37.837811 -5.435204982757568 0.11516796052455902 15 0.5953131914138794 0.14416269958019257 -0.790455162525177
1259 -105 -129 37.800348 37.830676 -6.224256992340088 0.45119455456733704 23 0.5947315096855164 0.1436692178249359 -0.790982723236084
1260 -104 -129 37.808911 37.830838 -5.792323112487793 0.45627540349960327 49 0.5952680706977844 0.14373499155044556 -0.7905670404434204
1261 -103 -128 37.822622 37.834385 -5.5568742752075195 0.28535035252571106 44 0.5961658358573914 0.14404553174972534 -0.789833664894104
1262 -111 -123 37.728742 37.879358 -4.23038911819458 0.15346482396125793 46 0.5916934013366699 0.13640184700489044 -0.794539749622345
1263 -111 -123 37.737601 37.879574 -4.693849086761475 0.22141793370246887 42 0.5923134684562683 0.13648389279842377 -0.7940635681152344
1264 -111 -124 37.728338 37.872275 -4.445516109466553 0.20224572718143463 74 0.5915855765342712 0.13595831394195557 -0.7946960926055908
1265 -111 -124 37.737386 37.872493 -4.586523532867432 0.2339749038219452 5 0.592242419719696 0.13604716956615448 -0.7941915392875671
1266 -110 -123 37.746278 37.879552 -4.472560882568359 0.20382064580917358 25 0.592922568321228 0.13655126094818115 -0.7935972809791565
1267 -109 -123 37.754872 37.879524 -4.760810852050781 0.12513145804405212 37 0.5935388803482056 0.13661952316761017 -0.7931246757507324
1268 -110 -124 37.746256 37.872536 -4.679047107696533 0.1462675929069519 37 0.5928636789321899 0.13611850142478943 -0.7937155961990356
1269 -109 -124 37.755478 37.872592 -4.9739089012146 0.12082690745592117 16 0.5935259461402893 0.13619735836982727 -0.7932068705558777
1270  -56 -103 38.357091 38.067271 -3.1536643505096436 0.16051535308361053 5 0.6362597942352295 0.15308068692684174 -0.7561348080635071
1271  -79 -106 38.095918 38.041580 -2.77679181098938 0.4559561014175415 51 0.6188921332359314 0.14955565333366394 -0.7711067795753479
1272  -76 -106 38.131014 38.041277 -4.1521406173706055 0.9025033712387085 46 0.6212046146392822 0.14978943765163422 -0.769199550151825
1273 -118 -133 37.659146 37.786979 -5.4829487800598145 0.045539215207099915 7 0.5838122367858887 0.1396501213312149 -0.7997881770133972
1274 -117 -133 37.668199 37.787076 -5.61029577255249 0.11093801259994507 1 0.5845242142677307 0.13974925875663757 -0.7992506623268127
1275 -116 -133 37.676801 37.794363 -6.159733772277832 0.14919878542423248 25 0.5852165222167969 0.14027360081672668 -0.7986519932746887
1276 -115 -133 37.685690 37.794462 -6.042469024658203 0.23532545566558838 1 0.5858961939811707 0.140366330742836 -0.7981372475624084
1277 -116 -133 37.676956 37.787320 -5.933480739593506 0.18566155433654785 2 0.5852130651473999 0.1398535966873169 -0.7987281680107117
1278 -115 -133 37.685829 37.787332 -6.273849010467529 0.15274129807949066 5 0.5858936905860901 0.13994097709655762 -0.7982137203216553
1279 -118 -134 37.659136 37.779994 -5.320827007293701 0.1590002477169037 214 0.5838038325309753 0.13923464715480804 -0.799866795539856
1280 -117 -134 37.668033 37.780074 -5.424752712249756 0.1730344295501709 52 0.5844900608062744 0.1393270343542099 -0.7993493676185608
1281 -118 -135 37.659629 37.772898 -5.872012138366699 0.35184913873672485 59 0.5838286876678467 0.13881579041481018 -0.7999213933944702
1282 -117 -135 37.668256 37.772943 -5.792927265167236 0.24956287443637848 57 0.5844741463661194 0.13889877498149872 -0.7994354963302612
1283 -116 -134 37.681698 37.776632 -6.0028605461120605 0.24572420120239258 47 0.5855056047439575 0.13924886286258698 -0.7986193895339966
1284 -114 -133 37.694683 37.794559 -5.885553359985352 0.19194699823856354 50 0.5865911841392517 0.1404617428779602 -0.7976097464561462
1285 -114 -133 37.703459 37.794663 -6.189650058746338 0.20005139708518982 57 0.5872571468353271 0.14055223762989044 -0.7971035838127136
1286 -114 -133 37.694617 37.787306 -6.178652763366699 0.18949098885059357 42 0.5865315198898315 0.14001639187335968 -0.7977319359779358
1287 -114 -133 37.703691 37.787625 -5.968283176422119 0.15138576924800873 55 0.5872186422348022 0.14012230932712555 -0.7972076535224915
1288 -113 -133 37.716497 37.791302 -5.968859672546387 0.24192644655704498 52 0.5882213115692139 0.14047132432460785 -0.7964065670967102
1289 -114 -134 37.699416 37.776910 -6.1654462814331055 0.44109365344047546 47 0.5868291854858398 0.13942861557006836 -0.7976159453392029
1290 -113 -134 37.717353 37.777239 -5.506887912750244 0.37640342116355896 37 0.5882130265235901 0.13962477445602417 -0.796561598777771
1291 -111 -129 37.729574 37.822862 -5.249856948852539 0.1552029401063919 65 0.5892984867095947 0.1424991935491562 -0.7952492237091064
1292 -111 -129 37.738451 37.822881 -4.955411911010742 0.3484022319316864 47 0.5899653434753418 0.142584890127182 -0.794739305973053
1293 -111 -130 37.730198 37.816167 -4.897905349731445 0.16428013145923615 47 0.589362621307373 0.14211001992225647 -0.7952713370323181
1294 -111 -130 37.738364 37.816222 -4.789478778839111 0.16967475414276123 48 0.5899533033370972 0.14218538999557495 -0.7948197722434998
1295 -110 -129 37.747506 37.823280 -4.50725793838501 0.1842155009508133 53 0.5906845927238464 0.1427052915096283 -0.7941831946372986
1296 -109 -129 37.756149 37.823509 -4.529809951782227 0.22058145701885223 56 0.5913540720939636 0.14280563592910767 -0.7936667799949646
1297 -110 -130 37.747395 37.815983 -4.431224346160889 0.2336225062608719 71 0.5906429290771484 0.14225950837135315 -0.7942941188812256
1298 -109 -130 37.756434 37.816277 -4.205545902252197 0.16032730042934418 42 0.591367244720459 0.14237473905086517 -0.7937343120574951
1299 -111 -131 37.734510 37.805404 -5.899743556976318 0.4053131341934204 48 0.5896275043487549 0.14149411022663116 -0.7951847910881042
1300 -104 -134 37.814696 37.784903 -6.317654132843018 0.4909497797489166 20 0.5954642295837402 0.14097237586975098 -0.7909166812896729
1301 -101 -134 37.849247 37.784882 -5.874723434448242 0.752579927444458 43 0.5978925228118896 0.1412513703107834 -0.7890326976776123
1302  -96 -132 37.903849 37.799953 -5.6137237548828125 0.5105960369110107 44 0.6021561622619629 0.1427052915096283 -0.7855209708213806
1303 -102 -138 37.832832 37.742764 -6.525293827056885 0.7735454440116882 40 0.5966528654098511 0.13856838643550873 -0.7904455661773682
1304  -96 -138 37.903779 37.744508 -6.4179768562316895 0.7867003679275513 45 0.6017944812774658 0.1392693966627121 -0.7864142656326294
1305  -90 -132 37.973219 37.801150 -5.739941120147705 0.5839301943778992 160 0.6070957779884338 0.14335373044013977 -0.78159099817276
1306  -84 -132 38.044402 37.803191 -6.706705093383789 1.2560291290283203 3057 0.6120571494102478 0.1440405696630478 -0.7775849103927612
1307  -90 -138 37.974999 37.744626 -6.285778045654297 0.67054283618927 2994 0.6068496108055115 0.14022640883922577 -0.7823491096496582
1308  -84 -138 38.043172 37.743998 -6.627309799194336 0.8656651973724365 2866 0.6112384796142578 0.14247585833072662 -0.7785167098045349
1309  -43 -104 38.508347 38.053959 -5.170155048370361 0.2380136251449585 2695 0.6457980871200562 0.1532156765460968 -0.747977077960968
1310  -42 -104 38.517469 38.054177 -5.10228967666626 0.1840268075466156 2613 0.6463723182678223 0.1532878279685974 -0.7474661469459534
1311  -43 -105 38.508569 38.046949 -4.942624092102051 0.21729621291160583 46 0.6458219885826111 0.15277548134326935 -0.7480465769767761
1312  -45 -101 38.476543 38.086905 -2.692307472229004 0.2505403757095337 55 0.6442246437072754 0.1552024483680725 -0.7489237785339355
1313  -45 -100 38.482757 38.089735 -3.049962282180786 0.1857994943857193 53 0.6446232199668884 0.1554231345653534 -0.7485349774360657
1314  -44 -100 38.491747 38.095344 -4.545052528381348 0.7557560801506042 51 0.6452292799949646 0.15584838390350342 -0.7479240894317627
1315  -43 -100 38.500246 38.095673 -6.148797988891602 1.1422463655471802 52 0.6457422375679016 0.15591877698898315 -0.7474666237831116
1316  -44 -100 38.490507 38.090021 -3.0766398906707764 0.3420974612236023 51 0.6450778245925903 0.15548458695411682 -0.7481304407119751
1317  -43 -100 38.500051 38.089193 -3.972308874130249 0.40160438418388367 51 0.6456118226051331 0.15547746419906616 -0.7476711869239807
1318  -49 -101 38.438351 38.081779 -4.074064254760742 0.2473841905593872 48 0.641610860824585 0.15457753837108612 -0.7512930631637573
1319  -48 -101 38.446387 38.081782 -3.4136035442352295 0.22593609988689423 52 0.6421359181404114 0.15463711321353912 -0.7508321404457092
1320  -49 -102 38.438158 38.075110 -3.686586618423462 0.23517820239067078 46 0.6416028141975403 0.15415705740451813 -0.7513864040374756
1321  -48 -102 38.444691 38.075044 -3.2469499111175537 0.4227612614631653 50 0.6419865489006042 0.15418894588947296 -0.7510519623756409
1322  -47 -101 38.454751 38.081899 -3.281933546066284 0.25476396083831787 47 0.6427760124206543 0.154726043343544 -0.750265896320343
1323  -46 -101 38.464780 38.080158 -4.002926349639893 0.4473680853843689 44 0.6434870362281799 0.15469905734062195 -0.7496616840362549
1324  -47 -102 38.455975 38.074955 -3.525007724761963 0.3562498092651367 53 0.6429157853126526 0.15431013703346252 -0.7502318024635315
1325  -47 -102 38.463268 38.075465 -4.136992454528809 0.35754385590553284 45 0.6433385014533997 0.15437857806682587 -0.7498552203178406
1326  -46 -101 38.472726 38.081605 -4.037876129150391 0.5485184788703918 47 0.643936038017273 0.15482985973358154 -0.7492490410804749
1327  -45 -101 38.481255 38.082268 -3.267789840698242 0.32351744174957275 50 0.6444604992866516 0.15492330491542816 -0.7487786412239075
1328 -213  163 36.486703 40.442549 -0.8352017998695374 0.4345687925815582 46 0.5416938662528992 0.13062290847301483 -0.8303646445274353
1329 -202  180 36.603888 40.602400 -3.442392587661743 0.7686307430267334 45 0.5537278056144714 0.13186243176460266 -0.8221908807754517
1330 -202  174 36.604799 40.543926 -2.467092752456665 0.5863422751426697 40 0.5522248148918152 0.13492967188358307 -0.8227039575576782
1331 -196  173 36.682423 40.538101 -2.2849056720733643 0.6526630520820618 49 0.557526707649231 0.13818395137786865 -0.8185775876045227
1332 -190  173 36.754032 40.541110 -2.708012580871582 0.9928907752037048 45 0.5628873705863953 0.1394227296113968 -0.8146896362304688
1333 -199  163 36.650721 40.448407 -1.0471605062484741 0.6500483155250549 48 0.5546344518661499 0.13260778784751892 -0.8214595913887024
1334  -50  -85 38.424037 38.230565 -2.441757917404175 0.7496113777160645 46 0.6430772542953491 0.15385253727436066 -0.750187337398529
1335  -40  -82 38.540301 38.256362 -1.82709538936615 0.651987612247467 48 0.6511244773864746 0.15273089706897736 -0.7434448599815369
1336  -34  -82 38.609823 38.254882 -1.9807536602020264 0.7133371829986572 54 0.6556569933891296 0.15284141898155212 -0.7394278049468994
1337  -40  -89 38.542559 38.195915 -2.5930702686309814 0.8846905827522278 47 0.6501944661140442 0.15385907888412476 -0.7440259456634521
1338  -35  -87 38.592711 38.212597 -1.9518293142318726 0.47916582226753235 53 0.6541372537612915 0.15185633301734924 -0.7409751415252686
1339  -95 -150 37.922096 37.636274 -7.184292316436768 0.852411150932312 35 0.600655198097229 0.14199556410312653 -0.7867977619171143
1340 -144  192 37.285158 40.721848 -9.056206703186035 1.0538710355758667 45 0.6042311191558838 0.1464715152978897 -0.7832310795783997
1341 -109  193 37.709084 40.734856 -9.460628509521484 1.0517935752868652 59 0.6316931843757629 0.15300315618515015 -0.7599695920944214
1342  -74  -73 38.151887 38.332181 -2.61430025100708 0.6366226673126221 683 0.626980185508728 0.14820162951946259 -0.7648085355758667
1343  -62  -73 38.287421 38.338471 -2.0651822090148926 0.5455209016799927 654 0.6360392570495605 0.14958791434764862 -0.7570188045501709
1344  -74  -85 38.148408 38.224838 -2.6375339031219482 0.6330910921096802 154 0.625215470790863 0.1491519957780838 -0.7660674452781677
1345  -62  -85 38.288039 38.224438 -2.7228689193725586 0.875195324420929 111 0.634251594543457 0.15177375078201294 -0.758082926273346
1346  -43  167 38.490799 40.507862 -7.720830917358398 0.8991485834121704 197 0.675114095211029 0.16260501742362976 -0.7195696830749512
1347 -124  176 37.525769 40.580961 -8.9857759475708 1.2425808906555176 167 0.6183879971504211 0.14894776046276093 -0.771628737449646
1348 -112  175 37.671110 40.577228 -8.417927742004395 1.0050934553146362 28847 0.6274130940437317 0.1517615169286728 -0.7637547254562378
1349 -127  167 37.491350 40.495898 -6.976478099822998 0.9664029479026794 2329 0.6144744753837585 0.14973564445972443 -0.7745969295501709
1350 -121  167 37.565871 40.498217 -6.8021392822265625 0.7153849005699158 9879 0.6195402145385742 0.1504957526922226 -0.7704031467437744
1351 -127  161 37.494029 40.445415 -5.873679161071777 0.5941720604896545 195274 0.6146525740623474 0.14664290845394135 -0.7750471830368042
1352 -121  161 37.565963 40.445246 -6.347720146179199 0.6565381288528442 716532 0.6196027994155884 0.14722560346126556 -0.770984411239624
1353  -52  142 38.379325 40.280321 -6.02506160736084 1.6839649677276611 175129 0.6664603352546692 0.1586177945137024 -0.7284716963768005
1354  -46  142 38.448975 40.279758 -8.65170955657959 4.078325271606445 46 0.6703469753265381 0.1588779091835022 -0.7248397469520569
1355  -52  136 38.380291 40.224952 -5.72524356842041 2.2895123958587646 41 0.6654342412948608 0.15934552252292633 -0.7292505502700806
1356  -46  136 38.451703 40.225125 -6.460907936096191 2.114041805267334 44 0.6691597700119019 0.1616358906030655 -0.7253267765045166
1357  -37  139 38.562564 40.252955 -6.098280429840088 1.3699067831039429 151 0.6760463118553162 0.16232962906360626 -0.7187562584877014
1358   27 -127 39.309029 37.854799 -4.682855129241943 0.6974791288375854 134 0.690102756023407 0.16172873973846436 -0.7054091691970825
1359   22  -23 39.259587 38.784129 -1.1126177310943604 0.6414381861686707 154 0.6968522667884827 0.16650298237800598 -0.6976200342178345
1360   23  -35 39.272647 38.677401 -0.963293731212616 0.537817656993866 87 0.6970730423927307 0.16380015015602112 -0.6980392336845398
1361  -34  -93 38.606269 38.153061 -2.6610453128814697 0.28300192952156067 134 0.6529233455657959 0.15688806772232056 -0.7409974932670593
1362  -35  -94 38.597473 38.145841 -2.238529920578003 0.1853906512260437 100 0.6522319912910461 0.15629617869853973 -0.7417310476303101
1363  -34  -94 38.606288 38.145891 -2.4313466548919678 0.15235495567321777 46 0.6528854370117188 0.15637321770191193 -0.7411397099494934
1364  -33  -92 38.619069 38.163547 -2.2819790840148926 0.2420813888311386 46 0.6537015438079834 0.15769384801387787 -0.7401397824287415
1365  -32  -92 38.632722 38.166841 -2.286043643951416 0.06648139655590057 42 0.6545443534851074 0.15799961984157562 -0.7393292784690857
1366  -31  -92 38.641597 38.167190 -2.665576457977295 0.19047075510025024 42 0.6550577282905579 0.15806306898593903 -0.7388609647750854
1367  -32  -93 38.633190 38.160157 -2.1940388679504395 0.12627369165420532 142 0.6545442342758179 0.15752245485782623 -0.7394312620162964
1368  -31  -93 38.642243 38.160164 -2.42915940284729 0.2802962362766266 186 0.6550860404968262 0.15756595134735107 -0.73894202709198
1369  -33  -93 38.614748 38.153172 -3.0725269317626953 0.2318027764558792 177 0.6534352898597717 0.15693701803684235 -0.7405356168746948
1370  -32  -93 38.623956 38.152893 -3.007769823074341 0.5597066283226013 650 0.6539415121078491 0.15695078670978546 -0.7400857210159302
1371  -33  -94 38.615339 38.146081 -2.9967780113220215 0.3272692561149597 42 0.6534957885742188 0.15644502639770508 -0.7405864596366882
1372  -32  -94 38.624424 38.145885 -3.4002091884613037 0.39136719703674316 39 0.6539959907531738 0.15646329522132874 -0.7401409149169922
1373  -32  -93 38.633372 38.153229 -2.3557872772216797 0.21611429750919342 53 0.6545435190200806 0.1570294201374054 -0.7395367622375488
1374  -31  -93 38.641988 38.152916 -1.9152039289474487 0.19403542578220367 50 0.6550635695457458 0.15705062448978424 -0.7390716075897217
1375   21  -61 39.248772 38.441942 -0.30737584829330444 0.22029927372932434 47 0.6920375227928162 0.16895106434822083 -0.7018116116523743
1376   19  -62 39.222195 38.434822 -0.6747161149978638 0.2774990200996399 59 0.6906375288963318 0.1683441698551178 -0.7033349871635437
1377   20  -62 39.231040 38.434984 -0.4263027608394623 0.23253977298736572 51 0.6911105513572693 0.16838739812374115 -0.7028598189353943
1378   19  -63 39.222191 38.427944 -1.2167073488235474 0.1547963172197342 52 0.6907021999359131 0.16785912215709686 -0.7033873796463013
1379   20  -63 39.230973 38.427778 -0.7942175269126892 0.25325265526771545 48 0.6911215782165527 0.1678657978773117 -0.7029737234115601
1380   20  -62 39.240068 38.434971 -0.6117497086524963 0.1712488979101181 46 0.6915890574455261 0.16841736435890198 -0.7023817300796509
1381   21  -62 39.248769 38.434984 -0.49881935119628906 0.1917480081319809 35 0.6920268535614014 0.16844238340854645 -0.7019444108009338
1382   22  -61 39.257982 38.449046 -0.3576964735984802 0.2735472619533539 44 0.6925119161605835 0.1694968044757843 -0.7012118697166443
1383   23  -61 39.267031 38.449090 -1.103327751159668 0.4562861919403076 47 0.6929749846458435 0.16952575743198395 -0.7007471919059753
1384   22  -61 39.257498 38.441875 -0.8336114287376404 0.2975705862045288 52 0.6924781799316406 0.16897033154964447 -0.7013722658157349
1385   23  -61 39.266236 38.442526 -0.6301749348640442 0.2316904366016388 51 0.692939281463623 0.16904711723327637 -0.7008981704711914
1386   24  -61 39.275595 38.448755 -1.287622332572937 0.33963915705680847 34 0.6933829188346863 0.16952113807201385 -0.7003447413444519
1387   24  -61 39.284409 38.449212 -0.6250272393226624 0.15485134720802307 39 0.6938462257385254 0.16958244144916534 -0.6998708844184875
1388   21  -66 39.248553 38.399631 -2.622563600540161 0.2262880504131317 45 0.6925173401832581 0.16599251329898834 -0.7020442485809326
1389   24  -65 39.283039 38.413619 -4.6575798988342285 0.2556867301464081 51 0.694270670413971 0.16710704565048218 -0.7000453472137451
1390   23  -65 39.266726 38.406759 -3.5994930267333984 0.3719772398471832 46 0.6934861540794373 0.16657371819019318 -0.700949490070343
1391   22  -66 39.257497 38.399876 -3.1249032020568848 0.37455204129219055 56 0.6930537819862366 0.16605527698993683 -0.7014999389648438
1392   23  -66 39.266746 38.400478 -3.5028955936431885 0.4531247913837433 42 0.6935467720031738 0.1661316156387329 -0.7009944319725037
1393   24  -65 39.275295 38.406658 -4.777141571044922 0.3234982490539551 49 0.6939583420753479 0.16659949719905853 -0.7004758715629578
1394   24  -65 39.283483 38.407308 -4.927860736846924 0.22562910616397858 47 0.694381058216095 0.166672021150589 -0.7000395655632019
1395  -32  -97 38.633144 38.117933 -7.865311145782471 1.0835716724395752 46 0.6547238230705261 0.15457911789417267 -0.7398932576179504
1396  -31  -97 38.641688 38.117315 -5.954263210296631 1.0979646444320679 48 0.6552842259407043 0.15458643436431885 -0.7393954396247864
1397  -42  -98 38.509927 38.110877 -4.611831188201904 0.7668074369430542 34 0.6462101340293884 0.15691249072551727 -0.7468540072441101
1398  -42  -98 38.516713 38.111367 -3.045215368270874 0.3520112633705139 39 0.646582841873169 0.15697456896305084 -0.7465183138847351
1399  -43  -99 38.509537 38.102702 -4.567147254943848 0.8831319212913513 54 0.6462405323982239 0.15640310943126678 -0.7469345331192017
1400  -42  -99 38.516786 38.102241 -3.1523163318634033 0.33331161737442017 52 0.6467100977897644 0.15642611682415009 -0.7465232014656067
1401  -41  -98 38.526345 38.110607 -2.4647862911224365 0.32640984654426575 58 0.6472378373146057 0.15700224041938782 -0.7459447383880615
1402  -17  -83 38.802273 38.252081 0.13396507501602173 0.17291855812072754 53 0.6670671105384827 0.15351217985153198 -0.7290099263191223
1403  -18  -83 38.793032 38.245067 -0.8467501997947693 0.16376087069511414 138 0.6665028929710388 0.15296700596809387 -0.7296403050422668
1404  -17  -83 38.802089 38.244915 -0.7541562914848328 0.3966006338596344 168 0.6670058369636536 0.15298856794834137 -0.7291760444641113
1405  -16  -82 38.811318 38.252228 -0.28046849370002747 0.35908570885658264 183 0.66761714220047 0.15356695652008057 -0.7284947633743286
1406  -15  -83 38.819954 38.252073 -0.574307918548584 0.21330825984477997 236 0.6680951714515686 0.1535857617855072 -0.7280523777008057
1407  -16  -83 38.810734 38.244864 0.007932537235319614 0.21496808528900146 149 0.6675174236297607 0.1530245989561081 -0.7287002205848694
1408  -15  -83 38.819866 38.245088 -0.23233936727046967 0.13348647952079773 137 0.6680691838264465 0.1530837118625641 -0.7281819581985474
1409  -18  -84 38.793446 38.238040 -0.48484286665916443 0.11936252564191818 167 0.6665533185005188 0.1524747908115387 -0.7296973466873169
1410  -17  -84 38.802075 38.237808 -0.7532966732978821 0.14916905760765076 91 0.6670107245445251 0.15248394012451172 -0.7292772531509399
1411  -18  -85 38.793119 38.230767 -0.2303372025489807 0.11316727101802826 41 0.6653304696083069 0.15685315430164337 -0.7298851609230042
1412  -14  -83 38.828809 38.252017 -0.3196443021297455 0.12781457602977753 52 0.6685905456542969 0.15361560881137848 -0.7275911569595337
1413  -11  -79 38.864468 38.280239 -1.1211957931518555 0.1761365830898285 43 0.6706292033195496 0.15577533841133118 -0.725252091884613
1414  -11  -79 38.872605 38.280441 -0.9992595314979553 0.16035866737365723 182 0.6710596680641174 0.15581457316875458 -0.724845290184021
1415  -11  -80 38.864649 38.273229 -1.247426152229309 0.2341163009405136 193 0.6705935597419739 0.15526318550109863 -0.7253947854042053
1416   -7  -82 38.908709 38.258643 -2.4734678268432617 0.09940838813781738 691 0.6733602285385132 0.15445663034915924 -0.7230001091957092
1417   -6  -81 38.926640 38.265796 -2.78765606880188 0.16235996782779694 723 0.6744034290313721 0.1550445556640625 -0.7219010591506958
1418   -7  -82 38.917959 38.259130 -2.129157781600952 0.09128648042678833 183 0.6739449501037598 0.15454117953777313 -0.7224370241165161
1419   -6  -82 38.927011 38.259508 -2.4106597900390625 0.19688333570957184 182 0.6745069026947021 0.1546141505241394 -0.7218967080116272
1420  -99  -98 37.862122 38.109863 -3.5697360038757324 0.7483094334602356 181 0.6044306755065918 0.14200466871261597 -0.7838994264602661
1421  -87  -98 38.006844 38.111496 -2.788972854614258 0.7436603307723999 133 0.6147015690803528 0.14418189227581024 -0.775469958782196
1422 -102 -107 37.828599 38.024828 -3.3504765033721924 0.5278186202049255 757 0.6001047492027283 0.1438244730234146 -0.7868854999542236
1423  -96 -107 37.899581 38.025108 -3.2596611976623535 0.7639198303222656 692 0.6048561930656433 0.1460753083229065 -0.7828224301338196
1424 -102 -113 37.829054 37.967292 -3.4662795066833496 0.9666661024093628 735 0.599747359752655 0.14272256195545197 -0.7873585224151611
1425  -98 -112 37.883463 37.983199 -4.264524936676025 0.9709635376930237 2953 0.6037999391555786 0.14418627321720123 -0.7839871644973755
1426  -95 -112 37.917494 37.983290 -4.4838995933532715 0.500282883644104 29 0.6060344576835632 0.14443212747573853 -0.7822158336639404
1427  -98 -115 37.881988 37.954651 -3.585782527923584 0.26668715476989746 23 0.6034303307533264 0.1423790156841278 -0.7846018671989441
1428  -95 -114 37.909342 37.962107 -4.0732102394104 0.2043675184249878 10 0.6055296063423157 0.14309480786323547 -0.7828523516654968
1429  -94 -114 37.926505 37.962225 -3.966843605041504 0.45905542373657227 5 0.606683075428009 0.1432279795408249 -0.781934380531311
1430  -95 -116 37.909487 37.947974 -3.863365411758423 0.14281505346298218 3 0.6053329110145569 0.1421884447336197 -0.7831695675849915
1431  -94 -116 37.927465 37.948075 -3.894709348678589 0.3169344961643219 15 0.6065961122512817 0.14233875274658203 -0.7821642160415649
1432  -90 -107 37.971522 38.026512 -3.3063905239105225 0.8429871797561646 5 0.6099005341529846 0.14753256738185883 -0.7786241173744202
1433  -85 -106 38.024679 38.040856 -2.5978527069091797 0.35714876651763916 7 0.6139044165611267 0.14892223477363586 -0.7752054929733276
1434  -82 -106 38.059021 38.040248 -2.991182565689087 0.6262223124504089 3 0.6162962913513184 0.14916537702083588 -0.77325838804245
1435  -85 -109 38.023933 38.011751 -3.062182664871216 0.2909448742866516 4 0.6135756373405457 0.14706045389175415 -0.7758210301399231
1436  -82 -109 38.060550 38.013008 -3.4304580688476562 0.6259034276008606 21 0.6161994338035583 0.1474507600069046 -0.7736643552780151
1437  -91 -112 37.953490 37.981673 -4.193448066711426 0.5076504349708557 22 0.6085280776023865 0.14461946487426758 -0.7802427411079407
1438  -88 -112 37.989707 37.983656 -4.212526798248291 0.5727415680885315 24 0.6111229658126831 0.1450471729040146 -0.778132438659668
1439  -92 -114 37.944858 37.962270 -3.929006814956665 0.3652597665786743 18 0.6079663038253784 0.14337755739688873 -0.7809096574783325
1440  -91 -114 37.962589 37.962707 -4.096510887145996 0.20440897345542908 30 0.6092037558555603 0.14354529976844788 -0.7799137830734253
1441  -92 -116 37.945253 37.948410 -4.038177490234375 0.38626906275749207 36 0.6078397631645203 0.14250019192695618 -0.7811686992645264
1442  -91 -115 37.958417 37.951900 -3.9217190742492676 0.22556202113628387 49 0.608788251876831 0.14282383024692535 -0.7803705930709839
1443  -58 -107 38.331807 38.032569 -4.923926830291748 0.6152557730674744 14 0.6348863840103149 0.15079008042812347 -0.7577477097511292
1444  -58 -107 38.339310 38.031615 -5.585105895996094 0.26430603861808777 22 0.6353030800819397 0.15076479315757751 -0.7574034333229065
1445  -57 -106 38.349220 38.040011 -4.715823173522949 0.2968321442604065 5 0.6357213854789734 0.15130676329135895 -0.7569442987442017
1446  -56 -106 38.357786 38.039253 -4.976868152618408 0.23275992274284363 10 0.6362622380256653 0.1513136923313141 -0.7564883232116699
1447  -57 -107 38.347508 38.032254 -5.243985652923584 0.742588996887207 39 0.6357161402702332 0.15083172917366028 -0.7570434212684631
1448  -56 -107 38.358307 38.032977 -4.241781711578369 0.2158762365579605 37 0.6363396048545837 0.1509333699941635 -0.7564992308616638
1449  -61 -107 38.305018 38.025219 -3.423611640930176 0.3331623375415802 40 0.6331135630607605 0.1501396745443344 -0.7593585252761841
1450  -61 -108 38.294958 38.017603 -3.9623396396636963 0.31370389461517334 40 0.6324367523193359 0.14958876371383667 -0.7600309252738953
1451  -61 -108 38.303680 38.017566 -3.6725997924804688 0.6082980632781982 42 0.6331120729446411 0.14967221021652222 -0.7594519853591919
1452  -60 -107 38.312993 38.025242 -3.657536745071411 0.40556538105010986 38 0.633699893951416 0.1502116173505783 -0.7588550448417664
1453  -59 -108 38.321744 38.024484 -4.025413513183594 0.7172739505767822 42 0.6343448162078857 0.1502417027950287 -0.7583100199699402
1454  -60 -108 38.312317 38.019307 -4.118717193603516 0.30081063508987427 40 0.6337605118751526 0.14986035227775574 -0.7588738799095154
1455  -59 -108 38.321632 38.019373 -4.538314342498779 0.6481063365936279 44 0.6343890428543091 0.14993317425251007 -0.7583341598510742
1456  -61 -110 38.300569 38.006977 -4.321685314178467 0.5861939787864685 45 0.6328896284103394 0.14898249506950378 -0.7597729563713074
1457  -59 -110 38.318371 38.004262 -4.355875492095947 0.4677432179450989 43 0.6340414881706238 0.14893238246440887 -0.7588217854499817
1458  -58 -107 38.333006 38.026643 -4.571855068206787 1.0375754833221436 51 0.6351043581962585 0.1504603624343872 -0.7576305866241455
1459  -57 -107 38.340949 38.025978 -5.94212007522583 0.49885082244873047 39 0.6355111598968506 0.15044528245925903 -0.7572924494743347
1460  -58 -108 38.329281 38.019437 -5.058033466339111 1.0856093168258667 33 0.6349176168441772 0.1499956250190735 -0.7578792572021484
1461  -57 -108 38.339547 38.018207 -5.30260705947876 1.264988899230957 39 0.635506272315979 0.14996980130672455 -0.7573908567428589
1462  -56 -108 38.352631 38.021480 -6.055019378662109 1.592527985572815 39 0.6361285448074341 0.15021005272865295 -0.7568206191062927
1463  -58 -110 38.336991 38.004278 -5.295774936676025 0.4502332806587219 41 0.6352121829986572 0.14904871582984924 -0.7578192949295044
1464  -56 -110 38.352836 38.006596 -6.9707865715026855 1.662288784980774 56 0.6361048817634583 0.1492684930562973 -0.7570267915725708
1465  -77  -95 38.111882 38.139111 -2.9627432823181152 0.6462854146957397 37 0.6222824454307556 0.14587350189685822 -0.7690809369087219
1466  -71  -95 38.182764 38.140433 -3.085599422454834 0.8156669735908508 40 0.627152681350708 0.1464962363243103 -0.7649956941604614
1467  -77 -101 38.111547 38.083209 -2.8880207538604736 0.5486357808113098 697 0.6213057041168213 0.14660601317882538 -0.7697310447692871
1468  -73  -99 38.165342 38.097476 -3.571561336517334 0.7917168140411377 656 0.625690758228302 0.14472797513008118 -0.7665277719497681
1469  -70  -99 38.201804 38.098213 -4.056253910064697 0.7235846519470215 702 0.6277499794960022 0.14659275114536285 -0.7644871473312378
1470  -73 -102 38.166834 38.070212 -3.649068832397461 0.8039849400520325 150 0.6237499713897705 0.1518903225660324 -0.7667237520217896
1471  -69 -102 38.202303 38.070202 -4.249532222747803 0.9235911965370178 170 0.6259594559669495 0.15211673080921173 -0.7648760080337524
1472  -65  -95 38.254698 38.141558 -3.4169764518737793 0.9567533135414124 176 0.6320013999938965 0.14709073305130005 -0.760880172252655
1473   27  -64 39.311981 38.419066 -4.462094783782959 0.35517919063568115 48 0.6957858204841614 0.16759774088859558 -0.698421835899353
1474   28  -64 39.320679 38.421079 -5.490810871124268 0.5899959206581116 42 0.6962114572525024 0.1677657514810562 -0.6979571580886841
1475   27  -65 39.311807 38.413644 -4.230041980743408 0.18419581651687622 42 0.6958566308021545 0.16722078621387482 -0.6984416246414185
1476   27  -65 39.319044 38.412831 -4.646831035614014 0.39974263310432434 48 0.6963056921958923 0.16720175743103027 -0.6979985237121582
1477   25  -65 39.292492 38.406527 -4.826338291168213 0.2555850148200989 171 0.6948696970939636 0.16664797067642212 -0.699560284614563
1478   26  -65 39.301534 38.405521 -4.6235857009887695 0.36679479479789734 176 0.6953707337379456 0.1666097342967987 -0.6990713477134705
1479   25  -66 39.293145 38.399658 -4.4545440673828125 0.6911875009536743 190 0.6949291825294495 0.1661568135023117 -0.6996180415153503
1480   26  -66 39.303198 38.399198 -4.027764797210693 0.2100343555212021 46 0.6955804228782654 0.16618354618549347 -0.6989642381668091
1481   27  -66 39.316952 38.403492 -3.640730381011963 0.46828529238700867 47 0.6963049173355103 0.16654185950756073 -0.698157012462616
1482   29  -64 39.334841 38.416682 -3.999387264251709 0.7915947437286377 64 0.6971652507781982 0.16754332184791565 -0.6970580220222473
1483   30  -64 39.351740 38.416777 -4.818824291229248 0.3782629370689392 40 0.698030412197113 0.1675996482372284 -0.6961780190467834
1484   29  -66 39.334287 38.403128 -4.4768524169921875 0.44646430015563965 59 0.6972600817680359 0.1665826439857483 -0.6971933245658875
1485   30  -66 39.351172 38.402839 -4.508655548095703 0.5369871258735657 42 0.6979958415031433 0.16657964885234833 -0.6964575052261353
1486   31  -54 39.364061 38.504763 0.36265596747398376 0.21305634081363678 56 0.7006413340568542 0.1623079925775528 -0.6948077082633972
1487   31  -55 39.364267 38.497652 0.013418572954833508 0.5039516091346741 44 0.7006553411483765 0.16179101169109344 -0.6949142217636108
1488   31  -56 39.364114 38.492899 0.0759020447731018 0.2057347148656845 60 0.7006325721740723 0.16144080460071564 -0.6950185894966125
1489 -122 -137 37.615606 37.751173 -5.669577598571777 0.13603249192237854 45 0.5804958939552307 0.13711689412593842 -0.8026353120803833
1490 -122 -138 37.608115 37.744503 -5.244894981384277 0.07931246608495712 52 0.5798896551132202 0.1366436928510666 -0.8031541109085083
1491 -122 -138 37.615695 37.744340 -5.364624500274658 0.12152621150016785 71 0.5805051326751709 0.1367156207561493 -0.8026971220970154
1492 -120 -136 37.633097 37.765705 -6.586795330047607 0.7190331220626831 32 0.5818093419075012 0.13813666999340057 -0.8015087246894836
1493 -121 -136 37.624163 37.758490 -6.242266654968262 0.5106728076934814 63 0.581170916557312 0.1376352161169052 -0.8020579218864441
1494 -120 -136 37.632888 37.758701 -6.87640380859375 0.4781952202320099 46 0.5817903280258179 0.13771988451480865 -0.8015942573547363
1495 -119 -136 37.641912 37.765852 -4.993690490722656 0.18929626047611237 56 0.5824870467185974 0.13823190331459045 -0.8009998798370361
1496 -118 -136 37.650561 37.765782 -6.050060272216797 0.7047934532165527 54 0.5831596255302429 0.1383131444454193 -0.8004963397979736
1497 -119 -136 37.642030 37.758652 -5.211806774139404 0.44053173065185547 3066 0.5824914574623108 0.13780611753463745 -0.8010700941085815
1498 -118 -136 37.651111 37.758787 -5.001509666442871 0.25015172362327576 2946 0.583209216594696 0.13790658116340637 -0.8005303144454956
1499 -121 -137 37.624692 37.751457 -5.902813911437988 0.3304545283317566 3226 0.581210732460022 0.1372254341840744 -0.802099347114563
1500 -120 -137 37.633202 37.751671 -6.917203426361084 0.3715059161186218 2989 0.5818269848823547 0.1373106837272644 -0.8016377687454224
1501 -121 -138 37.624444 37.744386 -5.529675483703613 0.14569289982318878 7822 0.5811912417411804 0.1368061900138855 -0.80218505859375
1502 -120 -138 37.633248 37.744424 -6.220158576965332 0.46496695280075073 7568 0.5818721055984497 0.13689374923706055 -0.8016763925552368
1503 -119 -138 37.646740 37.748145 -5.39177131652832 0.6053779125213623 11218 0.5828974843025208 0.13724079728126526 -0.800871729850769
1504 -122 -139 37.609499 37.737664 -5.333340644836426 0.0819205641746521 1701 0.5799901485443115 0.13625316321849823 -0.8031479120254517
1505  -33  -98 38.615660 38.110595 -6.5469794273376465 0.3536950647830963 3145 0.653732180595398 0.15399104356765747 -0.7408920526504517
1506  -32  -98 38.624477 38.110761 -5.905421257019043 0.303209125995636 2880 0.6542823314666748 0.15404893457889557 -0.740394115447998
1507  -33  -99 38.615360 38.103656 -5.906199932098389 0.30622032284736633 2944 0.6537489295005798 0.15350770950317383 -0.7409775853157043
1508  -32  -99 38.625286 38.103807 -5.932803153991699 0.20913895964622498 3199 0.6542955040931702 0.1535530984401703 -0.7404855489730835
1509  -32  -98 38.633638 38.110541 -5.497072219848633 0.23397377133369446 2882 0.6548066735267639 0.154070645570755 -0.7399260401725769
1510  -31  -98 38.642008 38.110837 -5.454796314239502 0.4787258803844452 2740 0.6552929282188416 0.15412764251232147 -0.7394835352897644
1511  -32  -99 38.633202 38.104030 -5.538199424743652 0.28506219387054443 3256 0.6547561883926392 0.15360313653945923 -0.7400678992271423
1512  -31  -99 38.642347 38.104334 -5.878664016723633 0.45040515065193176 3065 0.6553214192390442 0.15367141366004944 -0.7395532131195068
1513  -68   95 38.198910 39.855136 1.4624969959259033 0.9131116271018982 8204 0.6505573987960815 0.15619723498821259 -0.7432210445404053
1514 -112  126 37.681147 40.134171 -0.09643938392400742 0.6128102540969849 2884 0.6223419904708862 0.14841234683990479 -0.7685468196868896
1515 -124  113 37.537668 40.017161 0.6941600441932678 0.5147959589958191 838 0.6107569336891174 0.1478392779827118 -0.7778942584991455
1516 -112  114 37.684988 40.019525 0.7119695544242859 0.6032244563102722 2784 0.6203996539115906 0.15057902038097382 -0.7696949243545532
1517 -102  129 37.792749 40.163540 -0.3000011742115021 0.49746066331863403 2560 0.6297895908355713 0.15109966695308685 -0.7619277834892273
1518  -96  130 37.865848 40.165376 -0.6540281772613525 0.502770185470581 2614 0.6344829201698303 0.1517367660999298 -0.7578967213630676
1519 -102  123 37.793884 40.107366 -0.030417758971452713 0.5497269630432129 2942 0.6295902132987976 0.1486276388168335 -0.762578547000885
1520  -96  123 37.865483 40.108195 -0.025891561061143875 0.4933554530143738 395 0.6340190768241882 0.1508592665195465 -0.7584598064422607
1521  -90  123 37.941025 40.109182 0.21550628542900085 0.4440692961215973 685 0.6386752724647522 0.15301275253295898 -0.7541094422340393
1522  -84  123 38.012213 40.108728 0.023962177336215973 1.1214938163757324 755 0.6424713730812073 0.15522991120815277 -0.7504227161407471
1523  -99  114 37.829635 40.021309 0.937780499458313 0.5736201405525208 730 0.6299296021461487 0.15241394937038422 -0.7615501880645752
1524 -190  167 36.754447 40.486361 -1.3228919506072998 0.7566856741905212 817 0.5626963376998901 0.13610044121742249 -0.8153830170631409
1525 -190  161 36.756827 40.430277 -0.7445061206817627 0.7062987089157104 673 0.5626630187034607 0.13234934210777283 -0.8160232305526733
1526 -184  161 36.830339 40.430312 -0.6399956941604614 0.49267035722732544 744 0.5680950880050659 0.13406512141227722 -0.8119694590568542
1527 -193  261 36.692927 41.329540 -12.557085990905762 1.6869624853134155 197 0.5721864700317383 0.13923974335193634 -0.8082171082496643
1528 -219  244 36.387461 41.172865 -9.510530471801758 1.0698314905166626 195 0.5469782948493958 0.1327725052833557 -0.8265508413314819
1529 -186  230 36.777953 41.054377 -10.298151016235352 1.1240562200546265 193 0.5732980966567993 0.1415310949087143 -0.8070304989814758
1530 -199  214 36.631572 40.908344 -8.688737869262695 0.8351964950561523 230 0.5608615279197693 0.1352541446685791 -0.8167867660522461
1531 -187  213 36.771389 40.897791 -9.23792839050293 0.8766402006149292 786 0.5707933306694031 0.13919474184513092 -0.809209406375885
1532 -243  269 36.083325 41.394354 -8.447556495666504 1.22677481174469 201 0.5272238850593567 0.12909699976444244 -0.8398624658584595
1533 -270  252 35.779892 41.228973 -7.498023509979248 0.582997739315033 200 0.4991782009601593 0.12303612381219864 -0.8577198386192322
1534 -262  251 35.868488 41.221801 -7.36502742767334 0.6619107127189636 172 0.5066701173782349 0.12364376336336136 -0.8532277941703796
1535  -85 -124 38.027291 37.870162 -5.580628395080566 1.5714863538742065 178 0.6113405823707581 0.14811702072620392 -0.7773828506469727
1536  -82 -124 38.062011 37.872341 -5.611021041870117 0.8524764776229858 730 0.613589882850647 0.14849142730236053 -0.7755371332168579
1537  -85 -127 38.026503 37.843198 -5.908594608306885 0.5663807988166809 684 0.6110158562660217 0.14639334380626678 -0.7779643535614014
1538  -82 -127 38.060657 37.843765 -6.0419535636901855 1.1041423082351685 766 0.6132660508155823 0.14667174220085144 -0.7761393189430237
1539 -104 -131 37.814740 37.813688 -6.2322211265563965 0.5516207814216614 642 0.5955678820610046 0.14272542297840118 -0.7905241250991821
1540 -101 -131 37.848765 37.812670 -5.2973713874816895 0.49358418583869934 829 0.598037600517273 0.142964169383049 -0.7886141538619995
1541 -109 -131 37.751899 37.805731 -5.4753007888793945 0.3109625279903412 2847 0.5909652709960938 0.14168590307235718 -0.7941569089889526
1542 -108 -130 37.769738 37.819863 -4.209595680236816 0.2952788472175598 2831 0.5924072861671448 0.1427246481180191 -0.7928955554962158
1543 -106 -130 37.787468 37.819991 -5.180294990539551 0.38691744208335876 852 0.593736469745636 0.14289970695972443 -0.7918691039085388
1544 -205  107 36.595174 39.946578 -0.14998646080493927 0.8658331036567688 2507 0.5408152341842651 0.13011927902698517 -0.8310161828994751
1545 -243  146 36.135563 40.280229 -1.3173846006393433 1.0779826641082764 2708 0.5099141597747803 0.12205646187067032 -0.8515220880508423
1546 -197  -89 36.751919 38.168480 -3.487008810043335 1.0107660293579102 2659 0.5193415284156799 0.12334303557872772 -0.8456186056137085
1547 -265  270 35.820691 41.396072 -7.598402976989746 1.2985107898712158 2640 0.5061935186386108 0.12315737456083298 -0.8535809516906738
1548  -93   95 37.908236 39.854566 1.5783672332763672 0.857150137424469 2785 0.6327123045921326 0.1515539288520813 -0.7594119906425476
1549 -197 -143 36.764432 37.689647 -6.049774169921875 0.3959226608276367 41 0.5110133290290833 0.11781002581119537 -0.8514612317085266
1550 -184 -144 36.907724 37.677430 -5.644448757171631 0.39869236946105957 26 0.523626446723938 0.1186191514134407 -0.843649685382843
1551 -204  -14 36.647227 38.849678 -2.0019564628601074 0.8412119746208191 700 0.5241100192070007 0.12492881715297699 -0.8424378037452698
1552    7  -77 39.091195 38.297749 -6.3687944412231445 1.8241462707519531 11 0.6841067671775818 0.15808045864105225 -0.7120452523231506
1553   11  -78 39.128808 38.291224 -7.119915008544922 1.6220297813415527 695 0.6860474944114685 0.15771497786045074 -0.7102568745613098
1554   13  -74 39.154762 38.333248 -5.728482246398926 0.8576020002365112 1089 0.6873788237571716 0.16082677245140076 -0.7082690000534058
1555   15  -73 39.172569 38.333958 -4.259613037109375 1.0536272525787354 2864 0.6884613633155823 0.16096781194210052 -0.7071848511695862
1556   13  -75 39.153862 38.318256 -3.091059446334839 2.2947099208831787 2825 0.6872259378433228 0.159715473651886 -0.7086688280105591
1557   15  -75 39.173208 38.318202 -4.923486232757568 1.0029343366622925 3241 0.6884567737579346 0.1598198562860489 -0.7074494957923889
1558   17  -74 39.199393 38.325794 -4.8925957679748535 1.0801270008087158 43 0.6899632811546326 0.16048094630241394 -0.705830454826355
1559  -90 -121 37.975649 37.905137 -4.780020713806152 0.4082272946834564 55 0.6101515293121338 0.1401439756155014 -0.779791533946991
1560  -89 -121 37.985705 37.903546 -5.260650157928467 0.4892832636833191 48 0.6109421849250793 0.14014436304569244 -0.7791721820831299
1561  -88 -120 37.994222 37.910202 -5.024838447570801 0.43239861726760864 41 0.6114798188209534 0.1406036764383316 -0.7786675095558167
1562  -87 -120 38.003577 37.910205 -4.977704048156738 0.3416409492492676 37 0.6122092008590698 0.14069290459156036 -0.778078019618988
1563  -88 -121 37.996041 37.903012 -5.203556060791016 0.751950204372406 58 0.6117387413978577 0.1402076780796051 -0.7785355448722839
1564  -87 -121 38.003140 37.902743 -5.188695907592773 0.6081546545028687 38 0.6122549176216125 0.14025013148784637 -0.7781220078468323
1565  -89 -121 37.980125 37.896950 -6.224902629852295 0.0 54 0.6106570959091187 0.1397247463464737 -0.7794709801673889
1566  -89 -121 37.987694 37.899120 -5.573393821716309 0.8677144050598145 35 0.6111769080162048 0.13990770280361176 -0.7790306210517883
1567  -89 -123 37.980614 37.885826 -6.557055473327637 0.0 43 0.6084108352661133 0.14877267181873322 -0.7795531153678894
1568  -87 -122 38.003219 37.895693 -5.381492614746094 0.8138841390609741 37 0.6117447018623352 0.1419813483953476 -0.7782093286514282
1569  -86 -119 38.012202 37.917318 -5.282352924346924 0.5405560731887817 39 0.6127461194992065 0.14117878675460815 -0.7775672078132629
1570  -86 -119 38.020552 37.917867 -4.707624912261963 0.501675546169281 42 0.613340437412262 0.14127962291240692 -0.7770801782608032
1571  -84 -118 38.038994 37.925404 -5.239965438842773 0.37220829725265503 42 0.6146106719970703 0.1418789178133011 -0.7759665846824646
1572  -85 -119 38.029053 37.917520 -4.9378228187561035 0.29718899726867676 40 0.6139395236968994 0.14132539927959442 -0.7765986323356628
1573  -84 -119 38.039452 37.916941 -5.450148105621338 0.3301750719547272 54 0.6147307753562927 0.1413845419883728 -0.775961697101593
1574  -82 -118 38.065398 37.931547 -5.42624568939209 0.4847034811973572 53 0.6163865327835083 0.14244504272937775 -0.7744527459144592
1575  -81 -118 38.073984 37.931817 -4.741751670837402 0.17098763585090637 41 0.6169580817222595 0.1425236165523529 -0.7739830613136292
1576  -83 -118 38.047704 37.924342 -4.50766658782959 0.36551612615585327 48 0.6152408719062805 0.14188769459724426 -0.7754653692245483
1577  -82 -118 38.056535 37.924704 -5.6164727210998535 0.6448013186454773 40 0.6158760190010071 0.14198145270347595 -0.7749439477920532
1578  -83 -119 38.047487 37.917378 -5.4598188400268555 0.28177645802497864 55 0.6152259111404419 0.14145804941654205 -0.7755557298660278
1579  -82 -119 38.056912 37.917462 -5.834056854248047 0.2618647515773773 50 0.6158197522163391 0.14152100682258606 -0.7750728130340576
1580  -82 -118 38.065613 37.924638 -6.802401065826416 0.470272034406662 45 0.6164079308509827 0.14202375710010529 -0.7745130658149719
1581  -81 -118 38.073818 37.924344 -5.674125671386719 0.5106947422027588 48 0.6168555617332458 0.14204053580760956 -0.7741535305976868
1582  -82 -119 38.065055 37.917703 -5.66652250289917 0.2508906424045563 49 0.6163230538368225 0.1415843665599823 -0.774661123752594
1583  -81 -119 38.074308 37.917730 -6.204716682434082 0.31698596477508545 47 0.6169030666351318 0.1416408270597458 -0.7741889357566833
1584  -86 -120 38.011925 37.910636 -5.165467262268066 0.4933289587497711 44 0.6128023862838745 0.14078575372695923 -0.7775941491127014
1585  -86 -120 38.021006 37.911076 -5.639474868774414 0.5960649847984314 41 0.6134687662124634 0.1408899575471878 -0.7770496606826782
1586  -86 -121 38.012194 37.901689 -4.389164447784424 0.6456148624420166 220 0.6128882765769958 0.1402553915977478 -0.7776222825050354
1587  -86 -121 38.022039 37.903390 -4.684372901916504 0.8624237179756165 244 0.6136773228645325 0.14045818150043488 -0.7769631147384644
1588  -85 -120 38.029483 37.910498 -5.369304180145264 0.4233413338661194 221 0.6140668392181396 0.14092132449150085 -0.7765713930130005
1589  -84 -120 38.040134 37.910784 -5.648890972137451 0.43131500482559204 56 0.6147697567939758 0.14101000130176544 -0.7759990096092224
1590  -85 -121 38.027989 37.904066 -5.420376777648926 0.4357873499393463 54 0.6140573620796204 0.14053595066070557 -0.776648759841919
1591  -84 -121 38.040973 37.904255 -6.038671016693115 0.5870264768600464 54 0.6148067712783813 0.14061161875724792 -0.7760419249534607
1592  -86 -122 38.018271 37.893528 -4.380309104919434 0.5577022433280945 49 0.6120855212211609 0.14517362415790558 -0.7773518562316895
1593  -84 -122 38.035525 37.891786 -5.677758693695068 0.6214468479156494 231 0.612284779548645 0.14894111454486847 -0.7764816880226135
1594  -83 -120 38.052048 37.906772 -5.50919771194458 0.41654637455940247 223 0.6153604388237 0.1410692036151886 -0.7755199074745178
1595  -81 -120 38.070062 37.907132 -5.570314884185791 0.4599469304084778 49 0.6161400079727173 0.14256800711154938 -0.7746263146400452
1596  -83 -122 38.052475 37.893200 -5.528323650360107 0.4243858754634857 55 0.6131494641304016 0.14947737753391266 -0.7756959795951843
1597  -81 -122 38.070164 37.892797 -5.623981475830078 0.28790199756622314 56 0.614140510559082 0.14981013536453247 -0.7748473286628723
1598  -92 -126 37.953237 37.858981 -4.053651809692383 0.31039172410964966 50 0.606150209903717 0.14682148396968842 -0.7816811800003052
1599  -91 -125 37.965326 37.861837 -5.027628421783447 0.3553565442562103 57 0.6069779396057129 0.14708992838859558 -0.7809880971908569
1600  -88 -125 37.994253 37.866270 -4.896875858306885 0.7650806307792664 50 0.6089893579483032 0.1475965827703476 -0.7793248295783997
1601  -91 -128 37.957092 37.840563 -5.832761764526367 1.0028494596481323 40 0.6063644886016846 0.1457173377275467 -0.7817215323448181
1602  -88 -127 37.991046 37.843299 -6.980190753936768 2.260018825531006 18 0.6086466908454895 0.14613793790340424 -0.7798672318458557
1603 -175 -143 37.009813 37.693073 -5.791941165924072 0.46443966031074524 49 0.5326666831970215 0.1207137256860733 -0.8376719951629639
1604 -166 -142 37.116963 37.702232 -4.570652008056641 0.3313503563404083 62 0.5419372320175171 0.12240605056285858 -0.8314570784568787
1605  -93  -79 37.927027 38.279663 -3.4484641551971436 0.9548994302749634 49 0.6110760569572449 0.14557303488254547 -0.7780711054801941
1606 -124  -98 37.577194 38.105908 -3.453803777694702 0.5730654001235962 40 0.5836517810821533 0.13935188949108124 -0.799957275390625
1607 -105   57 37.769254 39.513757 -0.1622777134180069 0.9814208149909973 53 0.6187703609466553 0.14838221669197083 -0.7714310884475708
1608   -9  -95 38.894634 38.144098 -4.280200958251953 0.568437933921814 49 0.6707072257995605 0.15775543451309204 -0.7247517108917236
1609  -15 -101 38.824933 38.086116 -4.93687629699707 0.44853532314300537 36 0.6662923097610474 0.15462535619735718 -0.7294831275939941
1610   -9 -101 38.895121 38.085911 -4.385051250457764 0.4439055919647217 21 0.6702159643173218 0.15677078068256378 -0.7254195213317871
1611  -27 -107 38.681693 38.029552 -4.737227439880371 0.8210585117340088 2 0.6557903289794922 0.1574484258890152 -0.7383421659469604
1612  -21 -107 38.753132 38.030660 -5.231331825256348 1.1915637254714966 1 0.6598814129829407 0.15952573716640472 -0.7342397570610046
1613  -28 -113 38.680427 37.974476 -4.046145439147949 0.8243840336799622 3065 0.655250608921051 0.15596643090248108 -0.7391353249549866
1614  -21 -114 38.754317 37.972702 -4.792187213897705 0.6165726184844971 658 0.660178542137146 0.15631112456321716 -0.7346639633178711
1615  -12 -110 38.859875 38.001609 -5.686930179595947 1.281510591506958 761 0.6662009358406067 0.1587996929883957 -0.728669285774231
1616 -127  136 37.497820 40.216116 -1.1482926607131958 0.858008623123169 773 0.6111852526664734 0.14730924367904663 -0.7776584625244141
1617 -121  136 37.570577 40.217225 -0.7962988615036011 0.4919358491897583 205 0.615612268447876 0.14942672848701477 -0.7737526893615723
1618 -115  136 37.643490 40.217306 -0.8262709975242615 0.7376803755760193 216 0.6202347874641418 0.15158838033676147 -0.7696295976638794
1619 -103  155 37.786479 40.389702 -5.558163642883301 0.5419137477874756 207 0.6316013336181641 0.1552879512310028 -0.7595824003219604
1620  -97  155 37.855754 40.391345 -5.599491119384766 0.5353019833564758 48 0.6360837817192078 0.15591353178024292 -0.7557039260864258
1621   32  -61 39.376461 38.446061 -4.913293361663818 0.258724570274353 50 0.6989679932594299 0.1697336584329605 -0.6947188377380371
1622   32  -61 39.366943 38.441117 -4.631009101867676 0.08149197697639465 51 0.6985478401184082 0.1693592071533203 -0.695232629776001
1623   32  -61 39.374518 38.441065 -4.624035358428955 0.17049963772296906 50 0.6989793181419373 0.16938979923725128 -0.6947913765907288
1624   33  -61 39.379539 38.445782 -5.60383415222168 0.0 3012 0.6991211771965027 0.16972088813781738 -0.6945677399635315
1625   33  -62 39.381539 38.440788 -4.656870365142822 0.38455745577812195 12453 0.6993910074234009 0.16940350830554962 -0.6943735480308533
1626   32  -63 39.370188 38.430689 -4.262635707855225 0.27726224064826965 3063 0.6988990306854248 0.16865308582782745 -0.6950512528419495
1627   33  -63 39.381975 38.431113 -4.612175464630127 0.45841479301452637 3252 0.6994789242744446 0.1687125414609909 -0.6944532990455627
1628   32  -65 39.374325 38.409709 -4.234546661376953 0.42641472816467285 3300 0.6991208791732788 0.16713427007198334 -0.6951950192451477
1629  -18   70 38.786879 39.634874 -0.11821608990430832 0.9938357472419739 3313 0.6811662912368774 0.16377098858356476 -0.7135765552520752
1630    2   70 39.034186 39.631672 -1.1294223070144653 1.549529790878296 12298 0.6942524909973145 0.16639608144760132 -0.700232744216919
1631  -18   45 38.783585 39.412249 -0.6961716413497925 0.843160092830658 8728 0.6789107918739319 0.1620846837759018 -0.716106653213501
1632  -87  176 37.970149 40.586736 -7.77170467376709 0.8136352300643921 10971 0.6461338400840759 0.15667396783828735 -0.7469701170921326
1633  -99  164 37.824596 40.474039 -7.100586891174316 0.7982434034347534 11408 0.6360337734222412 0.15198220312595367 -0.7565464377403259
1634  -87  164 37.970476 40.474033 -6.541244983673096 0.6671158671379089 11776 0.6448500752449036 0.1551409661769867 -0.7483980655670166
1635    1  -67 39.011550 38.389301 0.09809048473834991 0.47246307134628296 3057 0.6790755987167358 0.1642369031906128 -0.7154597043991089
1636    2  -67 39.029891 38.389524 0.391935259103775 0.39607423543930054 2750 0.6801935434341431 0.16435034573078156 -0.714370846748352
1637    1  -69 39.011944 38.375170 0.10145021975040436 0.2976658344268799 3100 0.6792495250701904 0.16325677931308746 -0.7155188918113708
1638    2  -69 39.030003 38.375033 -0.2758406400680542 0.9446074366569519 765 0.6803041100502014 0.1633296012878418 -0.7144995927810669
1639    4  -67 39.047572 38.389472 0.5869938135147095 0.43017494678497314 58 0.6812440156936646 0.16443294286727905 -0.7133501768112183
1640    5  -67 39.065629 38.389512 0.2841537594795227 0.41686880588531494 45 0.682300329208374 0.1645202487707138 -0.7123196721076965
1641    4  -69 39.047333 38.375439 -2.3903346061706543 2.557617664337158 54 0.681247353553772 0.1634221076965332 -0.7135791182518005
1642    5  -68 39.060828 38.378815 -0.8414065837860107 0.23626834154129028 32 0.6819917559623718 0.1637180596590042 -0.7127999067306519
1643    6  -68 39.069504 38.378732 -0.7788786888122559 0.6631394028663635 24 0.6824444532394409 0.1637386679649353 -0.7123616933822632
1644    5  -69 39.060818 38.371561 -1.5095845460891724 1.1320489645004272 36 0.6818389296531677 0.16315625607967377 -0.7130748629570007
1645    6  -69 39.069345 38.371932 0.38418856263160706 0.8406049013137817 15 0.6823360919952393 0.1632232815027237 -0.7125837802886963
1646    0  -70 39.010978 38.361064 -2.196948766708374 1.7561116218566895 4 0.6791348457336426 0.1622205227613449 -0.7158634066581726
1647    2  -70 39.025423 38.364782 -0.6602192521095276 0.7278522253036499 30 0.6800227761268616 0.16256563365459442 -0.7149416208267212
1648    2  -70 39.034043 38.364707 -3.380552053451538 1.2269145250320435 4 0.6804441213607788 0.16257962584495544 -0.7145374417304993
1649    2  -71 39.025551 38.357914 -0.0747583732008934 0.6875752210617065 1 0.6799646615982056 0.16205516457557678 -0.7151128053665161
1650    2  -71 39.033062 38.357962 -5.0778961181640625 2.5946054458618164 16 0.6803407073020935 0.16207657754421234 -0.7147501707077026
1651    0  -72 39.007790 38.350877 -2.1918768882751465 1.4521440267562866 19 0.6789018511772156 0.16145993769168854 -0.7162562012672424
1652    1  -72 39.015599 38.350598 -1.4741142988204956 1.689033031463623 1 0.6792524456977844 0.16145043075084686 -0.715925931930542
1653    0  -72 39.007568 38.343616 -0.986331045627594 0.3955305814743042 1 0.6788187623023987 0.1609203964471817 -0.7164563536643982
1654  -52 -101 38.402517 38.082225 -3.01134991645813 0.14177224040031433 35 0.6392402648925781 0.15434545278549194 -0.7533587217330933
1655  -51 -101 38.410897 38.081560 -2.9282143115997314 0.18016184866428375 20 0.6397648453712463 0.1543576866388321 -0.7529107928276062
1656  -52 -102 38.400094 38.075104 -2.9422709941864014 0.21659277379512787 55 0.6391589641571045 0.15389908850193024 -0.7535190582275391
1657  -51 -102 38.410886 38.074386 -3.1264309883117676 0.23184122145175934 50 0.6397453546524048 0.1539010852575302 -0.7530208230018616
1658  -50 -101 38.419679 38.081715 -3.0799150466918945 0.10799349844455719 32 0.6403871774673462 0.15444280207157135 -0.7523640990257263
1659  -50 -101 38.427586 38.080994 -3.1114342212677 0.26078397035598755 54 0.640985369682312 0.1544731855392456 -0.7518482804298401
1660  -50 -102 38.420071 38.074535 -3.365705966949463 0.22674398124217987 50 0.6404056549072266 0.1539899706840515 -0.7524411678314209
1661  -50 -102 38.428394 38.074460 -3.4613871574401855 0.1553463488817215 53 0.6409192681312561 0.1540364921092987 -0.7519941926002502
1662 -209  211 36.515407 40.875584 -7.651008605957031 0.5239173769950867 55 0.551382303237915 0.1337803602218628 -0.823456346988678
1663 -200  226 36.621965 41.015451 -10.101802825927734 2.6037757396698 29 0.5615350008010864 0.1374274492263794 -0.8159608840942383
1664  -37 -123 38.575375 37.889598 -5.78702449798584 1.4335168600082397 3 0.6478679776191711 0.15280848741531372 -0.7462684512138367
1665  -50 -135 38.427193 37.773848 -7.5251874923706055 1.4348009824752808 45 0.6367541551589966 0.15077194571495056 -0.7561825513839722
1666  -37 -132 38.575469 37.804250 -7.019497871398926 0.8780776858329773 28 0.6467193961143494 0.15239505469799042 -0.7473484873771667
1667  -77 -148 38.123328 37.662958 -7.192002296447754 1.1035900115966797 47 0.6149518489837646 0.14574657380580902 -0.7749788165092468
1668 -168  -80 37.069487 38.261620 -3.8129758834838867 1.6902806758880615 42 0.5469933152198792 0.1306832879781723 -0.826873779296875
1669 -142  -79 37.374079 38.272812 -3.6447527408599854 1.452248215675354 9 0.5711213946342468 0.13592150807380676 -0.8095342516899109
1670 -168 -104 37.082221 38.045151 -4.53322696685791 1.032729983329773 43 0.5442639589309692 0.12898986041545868 -0.8289380669593811
1671 -104 -118 37.811586 37.926249 -6.2594099044799805 1.030362606048584 23 0.5981125831604004 0.14000928401947021 -0.7890873551368713
1672 -102 -117 37.838060 37.932944 -8.362055778503418 2.2983005046844482 54 0.5999689698219299 0.1406237781047821 -0.7875672578811646
1673 -100 -117 37.857209 37.933354 -4.127676010131836 0.2748245298862457 51 0.6014150381088257 0.14082686603069305 -0.7864271998405457
1674 -102 -119 37.838475 37.919420 -5.472093105316162 1.2879447937011719 10 0.5998859405517578 0.1397855132818222 -0.787779688835144
1675 -100 -119 37.856731 37.919522 -4.422333717346191 0.31751418113708496 21 0.6012622117996216 0.13995897769927979 -0.7866989374160767
1676 -105 -120 37.803186 37.905077 -4.70554780960083 0.23054556548595428 2848 0.5972080230712891 0.1385958194732666 -0.7900214195251465
1677 -104 -120 37.816983 37.908496 -4.747453212738037 0.2055884748697281 587 0.5982335805892944 0.1389242261648178 -0.7891873717308044
1678 -103 -120 37.825746 37.908410 -4.91141414642334 0.20083530247211456 888 0.5988770127296448 0.13899455964565277 -0.7886868119239807
1679 -104 -121 37.817129 37.901130 -4.561835289001465 0.07391424477100372 130 0.5982677340507507 0.13848786056041718 -0.7892380952835083
1680 -103 -121 37.826220 37.901566 -5.103420734405518 0.37984737753868103 135 0.598964512348175 0.1385982185602188 -0.7886901497840881
1681 -105 -122 37.799402 37.894072 -4.869228839874268 0.14367792010307312 162 0.5968440771102905 0.1378832310438156 -0.7904210090637207
1682 -104 -122 37.808213 37.894270 -5.098875999450684 0.2251777946949005 64 0.5975524187088013 0.13798490166664124 -0.7898678779602051
1683 -105 -122 37.799700 37.887308 -5.117301940917969 0.2796876132488251 206 0.5968924164772034 0.13748593628406525 -0.7904537916183472
1684 -104 -122 37.808787 37.887391 -5.908463954925537 0.22922997176647186 179 0.5976036190986633 0.1375776082277298 -0.7899002432823181
1685 -104 -122 37.816912 37.894537 -4.97817850112915 0.2644575238227844 136 0.5982517004013062 0.13808977603912354 -0.7893200516700745
1686 -103 -122 37.826244 37.894415 -5.381383895874023 0.3495241403579712 37 0.5989906191825867 0.1381741613149643 -0.7887446880340576
1687 -104 -122 37.817346 37.887010 -5.936172008514404 0.14653857052326202 31 0.5982253551483154 0.13762712478637695 -0.7894208431243896
1688 -102 -120 37.834703 37.908583 -4.88543176651001 0.4719671607017517 21 0.5995602607727051 0.1390887349843979 -0.7881508469581604
1689 -101 -120 37.843031 37.908474 -5.744826793670654 0.5772945880889893 28 0.6002053022384644 0.13916194438934326 -0.7876468896865845
1690 -102 -121 37.834384 37.901279 -6.084569931030273 0.20473989844322205 544 0.5995458960533142 0.1386478990316391 -0.7882394790649414
1691 -101 -121 37.843499 37.901656 -5.8236260414123535 0.540795087814331 154 0.6002829074859619 0.13876554369926453 -0.787657618522644
1692 -100 -120 37.852107 37.908714 -5.488425254821777 0.4440571367740631 200 0.6009547114372253 0.13927476108074188 -0.7870553135871887
1693 -100 -120 37.861572 37.908695 -4.26654577255249 0.29036450386047363 177 0.6017613410949707 0.1393807977437973 -0.7864199280738831
1694 -100 -121 37.851967 37.901853 -4.915892601013184 0.6069596409797668 52 0.6009836792945862 0.13886839151382446 -0.7871049046516418
1695 -100 -121 37.861911 37.902295 -4.3250250816345215 0.2593986988067627 45 0.6018653512001038 0.13901518285274506 -0.786405086517334
1696 -102 -122 37.834706 37.894400 -5.863063812255859 0.2969731092453003 39 0.5995849967002869 0.1382390260696411 -0.7882815599441528
1697 -101 -122 37.843868 37.894339 -5.550413131713867 0.3666244149208069 53 0.6002802848815918 0.13832023739814758 -0.7877379655838013
1698  -98 -117 37.874036 37.933997 -4.006598472595215 0.25832125544548035 53 0.6026761531829834 0.14101840555667877 -0.7854267954826355
1699  -67 -116 38.229613 37.950015 -4.7599382400512695 0.2547551989555359 180 0.6276234984397888 0.14480377733707428 -0.7649317383766174
1700  -66 -116 38.246844 37.950340 -5.287951946258545 0.3804284930229187 220 0.628760039806366 0.1449413299560547 -0.763971745967865
1701  -63 -115 38.273731 37.958786 -5.423943996429443 0.7385687232017517 165 0.6306183338165283 0.14567038416862488 -0.762299656867981
1702  -60 -112 38.309231 37.985735 -4.711187839508057 0.5424898266792297 162 0.6329885721206665 0.1476035714149475 -0.7599596381187439
1703  -57 -112 38.346349 37.986485 -5.250417232513428 0.6604384183883667 160 0.6354073286056519 0.14790046215057373 -0.7578806281089783
1704  -60 -115 38.309304 37.957950 -4.978837490081787 0.47400692105293274 156 0.6328384280204773 0.14583243429660797 -0.7604265213012695
1705  -57 -115 38.345028 37.958433 -4.605849266052246 0.3216914236545563 808 0.6352062821388245 0.14610879123210907 -0.7583964467048645
1706  -86  114 37.985506 40.024679 0.9978365302085876 0.8079107403755188 687 0.6400130987167358 0.1537633240222931 -0.7528214454650879
1707 -118   95 37.616134 39.851869 1.0407954454421997 0.9523256421089172 678 0.6137157082557678 0.1467573344707489 -0.7757675647735596
1708 -143   95 37.323623 39.847568 0.6435365080833435 1.1236417293548584 691 0.5935521125793457 0.14248088002204895 -0.7920827269554138
1709 -239  109 36.194153 39.956008 -0.6892430186271667 0.897117018699646 760 0.5081484913825989 0.1225404441356659 -0.852507472038269
1710  -68 -107 38.224334 38.031365 -3.735139846801758 0.14060676097869873 54 0.6273057460784912 0.1498325914144516 -0.7642236351966858
1711  -66 -106 38.241676 38.038318 -3.804051637649536 0.39789772033691406 51 0.628555953502655 0.15041515231132507 -0.7630811333656311
1712  -64 -104 38.259612 38.052673 -3.720188856124878 0.21435895562171936 52 0.6297136545181274 0.1514333337545395 -0.7619243264198303
1713  -64 -104 38.268349 38.052898 -3.622741460800171 0.12768001854419708 60 0.6303225159645081 0.15151913464069366 -0.7614036202430725
1714  -65 -105 38.259211 38.045639 -3.8730275630950928 0.4590795934200287 39 0.6297575235366821 0.15100903809070587 -0.7619723081588745
1715  -64 -105 38.268701 38.045627 -3.472543954849243 0.08594291657209396 7 0.630416750907898 0.15108473598957062 -0.7614120244979858
1716  -63 -104 38.277908 38.052858 -3.5996389389038086 0.183321014046669 174 0.6310099959373474 0.15159907937049866 -0.7608180642127991
1717  -62 -104 38.286602 38.052899 -3.5630481243133545 0.3476261794567108 33 0.6315850019454956 0.1516648232936859 -0.7603277564048767
1718  -21   98 38.748704 39.887488 -0.7797755002975464 0.6508864164352417 41 0.6813516020774841 0.16669756174087524 -0.7127215266227722
1719 -149  176 37.230235 40.578734 -7.414689540863037 0.6954944729804993 25 0.5989266037940979 0.14319545030593872 -0.7878972291946411
1720 -137  176 37.375221 40.578960 -8.823587417602539 1.0198800563812256 38 0.60850989818573 0.1463053971529007 -0.7799426317214966
1721 -263  210 35.875570 40.856733 -3.304194450378418 0.5095322728157043 51 0.5002810955047607 0.12036046385765076 -0.8574568629264832
1722 -137 -123 37.440594 37.881136 -4.4772796630859375 0.6084612011909485 60 0.5691887140274048 0.13626524806022644 -0.8108366131782532
1723 -205   58 36.611008 39.501533 -0.5914761424064636 1.00688898563385 54 0.5335916876792908 0.12811291217803955 -0.835982620716095
1724    0  -98 39.004349 38.114700 -5.087542533874512 1.0354137420654297 53 0.6765292286872864 0.15907993912696838 -0.7190284132957458
1725   12  -97 39.138226 38.117407 -5.382565975189209 1.5788830518722534 53 0.683687686920166 0.1612023264169693 -0.7117477655410767
1726    0 -110 38.991164 38.008997 -5.535019874572754 1.038899302482605 23 0.6738231182098389 0.15990030765533447 -0.7213836312294006
1727   12 -111 39.144655 37.996008 -5.917405128479004 0.6243749856948853 58 0.6828557848930359 0.15965865552425385 -0.712893545627594
1728  -27   98 38.675170 39.886813 -0.030322793871164322 0.5733019113540649 21 0.6774418950080872 0.16616511344909668 -0.7165623903274536
1729    4  -65 39.056232 38.410658 -0.11419568210840225 0.6904935240745544 55 0.6815361976623535 0.16595199704170227 -0.7127190232276917
1730    7   92 39.090086 39.830892 -0.6731087565422058 0.6371771097183228 64 0.70027095079422 0.16404007375240326 -0.6947743892669678
1731    8   85 39.093974 39.774236 -0.7756192684173584 0.4170997738838196 51 0.6981467008590698 0.17077785730361938 -0.6952885389328003
1732 -127 -120 37.547853 37.909527 -3.6853325366973877 0.39874014258384705 59 0.5775781869888306 0.13971209526062012 -0.8042909502983093
1733 -121 -120 37.618003 37.909819 -4.42022180557251 0.6370190382003784 43 0.5836865305900574 0.13727551698684692 -0.8002909421920776
1734 -127 -126 37.547687 37.852290 -4.707896709442139 0.7498783469200134 61 0.5772697925567627 0.1363450437784195 -0.8050898313522339
1735 -143 -104 37.365533 38.047458 -4.7083353996276855 0.8415691256523132 55 0.5669856667518616 0.13367252051830292 -0.8128093481063843
1736  -18  145 38.781578 40.309650 -6.396061420440674 0.6241287589073181 28 0.6881823539733887 0.16633343696594238 -0.7062140703201294
1737   -2  143 38.965666 40.294909 -6.375378608703613 0.7314572930335999 27 0.6976537108421326 0.1681075245141983 -0.6964332461357117
1738   20  -67 39.231260 38.392738 -3.755800724029541 0.24120166897773743 39 0.6915588974952698 0.16542333364486694 -0.703122615814209
1739   19  -68 39.221496 38.385690 -3.9152379035949707 0.31362223625183105 2 0.690989077091217 0.16486500203609467 -0.7038136720657349
1740   20  -68 39.229975 38.385625 -3.7043213844299316 0.21741630136966705 33 0.6915379762649536 0.16491322219371796 -0.703262984752655
1741   20  -67 39.240052 38.392755 -3.5788049697875977 0.2751559615135193 3 0.692108154296875 0.1654737889766693 -0.7025700807571411
1742   21  -67 39.248742 38.393469 -3.331913471221924 0.4788198173046112 1 0.6926120519638062 0.1655655801296234 -0.7020517587661743
1743   20  -68 39.239450 38.385899 -4.014369487762451 0.3375452160835266 32 0.6921536326408386 0.16499210894107819 -0.7026386260986328
1744   21  -68 39.248641 38.386009 -4.253040313720703 0.32441580295562744 38 0.6926550269126892 0.1650344431400299 -0.702134370803833
1745   19  -68 39.221803 38.378715 -5.009452819824219 0.552495539188385 1 0.6911211013793945 0.16438736021518707 -0.7037957906723022
1746   20  -68 39.230800 38.378367 -4.376068115234375 0.6689107418060303 14 0.6916342973709106 0.16440030932426453 -0.7032884359359741
1747   19  -69 39.221446 38.371542 -5.018707275390625 0.35213664174079895 2 0.6912050843238831 0.1638893038034439 -0.7038294076919556
1748   20  -69 39.230768 38.371228 -5.575474262237549 0.511900782585144 6 0.6917502284049988 0.1639096587896347 -0.7032889127731323
1749   21  -69 39.245079 38.375649 -5.694904327392578 1.3198285102844238 6 0.692470371723175 0.16426941752433777 -0.702495813369751
1750   22  -67 39.257718 38.392796 -4.100339412689209 0.6391962766647339 33 0.6931154131889343 0.1655525267124176 -0.7015578150749207
1751   23  -67 39.267217 38.392186 -4.031347751617432 0.6297047734260559 13 0.6935866475105286 0.165531724691391 -0.7010969519615173
1752   22  -68 39.257093 38.384901 -4.287227630615234 0.3692668676376343 3 0.6931568384170532 0.16499432921409607 -0.7016484141349792
1753   23  -68 39.264298 38.384560 -3.98464035987854 0.553791344165802 2 0.6935630440711975 0.16499921679496765 -0.7012456655502319
1754   24  -67 39.281703 38.388436 -5.1974687576293945 0.5620863437652588 3 0.6943851113319397 0.1653146743774414 -0.7003573179244995
1755   22  -69 39.261483 38.375155 -3.7516188621520996 0.6080533266067505 43 0.6933792233467102 0.16429677605628967 -0.7015923857688904
1756   24  -69 39.280162 38.375127 -5.081161975860596 0.759998619556427 24 0.6944371461868286 0.16437238454818726 -0.7005274891853333
1757   19  -70 39.225916 38.360890 -4.752474308013916 0.5446327924728394 37 0.6916221976280212 0.16317370533943176 -0.7035858631134033
1758   21  -71 39.245234 38.359919 -7.523831844329834 1.2766435146331787 43 0.6926093101501465 0.163156658411026 -0.7026181221008301
1759   19  -72 39.225731 38.346272 -5.222144603729248 1.1721343994140625 38 0.691666305065155 0.16212345659732819 -0.7037853002548218
1760   21  -72 39.244016 38.346677 -7.232573986053467 1.8121129274368286 42 0.6925148963928223 0.1621840000152588 -0.7029363512992859
1761   23  -71 39.271470 38.354101 -5.697102069854736 1.542604923248291 28 0.6938700079917908 0.16278909146785736 -0.7014585733413696
1762   26  -68 39.305990 38.381105 -4.56376314163208 1.0257654190063477 26 0.6956831216812134 0.16486355662345886 -0.6991745233535767
1763   30  -68 39.343798 38.382116 -4.5924787521362305 0.7288143634796143 20 0.6976585984230042 0.16505588591098785 -0.6971578598022461
1764   26  -71 39.307613 38.353982 -4.487747669219971 0.6921372413635254 27 0.6958925127983093 0.162923663854599 -0.6994208693504333
1765   30  -71 39.343458 38.353891 -5.268061637878418 0.7735279202461243 20 0.6977941989898682 0.16303417086601257 -0.6974977254867554
1766   22  -76 39.253619 38.311634 -4.86746883392334 1.6558116674423218 38 0.6926794648170471 0.16096314787864685 -0.7030547857284546
1767   28  -76 39.323757 38.311963 -4.844045639038086 0.6442081928253174 54 0.6961714029312134 0.16298943758010864 -0.6991279125213623
1768    3   92 39.039302 39.831891 -1.046941876411438 0.7806717157363892 45 0.6975509524345398 0.16392076015472412 -0.6975332498550415
1769   -2   86 38.966918 39.775703 -0.8776448369026184 0.7129602432250977 46 0.6920784711837769 0.1669992059469223 -0.7022383809089661
1770    3   86 39.038845 39.776216 -0.6950771808624268 0.533963680267334 48 0.6954994201660156 0.1689649522304535 -0.6983777284622192
1771 -249  189 36.047744 40.666857 -3.0074656009674072 0.7522192001342773 52 0.5106545686721802 0.12258929759263992 -0.8510016202926636
1772 -237  189 36.188068 40.675457 -3.5132999420166016 0.9202894568443298 38 0.5221783518791199 0.12537552416324615 -0.8435702323913574
1773 -225  226 36.325004 41.012636 -8.497836112976074 0.6668578386306763 44 0.5393314957618713 0.13107804954051971 -0.8318293690681458
1774 -211  227 36.482255 41.020478 -9.071187019348145 0.8538867235183716 44 0.5512540340423584 0.1348336935043335 -0.8233703970909119
1775 -227  217 36.295009 40.925877 -7.589218616485596 0.6415424346923828 46 0.535476803779602 0.12941718101501465 -0.8345752358436584
1776 -222  217 36.364098 40.924591 -7.991452693939209 0.5652370452880859 31 0.5411052703857422 0.13006366789340973 -0.8308360576629639
1777  -11  -84 38.873250 38.237796 -2.200503349304199 0.29908987879753113 47 0.6689483523368835 0.1628798246383667 -0.7252435684204102
1778  -11  -85 38.864795 38.231108 -2.8083438873291016 0.1630437970161438 44 0.668228030204773 0.16366982460021973 -0.7257296442985535
1779  -11  -85 38.873477 38.231017 -3.1131439208984375 0.22439178824424744 48 0.6687483787536621 0.16370628774166107 -0.7252418994903564
1780  -10  -84 38.882545 38.238400 -2.4296624660491943 0.29006674885749817 47 0.6692869663238525 0.16414766013622284 -0.7246450781822205
1781   -9  -84 38.891442 38.238187 -3.242690324783325 0.37553316354751587 54 0.6697696447372437 0.16429683566093445 -0.7241652011871338
1782  -10  -85 38.882476 38.230984 -2.9318621158599854 0.280732661485672 49 0.6692836880683899 0.16374893486499786 -0.724738359451294
1783   -9  -85 38.891303 38.231057 -2.9632811546325684 0.35842350125312805 37 0.6698191165924072 0.16380031406879425 -0.7242319583892822
1784   -8  -82 38.899992 38.252273 -2.3619613647460938 0.13809335231781006 55 0.6728763580322266 0.15396855771541595 -0.7235544919967651
1785   -7  -83 38.908991 38.252209 -2.1466476917266846 0.1688801497220993 47 0.6734443306922913 0.1540117859840393 -0.723016619682312
1786   -8  -83 38.900429 38.245310 -2.0737950801849365 0.15363584458827972 45 0.6720337271690369 0.15741963684558868 -0.7235950231552124
1787   -7  -83 38.908897 38.245185 -2.1243834495544434 0.25570517778396606 54 0.6720483303070068 0.15971340239048004 -0.7230786085128784
1788   -7  -83 38.918087 38.252091 -2.2365493774414062 0.14982542395591736 41 0.674019455909729 0.15405258536338806 -0.7224719524383545
1789   -6  -82 38.926708 38.252342 -1.9834318161010742 0.17344056069850922 239 0.6745495796203613 0.1541144847869873 -0.7219637036323547
1790   -7  -83 38.918247 38.245258 -2.650594472885132 0.16945864260196686 189 0.6722295880317688 0.16142132878303528 -0.7225306630134583
1791   -6  -83 38.927031 38.245158 -2.4566855430603027 0.24714674055576324 233 0.6722757816314697 0.1635310798883438 -0.7220130562782288
1792   -8  -85 38.903732 38.233078 -2.650960683822632 0.17890425026416779 182 0.6705636382102966 0.16400764882564545 -0.7234956622123718
1793   -6  -85 38.923298 38.233543 -3.403114080429077 0.42906561493873596 162 0.6717702746391296 0.16414786875247955 -0.7223435044288635
1794  -15  -87 38.819728 38.209587 -2.593937635421753 0.212387815117836 191 0.6655868887901306 0.16192057728767395 -0.7285435795783997
1795  -16  -88 38.810965 38.202737 -2.3868160247802734 0.1742764264345169 212 0.6651055216789246 0.16139771044254303 -0.7290990948677063
1796  -15  -88 38.820280 38.202774 -2.84810471534729 0.1535411924123764 1737 0.6657125353813171 0.16145938634872437 -0.7285312414169312
1797  -14  -86 38.837960 38.216958 -3.4454922676086426 0.40603211522102356 3292 0.6666525602340698 0.16253069043159485 -0.7274326086044312
1798  -13  -86 38.846676 38.223940 -2.8421168327331543 0.222642719745636 3229 0.6671227216720581 0.16306157410144806 -0.7268825173377991
1799  -12  -86 38.855725 38.223871 -3.101785659790039 0.19422978162765503 2545 0.6677160859107971 0.16311511397361755 -0.7263255715370178
1800  -13  -86 38.846106 38.216540 -3.4535913467407227 0.41857942938804626 3005 0.6671121716499329 0.16253408789634705 -0.7270104289054871
1801  -12  -86 38.855790 38.216718 -3.2506120204925537 0.1768137663602829 2978 0.6677374839782715 0.16260755062103271 -0.7264196276664734
1802  -14  -87 38.828836 38.210012 -2.959657669067383 0.07651736587285995 54 0.6661907434463501 0.1620098054409027 -0.7279716730117798
1803  -14  -87 38.837809 38.209768 -3.028947353363037 0.23630866408348083 49 0.6667525172233582 0.16204316914081573 -0.7274497151374817
1804  -14  -88 38.829067 38.202569 -2.9731292724609375 0.09926040470600128 52 0.6662758588790894 0.16149744391441345 -0.7280076146125793
1805  -14  -88 38.837890 38.202840 -3.5884320735931396 0.3570830523967743 55 0.6668071150779724 0.16156047582626343 -0.7275071144104004
1806  -13  -87 38.846599 38.209834 -3.901211977005005 0.2509956955909729 54 0.667215883731842 0.1620749533176422 -0.7270177006721497
1807  -12  -87 38.855988 38.209648 -3.1513400077819824 0.08482097089290619 57 0.6677893400192261 0.16211210191249847 -0.7264827489852905
1808  -13  -88 38.845957 38.202919 -3.4955453872680664 0.49813637137413025 57 0.6672167778015137 0.16158774495124817 -0.7271252870559692
1809  -12  -88 38.855718 38.202581 -3.2469544410705566 0.23977530002593994 55 0.6678576469421387 0.1616261899471283 -0.7265281677246094
1810  -17  -89 38.802128 38.195628 -2.917546033859253 0.13928455114364624 52 0.664622962474823 0.16085860133171082 -0.7296580076217651
1811  -18  -90 38.793436 38.188647 -3.2186050415039062 0.24319125711917877 55 0.6641440391540527 0.1603284329175949 -0.7302106022834778
1812  -17  -90 38.802146 38.188470 -3.4723029136657715 0.22983470559120178 52 0.6646965146064758 0.16036605834960938 -0.7296993732452393
1813  -16  -89 38.811107 38.195694 -2.8985633850097656 0.2905648350715637 56 0.6652023792266846 0.16091814637184143 -0.729116678237915
1814  -15  -89 38.820020 38.195740 -3.1919450759887695 0.21437117457389832 54 0.6657702326774597 0.16097332537174225 -0.7285860776901245
1815  -16  -90 38.811133 38.188656 -3.662539005279541 0.20896919071674347 53 0.665276050567627 0.16043373942375183 -0.7291562557220459
1816  -15  -90 38.820184 38.188631 -3.5618903636932373 0.11195125430822372 54 0.6658507585525513 0.16048434376716614 -0.7286203503608704
1817  -18  -90 38.793101 38.181643 -3.7955498695373535 0.14284910261631012 53 0.6641563177108765 0.15983523428440094 -0.7303075194358826
1818  -17  -90 38.802169 38.181807 -3.7602927684783936 0.08279594033956528 56 0.6647332310676575 0.15989962220191956 -0.7297683954238892
1819  -18  -91 38.794032 38.174740 -3.4160056114196777 0.22825022041797638 51 0.6642066240310669 0.1593458652496338 -0.7303687334060669
1820  -17  -91 38.802293 38.174657 -3.374671459197998 0.17202846705913544 53 0.6647318005561829 0.15938888490200043 -0.7298814058303833
1821  -16  -91 38.815424 38.178063 -3.825361967086792 0.10472206771373749 53 0.6655517220497131 0.15970291197299957 -0.7290650606155396
1822  -14  -89 38.833479 38.192382 -3.6957759857177734 0.32321450114250183 53 0.6666183471679688 0.16081002354621887 -0.7278462052345276
1823  -13  -89 38.850843 38.192127 -3.8923470973968506 0.3809930086135864 52 0.667617678642273 0.1608668714761734 -0.7269170880317688
1824  -14  -91 38.833109 38.178257 -3.7990827560424805 0.12378895282745361 50 0.6666299104690552 0.15980736911296844 -0.7280564904212952
1825  -71  142 38.157607 40.279613 -5.14080810546875 2.08864426612854 46 0.6530526280403137 0.1573619842529297 -0.7407829761505127
1826  -70 -118 38.202867 37.928727 -4.9278435707092285 0.4378868341445923 55 0.6253029108047485 0.14557865262031555 -0.7666832804679871
1827  -73 -121 38.166789 37.901370 -4.73563289642334 0.33683812618255615 52 0.621023416519165 0.15107004344463348 -0.7690954208374023
1828 -184  204 36.816894 40.823943 -8.052448272705078 0.5429587960243225 48 0.5732942223548889 0.13813237845897675 -0.807621955871582
1829 -171  148 36.980065 40.320385 -1.3771893978118896 0.5871879458427429 48 0.5768163204193115 0.13790006935596466 -0.8051499724388123
1830 -237  251 36.172022 41.232827 -8.985162734985352 0.7445363402366638 47 0.5317456126213074 0.1277785301208496 -0.8372092247009277
1831 -249  239 36.024647 41.116221 -6.9856438636779785 0.8657045960426331 45 0.5171387791633606 0.1267736405134201 -0.8464608192443848
1832 -237  239 36.172389 41.119113 -8.133757591247559 0.5854892134666443 46 0.5289439558982849 0.1301175206899643 -0.8386225700378418
1833 -118  -79 37.645776 38.276989 -3.0819592475891113 0.7837537527084351 44 0.5916377305984497 0.14023278653621674 -0.7939140796661377
1834 -168  120 37.026843 40.067347 0.3487083613872528 0.6805930137634277 45 0.5760324597358704 0.1385803073644638 -0.805594265460968
1835 -143  120 37.315998 40.071797 0.3690551221370697 0.763300359249115 41 0.5964900255203247 0.14415104687213898 -0.789569616317749
1836 -112  164 37.676372 40.474672 -6.886888027191162 0.6499624848365784 45 0.6267142295837402 0.1499079465866089 -0.7646939754486084
1837  -99  175 37.825341 40.574545 -8.288248062133789 0.7590301632881165 46 0.6368783116340637 0.154983788728714 -0.7552258372306824
1838  -80 -111 38.086988 37.991844 -3.8254566192626953 0.589032769203186 45 0.6179094314575195 0.14632770419120789 -0.7725128531455994
1839  -79 -111 38.100051 37.995279 -4.816745281219482 0.45122721791267395 41 0.6188189387321472 0.14664314687252045 -0.7717246413230896
1840  -78 -111 38.108881 37.995378 -4.30555534362793 0.32983753085136414 49 0.6194343566894531 0.14671936631202698 -0.7712162733078003
1841  -79 -111 38.100197 37.988138 -3.644414186477661 0.21918416023254395 46 0.6188260316848755 0.14620384573936462 -0.7718023061752319
1842  -78 -111 38.108963 37.988331 -3.9825375080108643 0.12859617173671722 39 0.6194499135017395 0.14628835022449493 -0.7712856531143188
1843  -80 -112 38.082534 37.981210 -4.2472333908081055 0.6089111566543579 44 0.6175838112831116 0.1456340104341507 -0.7729042768478394
1844  -79 -112 38.091313 37.981145 -6.0224504470825195 0.9133355617523193 36 0.618199348449707 0.14570002257823944 -0.7723996043205261
1845  -80 -113 38.082631 37.974037 -3.3221499919891357 0.4816882610321045 42 0.6175910234451294 0.14519338309764862 -0.7729814052581787
1846  -79 -113 38.091393 37.974377 -4.509316921234131 0.6869059205055237 44 0.6182093024253845 0.14528483152389526 -0.7724698185920715
1847  -78 -112 38.101122 37.981333 -5.256161689758301 0.78941410779953 46 0.6188845038414001 0.14578938484191895 -0.7718338966369629
1848  -78 -112 38.109222 37.981412 -4.018346309661865 0.2345036119222641 44 0.6194483637809753 0.14585860073566437 -0.7713683247566223
1849  -79 -113 38.100534 37.974128 -5.1142449378967285 0.5070481896400452 42 0.6188519597053528 0.14534322917461395 -0.7719440460205078
1850  -77 -111 38.117837 37.995260 -4.457372188568115 0.47922053933143616 43 0.6200637817382812 0.14678457379341125 -0.7706978917121887
1851  -76 -111 38.126642 37.995411 -3.826529026031494 0.6107847690582275 45 0.6206815838813782 0.1468656063079834 -0.7701849937438965
1852  -77 -111 38.118154 37.988472 -4.045668601989746 0.14164391160011292 39 0.6200881600379944 0.14636942744255066 -0.7707571983337402
1853  -76 -111 38.126805 37.988380 -4.360246181488037 0.2211318463087082 42 0.620668888092041 0.14642645418643951 -0.770278811454773
1854  -75 -111 38.135728 37.995520 -3.4974474906921387 0.30436405539512634 39 0.6213399767875671 0.14695045351982117 -0.7696377635002136
1855  -75 -111 38.144748 37.995674 -3.438957452774048 0.3205671012401581 42 0.6219750642776489 0.14703311026096344 -0.769108772277832
1856  -75 -111 38.135474 37.988573 -4.335257053375244 0.5381805300712585 37 0.6212572455406189 0.14650367200374603 -0.7697896361351013
1857  -75 -111 38.144656 37.988556 -4.5933403968811035 0.6518479585647583 42 0.6218896508216858 0.1465739756822586 -0.7692654728889465
1858  -77 -112 38.117850 37.981276 -4.1776814460754395 0.2720986008644104 44 0.6200458407402039 0.1459171175956726 -0.7708770036697388
1859  -80 -114 38.082545 37.967071 -3.5693881511688232 0.3087159991264343 42 0.6175892949104309 0.14476430416107178 -0.7730632424354553
1860 -122 -132 37.605273 37.800726 -5.714573860168457 0.15500111877918243 33 0.579872727394104 0.13997788727283478 -0.8025919795036316
1861 -122 -132 37.614390 37.800678 -5.5888495445251465 0.13375596702098846 29 0.5805658102035522 0.14006419479846954 -0.8020756840705872
1862 -121 -129 37.622867 37.821690 -5.738935947418213 0.2749577760696411 21 0.5811842679977417 0.1413814127445221 -0.801396369934082
1863 -120 -129 37.632079 37.821834 -6.27826452255249 0.32144784927368164 43 0.5818838477134705 0.1414802521467209 -0.8008710741996765
1864 -121 -130 37.623280 37.814579 -5.78240966796875 0.13201607763767242 48 0.5812578201293945 0.14097560942173004 -0.8014145493507385
1865 -120 -130 37.632005 37.814944 -5.628363609313965 0.12206201255321503 43 0.5818952918052673 0.14107686281204224 -0.8009339570999146
1866 -119 -129 37.640686 37.821837 -5.459863185882568 0.504765510559082 44 0.5825240612030029 0.14156293869018555 -0.8003909587860107
1867 -118 -129 37.649464 37.821963 -4.909705638885498 0.3140329420566559 40 0.5832249522209167 0.1416652947664261 -0.799862265586853
1868 -119 -130 37.640652 37.815129 -5.723482608795166 0.1252533197402954 36 0.5825431942939758 0.14117024838924408 -0.8004463911056519
1869 -121 -131 37.623276 37.807692 -5.780968189239502 0.05787802115082741 41 0.5812286734580994 0.1405618041753769 -0.801508367061615
1870 -120 -131 37.632225 37.807816 -5.9686970710754395 0.12431958317756653 39 0.5818710327148438 0.14064708352088928 -0.8010271787643433
1871  -30  -97 38.651109 38.117379 -6.410224914550781 0.8598818182945251 45 0.6558408737182617 0.15463370084762573 -0.7388918399810791
1872  -29  -98 38.659381 38.116362 -7.617048263549805 0.9148268699645996 46 0.6562308669090271 0.15457560122013092 -0.7385576963424683
1873  -29  -97 38.669224 38.125241 -6.557049751281738 1.4522478580474854 49 0.6567756533622742 0.15523992478847504 -0.7379338145256042
1874  -28  -96 38.676410 38.126295 -4.215811252593994 0.47966739535331726 45 0.6571878790855408 0.15534569323062897 -0.7375444769859314
1875  -29  -97 38.667287 38.118316 -5.44999361038208 0.8852322697639465 60 0.656686007976532 0.15474702417850494 -0.7381170988082886
1876  -28  -98 38.679808 38.116422 -4.051100730895996 0.8122696280479431 37 0.6576231718063354 0.15471743047237396 -0.7372884750366211
1877  -26  -96 38.695353 38.132098 -4.804159164428711 0.2601383626461029 64 0.6584383845329285 0.15587352216243744 -0.7363166809082031
1878  -25  -95 38.712994 38.139028 -4.729469299316406 0.3617653548717499 57 0.6594590544700623 0.15644104778766632 -0.7352822422981262
1879  -25  -96 38.704452 38.132216 -4.301546096801758 0.2197614461183548 43 0.6590409278869629 0.15593890845775604 -0.7357636094093323
1880  -25  -96 38.713301 38.132167 -4.4450507164001465 0.2448088526725769 35 0.6596074104309082 0.15598657727241516 -0.7352457046508789
1881  -27  -97 38.687247 38.125135 -4.464636325836182 0.566270649433136 38 0.6580471992492676 0.15536455810070038 -0.7367739081382751
1882  -26  -97 38.695656 38.125011 -4.931970596313477 0.2166714072227478 31 0.6585966348648071 0.15540571510791779 -0.7362741231918335
1883  -27  -97 38.686824 38.117874 -4.3521342277526855 0.5243342518806458 31 0.658092737197876 0.15486465394496918 -0.7368384003639221
1884  -26  -97 38.695618 38.118079 -4.708148002624512 0.23280970752239227 38 0.6586422920227051 0.15492579340934753 -0.7363343834877014
1885  -25  -97 38.704119 38.124896 -4.732450008392334 0.2600747048854828 33 0.6591042280197144 0.15543809533119202 -0.7358129024505615
1886  -25  -97 38.713187 38.125192 -4.335453510284424 0.25584277510643005 35 0.6596673130989075 0.15550653636455536 -0.7352936267852783
1887  -25  -97 38.704380 38.118216 -4.854100704193115 0.33585119247436523 30 0.6591455340385437 0.15497121214866638 -0.735874354839325
1888  -25  -97 38.713394 38.117749 -4.396975517272949 0.1875459998846054 32 0.6596949100494385 0.1549835354089737 -0.7353793382644653
1889  -22  -92 38.748762 38.167382 -2.95451283454895 0.16401267051696777 27 0.6615105867385864 0.15860623121261597 -0.7329719662666321
1890  -22  -93 38.739873 38.160234 -3.133013963699341 0.2074349969625473 30 0.6609634160995483 0.1580512374639511 -0.7335851788520813
1891  -22  -93 38.748764 38.160212 -3.3269662857055664 0.19038046896457672 37 0.6615515351295471 0.15810588002204895 -0.7330430746078491
1892  -23  -93 38.731068 38.153339 -3.8162648677825928 0.25833964347839355 39 0.660479724407196 0.1575293242931366 -0.7341328859329224
1893  -23  -94 38.731370 38.146231 -4.348048686981201 0.17604035139083862 42 0.6605831980705261 0.15704642236232758 -0.7341431975364685
1894  -22  -93 38.739915 38.153332 -3.807130813598633 0.20660899579524994 49 0.6610514521598816 0.1575811505317688 -0.7336068749427795
1895  -22  -93 38.748755 38.153264 -4.027224063873291 0.30558836460113525 44 0.6615857481956482 0.15761998295783997 -0.733116865158081
1896  -22  -94 38.739790 38.146297 -4.1469011306762695 0.1742774397134781 51 0.661091685295105 0.1570923924446106 -0.7336755394935608
1897  -22  -94 38.748862 38.146476 -4.372074604034424 0.17197304964065552 50 0.6616219282150269 0.15714484453201294 -0.7331861853599548
1898  -21  -92 38.757691 38.167371 -3.0946197509765625 0.17586654424667358 58 0.6620785593986511 0.15865583717823029 -0.7324482202529907
1899  -20  -92 38.766778 38.167574 -3.5654420852661133 0.35027578473091125 56 0.6626144647598267 0.1587124615907669 -0.7319511771202087
1900  -21  -93 38.757723 38.160435 -3.3542397022247314 0.18285487592220306 68 0.6621178984642029 0.15817221999168396 -0.7325172424316406
1901  -20  -93 38.766535 38.160626 -3.9194581508636475 0.2381095588207245 51 0.6626448035240173 0.15822833776474 -0.7320284843444824
1902  -19  -92 38.779553 38.164235 -3.748795509338379 0.6880877017974854 62 0.6633701920509338 0.15853455662727356 -0.7313048839569092
1903  -20  -94 38.762059 38.149861 -3.7805562019348145 0.29833754897117615 52 0.6623995900154114 0.15744587779045105 -0.7324190139770508
1904  -19  -94 38.779822 38.149829 -3.7201249599456787 0.5676715970039368 56 0.6635295152664185 0.15754467248916626 -0.7313742637634277
1905  -24  -95 38.722161 38.139259 -4.515354156494141 0.3302585482597351 63 0.660064697265625 0.156514972448349 -0.7347227931022644
1906  -23  -95 38.731502 38.139271 -4.857632160186768 0.11476929485797882 50 0.6606501340866089 0.15656593441963196 -0.7341855764389038
1907  -24  -96 38.722074 38.132065 -4.787653923034668 0.397652268409729 233 0.660152792930603 0.15602535009384155 -0.7347478270530701
1908  -23  -96 38.731016 38.132174 -4.757156848907471 0.2112034559249878 46 0.6606996655464172 0.15607821941375732 -0.7342448830604553
1909  -22  -95 38.744725 38.135927 -4.886453151702881 0.24022841453552246 51 0.6614850759506226 0.1564016193151474 -0.7334685325622559
1910  -23  -97 38.726631 38.121740 -4.666528224945068 0.2609885036945343 45 0.6604779362678528 0.155326247215271 -0.734603762626648
1911  -22  -97 38.744381 38.121835 -4.599963665008545 0.24129261076450348 47 0.6615849137306213 0.15542741119861603 -0.73358553647995
1912  -20  -96 38.770853 38.128618 -4.5894975662231445 0.36166128516197205 42 0.6631457209587097 0.1560285985469818 -0.7320470809936523
1913  -30  -98 38.650516 38.112200 -6.1502180099487305 0.4099637567996979 50 0.6557745933532715 0.15425723791122437 -0.7390294075012207
1914  -29  -98 38.660391 38.111800 -4.953989505767822 1.3722354173660278 48 0.6563218235969543 0.15426544845104218 -0.7385417222976685
1915  -30  -99 38.647546 38.102050 -6.55938196182251 0.28043049573898315 47 0.6556897759437561 0.15354794263839722 -0.7392523288726807
1916  -29  -99 38.662464 38.104691 -4.777477264404297 1.5077323913574219 34 0.656543493270874 0.15379498898983002 -0.7384428381919861
1917  -28  -99 38.675176 38.105495 -4.655084133148193 0.6810535788536072 23 0.6574653387069702 0.15394967794418335 -0.7375898957252502
1918 -187  151 36.798577 40.343791 -0.8209900856018066 0.6913363337516785 30 0.5632824897766113 0.13744208216667175 -0.814752995967865
1919 -199  139 36.653224 40.231163 -0.2995719015598297 0.48414716124534607 6 0.550855815410614 0.13215278089046478 -0.8240712881088257
1920 -187  139 36.797760 40.232965 -0.5656818151473999 0.7046493887901306 24 0.5618051290512085 0.1353192776441574 -0.8161272406578064
