Number xind yind east north data err wgt Elos Nlos Ulos
********************************************************
   0   -8  -83 38.904479 38.246458 -3.4851293563842773 0.1423245668411255 55 -0.650587260723114 0.15541964769363403 -0.7433578968048096
   1   -7  -83 38.913397 38.246491 -2.8390257358551025 0.21032580733299255 49 -0.6501014232635498 0.1552204042673111 -0.7438244819641113
   2   -8  -84 38.904565 38.239377 -3.462367057800293 0.1270102858543396 49 -0.6503421664237976 0.15584397315979004 -0.7434835433959961
   3   -7  -84 38.913443 38.239303 -3.370483636856079 0.28074225783348083 51 -0.6498355269432068 0.15564733743667603 -0.7439674735069275
   4   -6  -84 38.927100 38.242884 -3.5014753341674805 0.4569566547870636 214 -0.649210512638092 0.15512917935848236 -0.7446211576461792
   5   -7  -85 38.909069 38.228636 -4.101984977722168 0.4024396538734436 225 -0.6499003767967224 0.1564306914806366 -0.7437465786933899
   6   -6  -85 38.926627 38.229365 -3.4057610034942627 0.4545545279979706 176 -0.6489359140396118 0.1559906154870987 -0.7446804642677307
   7   -4  -84 38.952642 38.235918 -2.7333877086639404 0.35828620195388794 677 -0.6476925015449524 0.1545591801404953 -0.7460602521896362
   8   -7  -87 38.916355 38.207905 -3.5401737689971924 0.6307682991027832 685 -0.6491429805755615 0.1571696698665619 -0.7442519664764404
   9   -4  -87 38.952886 38.208629 -2.486701726913452 0.3643277883529663 569 -0.6485258936882019 0.14993393421173096 -0.7462800741195679
  10   57  -40 39.662349 38.635230 -8.2216215133667 0.5700460076332092 1883 -0.6079637408256531 0.1402488797903061 -0.7814795970916748
  11   59  -40 39.680303 38.635133 -8.276753425598145 0.4397256374359131 159 -0.6067897081375122 0.13983474671840668 -0.7824656367301941
  12   57  -41 39.662343 38.621569 -7.381627559661865 0.23814430832862854 174 -0.6077447533607483 0.14099912345409393 -0.7815148830413818
  13   59  -41 39.680255 38.621319 -7.96030855178833 0.41428953409194946 157 -0.60650634765625 0.14057809114456177 -0.7825521230697632
  14   54  -43 39.625489 38.607901 -7.466911315917969 0.6427999138832092 189 -0.6100055575370789 0.14263220131397247 -0.7794545292854309
  15   56  -43 39.644752 38.607886 -7.279139518737793 0.4339791536331177 179 -0.6086448431015015 0.14215651154518127 -0.7806042432785034
  16   54  -44 39.621564 38.596485 -6.919872760772705 0.3943336009979248 152 -0.6100913286209106 0.14335672557353973 -0.7792544364929199
  17   54  -44 39.630050 38.596729 -6.565549373626709 0.36156803369522095 44 -0.6095053553581238 0.1431356966495514 -0.7797534465789795
  18   54  -45 39.621557 38.590099 -7.088715553283691 0.49784085154533386 33 -0.6097918748855591 0.14366291463375092 -0.7794324159622192
  19   54  -45 39.630419 38.589745 -7.917019367218018 0.535861074924469 41 -0.6092063784599304 0.14347341656684875 -0.7799250483512878
  20   55  -44 39.639606 38.596466 -6.305718898773193 0.23335100710391998 46 -0.6087345480918884 0.14289210736751556 -0.7803999185562134
  21   56  -44 39.648489 38.596699 -6.582273960113525 0.4766691029071808 37 -0.6080543994903564 0.1426464468240738 -0.7809749245643616
  22   55  -45 39.638853 38.589719 -6.5691914558410645 0.6100746393203735 35 -0.6086358428001404 0.14327138662338257 -0.7804074287414551
  23   56  -45 39.648144 38.589644 -5.780862331390381 0.18637722730636597 28 -0.6078989505767822 0.14302664995193481 -0.7810264825820923
  24   57  -43 39.657422 38.610689 -6.836240291595459 0.18381807208061218 30 -0.6079228520393372 0.1417185664176941 -0.7812462449073792
  25   58  -43 39.666636 38.609929 -6.675435543060303 0.1441507190465927 25 -0.6071531176567078 0.14150899648666382 -0.7818825840950012
  26   57  -43 39.657330 38.603409 -6.7565789222717285 0.11177652329206467 24 -0.6075411438941956 0.14205896854400635 -0.7814813256263733
  27   57  -43 39.665813 38.603536 -6.883962631225586 0.0971226692199707 34 -0.6069684028625488 0.14184768497943878 -0.7819646000862122
  28   58  -42 39.675312 38.610878 -6.813469409942627 0.12334287911653519 45 -0.606502890586853 0.14123031497001648 -0.7824374437332153
  29   59  -43 39.684484 38.610507 -7.162854194641113 0.2745474576950073 38 -0.605835497379303 0.14102135598659515 -0.7829919457435608
  30   58  -43 39.675796 38.603527 -6.7966227531433105 0.12578250467777252 46 -0.6062257885932922 0.14159329235553741 -0.7825865745544434
  31   59  -43 39.684608 38.603592 -6.5816521644592285 0.18946312367916107 34 -0.6055871844291687 0.1413678228855133 -0.7831215262413025
  32   57  -44 39.657487 38.596585 -6.37564754486084 0.364122599363327 43 -0.6073533892631531 0.14241473376750946 -0.7815625071525574
  33   58  -44 39.666571 38.596944 -6.30574369430542 0.25943487882614136 37 -0.6066707372665405 0.14215919375419617 -0.782139003276825
  34   57  -45 39.657721 38.589281 -5.4661054611206055 0.1000814139842987 41 -0.6071115136146545 0.1427849382162094 -0.7816828489303589
  35   58  -44 39.675429 38.596607 -6.1606764793396 0.13463369011878967 23 -0.6060280799865723 0.1419556736946106 -0.7826740145683289
  36   59  -44 39.684233 38.596449 -6.177322864532471 0.11838037520647049 32 -0.6053845882415771 0.14174211025238037 -0.7832104563713074
  37    9  -72 39.113426 38.346814 -4.482062339782715 0.4487327039241791 37 -0.6396672129631042 0.14858993887901306 -0.7541531324386597
  38    9  -73 39.104965 38.337360 -3.2107980251312256 0.5519325137138367 36 -0.6400837302207947 0.14933063089847565 -0.7536532282829285
  39    9  -73 39.108819 38.337965 -2.8891241550445557 0.44356831908226013 38 -0.6398059725761414 0.14919744431972504 -0.7539154291152954
  40    4  -75 39.056209 38.323880 -3.2863264083862305 0.1886104792356491 43 -0.6426728963851929 0.15115951001644135 -0.7510808110237122
  41    6  -74 39.074562 38.331039 -3.6284894943237305 0.29808419942855835 40 -0.6417508721351624 0.15035545825958252 -0.7520300149917603
  42    5  -75 39.065278 38.323881 -3.5152339935302734 0.19160842895507812 41 -0.6421545743942261 0.15096257627010345 -0.7515636086463928
  43    6  -75 39.074134 38.323825 -3.410323143005371 0.1826164871454239 15 -0.6416655778884888 0.15077780187129974 -0.75201815366745
  44    4  -75 39.047473 38.316751 -3.249058723449707 0.1462724804878235 12 -0.6430301070213318 0.15174975991249084 -0.7506559491157532
  45    4  -75 39.056313 38.316903 -3.168440818786621 0.1019207090139389 29 -0.6425473093986511 0.15155400335788727 -0.7511087656021118
  46    4  -76 39.047280 38.309787 -3.1611835956573486 0.16117557883262634 13 -0.6428970098495483 0.15214434266090393 -0.7506901025772095
  47    4  -76 39.056373 38.309888 -3.1979541778564453 0.21004311740398407 17 -0.6423922181129456 0.1519438773393631 -0.7511626482009888
  48    5  -75 39.065411 38.316892 -4.079854488372803 0.4691846966743469 38 -0.6420277953147888 0.1513565480709076 -0.7515926361083984
  49    6  -75 39.073741 38.316943 -4.587962627410889 0.6386374831199646 36 -0.6415871381759644 0.1511811465024948 -0.752004086971283
  50    5  -76 39.065121 38.309887 -4.38187313079834 0.4180651903152466 40 -0.6419362425804138 0.15176424384117126 -0.7515886425971985
  51    6  -76 39.074016 38.309867 -5.530158996582031 0.31053370237350464 40 -0.6414623260498047 0.1515800803899765 -0.7520303130149841
  52    7  -74 39.082782 38.330657 -3.8446052074432373 0.24046656489372253 40 -0.6413022875785828 0.1502056121826172 -0.7524424195289612
  53    7  -74 39.089373 38.329494 -3.626296281814575 0.14162707328796387 43 -0.6409000754356384 0.1501278132200241 -0.7528006434440613
  54    7  -75 39.083002 38.324088 -4.1608381271362305 0.527259886264801 35 -0.6411874890327454 0.15057601034641266 -0.7524662613868713
  55    7  -75 39.091080 38.323118 -4.2162766456604 0.6174078583717346 49 -0.6407290101051331 0.15046042203903198 -0.7528798580169678
  56    9  -74 39.111773 38.331703 -1.9874852895736694 0.17208465933799744 47 -0.6394703388214111 0.1494750678539276 -0.7541452050209045
  57    8  -75 39.098715 38.322495 -2.2836153507232666 0.42035529017448425 21 -0.6402718424797058 0.1503281146287918 -0.7532950639724731
  58    9  -75 39.111589 38.323499 -1.7984366416931152 0.4006194770336151 31 -0.6392976641654968 0.14993278682231903 -0.7542006969451904
  59    7  -76 39.087084 38.314141 -4.3026299476623535 1.1662685871124268 3 -0.6408228874206543 0.15106110274791718 -0.7526795864105225
  60    9  -75 39.106796 38.317016 -2.060818672180176 1.0940979719161987 9 -0.639543890953064 0.1504233032464981 -0.7538942694664001
  61   13  -55 39.150313 38.503095 -6.477254390716553 0.45099782943725586 4 -0.6395279765129089 0.1493181586265564 -0.7541273832321167
  62   17  -53 39.203652 38.517123 -6.960289001464844 0.7448539733886719 3 -0.6365526914596558 0.14733454585075378 -0.7570291757583618
  63   20  -53 39.240547 38.516766 -7.409298419952393 0.37403246760368347 16 -0.6342776417732239 0.14652250707149506 -0.7590935826301575
  64   17  -56 39.204576 38.489073 -7.136760234832764 0.721266508102417 47 -0.6357786655426025 0.14884227514266968 -0.7573846578598022
  65   20  -56 39.239811 38.488950 -7.216362953186035 0.4985993504524231 52 -0.6336460709571838 0.14805909991264343 -0.7593228220939636
  66   11  -59 39.132168 38.461019 -6.559359550476074 0.48467153310775757 46 -0.6396570801734924 0.15205323696136475 -0.7534710764884949
  67   14  -59 39.168938 38.461077 -6.610434532165527 0.7142103314399719 50 -0.6373895406723022 0.15121027827262878 -0.7555594444274902
  68   11  -62 39.132475 38.433274 -6.520500183105469 0.4873710870742798 54 -0.6389895677566528 0.15357917547225952 -0.753727912902832
  69   13  -62 39.158846 38.439846 -5.69496488571167 0.37994295358657837 55 -0.637563169002533 0.15262319147586823 -0.7551287412643433
  70   15  -62 39.177100 38.440060 -6.690967559814453 0.5972806215286255 57 -0.6364292502403259 0.15218985080718994 -0.7561720013618469
  71   13  -63 39.159333 38.425914 -5.9282660484313965 0.6278597712516785 51 -0.6371337175369263 0.1533627063035965 -0.7553412914276123
  72   15  -63 39.176804 38.425945 -7.023259162902832 0.792085587978363 52 -0.6360647678375244 0.1529615819454193 -0.7563229203224182
  73   17  -59 39.204475 38.460870 -6.866303443908691 0.6975646615028381 54 -0.6351816058158875 0.15040834248065948 -0.7575761675834656
  74   20  -59 39.231043 38.467991 -7.493528366088867 0.3588903248310089 54 -0.6336736679077148 0.14940319955348969 -0.7590365409851074
  75   21  -59 39.248802 38.467683 -7.63778829574585 0.4085547924041748 59 -0.6326258778572083 0.14902842044830322 -0.7599835395812988
  76   20  -60 39.231520 38.454111 -7.42488431930542 0.38560518622398376 50 -0.6333836317062378 0.1501690149307251 -0.7591274380683899
  77   21  -60 39.248130 38.454334 -7.151576995849609 0.7141037583351135 54 -0.6324158310890198 0.14978989958763123 -0.760008692741394
  78   17  -62 39.194991 38.439923 -7.409997940063477 0.7132017612457275 56 -0.6353766918182373 0.15180058777332306 -0.7571347951889038
  79   18  -62 39.212653 38.440485 -6.128542423248291 0.6146841645240784 56 -0.6342968940734863 0.15136484801769257 -0.7581267356872559
  80   16  -63 39.190363 38.429427 -7.647252082824707 0.5617238879203796 50 -0.6353446841239929 0.1524670422077179 -0.7570277452468872
  81   17  -63 39.199626 38.429375 -7.699349880218506 0.6018298268318176 11 -0.6348002552986145 0.15226411819458008 -0.7575251460075378
  82   16  -64 39.190308 38.422295 -7.384104251861572 0.6229724884033203 53 -0.6351341605186462 0.15284942090511322 -0.7571272850036621
  83   17  -64 39.199384 38.422513 -5.923880577087402 0.39161521196365356 35 -0.6346107125282288 0.15263698995113373 -0.7576088309288025
  84   18  -63 39.208061 38.429225 -6.19895076751709 0.6670628190040588 6 -0.6342984437942505 0.1520846039056778 -0.7579813599586487
  85   18  -63 39.217327 38.429378 -5.649919033050537 0.16163323819637299 11 -0.633653998374939 0.15184591710567474 -0.7585680484771729
  86   18  -64 39.208361 38.422107 -5.774675369262695 0.14160993695259094 15 -0.6340242624282837 0.15244752168655396 -0.7581378817558289
  87   18  -64 39.217441 38.422398 -5.450283527374268 0.14819179475307465 184 -0.6334452033042908 0.15221716463565826 -0.7586680054664612
  88  -36  -95 38.584001 38.140640 -4.86698055267334 0.20206351578235626 20 -0.6687132120132446 0.15800979733467102 -0.7265366911888123
  89  -35  -95 38.592739 38.140466 -4.487258434295654 0.11720086634159088 2998 -0.6681730151176453 0.15781469643115997 -0.7270758748054504
  90  142  -19 40.644530 38.815362 -4.381700038909912 0.6973884701728821 682 -0.5362740159034729 0.12843115627765656 -0.834215521812439
  91  145  -19 40.680414 38.814744 -5.044684410095215 0.7086744904518127 748 -0.533435046672821 0.12746524810791016 -0.8361815810203552
  92  135  -21 40.558396 38.799197 -4.358118534088135 0.32862547039985657 741 -0.5424866676330566 0.13172045350074768 -0.8296734094619751
  93  136  -21 40.567395 38.799075 -4.667782306671143 0.2259453684091568 791 -0.5417786836624146 0.13147486746311188 -0.8301748633384705
  94  135  -21 40.558380 38.792312 -4.764832496643066 0.333946168422699 779 -0.5422556400299072 0.13209758698940277 -0.8297644853591919
  95  136  -21 40.567733 38.791635 -5.048499584197998 0.15089040994644165 779 -0.5415058135986328 0.13187278807163239 -0.8302897214889526
  96  136  -21 40.576685 38.798831 -4.797680377960205 0.1379484087228775 758 -0.5410562753677368 0.13123054802417755 -0.8306844830513
  97  137  -21 40.585530 38.798815 -4.537808895111084 0.14588980376720428 178 -0.5403733849525452 0.1309862732887268 -0.8311673998832703
  98  136  -21 40.576177 38.792009 -4.790445327758789 0.3779723048210144 200 -0.5408785343170166 0.13162066042423248 -0.8307384848594666
  99  137  -21 40.585343 38.791855 -4.250595569610596 0.21935175359249115 182 -0.5401589870452881 0.13137288391590118 -0.8312457203865051
 100  135  -22 40.558255 38.785113 -4.748867511749268 0.18919481337070465 189 -0.5420234203338623 0.13249434530735016 -0.8298529386520386
 101  136  -22 40.567146 38.785065 -4.6942243576049805 0.1549750715494156 740 -0.5413413643836975 0.1322505623102188 -0.83033686876297
 102  135  -23 40.557893 38.778149 -4.75703239440918 0.5066078305244446 199 -0.5418180823326111 0.13288532197475433 -0.8299245238304138
 103  136  -23 40.567157 38.778943 -5.476400375366211 0.569920539855957 205 -0.5411227941513062 0.13258181512355804 -0.8304265141487122
 104  137  -22 40.580869 38.782186 -4.68813943862915 0.7013678550720215 201 -0.5401638746261597 0.13202035427093506 -0.8311399817466736
 105  139  -22 40.607816 38.788122 -4.34458589553833 0.44331711530685425 179 -0.5382531881332397 0.13094037771224976 -0.8325492143630981
 106  135  -24 40.561953 38.767156 -4.090979099273682 0.5488849878311157 213 -0.5411311388015747 0.1333714723587036 -0.8302946090698242
 107  137  -24 40.580374 38.766909 -4.294711589813232 0.5265243649482727 155 -0.539686381816864 0.1328662484884262 -0.8313153386116028
 108  135  -26 40.561967 38.753278 -3.9859774112701416 0.13710220158100128 51 -0.5415766835212708 0.13040010631084442 -0.8304760456085205
 109  137  -26 40.580291 38.753116 -4.33831787109375 0.3581305146217346 53 -0.5397391319274902 0.13168534636497498 -0.8314689993858337
 110  139  -25 40.606186 38.759889 -4.641961574554443 0.32698801159858704 49 -0.5375267863273621 0.13246572017669678 -0.832777202129364
 111  144  -23 40.660876 38.773848 -4.450161457061768 0.4660530388355255 43 -0.5337300300598145 0.13025222718715668 -0.8355636596679688
 112  153  -20 40.768815 38.803455 -4.142385005950928 0.6759282350540161 42 -0.5261335968971252 0.1256193220615387 -0.841072678565979
 113  166   -8 40.918089 38.908938 -4.07673978805542 0.578810453414917 38 -0.5154270529747009 0.12421537190675735 -0.8478829264640808
 114   87   51 40.020686 39.456323 -4.8879594802856445 0.779504656791687 45 -0.5952908992767334 0.1425924152135849 -0.7907567620277405
 115   93   52 40.080750 39.466447 -5.0278825759887695 1.177584171295166 39 -0.5910494923591614 0.14320999383926392 -0.7938207983970642
 116  113   69 40.317821 39.622426 -2.3013741970062256 1.2711552381515503 46 -0.5771554708480835 0.13538531959056854 -0.8053337335586548
 117  -29  -90 38.659405 38.186405 -3.999626398086548 0.13522130250930786 39 -0.6658043265342712 0.15347857773303986 -0.7301704287528992
 118  -28  -90 38.677256 38.186286 -4.29102897644043 0.1337830126285553 576 -0.6646965146064758 0.15306644141674042 -0.7312654852867126
 119  -29  -91 38.659244 38.172117 -4.002706527709961 0.10060210525989532 638 -0.665412962436676 0.15437360107898712 -0.7303385138511658
 120  -28  -91 38.672967 38.175815 -4.170297145843506 0.05785459652543068 34 -0.6646700501441956 0.15382049977779388 -0.7311313152313232
 121  -27  -91 38.681696 38.175822 -4.078503608703613 0.04826856404542923 32 -0.6641362309455872 0.1536155641078949 -0.7316592931747437
 122  -28  -92 38.672692 38.168642 -3.8405888080596924 0.19489023089408875 34 -0.6644837260246277 0.15427376329898834 -0.7312052249908447
 123  -27  -92 38.681817 38.168651 -3.868830442428589 0.20591619610786438 36 -0.6639124751091003 0.15405642986297607 -0.7317696213722229
 124  -33  -93 38.619993 38.161440 -4.006124496459961 0.1070188656449318 44 -0.667428195476532 0.1559404730796814 -0.7281635403633118
 125  -32  -93 38.627734 38.161327 -3.859896183013916 0.15371577441692352 37 -0.6669716835021973 0.15577030181884766 -0.7286181449890137
 126  -33  -93 38.619492 38.154248 -4.483360767364502 0.20101140439510345 43 -0.6672199964523315 0.15639322996139526 -0.7282573580741882
 127  -32  -93 38.628685 38.154448 -4.644766807556152 0.26246941089630127 37 -0.6666673421859741 0.15616506338119507 -0.7288122177124023
 128  -31  -93 38.637155 38.161571 -3.7653210163116455 0.09619779884815216 36 -0.6664310097694397 0.15554088354110718 -0.7291616797447205
 129  -31  -93 38.645998 38.161576 -3.83711314201355 0.08619282394647598 39 -0.6659024953842163 0.15533608198165894 -0.7296879887580872
 130  -31  -93 38.637638 38.154581 -4.148797988891602 0.2417197972536087 38 -0.6661744117736816 0.1559586077928543 -0.7293068766593933
 131  -30  -93 38.646349 38.154599 -3.8162338733673096 0.0545281358063221 25 -0.6656671762466431 0.15575896203517914 -0.7298126220703125
 132  -33  -94 38.619410 38.147203 -4.521104335784912 0.07683169096708298 118 -0.6670425534248352 0.15683919191360474 -0.7283239364624023
 133  -32  -94 38.628636 38.147779 -4.772704124450684 0.29458558559417725 603 -0.6664561033248901 0.1565772294998169 -0.7289169430732727
 134  -31  -94 38.637386 38.147342 -4.613853931427002 0.4526481032371521 149 -0.665938675403595 0.15640516579151154 -0.7294265627861023
 135  -30  -92 38.655016 38.161746 -4.08258581161499 0.0840589851140976 151 -0.6653681993484497 0.1551164984703064 -0.7302219271659851
 136  -29  -93 38.664168 38.161624 -3.8769266605377197 0.05814306065440178 166 -0.6648061871528625 0.15491044521331787 -0.730777382850647
 137  -30  -93 38.655061 38.154478 -3.8533105850219727 0.10215701907873154 155 -0.6651379466056824 0.15556377172470093 -0.7303364872932434
 138  -29  -93 38.663746 38.154531 -3.666334390640259 0.07148785144090652 629 -0.6645886898040771 0.15535219013690948 -0.7308813333511353
 139  -28  -93 38.672933 38.161425 -3.6243324279785156 0.1430547535419464 2378 -0.6642467975616455 0.1547127664089203 -0.7313277125358582
 140  -27  -93 38.681922 38.161593 -3.7042510509490967 0.19106808304786682 8957 -0.6636810898780823 0.15448743104934692 -0.7318886518478394
 141  -39  -96 38.548084 38.133335 -4.419657230377197 0.7212624549865723 8788 -0.6707311272621155 0.15931938588619232 -0.7243874669075012
 142  -38  -96 38.557473 38.133180 -3.9545130729675293 0.5983932614326477 1566 -0.6702484488487244 0.1591307520866394 -0.7248753905296326
 143  -39  -96 38.547951 38.125879 -3.532782793045044 0.27653974294662476 1920 -0.6705981492996216 0.15980611741542816 -0.7244033217430115
 144  -38  -96 38.556078 38.125970 -3.2634880542755127 0.3267865777015686 2226 -0.6701715588569641 0.1596246212720871 -0.7248380184173584
 145  -38  -96 38.566144 38.133124 -3.727928876876831 0.5793429017066956 504 -0.6697198152542114 0.15893034636974335 -0.7254078388214111
 146  -37  -96 38.574378 38.133387 -3.4850964546203613 0.385161429643631 349 -0.6692256331443787 0.15872086584568024 -0.7259095907211304
 147  -38  -96 38.566181 38.125862 -2.8256585597991943 0.13423548638820648 983 -0.6695336699485779 0.15938915312290192 -0.7254789471626282
 148  -39  -97 38.548195 38.119012 -3.2157094478607178 0.3056471049785614 155 -0.6704050302505493 0.16023413836956024 -0.7244875431060791
 149  -36  -96 38.584094 38.132895 -4.269861698150635 0.4511137306690216 310 -0.6685413122177124 0.15850383043289185 -0.7265872359275818
 150   61  -46 39.710999 38.575004 -4.637258529663086 0.46747249364852905 2185 -0.6029154062271118 0.14219751954078674 -0.7850305438041687
 151   62  -46 39.719888 38.575119 -4.555069446563721 0.26250946521759033 175 -0.6023147702217102 0.141976460814476 -0.7855314612388611
 152   60  -47 39.692936 38.568281 -4.6815619468688965 0.2448120415210724 168 -0.6040550470352173 0.14300735294818878 -0.784006655216217
 153   61  -47 39.702187 38.568214 -4.28788948059082 0.11351675540208817 157 -0.6033903360366821 0.14277882874011993 -0.784559965133667
 154   60  -48 39.692740 38.561127 -4.435103893280029 0.15023306012153625 42 -0.6038920283317566 0.14338946342468262 -0.7840624451637268
 155   61  -48 39.701842 38.561151 -4.239792346954346 0.09020330011844635 43 -0.6032620072364807 0.1431642323732376 -0.7845884561538696
 156   61  -47 39.710923 38.568144 -4.235320091247559 0.11559595167636871 45 -0.6027728915214539 0.14256559312343597 -0.7850732207298279
 157   62  -47 39.719601 38.567987 -4.546277046203613 0.1332026869058609 43 -0.6021840572357178 0.14236412942409515 -0.7855615019798279
 158   61  -48 39.710800 38.561219 -4.10767126083374 0.17745088040828705 35 -0.6026461720466614 0.14294114708900452 -0.7851021885871887
 159   62  -48 39.719904 38.560917 -4.215597152709961 0.13978588581085205 30 -0.6019963026046753 0.14273034036159515 -0.7856389284133911
 160   64  -46 39.737940 38.581998 -3.938836097717285 0.25654277205467224 40 -0.6012755036354065 0.14118263125419617 -0.7864701747894287
 161   63  -46 39.728992 38.575030 -3.920175790786743 0.16385652124881744 45 -0.601693868637085 0.1417607069015503 -0.7860460877418518
 162   64  -46 39.737986 38.574855 -4.573969841003418 0.6013765335083008 40 -0.6011019349098206 0.14155763387680054 -0.786535382270813
 163   65  -46 39.746862 38.581856 -4.894799709320068 0.1466626226902008 40 -0.6006829142570496 0.14097870886325836 -0.7869593501091003
 164   65  -46 39.755567 38.582067 -4.728662014007568 0.16828295588493347 42 -0.60011887550354 0.14076252281665802 -0.7874283194541931
 165   65  -46 39.746777 38.575078 -5.329661846160889 0.2733611762523651 44 -0.6005563139915466 0.141344353556633 -0.7869904041290283
 166    0  -66 38.989516 38.404922 -6.342341423034668 0.5806611776351929 40 -0.6474931240081787 0.15542662143707275 -0.7460530996322632
 167    2  -66 39.024874 38.404678 -7.036571025848389 0.8124083876609802 41 -0.644949197769165 0.15652845799922943 -0.7480236291885376
 168    0  -69 38.989747 38.376623 -7.525540351867676 1.8130242824554443 38 -0.6481446027755737 0.15078717470169067 -0.7464394569396973
 169    1  -68 39.015841 38.384030 -6.442793369293213 0.36805546283721924 35 -0.6471196413040161 0.14885984361171722 -0.7477144002914429
 170    2  -68 39.034249 38.383705 -6.397637844085693 0.35074350237846375 46 -0.6460387706756592 0.14847655594348907 -0.748724639415741
 171    1  -69 39.016432 38.369791 -6.454470634460449 0.5486629605293274 42 -0.6467345952987671 0.1496351957321167 -0.7478928565979004
 172    2  -69 39.034127 38.369911 -5.3721113204956055 0.6203746795654297 44 -0.6456398367881775 0.14922714233398438 -0.7489194869995117
 173    5  -66 39.060760 38.405113 -7.416794776916504 0.610140323638916 40 -0.6426131129264832 0.15673616528511047 -0.7499880790710449
 174    7  -65 39.087558 38.411783 -7.106870651245117 0.5853648781776428 47 -0.6411662697792053 0.15577879548072815 -0.7514244914054871
 175    9  -65 39.105351 38.411959 -6.454216957092285 0.32181715965270996 37 -0.6400761008262634 0.1553599238395691 -0.7524399757385254
 176    7  -66 39.087524 38.397998 -7.488842010498047 0.6581794023513794 41 -0.6409030556678772 0.15655721724033356 -0.7514873147010803
 177    9  -66 39.105722 38.397775 -6.672558307647705 0.3183659315109253 39 -0.6397746205329895 0.156149223446846 -0.752532958984375
 178    4  -68 39.051672 38.383979 -6.644877910614014 0.6264092326164246 40 -0.6448797583580017 0.14866364002227783 -0.7496861219406128
 179    6  -68 39.070013 38.384025 -8.309386253356934 1.1528501510620117 40 -0.6433117389678955 0.15018437802791595 -0.7507294416427612
 180    4  -69 39.046991 38.372895 -4.311917304992676 0.9072743654251099 43 -0.6449324488639832 0.14877477288246155 -0.7496187686920166
 181    5  -69 39.057692 38.373982 -4.558922290802002 1.2764878273010254 46 -0.6441866159439087 0.14844739437103271 -0.7503246068954468
 182    4  -70 39.046707 38.366109 -6.154359340667725 0.7288090586662292 43 -0.6446828842163086 0.14913290739059448 -0.7497621774673462
 183    4  -70 39.056019 38.365955 -4.739192962646484 0.6888628005981445 41 -0.6440544128417969 0.14892040193080902 -0.7503443956375122
 184    5  -69 39.065286 38.373194 -7.634860038757324 1.126708745956421 43 -0.6436517834663391 0.14830881357192993 -0.7508108019828796
 185    6  -69 39.073669 38.373145 -8.602217674255371 1.3602186441421509 46 -0.643195390701294 0.14813557267189026 -0.751236081123352
 186    5  -70 39.065921 38.366389 -8.191099166870117 2.360966205596924 44 -0.6433388590812683 0.14864572882652283 -0.75101238489151
 187    6  -70 39.074060 38.365977 -8.658038139343262 2.025792360305786 44 -0.6428930163383484 0.14849965274333954 -0.7514230012893677
 188    7  -68 39.082833 38.387222 -7.0169878005981445 0.37774255871772766 49 -0.6416159272193909 0.15435220301151276 -0.751335084438324
 189    8  -68 39.091873 38.387127 -6.939914703369141 0.4890320897102356 53 -0.6407254338264465 0.15549346804618835 -0.7518595457077026
 190    7  -68 39.083032 38.380215 -8.233036041259766 0.5127158761024475 31 -0.6429504752159119 0.1475706249475479 -0.7515568137168884
 191    8  -68 39.091729 38.380362 -8.832731246948242 0.6613979935646057 36 -0.6424123048782349 0.14736494421958923 -0.7520571947097778
 192    8  -68 39.100863 38.387240 -6.896224498748779 0.3763475716114044 29 -0.6398321390151978 0.1567046195268631 -0.7523685693740845
 193    9  -68 39.110024 38.387332 -6.805108547210693 0.26354822516441345 34 -0.6392331719398499 0.15661947429180145 -0.7528952956199646
 194    8  -68 39.101014 38.380137 -9.666598320007324 1.060929775238037 42 -0.641742467880249 0.1476421356201172 -0.7525745630264282
 195    9  -68 39.109703 38.380202 -7.172215461730957 0.7192586660385132 29 -0.6408656239509583 0.14903941750526428 -0.7530461549758911
 196    7  -69 39.083893 38.373214 -6.640369892120361 1.46380615234375 32 -0.6425288915634155 0.14789332449436188 -0.7518538236618042
 197    8  -69 39.091953 38.373020 -9.489358901977539 0.8821303248405457 40 -0.6420278549194336 0.147722065448761 -0.7523154616355896
 198    8  -69 39.101088 38.373113 -10.725347518920898 1.0541456937789917 25 -0.641498327255249 0.14751742780208588 -0.7528071403503418
 199   -1  -71 38.979884 38.355935 -7.1119384765625 1.5678516626358032 31 -0.6483168005943298 0.15146774053573608 -0.7461519837379456
 200    0  -71 38.997436 38.355699 -5.521501064300537 0.9522529244422913 21 -0.6473655700683594 0.15080177783966064 -0.7471122145652771
 201   -2  -72 38.975808 38.345153 -4.701493263244629 0.244123637676239 27 -0.6482364535331726 0.15183021128177643 -0.7461481690406799
 202   -1  -72 38.984803 38.344989 -5.182881832122803 0.32816118001937866 36 -0.6476627588272095 0.151631161570549 -0.7466866970062256
 203   -2  -73 38.975427 38.337865 -4.148160934448242 0.20059071481227875 46 -0.6479931473731995 0.1522229015827179 -0.7462794184684753
 204   -1  -73 38.985147 38.338252 -5.0932416915893555 0.46436887979507446 37 -0.6473368406295776 0.15196415781974792 -0.7469015121459961
 205    0  -72 38.993102 38.345208 -5.350347518920898 0.18556714057922363 36 -0.6471967697143555 0.15143999457359314 -0.7471293807029724
 206    0  -72 39.003135 38.345024 -5.795553207397461 0.27461475133895874 45 -0.6465346813201904 0.15121346712112427 -0.7477481961250305
 207    0  -73 38.993703 38.338054 -5.1509199142456055 0.2474270462989807 40 -0.6468373537063599 0.15178878605365753 -0.7473697662353516
 208    0  -73 39.003437 38.338157 -5.464739799499512 0.4085589051246643 54 -0.6462014317512512 0.15155290067195892 -0.747967541217804
 209    1  -71 39.011619 38.359239 -4.757681846618652 0.8497535586357117 26 -0.6465529799461365 0.1502789407968521 -0.7479207515716553
 210    1  -71 39.020373 38.359024 -7.114858150482178 0.6476227641105652 44 -0.6460260152816772 0.15009619295597076 -0.7484127283096313
 211    0  -71 39.011039 38.351992 -4.372435569763184 0.34815576672554016 46 -0.6463367938995361 0.1506764143705368 -0.7480277419090271
 212    1  -71 39.020780 38.352197 -6.832479476928711 0.7632960081100464 45 -0.6456983089447021 0.15043367445468903 -0.7486277222633362
 213    2  -71 39.029215 38.359063 -4.223845481872559 0.9888633489608765 50 -0.6455275416374207 0.14990447461605072 -0.7488811016082764
 214    3  -71 39.039704 38.359717 -3.262099027633667 0.8260626196861267 40 -0.644783616065979 0.14960509538650513 -0.7495814561843872
 215    2  -71 39.029527 38.352053 -5.157101631164551 0.8952018022537231 7 -0.6452233791351318 0.15025931596755981 -0.7490721344947815
 216    3  -71 39.038581 38.351587 -3.866798162460327 0.6278887987136841 36 -0.644585132598877 0.15006478130817413 -0.7496602535247803
 217    0  -72 39.011282 38.344919 -5.05826997756958 0.3905218541622162 30 -0.6460509896278381 0.1510397344827652 -0.7482012510299683
 218    1  -72 39.021336 38.345160 -6.189579010009766 0.6462174654006958 5 -0.6453788876533508 0.15078428387641907 -0.7488325834274292
 219   -2  -74 38.975600 38.330939 -4.027402877807617 0.2177758514881134 16 -0.647737443447113 0.1525849848985672 -0.7464274764060974
 220   -1  -74 38.984795 38.330939 -4.40369987487793 0.2824152410030365 43 -0.6471065282821655 0.15236133337020874 -0.7470201849937439
 221  155   14 40.800317 39.119074 -4.749993324279785 0.43147963285446167 43 -0.5294095277786255 0.12816740572452545 -0.8386290669441223
 222  156   14 40.809789 39.119435 -5.2048444747924805 0.49903351068496704 45 -0.5286256670951843 0.12787021696567535 -0.8391687273979187
 223  155   14 40.799944 39.112456 -4.655512809753418 0.39348873496055603 43 -0.5292022824287415 0.1285291612148285 -0.8387044668197632
 224  156   13 40.808748 39.112072 -5.99771785736084 0.5189015865325928 44 -0.528483510017395 0.12829917669296265 -0.839192807674408
 225  157   16 40.818720 39.133371 -4.22139835357666 0.37744593620300293 45 -0.5284172892570496 0.12688125669956207 -0.8394500017166138
 226  158   16 40.827862 39.132848 -5.442782402038574 0.7741585373878479 45 -0.5276497006416321 0.12664659321308136 -0.8399680852890015
 227  157   15 40.818658 39.125767 -5.346710205078125 0.437235563993454 48 -0.5281537771224976 0.12728683650493622 -0.839554488658905
 228  157   15 40.827087 39.126316 -5.9441819190979 0.7333665490150452 45 -0.5274890065193176 0.1270170360803604 -0.8400131464004517
 229  158   16 40.836779 39.133016 -6.590768814086914 0.48277589678764343 38 -0.5269841551780701 0.12639681994915009 -0.8404234051704407
 230  157   14 40.818402 39.119475 -6.681369781494141 0.6259583830833435 42 -0.5279588103294373 0.1276291459798813 -0.8396251201629639
 231  -80 -118 38.087667 37.932955 -1.9500441551208496 0.1286548227071762 43 -0.6951216459274292 0.15907512605190277 -0.7010713219642639
 232  -79 -118 38.096396 37.933433 -1.7177921533584595 0.0938914343714714 45 -0.6946672201156616 0.15885792672634125 -0.7015708684921265
 233  -80 -118 38.087911 37.926090 -2.423654317855835 0.3766000270843506 53 -0.6948680281639099 0.15949712693691254 -0.7012268304824829
 234  -79 -118 38.096818 37.926561 -1.7641246318817139 0.07173161953687668 48 -0.6944293975830078 0.15928222239017487 -0.7017101049423218
 235  -78 -118 38.105411 37.933567 -2.6989340782165527 0.7554680109024048 47 -0.6942263841629028 0.15866315364837646 -0.702051043510437
 236  -77 -118 38.112761 37.933461 -3.4585204124450684 0.39816585183143616 52 -0.693950891494751 0.15853939950466156 -0.7023513317108154
 237  -78 -118 38.105247 37.926419 -2.503868341445923 0.3606398105621338 7 -0.6940052509307861 0.15911589562892914 -0.7021673321723938
 238  -77 -118 38.113411 37.926285 -2.753011465072632 0.2785813510417938 13 -0.6936538815498352 0.1589694619178772 -0.7025474905967712
 239  -79 -119 38.091102 37.915710 -3.0342507362365723 1.5804897546768188 35 -0.6944180727005005 0.16009318828582764 -0.7015367150306702
 240  -78 -119 38.109823 37.916266 -2.7511348724365234 1.4403098821640015 712 -0.6934345364570618 0.15965598821640015 -0.7026082873344421
 241  -87 -121 37.999614 37.904610 -3.0015485286712646 0.7479735016822815 778 -0.6991393566131592 0.16280384361743927 -0.696203351020813
 242  -87 -121 38.007612 37.904820 -2.1146111488342285 0.34003177285194397 790 -0.6987354755401611 0.16262272000312805 -0.696651041507721
 243  -87 -121 38.009637 37.898757 -2.697218179702759 0.3137539029121399 173 -0.6984837055206299 0.1629715859889984 -0.6968219876289368
 244  -88 -123 37.991285 37.884488 -0.47980180382728577 0.4388177692890167 190 -0.6990411877632141 0.16427594423294067 -0.6959561109542847
 245  -88 -123 37.999461 37.884452 -1.3044649362564087 0.43234533071517944 186 -0.698539137840271 0.16408675909042358 -0.6965045928955078
 246   24  -69 39.285922 38.369540 -1.8731342554092407 0.6012312769889832 157 -0.6277806162834167 0.15348559617996216 -0.76310795545578
 247   27  -69 39.310720 38.376253 -2.4281563758850098 0.6229979395866394 742 -0.6263440251350403 0.15253101289272308 -0.7644785642623901
 248   29  -65 39.337250 38.412270 -3.0784807205200195 1.1376928091049194 190 -0.6258989572525024 0.15004239976406097 -0.7653350830078125
 249   31  -65 39.356099 38.411382 -2.290811538696289 0.30722329020500183 179 -0.6245166659355164 0.14961110055446625 -0.7665477395057678
 250   29  -66 39.337916 38.396888 -2.4059691429138184 0.2562324106693268 184 -0.6253085732460022 0.15081918239593506 -0.7656649351119995
 251  144   19 40.668553 39.166871 -5.65044641494751 0.734609067440033 169 -0.5415863394737244 0.12930774688720703 -0.8306405544281006
 252  138   14 40.599150 39.120986 -5.099702835083008 0.7626535296440125 174 -0.5456205606460571 0.1332983374595642 -0.827363133430481
 253  144   14 40.668615 39.117873 -5.49814510345459 0.7100640535354614 175 -0.540005087852478 0.13199961185455322 -0.8312464356422424
 254  150   20 40.744020 39.167632 -5.0331244468688965 0.6840434074401855 33 -0.5357059240341187 0.12717510759830475 -0.8347728252410889
 255  155   21 40.797538 39.178991 -4.862972259521484 0.7391523718833923 22 -0.5318107008934021 0.12506414949893951 -0.8375776410102844
 256  157   22 40.824884 39.185599 -4.277679920196533 0.6192651391029358 42 -0.52985680103302 0.123949334025383 -0.8389805555343628
 257  159   22 40.843892 39.185107 -4.077137470245361 0.5232968926429749 32 -0.5283224582672119 0.12344766408205032 -0.8400214910507202
 258  157   20 40.823847 39.172032 -3.891850471496582 0.6204197406768799 44 -0.529443621635437 0.12469732016324997 -0.8391305208206177
 259  159   20 40.843238 39.171877 -4.135194778442383 0.7230384349822998 54 -0.527852475643158 0.12415648251771927 -0.8402125239372253
 260  154   19 40.787681 39.158582 -4.950662612915039 0.705967903137207 42 -0.5318729877471924 0.12643000483512878 -0.8373330235481262
 261  156   19 40.805816 39.158075 -5.113168239593506 0.6431993246078491 47 -0.5303963422775269 0.12594635784626007 -0.838342010974884
 262  154   17 40.787315 39.144266 -5.069733619689941 0.5693157911300659 44 -0.5314151048660278 0.12720966339111328 -0.8375056385993958
 263  156   17 40.806165 39.144202 -5.152580738067627 0.480315625667572 41 -0.5298624038696289 0.1266721487045288 -0.838570237159729
 264  157   19 40.823262 39.157020 -4.863019943237305 0.6751972436904907 37 -0.5289437174797058 0.12550896406173706 -0.8393247723579407
 265  158   19 40.837381 39.160676 -4.333364486694336 0.5099563598632812 45 -0.5279075503349304 0.12491118162870407 -0.8400660157203674
 266  159   19 40.846766 39.160802 -5.294552803039551 0.30650150775909424 47 -0.5271331071853638 0.12463540583848953 -0.8405930995941162
 267  158   18 40.837042 39.154209 -5.212457656860352 0.38662445545196533 43 -0.5277008414268494 0.12526212632656097 -0.840143620967865
 268  159   18 40.846337 39.153891 -5.2141289710998535 0.6716465950012207 48 -0.5269372463226318 0.12501682341098785 -0.8406592607498169
 269  157   17 40.818552 39.147502 -5.005056381225586 0.4659996032714844 45 -0.5289769768714905 0.12614592909812927 -0.8392083048820496
 270  158   17 40.828590 39.146987 -5.393035888671875 0.5085896253585815 39 -0.5281098484992981 0.12587986886501312 -0.8397942185401917
 271  157   17 40.818980 39.139747 -4.128887176513672 0.3541485071182251 43 -0.5286363363265991 0.1265384554862976 -0.8393638730049133
 272  158   17 40.827633 39.139906 -5.190026760101318 0.6208623647689819 33 -0.527934193611145 0.12628239393234253 -0.8398442268371582
 273  158   17 40.836831 39.147159 -5.908012866973877 0.4133222997188568 39 -0.5274698138237 0.12564291059970856 -0.8402318358421326
 274  159   17 40.846014 39.146985 -7.0025954246521 0.9222526550292969 57 -0.5267143249511719 0.12539072334766388 -0.8407432436943054
 275  158   17 40.836961 39.139478 -7.642724990844727 0.6199902296066284 38 -0.5271726846694946 0.12604260444641113 -0.8403584361076355
 276  149   15 40.724858 39.123275 -4.770934104919434 0.7149101495742798 52 -0.535797119140625 0.13013195991516113 -0.834258496761322
 277  152   15 40.759713 39.123020 -4.540706157684326 0.8140783309936523 37 -0.5329377055168152 0.1291411966085434 -0.836241602897644
 278  149   12 40.726467 39.095976 -5.047555923461914 0.7575263977050781 212 -0.5347564220428467 0.13156560063362122 -0.8347011804580688
 279  151   12 40.750516 39.103017 -4.88046407699585 0.7449204325675964 177 -0.5330433249473572 0.13049209117889404 -0.835964560508728
 280  153   12 40.768995 39.102220 -4.603294849395752 0.6625052094459534 40 -0.5314871668815613 0.12999577820301056 -0.8370319604873657
 281  151   11 40.750078 39.088387 -5.226627349853516 0.6459420323371887 46 -0.5326029062271118 0.13129740953445435 -0.8361191153526306
 282  152   11 40.763539 39.091756 -4.551043510437012 0.5152687430381775 33 -0.5316012501716614 0.1307220160961151 -0.8368464112281799
 283  153   11 40.772998 39.091432 -4.828146457672119 0.610956072807312 50 -0.5308095216751099 0.13046351075172424 -0.8373891115188599
 284  152   10 40.763473 39.084548 -4.955524921417236 0.4664912223815918 42 -0.5313815474510193 0.1311156004667282 -0.8369243741035461
 285  153   10 40.772207 39.084532 -5.718451499938965 0.5410538911819458 47 -0.5306506752967834 0.13085906207561493 -0.837428092956543
 286  154   15 40.786855 39.129774 -4.638143539428711 0.6401181817054749 43 -0.5309560894966125 0.12800005078315735 -0.8376762866973877
 287  155   16 40.801206 39.133452 -4.4066033363342285 0.31993427872657776 38 -0.5298882126808167 0.12738671898841858 -0.8384457230567932
 288  156   16 40.809359 39.133151 -4.2234015464782715 0.28742942214012146 37 -0.5292001366615295 0.12716703116893768 -0.8389135003089905
 289  155   15 40.799703 39.126252 -4.57672119140625 0.3214193284511566 56 -0.5297518968582153 0.12781208753585815 -0.8384670615196228
 290  156   15 40.809112 39.126389 -4.756679534912109 0.37215951085090637 29 -0.5289610624313354 0.1275285929441452 -0.8390093445777893
 291  154   14 40.786477 39.115909 -4.161280155181885 0.581329882144928 62 -0.5304909944534302 0.12874896824359894 -0.8378562331199646
 292  118   43 40.374890 39.386253 -4.909395694732666 0.8542972207069397 39 -0.568381130695343 0.13550281524658203 -0.811530590057373
 293  113   38 40.313954 39.338920 -5.3635149002075195 0.854116678237915 26 -0.5713468194007874 0.13985756039619446 -0.8087042570114136
 294  119   38 40.385661 39.339083 -5.663986682891846 0.7088229656219482 43 -0.5659235119819641 0.13787151873111725 -0.8128480911254883
 295  125   38 40.456792 39.337914 -5.962230682373047 0.569421112537384 24 -0.560748279094696 0.13604363799095154 -0.8167333602905273
 296  130   38 40.510987 39.335144 -6.123557090759277 0.8983392119407654 36 -0.5568034052848816 0.13477294147014618 -0.8196378350257874
 297  116   29 40.351192 39.257675 -6.221606731414795 1.3149325847625732 51 -0.5679391026496887 0.13434839248657227 -0.8120318055152893
 298  128   28 40.487030 39.249710 -5.631865501403809 0.9984996318817139 37 -0.5575520992279053 0.13205084204673767 -0.8195720314979553
 299  141   66 40.649456 39.587420 -2.7688021659851074 1.2776625156402588 41 -0.5510296821594238 0.1317034214735031 -0.8240270018577576
 300  153   66 40.787620 39.587644 -2.641291856765747 0.9056898355484009 35 -0.5397788286209106 0.13056422770023346 -0.8316199779510498
 301  137   56 40.597994 39.501877 -3.002933979034424 1.0454304218292236 41 -0.5532793402671814 0.13359348475933075 -0.822213351726532
 302  144   57 40.682392 39.501314 -2.7595372200012207 0.9025821685791016 37 -0.5468096733093262 0.13130688667297363 -0.8268964290618896
 303  140   28 40.629219 39.245062 -5.217535495758057 0.6095380783081055 24 -0.5463806390762329 0.12977851927280426 -0.8274211287498474
 304  167   28 40.934320 39.239870 -4.396334648132324 0.5553382635116577 36 -0.5204594135284424 0.12808193266391754 -0.8442257642745972
 305  168   28 40.949029 39.243150 -4.485354423522949 0.7570613622665405 41 -0.5193750262260437 0.12748582661151886 -0.8449834585189819
 306  169   28 40.957619 39.243264 -4.619576930999756 0.6451552510261536 41 -0.518657922744751 0.1272272765636444 -0.8454627394676208
 307  168   28 40.947969 39.236672 -4.669849395751953 0.6236815452575684 43 -0.5192340612411499 0.12785562872886658 -0.8450141549110413
 308  168   28 40.957024 39.236486 -4.566520690917969 0.6873682737350464 44 -0.5184659957885742 0.12759821116924286 -0.8455245494842529
 309  166   27 40.929902 39.229973 -4.422810077667236 0.6091191172599792 17 -0.5204541087150574 0.12872423231601715 -0.8441312909126282
 310  167   27 40.938885 39.229636 -4.371047019958496 0.5965150594711304 19 -0.5197031497955322 0.12848009169101715 -0.844631016254425
 311  166   26 40.929530 39.222966 -4.19179105758667 0.43812939524650574 39 -0.5202210545539856 0.1290981024503708 -0.844217836856842
 312  167   26 40.938427 39.222807 -4.555482864379883 0.6927540302276611 18 -0.5194932222366333 0.12884913384914398 -0.8447039723396301
 313  168   27 40.948629 39.229347 -4.585860252380371 0.6206302046775818 28 -0.5189038515090942 0.12821465730667114 -0.8451626300811768
 314  169   27 40.957421 39.229341 -4.472039222717285 0.5537485480308533 42 -0.5181710720062256 0.12795697152614594 -0.8456511497497559
 315  168   26 40.947727 39.222286 -4.427016258239746 0.4768631160259247 42 -0.518714964389801 0.1286066323518753 -0.8452189564704895
 316  169   28 40.966910 39.243128 -4.351083755493164 0.6525887250900269 23 -0.5178740620613098 0.1269608587026596 -0.8459831476211548
 317  170   28 40.975263 39.243290 -5.050540447235107 0.6796013116836548 33 -0.5171819925308228 0.12670792639255524 -0.846444308757782
 318  169   28 40.965858 39.236305 -4.47769832611084 0.6610921025276184 30 -0.5177161693572998 0.12734656035900116 -0.8460217714309692
 319  170   28 40.975384 39.236067 -5.287998199462891 0.4630943238735199 42 -0.5169170498847961 0.12708081305027008 -0.8465501666069031
 320  171   28 40.984575 39.243276 -5.362332820892334 0.6889076828956604 32 -0.5164213180541992 0.12644074857234955 -0.846948504447937
 321  166   25 40.929480 39.215920 -4.314840316772461 0.4664159119129181 38 -0.5200908780097961 0.12896376848220825 -0.8443185687065125
 322  167   25 40.938301 39.215171 -4.694387912750244 0.5489906668663025 32 -0.5192298293113708 0.12925118207931519 -0.8448044657707214
 323  166   24 40.929036 39.208753 -4.356384754180908 0.7479420304298401 34 -0.5221290588378906 0.11992102861404419 -0.8443934321403503
 324  167   24 40.938205 39.208836 -4.177412986755371 0.4624842405319214 39 -0.5211006999015808 0.12084145098924637 -0.8448972702026367
 325  168   25 40.947322 39.215459 -4.894145488739014 0.6156913638114929 34 -0.5184949040412903 0.12897171080112457 -0.8452984094619751
 326  166   24 40.928807 39.201292 -4.084752559661865 0.3389173448085785 36 -0.5219125151634216 0.12019859999418259 -0.8444878458976746
 327  171   22 40.984704 39.186902 -4.5756025314331055 1.0087554454803467 40 -0.5170400738716125 0.1194363608956337 -0.847587525844574
 328  172   22 40.991998 39.186280 -4.653341770172119 0.8198491930961609 36 -0.5163941383361816 0.11925804615020752 -0.8480063080787659
 329  171   21 40.983177 39.179827 -4.434512615203857 0.43175971508026123 35 -0.516923725605011 0.1198502853512764 -0.8476000428199768
 330  172   21 40.991896 39.179705 -3.7575020790100098 0.5559408664703369 35 -0.5161763429641724 0.11960519850254059 -0.8480899930000305
 331  169   21 40.963993 39.173379 -4.927557468414307 0.732901394367218 30 -0.5183424949645996 0.12074248492717743 -0.8466063737869263
 332  170   21 40.973199 39.172724 -4.421082496643066 0.5911971926689148 37 -0.517528772354126 0.12050953507423401 -0.8471372127532959
 333  169   20 40.963705 39.165973 -4.054984092712402 0.7051243782043457 27 -0.5181143879890442 0.12114060670137405 -0.8466891050338745
 334  170   20 40.973471 39.166021 -4.2159104347229 0.6223082542419434 31 -0.517243504524231 0.12084665894508362 -0.8472633957862854
 335  171   20 40.987342 39.168889 -4.160487174987793 0.728719174861908 40 -0.5161710381507874 0.12029761075973511 -0.8479952812194824
 336  166   19 40.928208 39.159773 -4.211537837982178 0.6921412944793701 52 -0.5206893086433411 0.12244167178869247 -0.8449205160140991
 337  167   19 40.936345 39.159654 -4.497396945953369 0.7236748337745667 33 -0.5200527310371399 0.12222586572170258 -0.8453437685966492
 338  166   18 40.928303 39.152184 -5.051642894744873 0.6223410367965698 60 -0.5204681158065796 0.12285023182630539 -0.8449975252151489
 339   91  -31 40.054081 38.713336 -5.2736310958862305 0.18311631679534912 33 -0.5808838605880737 0.1362830102443695 -0.8024966716766357
 340   92  -31 40.062896 38.713288 -5.145510673522949 0.16826771199703217 64 -0.5803338289260864 0.1360851526260376 -0.80292809009552
 341   93  -30 40.071251 38.720672 -5.375559329986572 0.6355122327804565 40 -0.5799048542976379 0.13564203679561615 -0.8033128976821899
 342   93  -30 40.080514 38.720038 -4.740910530090332 0.20506693422794342 60 -0.5784191489219666 0.13850037753582 -0.8038960695266724
 343   93  -31 40.071011 38.712583 -5.022610664367676 0.23424918949604034 44 -0.579533040523529 0.1368442326784134 -0.8033773303031921
 344   93  -31 40.080313 38.713025 -5.035994052886963 0.314841628074646 208 -0.578220009803772 0.13908080756664276 -0.803939163684845
 345   92  -32 40.059042 38.702933 -5.1284379959106445 0.2301795333623886 189 -0.5802129507064819 0.13667772710323334 -0.8029147982597351
 346   93  -32 40.075550 38.702471 -5.575221061706543 0.24498678743839264 26 -0.5784788727760315 0.13899222016334534 -0.8037682175636292
 347   95  -30 40.094337 38.716740 -5.356938362121582 0.2635989785194397 34 -0.5772716403007507 0.1384793072938919 -0.8047241568565369
 348   96  -30 40.112586 38.716340 -5.241745948791504 0.41736337542533875 3 -0.5758997201919556 0.1380080133676529 -0.8057874441146851
 349   95  -32 40.093398 38.702493 -5.062047004699707 0.33626583218574524 10 -0.5770391821861267 0.1393674612045288 -0.8047375082969666
 350   96  -32 40.113481 38.702209 -5.250418186187744 0.29722413420677185 27 -0.5754649639129639 0.13882070779800415 -0.8059583902359009
 351   85  -33 39.981237 38.692938 -6.26519775390625 0.3894839286804199 135 -0.5854815244674683 0.13912563025951385 -0.798658549785614
 352   86  -33 39.990579 38.692680 -5.705395698547363 0.2570602297782898 601 -0.5848442912101746 0.13891325891017914 -0.7991622090339661
 353   85  -34 39.981296 38.685893 -5.7552313804626465 0.12133067846298218 157 -0.5852967500686646 0.13948526978492737 -0.79873126745224
 354   86  -34 39.990599 38.685646 -5.800858974456787 0.253409206867218 139 -0.5846531391143799 0.1392708718776703 -0.7992399334907532
 355   86  -33 39.999510 38.692779 -5.4523539543151855 0.1944371610879898 136 -0.5842374563217163 0.13869132101535797 -0.7996444702148438
 356   87  -33 40.008447 38.692357 -5.773440837860107 0.22294555604457855 2177 -0.5836142301559448 0.1384953409433365 -0.800133466720581
 357   86  -34 39.999478 38.685735 -5.6774725914001465 0.15295061469078064 1194 -0.5840536952018738 0.139051154255867 -0.7997162342071533
 358   87  -34 40.008049 38.685598 -5.499907493591309 0.14350928366184235 1624 -0.5834639668464661 0.13884960114955902 -0.8001816272735596
 359   85  -35 39.985659 38.675188 -5.787374973297119 0.2707256078720093 1761 -0.5847123861312866 0.1399240344762802 -0.7990823984146118
 360   87  -35 40.003953 38.675214 -5.167755126953125 0.529342770576477 482 -0.583432137966156 0.13946914672851562 -0.8000970482826233
 361   88  -34 40.021816 38.688748 -5.758331298828125 0.41136887669563293 86 -0.5826037526130676 0.1383533924818039 -0.800894021987915
 362   90  -33 40.037121 38.689397 -5.320953369140625 0.7351803779602051 101 -0.5815934538841248 0.1379527598619461 -0.8016970157623291
 363   88  -35 40.020965 38.675283 -5.514597415924072 0.6697326898574829 108 -0.5822973847389221 0.1390567421913147 -0.8009949922561646
 364   90  -35 40.039674 38.673864 -4.653224945068359 0.24762892723083496 93 -0.5808902978897095 0.13865140080451965 -0.8020861744880676
 365   86  -37 39.994718 38.653861 -5.579242706298828 0.6586600542068481 113 -0.5833793878555298 0.14075343310832977 -0.7999105453491211
 366   38  -58 39.442228 38.476217 -4.282182216644287 0.12728315591812134 127 -0.6204667091369629 0.14407376945018768 -0.7708851099014282
 367   39  -57 39.450707 38.477379 -4.406910419464111 0.2998172342777252 124 -0.6199685335159302 0.143818661570549 -0.7713334560394287
 368   40  -57 39.460016 38.483164 -4.402691841125488 0.04963094741106033 129 -0.6194884777069092 0.14328648149967194 -0.7718180418014526
 369   40  -57 39.468333 38.484495 -4.0848917961120605 0.24622319638729095 114 -0.6190027594566345 0.14302554726600647 -0.7722560167312622
 370   40  -57 39.459072 38.477970 -3.906280279159546 0.42981404066085815 27 -0.6194535493850708 0.1435946226119995 -0.7717887759208679
 371   40  -57 39.468039 38.477836 -3.2407960891723633 0.3439772129058838 35 -0.618852972984314 0.1433887630701065 -0.7723086476325989
 372   44  -54 39.506222 38.505851 -4.03373908996582 0.2250693142414093 38 -0.6147729754447937 0.15078437328338623 -0.7741565108299255
 373   47  -53 39.540330 38.519449 -4.8134965896606445 0.417357474565506 36 -0.6129429340362549 0.14925602078437805 -0.7759017944335938
 374   45  -53 39.522078 38.512743 -4.315850734710693 0.2005188912153244 30 -0.6139453649520874 0.15004511177539825 -0.7749565243721008
 375   44  -54 39.513206 38.505856 -4.208437919616699 0.15218573808670044 38 -0.6143442988395691 0.15062324702739716 -0.7745280861854553
 376   45  -54 39.522062 38.505943 -3.9994308948516846 0.11759060621261597 27 -0.6137773394584656 0.1504087746143341 -0.775019109249115
 377   46  -53 39.531185 38.512741 -4.188640594482422 0.2833406925201416 24 -0.6133564710617065 0.14982855319976807 -0.7754645347595215
 378   47  -53 39.540563 38.512817 -4.137421131134033 0.32212528586387634 32 -0.6127524375915527 0.1496012806892395 -0.7759857773780823
 379   46  -54 39.531041 38.505929 -3.5697548389434814 0.2303791344165802 37 -0.6131993532180786 0.1501958668231964 -0.7755177617073059
 380   47  -54 39.540331 38.505426 -3.789276123046875 0.48217108845710754 36 -0.6125518679618835 0.14999309182167053 -0.7760685086250305
 381   41  -56 39.479411 38.490309 -3.6615071296691895 0.13929873704910278 29 -0.6184291839599609 0.1424558311700821 -0.7728205919265747
 382   42  -56 39.486342 38.491584 -3.5782785415649414 0.08818145096302032 370 -0.6180078387260437 0.1422257274389267 -0.7731999754905701
 383   43  -55 39.496749 38.495959 -3.681469440460205 0.17563989758491516 456 -0.6174328923225403 0.14174805581569672 -0.7737468481063843
 384   44  -55 39.505125 38.497667 -4.34260368347168 0.12933266162872314 305 -0.6164997220039368 0.14335742592811584 -0.7741942405700684
 385   43  -56 39.495331 38.491313 -3.9965639114379883 0.3365744948387146 111 -0.617428719997406 0.14203327894210815 -0.7736978530883789
 386   43  -56 39.504109 38.491754 -4.432950496673584 0.21953710913658142 110 -0.6168913245201111 0.1418098658323288 -0.7741674184799194
 387   41  -57 39.477328 38.484837 -3.58799409866333 0.14309042692184448 102 -0.6184301376342773 0.14279818534851074 -0.7727566957473755
 388   42  -57 39.486291 38.484795 -3.853668451309204 0.3776613175868988 18 -0.617847740650177 0.1425919234752655 -0.7732604742050171
 389   41  -57 39.477390 38.477768 -3.706425428390503 0.2905810475349426 20 -0.6182228922843933 0.143169566988945 -0.7728537917137146
 390   42  -57 39.486302 38.477900 -4.485800743103027 0.31993862986564636 31 -0.6176814436912537 0.14296165108680725 -0.7733250856399536
 391   43  -57 39.499335 38.481588 -4.0096116065979 0.5967060923576355 20 -0.6169592142105103 0.14246752858161926 -0.7739924192428589
 392   44  -55 39.512979 38.499016 -4.040312767028809 0.2327304184436798 72 -0.6150304079055786 0.14732150733470917 -0.7746185660362244
 393   45  -55 39.522222 38.498778 -3.688617706298828 0.12886758148670197 24 -0.6141624450683594 0.14817814528942108 -0.7751436829566956
 394   44  -56 39.513135 38.491816 -3.7668068408966064 0.178888738155365 33 -0.6163111329078674 0.14159782230854034 -0.7746680974960327
 395   45  -56 39.522399 38.491721 -3.371323347091675 0.08759577572345734 24 -0.6156493425369263 0.14137445390224457 -0.7752349376678467
 396   46  -55 39.535750 38.495176 -4.086255073547363 0.3534071147441864 34 -0.6137290596961975 0.14573413133621216 -0.7759498953819275
 397   45  -57 39.517347 38.480881 -3.438831329345703 0.18365509808063507 112 -0.6157093644142151 0.14207123219966888 -0.7750598192214966
 398   46  -57 39.535729 38.481228 -3.9084839820861816 0.28763142228126526 982 -0.6144607067108154 0.1416097730398178 -0.7761344909667969
 399   36  -58 39.415325 38.469589 -3.8843915462493896 0.11318913847208023 919 -0.6220367550849915 0.14505694806575775 -0.7694340944290161
 400   35  -59 39.405880 38.463445 -4.844176769256592 0.34000036120414734 2168 -0.6224982142448425 0.1456093192100525 -0.7689564228057861
 401   36  -59 39.414193 38.463993 -4.236156940460205 0.2946760952472687 562 -0.6220371723175049 0.14540019631385803 -0.7693689465522766
 402   36  -58 39.423873 38.470627 -3.9882185459136963 0.2690773010253906 715 -0.6215185523033142 0.14480377733707428 -0.769900381565094
 403   37  -58 39.432371 38.471057 -3.8416452407836914 0.4384658932685852 2173 -0.6210057139396667 0.1445879489183426 -0.770354688167572
 404   36  -59 39.423230 38.464073 -3.1622745990753174 0.2872661352157593 1083 -0.6214591860771179 0.14518578350543976 -0.7698763012886047
 405   37  -59 39.432384 38.463886 -2.988069534301758 0.13346952199935913 8995 -0.6208255290985107 0.1449732780456543 -0.7704274654388428
 406   35  -60 39.405555 38.456858 -4.812321662902832 0.23152020573616028 8677 -0.6224077343940735 0.1459837406873703 -0.7689586281776428
 407   36  -60 39.414301 38.456968 -4.132445335388184 0.7344444990158081 7023 -0.6219406723976135 0.14579516649246216 -0.7693721652030945
 408   35  -60 39.405244 38.450331 -4.076818943023682 0.6616491079330444 5554 -0.6223645806312561 0.14636558294296265 -0.7689210176467896
 409   36  -60 39.414421 38.450020 -3.0983331203460693 0.35572144389152527 640 -0.6217507123947144 0.1461641937494278 -0.7694557309150696
 410   37  -60 39.428161 38.453417 -2.7362709045410156 0.24900804460048676 1089 -0.6208699345588684 0.14564229547977448 -0.7702654600143433
 411   22  -60 39.262327 38.457194 -5.7331767082214355 0.16628269851207733 1960 -0.6315552592277527 0.14929766952991486 -0.760820746421814
 412   23  -60 39.271306 38.457425 -5.645046234130859 0.10549712926149368 878 -0.6308980584144592 0.14905470609664917 -0.7614134550094604
 413   22  -61 39.261724 38.450094 -6.133599281311035 0.2190215289592743 7186 -0.6313779354095459 0.14968860149383545 -0.7608911395072937
 414   23  -60 39.271105 38.450336 -5.6223673820495605 0.07480889558792114 114 -0.6307308673858643 0.14944423735141754 -0.7614755630493164
 415   24  -60 39.279932 38.457271 -6.486279487609863 0.6391521692276001 15 -0.6303135752677917 0.14885485172271729 -0.7619364261627197
 416   25  -60 39.288857 38.455426 -7.477116584777832 0.4033816456794739 19 -0.6296950578689575 0.14874699711799622 -0.762468695640564
 417   24  -60 39.280225 38.450275 -5.995392322540283 0.20475660264492035 26 -0.6301045417785645 0.14922437071800232 -0.7620369791984558
 418   25  -61 39.288918 38.450030 -6.525306701660156 0.2543983459472656 26 -0.6295459270477295 0.1490357518196106 -0.7625354528427124
 419   25  -58 39.296746 38.471793 -5.961687088012695 0.16717953979969025 38 -0.6296473145484924 0.14768587052822113 -0.7627143859863281
 420   25  -59 39.296933 38.464497 -7.385987758636475 0.5595108866691589 35 -0.6294276118278503 0.14807173609733582 -0.762820839881897
 421   26  -60 39.298343 38.455625 -7.323443412780762 0.42323657870292664 35 -0.6290979981422424 0.1485154777765274 -0.7630065083503723
 422   22  -61 39.262146 38.443447 -6.073737144470215 0.11922622472047806 32 -0.6311026811599731 0.15002073347568512 -0.7610540390014648
 423   23  -61 39.271146 38.443052 -5.8156304359436035 0.20736131072044373 20 -0.6305064558982849 0.14982910454273224 -0.7615857720375061
 424  131  -26 40.512495 38.750746 -4.85940408706665 0.14884434640407562 27 -0.5469229221343994 0.12528729438781738 -0.8277550935745239
 425  -34  -94 38.601854 38.147250 -5.7524943351745605 0.4532846510410309 28 -0.6679423451423645 0.15720690786838531 -0.727419376373291
 426  -34  -94 38.610304 38.147208 -5.251597881317139 0.708444356918335 32 -0.6675624251365662 0.1570437252521515 -0.7278033494949341
 427  -34  -95 38.601624 38.140412 -6.00300931930542 0.8573688268661499 22 -0.667694091796875 0.1576230674982071 -0.7275572419166565
 428  -34  -95 38.610213 38.140414 -5.172110080718994 0.45746728777885437 27 -0.6673107743263245 0.15745458006858826 -0.7279453873634338
 429  -32  -90 38.623417 38.186020 -4.297003746032715 0.42227068543434143 30 -0.6679753661155701 0.15433882176876068 -0.7280030846595764
 430  -31  -90 38.641533 38.186177 -3.954376697540283 0.28752627968788147 28 -0.6668714880943298 0.15390583872795105 -0.7291058897972107
 431  -32  -91 38.623601 38.172179 -4.12844181060791 0.2556423544883728 28 -0.6675670146942139 0.15519772469997406 -0.7281949520111084
 432  -31  -91 38.641608 38.171965 -4.054190158843994 0.2684996426105499 19 -0.6664954423904419 0.15479791164398193 -0.7292609214782715
 433   20  -67 39.235677 38.394050 -3.6498048305511475 0.2039790153503418 27 -0.6316663026809692 0.15335586667060852 -0.7599208950996399
 434   22  -66 39.253576 38.400947 -3.4826607704162598 0.33559179306030273 31 -0.6307870745658875 0.15258090198040009 -0.760806679725647
 435   21  -67 39.244068 38.393985 -3.5168380737304688 0.4079882800579071 32 -0.6312045454978943 0.1531798243522644 -0.7603399157524109
 436   22  -67 39.252728 38.394080 -3.4615349769592285 0.40379321575164795 36 -0.630689263343811 0.15297958254814148 -0.7608076930046082
 437   18  -68 39.216849 38.387071 -2.887852430343628 0.3784056007862091 34 -0.632530927658081 0.1541399210691452 -0.7590425610542297
 438   18  -68 39.208518 38.380340 -2.854438543319702 0.31997281312942505 39 -0.6328538656234741 0.15469354391098022 -0.7586606740951538
 439   18  -68 39.216894 38.379693 -3.3955748081207275 0.28016969561576843 30 -0.6323851943016052 0.15455104410648346 -0.7590803503990173
 440   16  -69 39.190540 38.373053 -2.573362350463867 0.2948254942893982 32 -0.6343154907226562 0.15297487378120422 -0.7577879428863525
 441   17  -69 39.198051 38.372603 -2.930082321166992 0.12405052036046982 29 -0.6336662769317627 0.15390291810035706 -0.7581431269645691
 442   16  -70 39.189998 38.366643 -1.976718783378601 0.20241613686084747 29 -0.6360055208206177 0.14590123295783997 -0.7577663660049438
 443   17  -70 39.199501 38.366131 -2.384873628616333 0.45948827266693115 35 -0.6353973150253296 0.14579623937606812 -0.7582966089248657
 444   18  -69 39.208683 38.373070 -2.6886136531829834 0.3501925468444824 33 -0.6327623128890991 0.15511159598827362 -0.7586516737937927
 445   18  -69 39.217133 38.372926 -2.8889620304107666 0.24829697608947754 31 -0.6322421431541443 0.15492483973503113 -0.7591233253479004
 446   18  -70 39.207890 38.366216 -3.0939719676971436 0.2787039279937744 27 -0.6347242593765259 0.1466163545846939 -0.7587020397186279
 447   18  -70 39.217236 38.366087 -2.808688163757324 0.31563878059387207 33 -0.6338330507278442 0.14817330241203308 -0.7591444849967957
 448   19  -68 39.226207 38.386478 -3.622856616973877 0.43048256635665894 28 -0.6319833397865295 0.15396708250045776 -0.7595335245132446
 449   20  -67 39.235601 38.387350 -3.8260791301727295 0.37270480394363403 35 -0.6315315365791321 0.15372897684574127 -0.759957492351532
 450   19  -68 39.225996 38.380307 -2.835571765899658 0.33653295040130615 34 -0.6318480372428894 0.15431024134159088 -0.7595764994621277
 451   20  -68 39.234618 38.380395 -3.0382518768310547 0.3919907808303833 31 -0.6313912272453308 0.15412388741970062 -0.7599940299987793
 452   21  -68 39.243521 38.387173 -3.2084434032440186 0.35254329442977905 37 -0.6310796141624451 0.15356653928756714 -0.7603656053543091
 453   22  -67 39.252867 38.387674 -3.3923749923706055 0.5822352766990662 37 -0.6305176615715027 0.15332384407520294 -0.7608806490898132
 454   21  -68 39.243693 38.378721 -1.9991240501403809 0.45263102650642395 32 -0.6307785511016846 0.1540033519268036 -0.7605270743370056
 455   22  -68 39.253558 38.378956 -3.308992624282837 0.7052931785583496 24 -0.6301491260528564 0.1537557691335678 -0.7610987424850464
 456   19  -69 39.228361 38.371120 -2.564401388168335 0.6700142621994019 30 -0.6318159103393555 0.15377986431121826 -0.7597107291221619
 457   21  -69 39.249918 38.370532 -1.4070591926574707 0.7565767765045166 28 -0.6302247643470764 0.15394893288612366 -0.7609970569610596
 458   12  -71 39.137575 38.352946 -4.4971842765808105 0.7593855261802673 35 -0.6386634111404419 0.14778192341327667 -0.7551619410514832
 459   12  -71 39.145415 38.351998 -4.256360054016113 0.5653980374336243 35 -0.6382489800453186 0.147677943110466 -0.7555326223373413
 460   10  -72 39.116275 38.344784 -5.263091087341309 0.7840127944946289 36 -0.6394675970077515 0.14864178001880646 -0.7543122172355652
 461   10  -73 39.118653 38.337376 -5.633214473724365 1.0455055236816406 27 -0.6391236782073975 0.148990660905838 -0.7545348405838013
 462   12  -72 39.140868 38.345776 -6.335579872131348 0.29142674803733826 9 -0.6383470296859741 0.14811480045318604 -0.7553642392158508
 463   12  -72 39.145668 38.345020 -5.447087287902832 0.8096882700920105 14 -0.6380844116210938 0.1480599194765091 -0.7555968165397644
 464   12  -73 39.146616 38.338020 -5.6268310546875 0.9993417859077454 24 -0.6378071308135986 0.14841152727603912 -0.755761981010437
 465   13  -71 39.154511 38.359113 -2.8983190059661865 0.12194445729255676 20 -0.6378938555717468 0.14708881080150604 -0.7559472918510437
 466   14  -71 39.163850 38.359118 -2.7170193195343018 0.1620580404996872 24 -0.6373873949050903 0.14689315855503082 -0.7564123868942261
 467   13  -71 39.154781 38.352364 -3.1196587085723877 0.26953282952308655 20 -0.6377258896827698 0.14745646715164185 -0.7560173869132996
 468   14  -71 39.162846 38.352001 -2.926588296890259 0.2767741084098816 27 -0.637269139289856 0.14730460941791534 -0.756432056427002
 469   15  -71 39.172527 38.359360 -3.0887951850891113 0.3586057722568512 24 -0.6369040012359619 0.1466940939426422 -0.7568581104278564
 470   15  -71 39.181447 38.359006 -2.5505125522613525 0.35360342264175415 96 -0.6364240646362305 0.1465294510126114 -0.7572936415672302
 471   15  -71 39.171940 38.352125 -2.359327793121338 0.20445016026496887 30 -0.6367999911308289 0.14711220562458038 -0.7568644285202026
 472   15  -71 39.181407 38.351783 -1.984822392463684 0.3391276001930237 23 -0.6362636089324951 0.14692962169647217 -0.7573508620262146
 473   13  -73 39.158516 38.340803 -2.93967604637146 0.7191424369812012 27 -0.6372106671333313 0.14800545573234558 -0.7563444972038269
 474   15  -73 39.176896 38.341178 -2.9229207038879395 1.209437608718872 55 -0.6361245512962341 0.14757682383060455 -0.7573418617248535
 475   10  -74 39.121747 38.326403 -4.519367694854736 2.6197640895843506 43 -0.6386626958847046 0.14952382445335388 -0.7548195719718933
 476   12  -74 39.147694 38.327946 -5.363822937011719 0.7263143658638 37 -0.6372650265693665 0.14888732135295868 -0.7561255693435669
 477   10  -75 39.122551 38.317791 -3.2193729877471924 0.8327347636222839 32 -0.6385067105293274 0.1500028818845749 -0.7548564672470093
 478   12  -76 39.143976 38.314617 -4.718393325805664 2.6169958114624023 29 -0.6369456052780151 0.14965131878852844 -0.7562438249588013
 479   14  -75 39.170301 38.320609 -3.5799567699432373 1.7611446380615234 46 -0.6357377767562866 0.14878663420677185 -0.7574298977851868
 480   16  -71 39.194347 38.355654 -1.7504431009292603 0.4297202229499817 148 -0.635595440864563 0.1464332789182663 -0.7580077648162842
 481   18  -71 39.212630 38.355686 -2.3497707843780518 0.6059139966964722 175 -0.6345111131668091 0.14602787792682648 -0.7589937448501587
 482   17  -73 39.195997 38.341174 -1.6292407512664795 1.0868381261825562 173 -0.6349336504936218 0.14714179933071136 -0.7584250569343567
 483   18  -73 39.213928 38.341609 -2.1426587104797363 0.7121647000312805 143 -0.6339575052261353 0.146738663315773 -0.7593192458152771
 484   21  -72 39.240843 38.347466 -1.2694766521453857 1.0388786792755127 131 -0.6324358582496643 0.1458270102739334 -0.7607623338699341
 485   17  -75 39.203189 38.319588 -2.9292099475860596 1.1400418281555176 126 -0.6336808800697327 0.1480943262577057 -0.7592868804931641
 486   20  -75 39.237977 38.318985 -2.3917856216430664 1.3402376174926758 52 -0.6315316557884216 0.14734022319316864 -0.7612217664718628
 487   23  -65 39.270754 38.408095 -3.6890480518341064 0.6311555504798889 47 -0.6298915147781372 0.15179391205310822 -0.7617055177688599
 488   25  -64 39.288559 38.414780 -3.431652545928955 0.3647640645503998 47 -0.6288806796073914 0.151002898812294 -0.7626973390579224
 489   24  -65 39.279998 38.407575 -2.651045560836792 0.4910987317562103 48 -0.6292980909347534 0.151607483625412 -0.7622329592704773
 490   25  -65 39.289266 38.408063 -2.4888150691986084 0.3427845537662506 44 -0.6287015080451965 0.15135923027992249 -0.7627744078636169
 491   22  -66 39.261828 38.401274 -3.1205153465270996 0.4519532322883606 48 -0.6303046345710754 0.15237779915332794 -0.7612470388412476
 492   23  -66 39.270452 38.401311 -2.477421522140503 0.3083244562149048 47 -0.6297546625137329 0.15217305719852448 -0.7617430090904236
 493   22  -67 39.261151 38.393940 -3.092756986618042 0.3070903420448303 43 -0.6301279664039612 0.15278375148773193 -0.761311948299408
 494   23  -67 39.271547 38.394515 -2.5775651931762695 0.27159425616264343 195 -0.6294465661048889 0.15249958634376526 -0.761932373046875
 495   24  -66 39.279963 38.401315 -1.6844817399978638 0.25115224719047546 164 -0.6291514039039612 0.1519499272108078 -0.7622858881950378
 496   25  -66 39.288826 38.401078 -1.8674805164337158 0.19916827976703644 188 -0.628551185131073 0.1517479121685028 -0.7628211379051208
 497   24  -67 39.280464 38.394246 -2.090592384338379 0.266390860080719 133 -0.6288581490516663 0.15230141580104828 -0.7624577283859253
 498   25  -67 39.289240 38.393757 -2.1459238529205322 0.2641741633415222 185 -0.6282485127449036 0.1521121710538864 -0.7629979252815247
 499   26  -64 39.298405 38.415530 -3.820291519165039 0.4464645981788635 142 -0.628259539604187 0.15072877705097198 -0.7632632851600647
 500   26  -64 39.307188 38.414824 -4.432536602020264 0.5973405241966248 726 -0.6277028322219849 0.15056584775447845 -0.763753354549408
 501   26  -65 39.298302 38.407872 -2.529083490371704 0.3409799635410309 24 -0.6281195282936096 0.15115724503993988 -0.7632938027381897
 502   26  -65 39.306987 38.408083 -3.7178337574005127 0.7101348042488098 42 -0.6275901198387146 0.1509459763765335 -0.7637708783149719
 503   27  -65 39.320035 38.411008 -4.5756516456604 1.0894341468811035 19 -0.6269052028656006 0.1504996418952942 -0.7644211649894714
 504   26  -66 39.301680 38.397407 -2.7606441974639893 0.7409615516662598 44 -0.6276629567146301 0.15164975821971893 -0.763571560382843
 505   27  -66 39.320054 38.398164 -2.75527286529541 0.525672197341919 45 -0.6265450119972229 0.1511855125427246 -0.7645812034606934
 506   23  -68 39.266502 38.381844 -3.18617844581604 1.1408101320266724 42 -0.6295201182365417 0.15332373976707458 -0.7617061734199524
 507   24  -68 39.284590 38.383423 -1.471489667892456 0.2959842085838318 37 -0.6283383965492249 0.15279559791088104 -0.7627872824668884
 508   23  -69 39.266844 38.369535 -3.2345011234283447 0.796672523021698 45 -0.6290264129638672 0.15394338965415955 -0.7619889974594116
 509   97  -28 40.117105 38.733935 -5.685342311859131 0.41713249683380127 3 -0.5760213732719421 0.1368432343006134 -0.8058990836143494
 510   96  -29 40.107460 38.726811 -5.090638637542725 0.20736180245876312 41 -0.5765826106071472 0.1375328004360199 -0.8053802251815796
 511   97  -29 40.116776 38.726911 -4.866788387298584 0.0997370034456253 40 -0.5758623480796814 0.13726802170276642 -0.8059405088424683
 512   91  -30 40.053785 38.720242 -6.42483377456665 0.4323117434978485 12 -0.5811437964439392 0.13595359027385712 -0.8023643493652344
 513   92  -30 40.062778 38.720370 -6.335289001464844 0.4329001307487488 24 -0.5805362462997437 0.13573099672794342 -0.8028417229652405
 514  -36  -80 38.579646 38.277724 -5.446031093597412 0.8024483323097229 44 -0.6702175736427307 0.1608974039554596 -0.7245139479637146
 515  -19  -97 38.775413 38.123689 -2.669188976287842 0.3861505687236786 45 -0.657507061958313 0.15478572249412537 -0.7373777031898499
 516  -16  -97 38.810760 38.123461 -2.538849353790283 0.512471616268158 39 -0.6554674506187439 0.15399698913097382 -0.7393561005592346
 517  -19 -100 38.774272 38.095067 -2.015885591506958 0.5416375398635864 42 -0.6567964553833008 0.156591534614563 -0.7376297116279602
 518  -16 -100 38.810779 38.094356 -2.5344579219818115 0.849544107913971 40 -0.6545926928520203 0.15578335523605347 -0.73975670337677
 519  -64 -102 38.268818 38.071890 -4.024640083312988 0.6741243600845337 46 -0.6867595911026001 0.1578645259141922 -0.7095351219177246
 520  -62 -102 38.285129 38.072323 -4.044285297393799 0.4199545681476593 42 -0.6859087347984314 0.15748807787895203 -0.7104412317276001
 521  -64 -103 38.263434 38.062639 -4.1391825675964355 0.4211217164993286 42 -0.6867218017578125 0.1585526466369629 -0.7094182372093201
 522  -63 -103 38.272923 38.060986 -4.141991138458252 0.4159412086009979 38 -0.6861777901649475 0.15845517814159393 -0.7099661231040955
 523  -64 -104 38.264443 38.053978 -4.581808090209961 0.1896439641714096 42 -0.6864540576934814 0.15908652544021606 -0.709557831287384
 524  -63 -104 38.273232 38.055000 -4.589487552642822 0.1880628764629364 49 -0.6860420107841492 0.15883903205394745 -0.7100116610527039
 525  -62 -104 38.282866 38.059883 -4.225188255310059 0.19119147956371307 40 -0.6856464743614197 0.15831796824932098 -0.7105098962783813
 526  -62 -103 38.290957 38.061428 -4.325531959533691 0.2721836566925049 49 -0.6852626204490662 0.15804624557495117 -0.7109405398368835
 527  -62 -104 38.282574 38.054181 -4.031808376312256 0.25443151593208313 46 -0.6855815649032593 0.15870290994644165 -0.710486650466919
 528  -62 -104 38.290249 38.054141 -4.101560592651367 0.3474053740501404 44 -0.6851535439491272 0.15853628516197205 -0.7109366059303284
 529  -61 -102 38.298898 38.075915 -5.528660297393799 0.561248779296875 42 -0.6852539777755737 0.15695878863334656 -0.711189866065979
 530  -60 -102 38.307696 38.075922 -4.803183078765869 0.7216224074363708 19 -0.6848565340042114 0.15678609907627106 -0.7116106152534485
 531  -61 -103 38.299819 38.068093 -4.900850296020508 0.417426735162735 32 -0.6849582195281982 0.1574293076992035 -0.7113706469535828
 532  -60 -103 38.308324 38.068591 -4.425666332244873 0.3566890358924866 4 -0.6845255494117737 0.1572168618440628 -0.7118340134620667
 533  -59 -102 38.317741 38.075981 -3.7843124866485596 0.19215360283851624 31 -0.6843012571334839 0.1565622091293335 -0.7121938467025757
 534  -59 -102 38.325177 38.075972 -4.088961124420166 0.2533945143222809 42 -0.6838492155075073 0.15639016032218933 -0.7126656770706177
 535  -59 -103 38.316917 38.068579 -4.117990493774414 0.2791864573955536 52 -0.6840502023696899 0.15702860057353973 -0.7123323082923889
 536  -59 -103 38.326175 38.068537 -4.40001916885376 0.447691947221756 46 -0.6836131811141968 0.1568448543548584 -0.7127922177314758
 537  -61 -103 38.298536 38.061833 -4.805628299713135 0.1699417680501938 50 -0.6849160194396973 0.15786783397197723 -0.7113141417503357
 538  -60 -103 38.307135 38.063403 -4.5825419425964355 0.4978390038013458 44 -0.6845223903656006 0.15758882462978363 -0.7117547988891602
 539  -59 -103 38.317418 38.061820 -3.6498608589172363 0.1258084923028946 52 -0.6838763952255249 0.15745589137077332 -0.7124048471450806
 540  -64 -105 38.264040 38.046813 -4.211081027984619 0.3297353684902191 185 -0.6863506436347961 0.15956668555736542 -0.7095500826835632
 541  -63 -105 38.273436 38.046924 -4.432244300842285 0.52803635597229 40 -0.685900866985321 0.15936799347400665 -0.7100294232368469
 542  -50 -102 38.424153 38.076046 -3.3813118934631348 0.2149611860513687 47 -0.6760060787200928 0.16531869769096375 -0.7181124687194824
 543  -49 -102 38.433149 38.075948 -3.4741220474243164 0.10619016736745834 44 -0.6754662990570068 0.16548164188861847 -0.7185826301574707
 544  -50 -103 38.424455 38.069115 -3.537302255630493 0.2655108571052551 38 -0.6782985925674438 0.15495651960372925 -0.7182614207267761
 545  -48 -102 38.442268 38.075968 -3.7096076011657715 0.41630151867866516 178 -0.6749255657196045 0.1652679294347763 -0.7191397547721863
 546  -48 -102 38.450119 38.076172 -4.846044540405273 0.5063889622688293 150 -0.6745919585227966 0.165101557970047 -0.7194909453392029
 547  -47 -102 38.459131 38.076548 -3.604952573776245 0.7270113229751587 168 -0.6742274165153503 0.16490843892097473 -0.7198768258094788
 548  -46 -102 38.468182 38.076379 -2.7896640300750732 0.4166433811187744 7 -0.6736510992050171 0.1646990329027176 -0.7204641103744507
 549  -52 -106 38.406593 38.040641 -3.2594211101531982 0.45392635464668274 27 -0.6784231662750244 0.15684838593006134 -0.7177330255508423
 550  -51 -106 38.415156 38.041028 -2.932807207107544 0.38364267349243164 49 -0.6779830455780029 0.15664148330688477 -0.7181938886642456
 551  -50 -106 38.424119 38.040970 -2.0447423458099365 0.20457559823989868 54 -0.6774691343307495 0.156443789601326 -0.7187217473983765
 552  -49 -106 38.432991 38.041184 -1.8640919923782349 0.14027950167655945 47 -0.6769894957542419 0.15623609721660614 -0.7192186713218689
 553  -52 -107 38.406492 38.034144 -2.9261558055877686 0.25152820348739624 50 -0.6783687472343445 0.15728816390037537 -0.7176880836486816
 554  -51 -107 38.414912 38.033514 -2.8552470207214355 0.3439546227455139 42 -0.6779614686965942 0.15715928375720978 -0.7181012034416199
 555  -52 -107 38.406396 38.026636 -3.136137008666992 0.3651680648326874 42 -0.6782750487327576 0.15778815746307373 -0.7176669239997864
 556  -51 -107 38.415686 38.027129 -2.835176706314087 0.5156527757644653 57 -0.6778488755226135 0.15756896138191223 -0.7181175947189331
 557  -50 -107 38.423850 38.034189 -2.1510009765625 0.28929319977760315 55 -0.677461564540863 0.156914621591568 -0.7186262011528015
 558  -49 -107 38.432795 38.034137 -1.8095532655715942 0.15084239840507507 46 -0.676947832107544 0.156716987490654 -0.7191532850265503
 559  -50 -107 38.424260 38.026861 -2.745208978652954 0.3980012536048889 38 -0.6774396300315857 0.15741406381130219 -0.7185376882553101
 560  -49 -107 38.433155 38.027191 -2.0108888149261475 0.3005765974521637 148 -0.6769334673881531 0.15719227492809296 -0.7190629839897156
 561  122  -29 40.404173 38.723507 -5.275029182434082 0.22308582067489624 32 -0.5544309616088867 0.12975698709487915 -0.8220519423484802
 562  116  -30 40.341139 38.716961 -5.937028884887695 0.567080020904541 40 -0.5590642690658569 0.13184820115566254 -0.8185738921165466
 563  117  -30 40.349834 38.717452 -5.709903240203857 0.48302480578422546 41 -0.5584022402763367 0.13158030807971954 -0.8190687894821167
 564  116  -31 40.341229 38.710323 -5.131341457366943 0.1079244390130043 37 -0.5588525533676147 0.13222260773181915 -0.8186580538749695
 565  117  -31 40.349979 38.710278 -5.17542839050293 0.1652519851922989 42 -0.5582076907157898 0.13199172914028168 -0.8191351294517517
 566  118  -30 40.358514 38.716659 -5.5639448165893555 0.19854871928691864 20 -0.5576693415641785 0.13137824833393097 -0.8196003437042236
 567  118  -30 40.367620 38.715044 -6.301640510559082 0.29559409618377686 47 -0.5568928718566895 0.13121388852596283 -0.8201544284820557
 568  118  -31 40.358487 38.710281 -5.170019149780273 0.27872925996780396 39 -0.5575562715530396 0.13175912201404572 -0.8196161389350891
 569  118  -31 40.367920 38.709977 -5.281846523284912 0.30951040983200073 30 -0.5567556023597717 0.13150273263454437 -0.8202013969421387
 570  117  -32 40.345241 38.699656 -5.285201072692871 0.36763325333595276 19 -0.5582142472267151 0.1327172815799713 -0.8190134167671204
 571  118  -32 40.362799 38.699244 -5.575158596038818 0.4390784204006195 22 -0.5569128394126892 0.13227254152297974 -0.8199707865715027
 572  119  -30 40.378183 38.715248 -5.640499114990234 0.29413658380508423 46 -0.5560850501060486 0.13091255724430084 -0.8207504749298096
 573  120  -30 40.386197 38.716817 -5.2868804931640625 0.2010851800441742 42 -0.5555295944213867 0.13060803711414337 -0.8211750388145447
 574  119  -31 40.376935 38.710065 -5.181657314300537 0.22167016565799713 46 -0.556031346321106 0.13124236464500427 -0.8207341432571411
 575  120  -31 40.385919 38.709876 -4.986542701721191 0.17122021317481995 41 -0.5553402900695801 0.13100817799568176 -0.8212393522262573
 576  -63 -109 38.273350 38.011912 -4.0353569984436035 0.6032285094261169 46 -0.685163676738739 0.1616443395614624 -0.7102265357971191
 577  -63 -108 38.282106 38.019278 -3.204312562942505 0.3915386497974396 37 -0.6848838329315186 0.1609840840101242 -0.710646390914917
 578  -62 -108 38.290971 38.018975 -3.667778491973877 0.3498426377773285 38 -0.6844190955162048 0.16081464290618896 -0.711132287979126
 579  -63 -109 38.282272 38.012263 -3.837887763977051 0.5699690580368042 40 -0.6847514510154724 0.16144195199012756 -0.7106700539588928
 580  -62 -109 38.290844 38.012145 -3.3584446907043457 0.39243051409721375 38 -0.6843304634094238 0.1612730324268341 -0.7111137509346008
 581  -64 -110 38.264486 38.005019 -3.08699369430542 0.4285165071487427 35 -0.6854084134101868 0.16226543486118317 -0.7098487019538879
 582  -63 -110 38.272573 38.005206 -2.85412335395813 0.9680535793304443 39 -0.6850042939186096 0.16208340227603912 -0.7102803587913513
 583  -64 -110 38.264360 37.998039 -2.4991822242736816 0.3614107370376587 38 -0.6850672960281372 0.1626749187707901 -0.7100842595100403
 584  -63 -111 38.272832 37.997793 -2.2420177459716797 0.31133249402046204 40 -0.6845951676368713 0.16250349581241608 -0.7105786800384521
 585  -62 -110 38.287443 38.001646 -3.165494203567505 1.1120773553848267 37 -0.6840364933013916 0.16196878254413605 -0.7112385034561157
 586  -43  132 38.492855 40.191194 0.23887495696544647 2.0441300868988037 38 -0.6961844563484192 0.16724859178066254 -0.6981082558631897
 587  -33  141 38.602908 40.275487 2.2135000228881836 1.605581283569336 30 -0.6913554072380066 0.16679415106773376 -0.7029988765716553
 588  -21  141 38.749533 40.277305 2.2691941261291504 0.6791914701461792 37 -0.6836298704147339 0.1656809002161026 -0.710774302482605
 589  -36  132 38.567358 40.190979 1.6748971939086914 0.5740017890930176 41 -0.6926165223121643 0.16576629877090454 -0.7019999027252197
 590  -30  132 38.638033 40.192642 1.755649447441101 0.5939165949821472 35 -0.689339280128479 0.16425369679927826 -0.7055721879005432
 591  -36  126 38.566715 40.136069 0.11466595530509949 1.0579725503921509 37 -0.6910303831100464 0.1692473143339157 -0.7027320265769958
 592  -30  126 38.639769 40.135565 0.25518742203712463 0.9413641095161438 37 -0.687411367893219 0.16777727007865906 -0.7066231966018677
 593  -21  129 38.751200 40.162316 1.1415256261825562 1.2642652988433838 58 -0.6824923157691956 0.16375529766082764 -0.7123120427131653
 594  -39   47 38.544837 39.422533 -6.165416717529297 1.1949764490127563 53 -0.6853389739990234 0.1638687252998352 -0.7095474004745483
 595  -33   90 38.603473 39.818565 -5.694822311401367 0.690759003162384 61 -0.6864942312240601 0.16580432653427124 -0.7079792618751526
 596  -21   91 38.752661 39.823267 -5.254499435424805 0.7116129398345947 48 -0.6788960099220276 0.16234950721263885 -0.7160606384277344
 597  -33   79 38.606713 39.712621 -6.557384014129639 1.0596661567687988 162 -0.6856493949890137 0.16280829906463623 -0.7094916105270386
 598  -21   79 38.750677 39.713176 -5.773848533630371 0.5015770792961121 169 -0.6779425740242004 0.16161908209323883 -0.7171284556388855
 599  -91 -128 37.961335 37.835711 -0.7740574479103088 1.2895258665084839 173 -0.6990076303482056 0.1679813265800476 -0.695104718208313
 600  -91 -131 37.960675 37.808966 -0.9542559385299683 0.5754683017730713 147 -0.6981263160705566 0.1696646362543106 -0.6955814957618713
 601  -91 -136 37.960089 37.764871 -0.646038830280304 0.4696260690689087 36 -0.6993768811225891 0.1613948941230774 -0.6962928771972656
 602  -84 -200 38.044296 37.189600 0.6109671592712402 0.5978633165359497 46 -0.6878325343132019 0.16179431974887848 -0.7076079249382019
 603  -40 -251 38.544471 36.737030 1.257867693901062 1.3385441303253174 42 -0.6532112956047058 0.15358443558216095 -0.7414356470108032
 604  -80  -83 38.076251 38.241138 -5.940497875213623 0.6627859473228455 42 -0.6979652047157288 0.16392506659030914 -0.6971177458763123
 605  -71  -83 38.186245 38.247174 -5.29537296295166 0.6606177687644958 40 -0.6922270655632019 0.16288883984088898 -0.703056812286377
 606  -82  -95 38.061907 38.132031 -4.678513050079346 0.7599731683731079 34 -0.6974455118179321 0.1653665155172348 -0.6972974538803101
 607  -74  -92 38.150403 38.162420 -4.879695415496826 0.7274959087371826 38 -0.692743718624115 0.16610808670520782 -0.7017936110496521
 608  -68  -92 38.221371 38.163695 -4.360466003417969 0.9069309830665588 14 -0.6891230344772339 0.16452021896839142 -0.7057212591171265
 609   44  107 39.519686 39.966932 0.6560030579566956 0.6746846437454224 32 -0.6360775828361511 0.15166088938713074 -0.7565740346908569
 610   38  101 39.445921 39.910710 -0.46053585410118103 1.002747893333435 42 -0.6390576958656311 0.15638038516044617 -0.753093957901001
 611   44  101 39.518381 39.909777 -0.1731206774711609 0.9876384139060974 35 -0.6347823739051819 0.15482215583324432 -0.757021427154541
 612   53  104 39.626816 39.938644 0.05258648470044136 1.3802319765090942 47 -0.6288450956344604 0.15078189969062805 -0.7627703547477722
 613  -17  -89 38.797637 38.189964 -3.8946950435638428 0.10712002217769623 39 -0.6578627824783325 0.15030203759670258 -0.737987756729126
 614  -16  -89 38.806463 38.190241 -3.930093765258789 0.13589976727962494 41 -0.6570410132408142 0.15158990025520325 -0.7384561896324158
 615  -17  -90 38.797649 38.183053 -3.979418992996216 0.11967939138412476 25 -0.6577224135398865 0.15056481957435608 -0.7380592823028564
 616  -16  -90 38.806486 38.183100 -3.79236102104187 0.20155777037143707 48 -0.6572415828704834 0.15036852657794952 -0.7385274171829224
 617  -15  -90 38.820001 38.186745 -3.595616102218628 0.23671507835388184 51 -0.6560230851173401 0.15223893523216248 -0.7392273545265198
 618  -17  -91 38.801999 38.172352 -3.848090887069702 0.16320426762104034 43 -0.6571155190467834 0.15111692249774933 -0.7384868860244751
 619  -15  -91 38.819796 38.172242 -3.877535820007324 0.4174566864967346 44 -0.6561179161071777 0.15072892606258392 -0.739452600479126
 620  -20  -93 38.761921 38.161868 -3.3019628524780273 0.07809881865978241 39 -0.6592224836349487 0.1526930332183838 -0.7362816333770752
 621  -20  -92 38.770728 38.162023 -3.17474627494812 0.10520372539758682 49 -0.6586954593658447 0.15247927606105804 -0.7367973923683167
 622  -20  -93 38.762414 38.154560 -3.0910274982452393 0.09516044706106186 33 -0.6589702367782593 0.15313111245632172 -0.7364163994789124
 623  -20  -93 38.771042 38.154512 -3.9412992000579834 0.7907893061637878 44 -0.6584550738334656 0.15293501317501068 -0.7369177341461182
 624  -18  -93 38.784043 38.158408 -4.752167701721191 1.1597408056259155 39 -0.6578332781791687 0.15240317583084106 -0.7375829815864563
 625  -20  -94 38.766726 38.144338 -3.6189146041870117 0.5622318983078003 42 -0.6584785580635071 0.15367725491523743 -0.7367423176765442
 626  -18  -94 38.784047 38.144352 -3.351264715194702 0.5622164607048035 41 -0.6575338840484619 0.15329618752002716 -0.7376648187637329
 627  -16  -94 38.811157 38.151669 -3.498753309249878 0.4003295600414276 37 -0.656122088432312 0.15221646428108215 -0.7391440868377686
 628  -26  -96 38.699534 38.133625 -4.399188995361328 0.4680651128292084 43 -0.6620721817016602 0.1558726578950882 -0.7330512404441833
 629  -27  -96 38.690603 38.126635 -4.060369491577148 0.4671293795108795 49 -0.662475049495697 0.1565304845571518 -0.732546865940094
 630  -26  -96 38.699937 38.126684 -3.194826126098633 0.18108680844306946 41 -0.6619524359703064 0.15631794929504395 -0.7330646514892578
 631  -25  -96 38.708434 38.133579 -3.9474239349365234 0.35026460886001587 33 -0.6616010069847107 0.1556834876537323 -0.7335167527198792
 632  -24  -96 38.717478 38.133890 -4.1507463455200195 0.5990256071090698 47 -0.6611073017120361 0.1554630547761917 -0.7340083718299866
 633  -25  -96 38.708466 38.126535 -3.301396131515503 0.12387019395828247 44 -0.6614638566970825 0.15613549947738647 -0.7335443496704102
 634  -24  -96 38.717392 38.126588 -3.2216031551361084 0.11089280992746353 46 -0.6609562635421753 0.1559305638074875 -0.7340452671051025
 635  -27  -97 38.690879 38.119584 -3.308342695236206 0.4252392649650574 37 -0.6623163819313049 0.1569758951663971 -0.7325951457023621
 636  -26  -97 38.700319 38.119331 -2.786864757537842 0.12308772653341293 42 -0.6617534756660461 0.15677429735660553 -0.7331467270851135
 637  -27  -98 38.690730 38.114027 -2.922149896621704 0.13738195598125458 35 -0.6621561646461487 0.15732181072235107 -0.7326656579971313
 638  -26  -98 38.700311 38.112581 -2.702077627182007 0.1578199416399002 48 -0.6615496277809143 0.15719074010849 -0.733241617679596
 639  -25  -98 38.713111 38.116258 -2.985642194747925 0.21302823722362518 28 -0.660898745059967 0.15666677057743073 -0.7339403033256531
 640  -23  -96 38.726593 38.133683 -3.575479745864868 0.18050694465637207 27 -0.6605855822563171 0.15527111291885376 -0.7345185875892639
 641  -23  -96 38.735891 38.133833 -3.1310055255889893 0.12167736142873764 37 -0.6600443720817566 0.155048206448555 -0.7350520491600037
 642  -24  -96 38.726212 38.126718 -2.994229316711426 0.2375662475824356 21 -0.6604474782943726 0.15572111308574677 -0.7345475554466248
 643  -23  -96 38.735487 38.126612 -2.714215040206909 0.20777563750743866 9 -0.6598904132843018 0.15551219880580902 -0.735092282295227
 644  -22  -96 38.748688 38.130251 -3.044938802719116 0.24910803139209747 27 -0.6592346429824829 0.15498678386211395 -0.7357912063598633
 645  -23  -98 38.731172 38.115960 -2.772008180618286 0.1888115257024765 72 -0.6598262190818787 0.15626858174800873 -0.7349894642829895
 646  -22  -98 38.748763 38.115978 -2.677692413330078 0.2643009424209595 101 -0.6588551998138428 0.15587662160396576 -0.7359431385993958
 647  -25 -100 38.706790 38.094435 -2.360644817352295 0.5574589371681213 15 -0.6607328057289124 0.1581871211528778 -0.7337636351585388
 648  -22 -100 38.740326 38.095080 -2.0181002616882324 0.318293035030365 20 -0.6587258577346802 0.1573590785264969 -0.7357434034347534
 649   63   50 39.737367 39.450825 -6.6099090576171875 1.073602318763733 3 -0.6151816248893738 0.14458070695400238 -0.7750148177146912
 650   69   50 39.807683 39.455733 -6.185905933380127 0.5843604803085327 49 -0.6105718612670898 0.14298531413078308 -0.7789462804794312
 651   72   10 39.835327 39.089482 -7.1058878898620605 0.7065747380256653 52 -0.6020293235778809 0.14426065981388092 -0.7853339910507202
 652   47  -15 39.544050 38.863499 -8.167183876037598 1.0413734912872314 36 -0.6185956597328186 0.14670312404632568 -0.771892249584198
 653   -8  -58 38.898992 38.474077 -6.690452575683594 0.9051029682159424 57 -0.6545590162277222 0.15367472171783447 -0.7402274012565613
 654    0  -55 39.005985 38.502805 -6.623385906219482 0.6582533121109009 20 -0.648321270942688 0.1529017686843872 -0.7458556294441223
 655    6  -55 39.079089 38.503406 -6.829377174377441 0.8258938193321228 31 -0.6439018845558167 0.1509108543395996 -0.7500775456428528
 656    0  -61 39.007810 38.447088 -6.908981800079346 0.7151227593421936 5 -0.6470670104026794 0.15478378534317017 -0.746556282043457
 657    6  -61 39.079678 38.447515 -6.609920978546143 0.5466721653938293 59 -0.6425077319145203 0.15398456156253815 -0.7506481409072876
 658  -11  -67 38.868058 38.392993 -6.80104398727417 1.4614607095718384 37 -0.6542287468910217 0.15846331417560577 -0.7395094037055969
 659   -7  -66 38.917355 38.404734 -6.654944896697998 0.6719184517860413 52 -0.6519284844398499 0.15666228532791138 -0.7419206500053406
 660   -4  -66 38.953431 38.405309 -6.3349385261535645 0.550017774105072 36 -0.6498598456382751 0.15580132603645325 -0.7439140677452087
 661   -7  -69 38.917286 38.376683 -6.704050064086914 1.323599100112915 48 -0.6510485410690308 0.158369243144989 -0.74233078956604
 662   -4  -69 38.953824 38.376570 -5.1127705574035645 0.5707882642745972 30 -0.6488686203956604 0.1575213521718979 -0.7444169521331787
 663  -13  -72 38.846072 38.347447 -5.468568325042725 0.853882908821106 40 -0.6567494869232178 0.15201279520988464 -0.7386285662651062
 664  -10  -72 38.880410 38.347307 -6.973455905914307 1.2348910570144653 39 -0.6541566252708435 0.15284064412117004 -0.7407556176185608
 665  -61 -108 38.299386 38.019146 -3.2916347980499268 0.3412516713142395 30 -0.6840550303459167 0.1606408804655075 -0.7115217447280884
 666  -60 -108 38.308889 38.018816 -3.7970292568206787 0.4953438639640808 45 -0.6836568117141724 0.16048337519168854 -0.7119399309158325
 667  -61 -109 38.299674 38.012546 -3.1217057704925537 0.6483977437019348 133 -0.6839327812194824 0.16107065975666046 -0.7115421295166016
 668  -60 -109 38.309119 38.012386 -2.8417396545410156 0.5222178101539612 195 -0.6834378242492676 0.1608792394399643 -0.7120608687400818
 669  -60 -108 38.316633 38.019738 -3.175135612487793 0.48802515864372253 102 -0.6832850575447083 0.1602611392736435 -0.7123467326164246
 670  -85 -121 38.022643 37.901787 -2.381666660308838 0.7705219984054565 45 -0.697961151599884 0.16251875460147858 -0.6974509954452515
 671  -84 -121 38.040512 37.900978 -1.1719433069229126 0.36985859274864197 45 -0.6968763470649719 0.1621612310409546 -0.6986180543899536
 672  -85 -123 38.025429 37.885324 -2.483598470687866 0.7530274391174316 72 -0.6973294019699097 0.16350612044334412 -0.6978520154953003
 673  -84 -123 38.040884 37.886643 -1.5791118144989014 0.45996958017349243 511 -0.696453332901001 0.16306854784488678 -0.6988285779953003
 674  -88 -125 37.997539 37.863520 -1.2743279933929443 0.7650760412216187 142 -0.6978709101676941 0.16542336344718933 -0.6968582272529602
 675  -85 -125 38.029482 37.865079 -1.3917605876922607 0.8038238286972046 155 -0.6962441802024841 0.1646413505077362 -0.6986682415008545
 676  -82 -109 38.063916 38.006513 -3.4156391620635986 0.5972834229469299 153 -0.6955722570419312 0.16637830436229706 -0.6989260315895081
 677  -79 -109 38.090193 38.014493 -3.6117801666259766 0.9406652450561523 109 -0.6945163011550903 0.16532908380031586 -0.7002238631248474
 678  -78 -109 38.109622 38.014223 -3.0331320762634277 0.8882396221160889 453 -0.6935204863548279 0.1649375706911087 -0.7013023495674133
 679  -79 -110 38.090754 38.000382 -3.3555991649627686 0.7058464884757996 665 -0.6940186023712158 0.1661999672651291 -0.7005111575126648
 680  -78 -110 38.108973 38.000320 -3.5807912349700928 0.6302935481071472 635 -0.6930818557739258 0.16581787168979645 -0.7015283107757568
 681  -82 -112 38.055654 37.986254 -3.5603530406951904 0.2672256529331207 52 -0.6953694820404053 0.16783173382282257 -0.6987802386283875
 682  -81 -112 38.073253 37.986041 -3.6230833530426025 0.33671697974205017 48 -0.6944926381111145 0.16747982800006866 -0.6997359991073608
 683  -83 -113 38.051316 37.975152 -3.023021936416626 0.28277331590652466 45 -0.6952952146530151 0.1686353236436844 -0.6986606121063232
 684  -82 -113 38.060021 37.975289 -3.0187828540802 0.13632753491401672 47 -0.6948665380477905 0.16844524443149567 -0.6991327404975891
 685  -83 -114 38.051373 37.968125 -2.8346049785614014 0.1406795233488083 34 -0.6951282024383545 0.16909030079841614 -0.6987168788909912
 686  -82 -114 38.060244 37.968419 -2.45430064201355 0.21380655467510223 35 -0.6947042346000671 0.16888897120952606 -0.6991870403289795
 687  -81 -113 38.069172 37.975395 -3.0921859741210938 0.20818449556827545 33 -0.6944172978401184 0.16824868321418762 -0.6996263861656189
 688  -81 -113 38.077962 37.975733 -3.5304338932037354 0.3918319046497345 34 -0.6939927935600281 0.1680443435907364 -0.7000964879989624
 689  -81 -114 38.069209 37.968459 -2.5943942070007324 0.2760202884674072 38 -0.6942378878593445 0.16869397461414337 -0.6996971368789673
 690  -81 -114 38.077796 37.968516 -2.981898784637451 0.13024987280368805 38 -0.6938185691833496 0.16851277649402618 -0.7001566290855408
 691  -80 -111 38.086837 37.989726 -3.2891194820404053 0.42366260290145874 26 -0.69391268491745 0.16696009039878845 -0.700435221195221
 692  -38 -101 38.556905 38.083250 -2.2746684551239014 0.7570628523826599 16 -0.6690506339073181 0.1623116135597229 -0.7252766489982605
 693  -37 -100 38.575716 38.090325 -1.775124192237854 0.3762134611606598 41 -0.6680446863174438 0.16140903532505035 -0.7264044880867004
 694  -37 -101 38.566904 38.083011 -1.1638818979263306 0.4581034481525421 37 -0.6684684157371521 0.1620987355709076 -0.7258608341217041
 695  -37 -101 38.574959 38.084110 -0.16017881035804749 0.4891352355480194 36 -0.6679957509040833 0.16183558106422424 -0.7263545989990234
 696  -36 -100 38.584474 38.097986 -2.1767337322235107 0.18429045379161835 36 -0.6678752899169922 0.16075848042964935 -0.7267044186592102
 697  -35 -100 38.592860 38.097812 -1.8975216150283813 0.26131266355514526 32 -0.6673926115036011 0.16057974100112915 -0.7271872162818909
 698  -34  -99 38.601752 38.104863 -3.203259229660034 0.543649435043335 43 -0.6670392155647278 0.15992625057697296 -0.7276553511619568
 699  -34  -99 38.610537 38.105558 -3.1222875118255615 0.6003045439720154 40 -0.6665564179420471 0.1596832424402237 -0.7281509637832642
 700  -34 -100 38.602021 38.097806 -2.40034818649292 0.2005012482404709 41 -0.6668371558189392 0.16036392748355865 -0.7277442216873169
 701  -34 -100 38.610564 38.097718 -2.486053466796875 0.2971177399158478 196 -0.6663106083869934 0.1601666361093521 -0.7282697558403015
 702  -36 -100 38.584034 38.090633 -1.5846954584121704 0.35449665784835815 185 -0.6675915718078613 0.1612028330564499 -0.7268666625022888
 703  -35 -100 38.592786 38.090689 -1.2849632501602173 0.2632189393043518 174 -0.6671337485313416 0.16101160645484924 -0.7273293137550354
 704  -36 -101 38.584347 38.083932 -0.9563993811607361 0.5052065253257751 124 -0.6673481464385986 0.1616068333387375 -0.7270004749298096
 705  -35 -101 38.593022 38.083686 -2.2034990787506104 0.323518306016922 127 -0.6668047904968262 0.1614147424697876 -0.7275415658950806
 706  -34 -101 38.606328 38.086914 -2.8867154121398926 1.139968991279602 208 -0.666149377822876 0.16091296076774597 -0.7282527089118958
 707  -33  -98 38.619450 38.112361 -3.55129075050354 0.42221948504447937 36 -0.6661949753761292 0.1590457707643509 -0.7286210656166077
 708  -32  -98 38.628167 38.112016 -4.236258506774902 0.5538100004196167 39 -0.6656844615936279 0.15886864066123962 -0.7291260957717896
 709  -31  -97 38.637494 38.119636 -7.403897285461426 1.6760706901550293 35 -0.6653022170066833 0.15816614031791687 -0.7296276688575745
 710  -30  -97 38.646633 38.118116 -3.084054946899414 0.7926947474479675 51 -0.6647740602493286 0.15806250274181366 -0.7301312685012817
 711  -31  -98 38.637250 38.111680 -3.816040277481079 0.3266657888889313 47 -0.6651166081428528 0.15867434442043304 -0.729686439037323
 712  -31  -98 38.645821 38.112574 -2.631223678588867 0.4120393395423889 18 -0.6646273732185364 0.15841804444789886 -0.7301878333091736
 713  -28  -96 38.673366 38.126187 -2.8520631790161133 1.0363010168075562 27 -0.663261890411377 0.15690472722053528 -0.7317544221878052
 714  -27  -96 38.682375 38.127358 -5.22675895690918 0.813136875629425 22 -0.6628612279891968 0.15664656460285187 -0.7321726679801941
 715  -30  -97 38.654738 38.117720 -1.5580974817276 0.3019704818725586 30 -0.6642341613769531 0.1578882485628128 -0.7306602001190186
 716  -29  -97 38.665586 38.118461 -2.092310905456543 1.0890949964523315 36 -0.6635197401046753 0.15756916999816895 -0.7313778400421143
 717  -30  -98 38.655257 38.112902 -2.349046468734741 0.4355657398700714 38 -0.6640260219573975 0.15816640853881836 -0.7307891845703125
 718  -29  -98 38.663006 38.113039 -3.2735061645507812 0.8407401442527771 37 -0.6635645031929016 0.15797680616378784 -0.7312492728233337
 719  -28  -97 38.670839 38.120661 -3.879850387573242 1.451001763343811 37 -0.6632839441299438 0.15731266140937805 -0.7316468954086304
 720  -27  -97 38.683659 38.118846 -5.311302661895752 1.1865198612213135 31 -0.6626850366592407 0.15717960894107819 -0.7322180271148682
 721  -27  -98 38.681696 38.112950 -3.941558837890625 1.0107365846633911 62 -0.6626708507537842 0.1576007455587387 -0.732140302658081
 722  -33  -99 38.619566 38.105343 -2.9827656745910645 0.21696533262729645 43 -0.6659877300262451 0.15948034822940826 -0.7287154793739319
 723  -32  -99 38.628359 38.105154 -3.051180601119995 0.3958066701889038 3049 -0.6654295325279236 0.15928064286708832 -0.7292690277099609
 724  -33 -100 38.619093 38.098040 -3.8510286808013916 0.8702629804611206 650 -0.6658162474632263 0.1599486917257309 -0.7287696599960327
 725  -32 -100 38.629066 38.098470 -3.409353733062744 0.813447892665863 683 -0.665255606174469 0.1596943736076355 -0.7293371558189392
 726  -31  -99 38.640094 38.102249 -3.1086130142211914 0.39606577157974243 660 -0.6647153496742249 0.15920406579971313 -0.7299366593360901
 727  -33 -101 38.622794 38.086657 -3.8032126426696777 1.5075615644454956 706 -0.6653631925582886 0.160593643784523 -0.7290414571762085
 728  -31 -101 38.641905 38.086963 -1.829209566116333 0.4789099097251892 191 -0.6643218994140625 0.1601499617099762 -0.73008793592453
 729  -29  -99 38.663794 38.101325 -4.1414408683776855 1.5783807039260864 143 -0.6633574962615967 0.1587287336587906 -0.7312742471694946
 730  -28  -99 38.676017 38.102501 -3.881106376647949 1.0902202129364014 22 -0.6627771258354187 0.15839813649654388 -0.7318719029426575
 731  -29 -101 38.658690 38.085917 -2.0834739208221436 0.7396494150161743 23 -0.6633228659629822 0.15983054041862488 -0.731065571308136
 732  -28 -101 38.678546 38.086675 -1.4359596967697144 0.6722010970115662 36 -0.6622663140296936 0.15934528410434723 -0.7321286201477051
 733  -27  -89 38.690767 38.189982 -4.720314025878906 0.07691734284162521 25 -0.6639516353607178 0.15251553058624268 -0.7320568561553955
 734  -26  -89 38.699442 38.189886 -4.9417405128479 0.10475226491689682 16 -0.6634615063667297 0.1523286998271942 -0.7325400114059448
 735  -27  -90 38.690639 38.182625 -4.395041465759277 0.1610143929719925 35 -0.663757860660553 0.15297794342041016 -0.7321361303329468
 736  -26  -90 38.699875 38.182934 -4.6653971672058105 0.08217642456293106 24 -0.6632142066955566 0.15274593234062195 -0.7326769828796387
 737  -25  -89 38.708480 38.189831 -4.657462120056152 0.15132249891757965 33 -0.6629363894462585 0.15212814509868622 -0.7330568432807922
 738  -24  -89 38.717250 38.190113 -4.388545513153076 0.11774604022502899 50 -0.662409782409668 0.15190650522708893 -0.7335787415504456
 739  -25  -90 38.708711 38.182878 -4.317254066467285 0.12019078433513641 36 -0.6627052426338196 0.15255048871040344 -0.7331780791282654
 740  -27  -91 38.690492 38.175775 -4.120129585266113 0.09289098531007767 23 -0.6636002659797668 0.15341389179229736 -0.732187807559967
 741  -26  -91 38.699535 38.175874 -4.317435264587402 0.131635382771492 34 -0.6630479097366333 0.1531958132982254 -0.7327336072921753
 742  -27  -92 38.690827 38.168816 -4.236315727233887 0.16421747207641602 24 -0.6633477807044983 0.15383084118366241 -0.7323290109634399
 743  -26  -92 38.699823 38.168676 -4.284391403198242 0.20119692385196686 33 -0.6627994775772095 0.15363040566444397 -0.7328673601150513
 744    6  113 39.079773 40.023652 -0.04004000872373581 0.7835845947265625 45 -0.663345217704773 0.1580917239189148 -0.7314234375953674
 745  112  -18 40.296430 38.826837 -6.059389591217041 0.6937285661697388 30 -0.5638382434844971 0.1375289261341095 -0.8143538236618042
 746  -77 -110 38.122296 38.003973 -4.475387096405029 0.3410741090774536 30 -0.6925490498542786 0.16531431674957275 -0.7021730542182922
 747  -76 -110 38.130871 38.003983 -4.200376510620117 0.23106107115745544 7 -0.6922007203102112 0.16515356302261353 -0.7025543451309204
 748  -77 -110 38.122217 37.996947 -4.407926559448242 0.43318071961402893 36 -0.6923205852508545 0.16575521230697632 -0.7022944092750549
 749  -76 -110 38.131060 37.997122 -3.9253194332122803 0.42458873987197876 20 -0.6919062733650208 0.16556456685066223 -0.7027475237846375
 750  -75 -110 38.139828 38.004260 -3.181934356689453 0.26192569732666016 36 -0.6917772889137268 0.16495338082313538 -0.7030181884765625
 751  -74 -110 38.148627 38.004028 -3.849329710006714 0.47649073600769043 42 -0.6913431882858276 0.16478735208511353 -0.7034839987754822
 752  -75 -110 38.140050 37.996930 -3.255603075027466 0.20259416103363037 25 -0.6914666295051575 0.16539300978183746 -0.7032204270362854
 753  -74 -110 38.148964 37.997288 -3.4311463832855225 0.3797052502632141 31 -0.6910269856452942 0.16518288850784302 -0.7037018537521362
 754  -73 -108 38.157687 38.018624 -2.4356515407562256 0.2825230658054352 36 -0.6912648677825928 0.16366150975227356 -0.7038236856460571
 755  -73 -108 38.166382 38.018107 -2.5136308670043945 0.2217782437801361 38 -0.6907076835632324 0.16348791122436523 -0.7044107913970947
 756  -73 -109 38.157534 38.011202 -2.3366432189941406 0.31871721148490906 53 -0.691070020198822 0.16413883864879608 -0.70390385389328
 757  -73 -109 38.166469 38.011154 -2.689418315887451 0.30479466915130615 44 -0.6905087828636169 0.1639285534620285 -0.7045034170150757
 758  -72 -108 38.175611 38.018267 -3.0889737606048584 0.37505486607551575 34 -0.6901718974113464 0.16326658427715302 -0.7049870491027832
 759  -71 -108 38.184145 38.018928 -2.7857584953308105 0.3617078959941864 39 -0.6897101998329163 0.1630345582962036 -0.705492377281189
 760  -72 -109 38.175193 38.011239 -3.031867742538452 0.3517737090587616 39 -0.6900421380996704 0.16373319923877716 -0.7050058841705322
 761  -71 -109 38.184644 38.011538 -2.076815128326416 0.208033487200737 37 -0.6894888281822205 0.16349650919437408 -0.7056018710136414
 762  -73 -110 38.157492 38.004192 -2.718367338180542 0.4789927005767822 46 -0.6909005641937256 0.16459137201309204 -0.7039645910263062
 763  -73 -110 38.166899 38.004113 -2.6792619228363037 0.4121560752391815 50 -0.6903013586997986 0.1643701195716858 -0.7046037316322327
 764   -5  -80 38.939939 38.274704 -3.2287251949310303 0.14910560846328735 56 -0.6491710543632507 0.15283513069152832 -0.7451297640800476
 765   -4  -80 38.948957 38.274760 -3.228073835372925 0.10976682603359222 53 -0.6486179232597351 0.15261855721473694 -0.7456556558609009
 766   -5  -81 38.940383 38.267677 -2.941380023956299 0.11229941993951797 41 -0.6490349173545837 0.153277188539505 -0.7451575398445129
 767   -4  -81 38.949000 38.267651 -2.9441208839416504 0.08579478412866592 46 -0.6485052108764648 0.15307511389255524 -0.745660126209259
 768   -3  -80 38.957957 38.274706 -3.0383193492889404 0.18046751618385315 48 -0.6478160619735718 0.15355533361434937 -0.7461602091789246
 769   -2  -80 38.967059 38.274764 -3.1082024574279785 0.21585893630981445 51 -0.6466885209083557 0.15584544837474823 -0.7466633319854736
 770   -3  -81 38.957957 38.267573 -2.8986990451812744 0.11919049173593521 48 -0.6473796963691711 0.15531127154827118 -0.7461755275726318
 771   -2  -81 38.966696 38.267743 -2.6734540462493896 0.15939919650554657 57 -0.6465737819671631 0.15625132620334625 -0.7466779351234436
 772   -4  -82 38.944304 38.257151 -2.6886332035064697 0.24679923057556152 58 -0.6485128998756409 0.15426313877105713 -0.7454085946083069
 773   -3  -82 38.962049 38.257075 -2.5460050106048584 0.2788650393486023 46 -0.646680474281311 0.15694721043109894 -0.746439516544342
 774  177   -8 41.042861 38.910031 -4.386056900024414 0.4533124566078186 38 -0.504777193069458 0.12194506078958511 -0.8545930981636047
 775  165  -19 40.899902 38.804961 -4.560339450836182 0.9271712303161621 49 -0.5156304240226746 0.12185173481702805 -0.8481022119522095
 776  176  -18 41.031466 38.813176 -3.9142932891845703 1.7217907905578613 43 -0.5046637058258057 0.11771989613771439 -0.8552523851394653
 777   85  -27 39.982383 38.749054 -8.962664604187012 0.5206301808357239 42 -0.586979866027832 0.1362524926662445 -0.7980538606643677
 778   86  -27 39.991230 38.748835 -8.585752487182617 0.4907851815223694 31 -0.5863960981369019 0.13605661690235138 -0.7985162734985352
 779   85  -28 39.982075 38.742175 -8.9592866897583 0.2515774965286255 69 -0.5868323445320129 0.136614590883255 -0.798100471496582
 780   86  -28 39.991022 38.742019 -8.6129732131958 0.5331047773361206 61 -0.5862457156181335 0.1364133358001709 -0.7985658049583435
 781   86  -27 40.000139 38.748957 -8.132901191711426 0.4158514440059662 53 -0.5857877731323242 0.13583563268184662 -0.7990002036094666
 782   -9  -77 38.886539 38.302704 -4.6861982345581055 0.2524610459804535 33 -0.6532117128372192 0.1523631066083908 -0.7416872382164001
 783   -9  -77 38.895957 38.302969 -4.466643333435059 0.17568771541118622 31 -0.6526044011116028 0.15211747586727142 -0.7422720789909363
 784   -9  -78 38.886384 38.295640 -4.6145124435424805 0.1443573236465454 35 -0.6529759764671326 0.15279242396354675 -0.7418065071105957
 785   -9  -78 38.895427 38.295799 -4.264214515686035 0.13763317465782166 35 -0.6523799300193787 0.15255938470363617 -0.7423786520957947
 786  -11  -78 38.868760 38.288562 -4.664165019989014 0.15228666365146637 35 -0.6538044214248657 0.15363161265850067 -0.7409029603004456
 787  -10  -78 38.877807 38.288797 -4.5118327140808105 0.08404771983623505 53 -0.6532529592514038 0.15340326726436615 -0.7414364814758301
 788  -11  -79 38.868853 38.281541 -4.441420078277588 0.13876649737358093 47 -0.6535657644271851 0.15405453741550446 -0.7410256266593933
 789  -10  -79 38.877700 38.281787 -4.520017147064209 0.08664080500602722 45 -0.6530051231384277 0.1538248360157013 -0.7415674328804016
 790   -9  -78 38.886694 38.288750 -4.258615970611572 0.2090287208557129 37 -0.652704119682312 0.15319615602493286 -0.7419624924659729
 791   -9  -78 38.895448 38.288639 -3.771181583404541 0.09319867193698883 33 -0.6521486639976501 0.15299324691295624 -0.7424926161766052
 792   -9  -79 38.886307 38.281571 -4.25816011428833 0.12761037051677704 44 -0.6524677276611328 0.15363425016403198 -0.7420797348022461
 793  -14  -80 38.833297 38.274122 -4.732754230499268 0.20166169106960297 36 -0.6554916501045227 0.15534119307994843 -0.7390532493591309
 794  -13  -80 38.842195 38.274706 -4.909451007843018 0.17109684646129608 42 -0.6549409031867981 0.15508954226970673 -0.7395942211151123
 795  -14  -81 38.833187 38.267762 -4.722989559173584 0.22630320489406586 43 -0.655327320098877 0.15573926270008087 -0.7391152381896973
 796  -13  -81 38.842030 38.267497 -4.530815601348877 0.1351894587278366 53 -0.6547413468360901 0.15553759038448334 -0.7396768927574158
 797  -13  -80 38.851320 38.274711 -4.906036853790283 0.11298200488090515 48 -0.654400110244751 0.15487830340862274 -0.7401170134544373
 798  -12  -80 38.859738 38.274551 -4.499157905578613 0.17786242067813873 47 -0.6538873910903931 0.1546916514635086 -0.7406090497970581
 799  -13  -81 38.851106 38.267610 -4.71425724029541 0.08752311766147614 43 -0.6541576385498047 0.15530873835086823 -0.7402411699295044
 800  -12  -81 38.860128 38.267583 -4.489304065704346 0.1596895307302475 53 -0.6536003947257996 0.15509669482707977 -0.7407776713371277
 801  -14  -82 38.832920 38.260497 -4.4855637550354 0.16020439565181732 50 -0.6550671458244324 0.15617740154266357 -0.7392534017562866
 802  -13  -82 38.842302 38.260585 -4.353603839874268 0.17216940224170685 53 -0.6544536352157593 0.15593987703323364 -0.7398467063903809
 803  -14  -82 38.832820 38.253590 -4.518463134765625 0.17169189453125 51 -0.6548691987991333 0.15660420060157776 -0.7393385767936707
 804  -11  -80 38.869085 38.274600 -4.218398094177246 0.10179505497217178 63 -0.6532853245735168 0.15446063876152039 -0.7411883473396301
 805   -8  -77 38.904256 38.302686 -4.400417327880859 0.11357784271240234 58 -0.6520982980728149 0.15194180607795715 -0.7427526116371155
 806   -7  -77 38.913524 38.302707 -4.104244232177734 0.0651518851518631 50 -0.651521623134613 0.15172092616558075 -0.743303656578064
 807   -8  -78 38.903952 38.295956 -4.2893853187561035 0.10158843547105789 43 -0.6518550515174866 0.15234705805778503 -0.7428831458091736
 808   -7  -78 38.912977 38.296146 -4.096833229064941 0.12047497183084488 54 -0.6513027548789978 0.15212221443653107 -0.743413507938385
 809   -6  -77 38.922267 38.303044 -4.032153606414795 0.12955985963344574 39 -0.6509561538696289 0.1514861285686493 -0.7438467741012573
 810   -2  -78 38.967289 38.288838 -3.686408281326294 0.23032227158546448 42 -0.6471095681190491 0.1547226756811142 -0.7465320825576782
 811   -3  -79 38.957879 38.281621 -2.522641181945801 0.10155921429395676 18 -0.6481965780258179 0.1522878110408783 -0.746089518070221
 812   -2  -79 38.967129 38.281713 -3.254289150238037 0.2712230980396271 10 -0.6468609571456909 0.15546037256717682 -0.7465941905975342
 813   -5  -81 38.931540 38.267556 -3.1420063972473145 0.17145785689353943 31 -0.6495389342308044 0.15348520874977112 -0.7446753978729248
 814   -7  -82 38.913411 38.260519 -3.777625799179077 0.20050902664661407 36 -0.6504114866256714 0.15433691442012787 -0.7437372803688049
 815   -8  -82 38.904626 38.253389 -3.482739210128784 0.12638884782791138 28 -0.6507403254508972 0.15498188138008118 -0.7433153390884399
 816   -7  -82 38.913346 38.253569 -3.3039305210113525 0.23447966575622559 35 -0.650269627571106 0.15477801859378815 -0.7437695860862732
 817   -6  -82 38.922116 38.260791 -3.3644919395446777 0.3659228980541229 35 -0.649960994720459 0.15413223206996918 -0.7441733479499817
 818   -6  -82 38.931373 38.260408 -3.1636202335357666 0.20847132802009583 38 -0.6494167447090149 0.1539449691772461 -0.7446870803833008
 819   -6  -82 38.922495 38.253513 -3.215780019760132 0.1812244951725006 41 -0.6497542262077332 0.15457627177238464 -0.7442618608474731
 820   -6  -82 38.931071 38.253683 -3.6380856037139893 0.254688024520874 36 -0.6493013501167297 0.15437854826450348 -0.7446979284286499
 821   66  -45 39.765296 38.588525 -4.533870697021484 0.1843070089817047 25 -0.5995889902114868 0.14018277823925018 -0.787935197353363
 822   67  -45 39.774225 38.588776 -4.809563636779785 0.23941022157669067 13 -0.5989971160888672 0.139956533908844 -0.7884254455566406
 823   48  -46 39.554053 38.579820 -7.319201469421387 0.4124809205532074 33 -0.6138908863067627 0.1457926332950592 -0.7758108973503113
 824   49  -46 39.571522 38.579453 -7.478060722351074 0.9852811098098755 31 -0.6128914952278137 0.1454344093799591 -0.7766678333282471
 825   47  -47 39.548922 38.569097 -6.765335559844971 0.15616244077682495 156 -0.6140738725662231 0.14651410281658173 -0.7755300998687744
 826   48  -47 39.558426 38.569069 -6.885098934173584 0.3262932002544403 136 -0.6134498715400696 0.1462893933057785 -0.7760661840438843
 827   47  -48 39.549545 38.562144 -6.607853889465332 0.22095686197280884 16 -0.6138923764228821 0.1468774825334549 -0.7756050229072571
 828   48  -48 39.558426 38.561879 -6.344875812530518 0.23433929681777954 35 -0.613286018371582 0.14667634665966034 -0.7761226892471313
 829   49  -47 39.567464 38.568891 -7.39203405380249 0.6683937907218933 40 -0.6128798723220825 0.1460902988910675 -0.7765538692474365
 830   50  -47 39.576645 38.568781 -6.104642391204834 0.41248634457588196 42 -0.6122922301292419 0.14588166773319244 -0.7770565152168274
 831   49  -48 39.567246 38.561940 -6.089874744415283 0.2554916441440582 60 -0.6126598119735718 0.14645136892795563 -0.7766595482826233
 832   50  -48 39.576465 38.561772 -6.10699987411499 0.2567346394062042 42 -0.611990749835968 0.1462264358997345 -0.7772291898727417
 833   51  -46 39.585563 38.583173 -6.1797356605529785 0.29135122895240784 40 -0.6120741963386536 0.1449054479598999 -0.7774108648300171
 834   51  -46 39.595089 38.582882 -6.526202201843262 0.23769275844097137 54 -0.6114218235015869 0.14469055831432343 -0.7779640555381775
 835   51  -46 39.585697 38.575353 -5.520988941192627 0.15637557208538055 52 -0.6118171215057373 0.14530663192272186 -0.7775382995605469
 836   51  -46 39.594604 38.575996 -6.584510326385498 0.41421860456466675 51 -0.6111504435539246 0.14503732323646545 -0.7781127095222473
 837   52  -46 39.603632 38.582585 -6.612913608551025 0.25303915143013 39 -0.6108591556549072 0.14450518786907196 -0.7784403562545776
 838   53  -46 39.612757 38.583045 -6.002651214599609 0.1348327100276947 44 -0.6101946830749512 0.144246906042099 -0.779009222984314
 839   52  -46 39.602953 38.575862 -6.65108060836792 0.2968596816062927 42 -0.6106348037719727 0.14485470950603485 -0.7785513997077942
 840   53  -46 39.613316 38.575264 -6.058804035186768 0.13076093792915344 229 -0.6098307371139526 0.14461548626422882 -0.779225766658783
 841   51  -47 39.585829 38.568803 -5.466446876525879 0.2650914788246155 3265 -0.6116145849227905 0.145644873380661 -0.7776343822479248
 842   51  -47 39.594845 38.568871 -5.865398406982422 0.37272557616233826 1368 -0.6109169721603394 0.14540113508701324 -0.7782281637191772
 843  -79 -111 38.095556 37.989911 -2.965092182159424 0.3129684329032898 3223 -0.6934850215911865 0.16676683723926544 -0.7009047269821167
 844  -80 -112 38.086858 37.982506 -4.172406196594238 0.40337058901786804 12208 -0.6937236189842224 0.16742348670959473 -0.7005119323730469
 845  -79 -112 38.094790 37.983282 -3.6198506355285645 0.6612202525138855 11564 -0.6933456659317017 0.1672075241804123 -0.7009375691413879
 846  -78 -111 38.104377 37.989688 -2.832487106323242 0.3609263002872467 3219 -0.6930450201034546 0.16659849882125854 -0.7013797760009766
 847  -77 -111 38.113266 37.990001 -2.4480462074279785 0.39336612820625305 2754 -0.6926125288009644 0.1663937270641327 -0.7018554210662842
 848  -78 -112 38.104647 37.982570 -3.112682342529297 0.5378395318984985 3169 -0.6928289532661438 0.16704565286636353 -0.7014868855476379
 849  -77 -112 38.113456 37.982721 -2.5394744873046875 0.1450251042842865 3095 -0.6923869848251343 0.1668507605791092 -0.7019695043563843
 850  -80 -113 38.086690 37.975499 -3.828378200531006 0.5064269304275513 11818 -0.6935555934906006 0.1678781658411026 -0.7005694508552551
 851  -79 -113 38.095707 37.975249 -4.38123893737793 0.5392469763755798 183378 -0.6930971145629883 0.16770516335964203 -0.7010644674301147
 852  -80 -114 38.087168 37.968652 -3.064291477203369 0.1918719857931137 8751 -0.6933613419532776 0.16830982267856598 -0.7006582021713257
 853  -78 -113 38.104704 37.975562 -2.958836078643799 0.4395592212677002 10645 -0.692654013633728 0.16749677062034607 -0.7015520334243774
 854   24  -53 39.276131 38.517004 -7.437498569488525 0.4601358473300934 12311 -0.6320536732673645 0.14601562917232513 -0.7610437870025635
 855   27  -53 39.310893 38.517212 -6.982510566711426 0.8160994052886963 11981 -0.6296404600143433 0.1467524617910385 -0.762900173664093
 856   24  -56 39.275958 38.489207 -7.199902534484863 0.549889326095581 624 -0.6314554214477539 0.14723265171051025 -0.7613058686256409
 857   26  -55 39.301972 38.496115 -6.786389350891113 0.37614917755126953 701 -0.6300801038742065 0.1462806761264801 -0.7626277804374695
 858   27  -55 39.320949 38.495875 -6.505641937255859 0.24110975861549377 1662 -0.6288207769393921 0.14584562182426453 -0.7637496590614319
 859   26  -57 39.302763 38.481753 -6.317359447479248 0.21703067421913147 135004 -0.6295746564865112 0.14702025055885315 -0.7629028558731079
 860   27  -57 39.315878 38.486020 -6.337346076965332 0.16532868146896362 160338 -0.628835141658783 0.146482914686203 -0.7636158466339111
 861   28  -56 39.324493 38.486818 -6.406614303588867 0.10149633884429932 7200 -0.6283014416694641 0.1462395340204239 -0.7641016244888306
 862   27  -57 39.312841 38.478616 -6.0266265869140625 0.153180330991745 13239 -0.6288138628005981 0.14694666862487793 -0.7635442018508911
 863   30  -53 39.348209 38.517103 -6.536666393280029 0.5385218262672424 10187 -0.6267529726028442 0.14774060249328613 -0.765083909034729
 864   32  -52 39.374452 38.523944 -7.835587024688721 0.47580596804618835 3118 -0.6239153146743774 0.15255208313465118 -0.7664577960968018
 865   34  -52 39.392125 38.524185 -6.767231464385986 0.40214234590530396 3314 -0.6228229403495789 0.15257403254508972 -0.7673413753509521
 866   32  -54 39.374160 38.510330 -7.0815348625183105 0.6328426599502563 2772 -0.625828206539154 0.1439952403306961 -0.766553521156311
 867   33  -53 39.387871 38.513417 -6.235750675201416 0.4175091087818146 2755 -0.6246867775917053 0.1452510803937912 -0.7672473788261414
 868   34  -53 39.396423 38.513210 -5.883127689361572 0.11322987079620361 2512 -0.6237189769744873 0.14661110937595367 -0.7677758932113647
 869   33  -54 39.387751 38.506138 -5.98695182800293 0.1772337555885315 9933 -0.6248414516448975 0.14375479519367218 -0.767403244972229
 870   34  -54 39.395470 38.507147 -5.883402347564697 0.044402092695236206 50 -0.6243574023246765 0.14351923763751984 -0.7678412199020386
 871   29  -55 39.338078 38.495958 -6.351578235626221 0.28085726499557495 54 -0.6277499794960022 0.14544974267482758 -0.7647054195404053
 872   30  -55 39.352425 38.499560 -7.337119102478027 0.8365710973739624 50 -0.6268951296806335 0.1449170559644699 -0.7655074000358582
 873   31  -55 39.360566 38.499385 -7.0859293937683105 0.5049722790718079 52 -0.6264066100120544 0.1447460800409317 -0.7659395337104797
 874   30  -56 39.351380 38.493860 -6.324783802032471 0.35476285219192505 197 -0.6267856955528259 0.14524224400520325 -0.7655354142189026
 875   31  -56 39.360341 38.493870 -6.840641975402832 0.3071293532848358 196 -0.6262325048446655 0.14503824710845947 -0.7660266160964966
 876   29  -57 39.334180 38.485800 -6.3432698249816895 0.3147447407245636 194 -0.6276666522026062 0.14607228338718414 -0.7646551728248596
 877   29  -56 39.341318 38.486395 -5.965322971343994 0.16112631559371948 43 -0.6272345185279846 0.14587698876857758 -0.7650468945503235
 878   32  -55 39.369785 38.499319 -6.394848346710205 0.08572620153427124 39 -0.6257988810539246 0.14453347027301788 -0.7664762735366821
 879   32  -55 39.378172 38.500213 -6.475058078765869 0.06669265031814575 40 -0.6252708435058594 0.14428824186325073 -0.7669532895088196
 880   32  -56 39.367560 38.493874 -6.211145401000977 0.06050954759120941 43 -0.6257563829421997 0.14486771821975708 -0.766447901725769
 881   33  -55 39.386586 38.501437 -6.361386299133301 0.05907509848475456 206 -0.6247448325157166 0.14402349293231964 -0.7674314975738525
 882   23  -59 39.266786 38.468199 -6.228964328765869 0.35450050234794617 195 -0.6314860582351685 0.14858122169971466 -0.7610183954238892
 883   24  -58 39.280225 38.471491 -6.924850940704346 0.14570461213588715 189 -0.6306881308555603 0.14808453619480133 -0.7617765069007874
 884   25  -58 39.289085 38.471577 -6.813188552856445 0.3368590176105499 713 -0.6301333904266357 0.14787612855434418 -0.7622759938240051
 885   24  -59 39.279250 38.464788 -7.069920539855957 0.6229739785194397 53 -0.6305549144744873 0.1484648436307907 -0.7618127465248108
 886   25  -59 39.290331 38.466114 -7.8291096687316895 0.5533043146133423 55 -0.6298916339874268 0.1481376588344574 -0.762424886226654
 887   68  -44 39.782762 38.595487 -4.708155632019043 0.5931431651115417 51 -0.5985819101333618 0.1393996924161911 -0.7888393402099609
 888   69  -44 39.792246 38.595456 -5.254838466644287 0.3501020073890686 46 -0.5979394316673279 0.13917340338230133 -0.7893663644790649
 889   68  -45 39.782845 38.588682 -4.392111301422119 0.13861185312271118 50 -0.5984116792678833 0.13975441455841064 -0.788905680179596
 890   68  -45 39.791835 38.588545 -4.7197160720825195 0.3197055757045746 46 -0.5977921485900879 0.1395438313484192 -0.7894124984741211
 891   69  -43 39.801008 38.602714 -4.634716987609863 0.28015878796577454 46 -0.5975300073623657 0.138585165143013 -0.789779782295227
 892   70  -43 39.810040 38.602639 -4.771396160125732 0.1235509142279625 39 -0.5969200134277344 0.13837356865406036 -0.7902780175209045
 893   71  -42 39.819010 38.609854 -5.168913841247559 0.38704803586006165 47 -0.5964846014976501 0.1377810835838318 -0.7907101511955261
 894   72  -43 39.827840 38.609444 -4.700440883636475 0.2087462693452835 38 -0.5958771705627441 0.13759131729602814 -0.7912010550498962
 895   71  -43 39.818852 38.602577 -4.626429080963135 0.09307648241519928 23 -0.5963335633277893 0.13816829025745392 -0.7907565236091614
 896   72  -43 39.827866 38.602594 -4.776092052459717 0.10137489438056946 33 -0.5957378149032593 0.13795456290245056 -0.7912426590919495
 897   69  -44 39.800905 38.595585 -5.018077850341797 0.279855340719223 155 -0.5973573327064514 0.13895946741104126 -0.7898446321487427
 898   70  -44 39.809924 38.595701 -4.765974998474121 0.17848750948905945 45 -0.5967466235160828 0.13873621821403503 -0.7903453707695007
 899   69  -45 39.800383 38.588540 -4.676524639129639 0.36485737562179565 43 -0.5972540378570557 0.13934792578220367 -0.7898542881011963
 900   70  -45 39.809667 38.588616 -4.047896862030029 0.2583894729614258 42 -0.5966116786003113 0.13911716639995575 -0.7903802394866943
 901   71  -44 39.823175 38.592325 -4.935449600219727 0.35075363516807556 43 -0.595820963382721 0.13860675692558289 -0.79106605052948
 902  -94 -165 37.935690 37.501416 0.1739884316921234 0.6533416509628296 176 -0.6972280144691467 0.1634509414434433 -0.6979662775993347
 903  -77 -165 38.121383 37.502540 -0.5342617630958557 1.3546299934387207 179 -0.6869970560073853 0.1620420217514038 -0.7083625793457031
 904  -52 -137 38.401482 37.757365 -1.9047119617462158 1.4121168851852417 186 -0.6743355393409729 0.15923760831356049 -0.7210513353347778
 905  -40   -2 38.527194 38.980669 -6.8289031982421875 1.07689368724823 553 -0.6813515424728394 0.16236284375190735 -0.713721513748169
 906  -38 -201 38.567788 37.181213 0.42928680777549744 1.1819815635681152 691 -0.6576252579689026 0.15439289808273315 -0.7373546957969666
 907  -81 -249 38.085349 36.746911 0.8188320398330688 0.664847731590271 1474 -0.6804050207138062 0.16032570600509644 -0.7150837779045105
 908  -33  -57 38.613903 38.481119 -6.331349849700928 0.6917792558670044 1813 -0.6709230542182922 0.1586703062057495 -0.7243521213531494
 909  -21  -57 38.757710 38.480340 -5.970051288604736 0.6231817603111267 39724 -0.6629359722137451 0.1555362045764923 -0.7323417067527771
 910  -33  -70 38.613322 38.360535 -5.51218843460083 0.6655447483062744 35533 -0.6696786284446716 0.15761074423789978 -0.7257336974143982
 911  -24  -68 38.725013 38.382958 -6.2607102394104 1.1391265392303467 12494 -0.6627853512763977 0.15870341658592224 -0.7317983508110046
 912  -18  -67 38.790934 38.389967 -6.9366607666015625 1.1404708623886108 2689 -0.6587781310081482 0.15975728631019592 -0.7351795434951782
 913  -24  -73 38.720138 38.334653 -6.195992946624756 0.8782554864883423 3004 -0.6639305353164673 0.15420083701610565 -0.731722891330719
 914  -18  -73 38.790849 38.336367 -5.733977794647217 1.1353172063827515 2990 -0.6602042317390442 0.15263183414936066 -0.7354140877723694
 915  -42  158 38.502929 40.424199 3.3716371059417725 0.9988239407539368 2948 -0.6982156038284302 0.16769489645957947 -0.6959694623947144
 916  -36  101 38.568833 39.909890 -4.979646682739258 0.7734708189964294 2585 -0.6899862289428711 0.16317342221736908 -0.7051903605461121
 917  -30  101 38.639613 39.912756 -4.631895065307617 0.5652406215667725 761 -0.6859086751937866 0.16424423456192017 -0.7089098691940308
 918  132    2 40.525250 39.012847 -4.951142311096191 0.6195670962333679 700 -0.5501120090484619 0.13136477768421173 -0.8246939182281494
 919   -2  161 38.965756 40.453437 2.2724647521972656 0.8359558582305908 796 -0.6745551824569702 0.16170382499694824 -0.7202965617179871
 920   22  160 39.266639 40.441806 2.369929075241089 0.7976184487342834 643 -0.657026469707489 0.15866021811962128 -0.736982524394989
 921   -8  141 38.895374 40.276445 2.498358964920044 0.6315205693244934 495 -0.6756259202957153 0.16442178189754486 -0.7186759114265442
 922    3  141 39.043576 40.274840 2.5543251037597656 0.5725995898246765 607 -0.6675862073898315 0.16185636818408966 -0.7267263531684875
 923  129  -28 40.485712 38.729419 -4.9123334884643555 0.7684334516525269 34 -0.5482921600341797 0.12719538807868958 -0.8265573382377625
 924  129  -28 40.494590 38.729569 -5.203991413116455 0.5700163245201111 23 -0.5476154685020447 0.1269463449716568 -0.8270441293716431
 925  129  -29 40.485124 38.722817 -4.4938859939575195 0.18875330686569214 40 -0.5481581687927246 0.12758585810661316 -0.8265860676765442
 926  129  -29 40.493991 38.722693 -4.362882137298584 0.07640475034713745 43 -0.5474746227264404 0.12735173106193542 -0.8270750641822815
 927  131  -29 40.507333 38.725885 -4.769559383392334 0.3316824734210968 5 -0.5465427041053772 0.12681059539318085 -0.8277742266654968
 928  132  -27 40.525858 38.739429 -5.129344940185547 0.3423253893852234 18 -0.5455099940299988 0.12554870545864105 -0.8286473155021667
 929  134  -27 40.543522 38.739267 -4.419203758239746 0.27690383791923523 103 -0.5441519021987915 0.12508155405521393 -0.8296103477478027
 930  132  -29 40.525352 38.725919 -4.549048900604248 0.28543680906295776 29 -0.5451638102531433 0.12632118165493011 -0.8287577629089355
 931  134  -29 40.542824 38.725895 -4.395491600036621 0.2979961931705475 89 -0.5438141226768494 0.12584781646728516 -0.8297159075737
 932  130  -31 40.498300 38.704687 -4.675905704498291 0.29426246881484985 541 -0.5466078519821167 0.1282436102628708 -0.827510416507721
 933  133  -31 40.533591 38.703726 -4.714465141296387 0.40242770314216614 605 -0.5438403487205505 0.12732945382595062 -0.8294726610183716
 934   38  -73 39.437326 38.334057 -2.4985733032226562 0.7903974652290344 790 -0.6181797385215759 0.146392360329628 -0.7722843885421753
 935   44  -73 39.507429 38.332603 -2.2732677459716797 0.7324608564376831 226 -0.6131643056869507 0.1460174322128296 -0.776343047618866
 936   53  116 39.626179 40.050401 1.1348785161972046 0.7829379439353943 212 -0.6300559639930725 0.15237148106098175 -0.761454164981842
 937   38  107 39.446681 39.965037 0.3205465078353882 0.6527702808380127 199 -0.6404364705085754 0.15340158343315125 -0.7525350451469421
 938   69  -61 39.796295 38.443903 -2.2584846019744873 0.5327624678611755 203 -0.5951042771339417 0.13943004608154297 -0.7914608120918274
 939   78  -58 39.902180 38.471251 -2.7967443466186523 0.7623880505561829 178 -0.5872905254364014 0.140330970287323 -0.7971179485321045
 940   66  -70 39.757630 38.359818 -2.4051406383514404 0.554256796836853 188 -0.5958278775215149 0.14252492785453796 -0.7903643846511841
 941   78  -70 39.898621 38.358230 -2.4935309886932373 0.4885609447956085 48 -0.5858322381973267 0.13909019529819489 -0.7984074950218201
 942   25 -215 39.286083 37.059593 0.5216186046600342 1.1385427713394165 43 -0.6087853908538818 0.143179252743721 -0.7803077101707458
 943  -14  -77 38.837015 38.298955 -4.462658882141113 1.2032736539840698 56 -0.6562421917915344 0.15378260612487793 -0.7387131452560425
 944  -12  -77 38.855639 38.299147 -4.955035209655762 0.4390198886394501 47 -0.6550366878509521 0.15331631898880005 -0.7398790121078491
 945  -14  -79 38.837363 38.284947 -5.361856460571289 0.8662171363830566 44 -0.6556558012962341 0.15460118651390076 -0.7390629053115845
 946  -13  -78 38.850963 38.288782 -4.586577415466309 0.10911877453327179 37 -0.6549594402313232 0.15405072271823883 -0.739794909954071
 947  -12  -78 38.859986 38.288776 -4.806308746337891 0.19581998884677887 47 -0.6543542146682739 0.15382632613182068 -0.7403769493103027
 948  -13  -79 38.851081 38.281756 -4.664523601531982 0.11930923163890839 43 -0.654708743095398 0.15447106957435608 -0.73992919921875
 949  -12  -79 38.859729 38.281719 -4.537627220153809 0.09406142681837082 53 -0.6541683673858643 0.15426753461360931 -0.7404494285583496
 950  -11  -77 38.873064 38.299218 -4.559724807739258 0.22427691519260406 15 -0.6539607644081116 0.15290020406246185 -0.7409162521362305
 951  133  -25 40.530765 38.764523 -4.921485900878906 0.17731508612632751 49 -0.5434885621070862 0.13439859449863434 -0.8285874724388123
 952  133  -24 40.539907 38.771237 -4.988594055175781 0.13582344353199005 40 -0.5429936051368713 0.13377150893211365 -0.8290133476257324
 953  134  -24 40.548974 38.771290 -4.251161098480225 0.2245483547449112 29 -0.5422816872596741 0.13351090252399445 -0.8295212388038635
 954  133  -25 40.540051 38.764305 -5.228274345397949 0.1885954886674881 26 -0.5427420735359192 0.13414528965950012 -0.8291177153587341
 955  134  -25 40.548958 38.764316 -4.360066890716553 0.4333025813102722 26 -0.5420482158660889 0.133893221616745 -0.8296121954917908
 956  132  -25 40.521699 38.757661 -4.475094318389893 0.27498555183410645 33 -0.5449622869491577 0.13088305294513702 -0.8281822204589844
 957  133  -25 40.530719 38.757127 -4.870986461639404 0.34807202219963074 32 -0.5440918207168579 0.13122186064720154 -0.8287007212638855
 958  132  -26 40.521353 38.750373 -4.718470096588135 0.18006610870361328 34 -0.5462186336517334 0.125066339969635 -0.8282533884048462
 959  133  -26 40.530722 38.750348 -4.8162617683410645 0.17726090550422668 43 -0.5454719662666321 0.12480936199426651 -0.8287840485572815
 960  134  -26 40.544346 38.753820 -4.529538631439209 0.333629310131073 32 -0.5432865619659424 0.129475936293602 -0.8295032978057861
 961  106  -17 40.232065 38.835510 -6.563898086547852 0.7952030301094055 32 -0.5687538981437683 0.13875161111354828 -0.8107200264930725
 962   98  -21 40.132759 38.800370 -6.7305450439453125 0.49866899847984314 37 -0.577284038066864 0.1326460838317871 -0.8056973218917847
 963   99  -21 40.148425 38.800626 -6.904176712036133 0.4339987635612488 26 -0.5762326717376709 0.13223829865455627 -0.8065165281295776
 964   74  -39 39.854989 38.637609 -5.053447723388672 0.3049933910369873 23 -0.592551052570343 0.14503435790538788 -0.7923688292503357
 965   75  -39 39.864080 38.637447 -4.933520317077637 0.16951853036880493 37 -0.5919342041015625 0.14482048153877258 -0.7928688526153564
 966   74  -40 39.854945 38.630405 -5.35402250289917 0.4124082326889038 30 -0.5923640727996826 0.14540676772594452 -0.7924402952194214
 967   75  -40 39.864019 38.630449 -4.568775653839111 0.13315023481845856 42 -0.5917598605155945 0.14518427848815918 -0.7929324507713318
 968   72  -41 39.837804 38.623077 -5.488251209259033 0.32009127736091614 38 -0.5948184728622437 0.13978105783462524 -0.7916136980056763
 969   73  -41 39.845850 38.623424 -5.324445724487305 0.18771755695343018 148 -0.5938464403152466 0.14158616960048676 -0.7920226454734802
 970   72  -42 39.837096 38.616737 -5.308592796325684 0.4130982756614685 42 -0.5954387187957764 0.136991485953331 -0.7916350960731506
 971   73  -42 39.845948 38.616746 -5.050112724304199 0.28829512000083923 50 -0.5948759317398071 0.13678793609142303 -0.7920932769775391
 972   74  -41 39.854742 38.623530 -4.8027143478393555 0.27392473816871643 31 -0.5927463173866272 0.14356543123722076 -0.7924903035163879
 973   75  -41 39.863987 38.623265 -5.000833988189697 0.19155627489089966 25 -0.5918194055557251 0.14468742907047272 -0.7929787635803223
 974   74  -42 39.854440 38.616386 -4.52355432510376 0.20387302339076996 53 -0.594344973564148 0.13661615550518036 -0.7925214171409607
 975   75  -42 39.863928 38.616215 -4.83504581451416 0.38840383291244507 41 -0.593706488609314 0.13639988005161285 -0.7930369973182678
 976   76  -39 39.873205 38.637441 -4.525024890899658 0.16979774832725525 4 -0.5913215279579163 0.14459829032421112 -0.7933663725852966
 977   76  -39 39.882204 38.637344 -5.495209693908691 0.4143102169036865 5 -0.5907220840454102 0.14438596367835999 -0.7938514351844788
 978   76  -40 39.872853 38.630269 -4.693637847900391 0.10436391085386276 16 -0.591182291507721 0.1449825018644333 -0.7934000492095947
 979   76  -40 39.881783 38.630630 -4.792747974395752 0.22441072762012482 41 -0.5905740857124329 0.14474225044250488 -0.7938966751098633
 980   77  -40 39.895718 38.633702 -5.6598219871521 0.38146141171455383 27 -0.5897674560546875 0.14425566792488098 -0.7945845723152161
 981   76  -41 39.875809 38.619812 -4.449291229248047 0.615129828453064 20 -0.591787576675415 0.14135506749153137 -0.7936033010482788
 982   77  -41 39.895065 38.620148 -4.448821067810059 0.45628875494003296 27 -0.5898928642272949 0.1430298089981079 -0.794713020324707
 983   72  -43 39.836682 38.609512 -4.807066440582275 0.1638631373643875 33 -0.5952911376953125 0.13737888634204865 -0.7916789650917053
 984   73  -43 39.846084 38.609585 -4.656498432159424 0.21944482624530792 38 -0.5946499705314636 0.13714906573295593 -0.7922004461288452
 985   72  -43 39.836851 38.602390 -4.443772315979004 0.16797485947608948 41 -0.5951505899429321 0.13775619864463806 -0.7917190790176392
 986   73  -43 39.845896 38.602389 -4.007509231567383 0.14645235240459442 39 -0.5945045948028564 0.13753291964530945 -0.7922430038452148
 987   74  -43 39.859663 38.605836 -4.903879165649414 0.29285869002342224 23 -0.5937169194221497 0.13703645765781403 -0.7929194569587708
 988   73  -45 39.840171 38.591526 -4.960533618927002 0.4839489758014679 45 -0.5947213172912598 0.13825693726539612 -0.7919542789459229
 989   74  -44 39.859528 38.592127 -4.726219654083252 0.3440823256969452 62 -0.5933660864830017 0.1377478837966919 -0.7930587530136108
 990   77  -44 39.885091 38.598792 -3.577126979827881 0.7561010122299194 44 -0.5919187068939209 0.13681665062904358 -0.7943006753921509
 991   79  -40 39.912820 38.633970 -4.455688953399658 0.47469547390937805 45 -0.5886610150337219 0.14383429288864136 -0.7954809069633484
 992   81  -40 39.931271 38.633411 -4.522562503814697 0.35161644220352173 16 -0.5873383283615112 0.14339637756347656 -0.7965369820594788
 993   79  -41 39.913210 38.619315 -5.095547676086426 0.385610431432724 26 -0.5883771181106567 0.143784299492836 -0.795699954032898
 994   81  -41 39.931012 38.619277 -4.343139171600342 0.5669528841972351 26 -0.5869979858398438 0.14411738514900208 -0.7966577410697937
 995   83  -41 39.957632 38.626433 -3.998807430267334 0.32788002490997314 32 -0.5853062868118286 0.14309251308441162 -0.7980858683586121
 996   80  -44 39.922373 38.598570 -3.9200878143310547 1.2222110033035278 16 -0.5892360210418701 0.1361653357744217 -0.7964044213294983
 997   83  -44 39.957019 38.598481 -3.989335060119629 1.112339735031128 24 -0.5865898728370667 0.13667713105678558 -0.7982679605484009
 998   74  -47 39.849534 38.570645 -4.511812210083008 0.6771621704101562 31 -0.5935847163200378 0.13912184536457062 -0.7926552295684814
 999   77  -47 39.885042 38.570687 -3.4428083896636963 0.5776702761650085 28 -0.5912306308746338 0.13827663660049438 -0.7945602536201477
1000   74  -50 39.849504 38.542518 -3.284945487976074 0.49704650044441223 40 -0.592770516872406 0.1405566781759262 -0.7930113077163696
1001   77  -50 39.886239 38.542147 -3.351984977722168 0.3846765458583832 32 -0.590214192867279 0.13967396318912506 -0.7950713634490967
1002   81  -48 39.939829 38.556060 -3.282209873199463 0.4628327786922455 33 -0.586811900138855 0.13763491809368134 -0.7979401350021362
1003   35  -52 39.410333 38.524335 -6.06362771987915 0.29031434655189514 106 -0.6215983033180237 0.15211956202983856 -0.7684237957000732
1004   36  -52 39.423518 38.527318 -6.599508285522461 0.1594035029411316 86 -0.6207998991012573 0.15163977444171906 -0.7691637873649597
1005   37  -52 39.432614 38.527545 -6.6985764503479 0.13585124909877777 98 -0.6201974749565125 0.15140604972839355 -0.7696956396102905
1006   36  -52 39.421663 38.522598 -6.780843734741211 0.030960286036133766 61 -0.6207475066184998 0.15192407369613647 -0.769149899482727
1007   35  -53 39.405182 38.513811 -5.9601359367370605 0.1088913083076477 87 -0.6223713755607605 0.1494450867176056 -0.7683228254318237
1008   38  -52 39.441347 38.527970 -6.543696880340576 0.0608256533741951 83 -0.6196420192718506 0.15117532014846802 -0.7701882123947144
1009   39  -52 39.451038 38.528713 -6.869899272918701 0.15816611051559448 95 -0.6190282106399536 0.15090344846248627 -0.7707349061965942
1010   40  -52 39.459615 38.529170 -7.225404262542725 0.11526144295930862 45 -0.6184856295585632 0.1506752371788025 -0.7712149620056152
1011   40  -52 39.469083 38.527852 -7.292214870452881 0.17726509273052216 51 -0.6178390383720398 0.1505204439163208 -0.771763265132904
1012   13  119 39.152905 40.079749 0.7067318558692932 0.8947943449020386 42 -0.6587397456169128 0.1602446436882019 -0.7351078391075134
1013   19  119 39.226336 40.079959 1.0202795267105103 0.6712285876274109 45 -0.6546149253845215 0.15858802199363708 -0.7391408085823059
1014   13  113 39.153257 40.023730 0.31694480776786804 0.6176753640174866 46 -0.6586855053901672 0.15842744708061218 -0.7355502247810364
1015   19  113 39.225813 40.022635 0.6409011483192444 0.5364559888839722 44 -0.6541121602058411 0.15857787430286407 -0.7395879626274109
1016   29  117 39.340152 40.056597 1.0097757577896118 0.646814227104187 47 -0.6478390097618103 0.15624374151229858 -0.7455819845199585
1017   31  107 39.371525 39.963467 0.3450254797935486 0.6717402935028076 41 -0.64484703540802 0.15515510737895966 -0.7483977675437927
1018  -11   94 38.860192 39.853247 -5.212236404418945 0.8271340727806091 45 -0.6741510033607483 0.15818831324577332 -0.7214547395706177
1019   -5   94 38.936648 39.852576 -4.993047714233398 1.2125442028045654 44 -0.6699056029319763 0.1571294367313385 -0.7256285548210144
1020  150   25 40.745199 39.217543 -5.298493385314941 0.6242218017578125 41 -0.5371763706207275 0.12518498301506042 -0.8341284394264221
1021  156   24 40.815914 39.210808 -4.515534400939941 0.7845913767814636 44 -0.5312598347663879 0.12397287040948868 -0.8380892872810364
1022   99  -31 40.138189 38.708996 -5.280333518981934 0.4571302533149719 44 -0.5739209651947021 0.1377769559621811 -0.807237446308136
1023  102  -31 40.173518 38.709109 -5.692302227020264 0.5835012793540955 46 -0.5713712573051453 0.13683220744132996 -0.8092044591903687
1024  104  -28 40.197338 38.740368 -6.424526214599609 0.30199334025382996 46 -0.57045978307724 0.13436076045036316 -0.8102610111236572
1025  104  -28 40.206784 38.739973 -6.470097541809082 0.45272883772850037 48 -0.5697535872459412 0.1341322958469391 -0.8107955455780029
1026  105  -28 40.215771 38.740264 -5.070093631744385 0.5223358273506165 2783 -0.5690841674804688 0.1338721513748169 -0.8113085627555847
1027  106  -28 40.224970 38.738374 -5.746010780334473 1.0706030130386353 2705 -0.5683097839355469 0.13372667133808136 -0.8118751645088196
1028  -56 -107 38.353702 38.033531 -2.0095651149749756 0.21593822538852692 2195 -0.6812632083892822 0.15848848223686218 -0.7146760821342468
1029  -56 -107 38.362050 38.033807 -2.116117000579834 0.18468734622001648 2768 -0.6807824373245239 0.158281147480011 -0.7151799201965332
1030  -56 -107 38.352849 38.026652 -1.8900331258773804 0.4602338373661041 2568 -0.6812248229980469 0.15896651148796082 -0.7146064639091492
1031  -56 -107 38.362167 38.026709 -2.1341335773468018 0.2617013156414032 2513 -0.6807282567024231 0.15876156091690063 -0.7151250839233398
1032  -55 -106 38.370766 38.040767 -2.6328468322753906 0.0819820761680603 1507 -0.6804265975952148 0.1576336771249771 -0.7156614065170288
1033  -54 -106 38.379559 38.040869 -2.6137614250183105 0.19545084238052368 58 -0.6799501776695251 0.15743516385555267 -0.7161577939987183
1034  -53 -106 38.388463 38.041098 -2.2742345333099365 0.09040650725364685 62 -0.6794626116752625 0.15722444653511047 -0.7166666388511658
1035  -52 -106 38.397854 38.040948 -2.2265660762786865 0.35136449337005615 50 -0.678897500038147 0.15701790153980255 -0.7172471880912781
1036  -55 -107 38.370777 38.033865 -2.0626776218414307 0.20529790222644806 57 -0.6802749037742615 0.15807916224002838 -0.7157074213027954
1037  -54 -107 38.379842 38.033742 -2.319195032119751 0.10019377619028091 43 -0.6797264218330383 0.15787716209888458 -0.7162728905677795
1038  -55 -107 38.370752 38.026549 -1.6835041046142578 0.14769642055034637 57 -0.6802151203155518 0.15857461094856262 -0.7156545519828796
1039  -54 -107 38.379988 38.026634 -1.7164114713668823 0.202085480093956 50 -0.6795951724052429 0.15833988785743713 -0.7162952423095703
1040  -53 -107 38.388466 38.033958 -2.2025387287139893 0.0773012638092041 47 -0.67922443151474 0.1576663702726364 -0.7167953252792358
1041  -52 -107 38.398202 38.033995 -2.877028465270996 0.35461899638175964 35 -0.6787357330322266 0.15745984017848969 -0.717303454875946
1042  -53 -107 38.388901 38.026667 -2.1963675022125244 0.2776297330856323 36 -0.6790623068809509 0.15813156962394714 -0.7168464064598083
1043  -52 -107 38.397893 38.027426 -2.6463513374328613 0.2713027596473694 37 -0.6786121129989624 0.15789103507995605 -0.7173256278038025
1044  -64 -109 38.264159 38.012333 -3.5363399982452393 0.6491434574127197 40 -0.6856234669685364 0.16180750727653503 -0.7097455859184265
1045   52  -47 39.603088 38.568688 -6.236994743347168 0.22234231233596802 55 -0.6103148460388184 0.14520135521888733 -0.7787377238273621
1046   47  -49 39.549112 38.554996 -6.590152740478516 0.2229922115802765 38 -0.6136317253112793 0.1472429484128952 -0.7757420539855957
1047   48  -49 39.558625 38.554927 -6.42219352722168 0.21668633818626404 49 -0.6129863262176514 0.1470150202512741 -0.7762952446937561
1048   51  -51 39.593917 38.533551 -3.44608736038208 0.16641820967197418 30 -0.6098779439926147 0.14724645018577576 -0.7786960005760193
1049   53  -50 39.612119 38.540551 -4.75609016418457 0.31645825505256653 35 -0.6088436841964722 0.14643698930740356 -0.7796573638916016
1050   52  -51 39.603098 38.533633 -4.087827205657959 0.2949696183204651 38 -0.6092614531517029 0.14701877534389496 -0.7792214155197144
1051   53  -51 39.612080 38.533350 -4.4910407066345215 0.3649325668811798 49 -0.6086770296096802 0.1468219757080078 -0.7797151207923889
1052   54  -46 39.621806 38.582976 -6.142758846282959 0.16389934718608856 45 -0.6094622611999512 0.14400388300418854 -0.77962726354599
1053   54  -46 39.630471 38.582835 -6.751860618591309 0.4242953062057495 45 -0.6088462471961975 0.14379534125328064 -0.7801468968391418
1054   54  -46 39.621352 38.575573 -6.414748668670654 0.17167924344539642 50 -0.6092556118965149 0.14439496397972107 -0.779716432094574
1055   55  -46 39.639360 38.582422 -6.464573383331299 0.37003204226493835 51 -0.6082174777984619 0.1435985118150711 -0.7806734442710876
1056   58  -48 39.675181 38.561265 -4.855438709259033 0.23750583827495575 51 -0.6050987243652344 0.14381107687950134 -0.7830542325973511
1057   59  -48 39.684083 38.561335 -4.447768688201904 0.12332918494939804 50 -0.604492723941803 0.1435905247926712 -0.7835626602172852
1058   55  -50 39.638994 38.547543 -4.225525856018066 0.15061728656291962 44 -0.6072549819946289 0.14542576670646667 -0.7810843586921692
1059   56  -50 39.647945 38.547369 -3.927591562271118 0.24735379219055176 190 -0.6066528558731079 0.14521923661231995 -0.7815905213356018
1060   54  -50 39.620902 38.540486 -5.201755046844482 0.206719309091568 172 -0.6083045601844788 0.14623962342739105 -0.7801150679588318
1061   54  -50 39.629652 38.540479 -4.114896774291992 0.4504980444908142 7197 -0.6077541708946228 0.1460372507572174 -0.7805818915367126
1062   54  -51 39.620788 38.533598 -4.882208347320557 0.46073874831199646 5474 -0.6081550717353821 0.14661096036434174 -0.78016197681427
1063   54  -51 39.629548 38.533512 -3.2945449352264404 0.4390362799167633 3579 -0.6075930595397949 0.1464100033044815 -0.7806374430656433
1064   55  -50 39.638886 38.540476 -3.565948724746704 0.30855080485343933 50 -0.6071159243583679 0.14580939710140228 -0.7811209559440613
1065   56  -50 39.647649 38.540382 -3.1558074951171875 0.318681925535202 42 -0.6065229177474976 0.14560161530971527 -0.7816202640533447
1066   55  -51 39.638813 38.533380 -2.857956647872925 0.139642134308815 50 -0.6069434285163879 0.1461864411830902 -0.7811845541000366
1067   56  -51 39.647865 38.533191 -2.726407289505005 0.16528406739234924 49 -0.60630863904953 0.14597143232822418 -0.7817174792289734
1068   57  -49 39.657243 38.554506 -4.333872318267822 0.3479553759098053 44 -0.6061626672744751 0.14460687339305878 -0.7820842266082764
1069   58  -49 39.666136 38.554186 -4.581829071044922 0.18955573439598083 43 -0.6055612564086914 0.14441010355949402 -0.7825863361358643
1070   57  -50 39.656892 38.547426 -3.784782648086548 0.19705340266227722 39 -0.6060476303100586 0.1449984312057495 -0.7821008563041687
1071   58  -50 39.665809 38.547147 -4.007371425628662 0.1541825383901596 41 -0.6054379940032959 0.1447964757680893 -0.782610297203064
1072   58  -49 39.674675 38.554455 -4.426802635192871 0.5506731867790222 40 -0.6050008535385132 0.14419126510620117 -0.7830599546432495
1073   59  -49 39.684207 38.554034 -4.5676164627075195 0.39736953377723694 45 -0.60431969165802 0.14397571980953217 -0.7836254239082336
1074   58  -50 39.674587 38.547252 -3.7072360515594482 0.18875926733016968 44 -0.604837954044342 0.14457584917545319 -0.7831149101257324
1075   59  -50 39.683284 38.547371 -4.299531936645508 0.3589385449886322 40 -0.6042374968528748 0.14435440301895142 -0.7836191058158875
1076   57  -51 39.661292 38.536718 -3.527876377105713 0.4252820909023285 44 -0.6054888963699341 0.14545823633670807 -0.7824481725692749
1077   59  -51 39.678932 38.536577 -3.296719789505005 0.32389360666275024 45 -0.6042749881744385 0.1450323462486267 -0.7834649682044983
1078  137  -17 40.585815 38.827197 -5.119628429412842 0.3407345414161682 38 -0.5413026213645935 0.12942825257778168 -0.8308067321777344
1079  136  -18 40.577079 38.820073 -5.294253826141357 0.2166510969400406 42 -0.5417506098747253 0.1300617754459381 -0.8304157257080078
1080  137  -18 40.583030 38.821600 -5.60809326171875 0.3128620684146881 26 -0.5413404107093811 0.1298133283853531 -0.8307220339775085
1081  136  -20 40.567308 38.806074 -5.173945903778076 0.32439127564430237 37 -0.542034924030304 0.13109783828258514 -0.8300672173500061
1082  136  -19 40.576524 38.813081 -5.29619836807251 0.2929503619670868 48 -0.5415635108947754 0.13046064972877502 -0.8304751515388489
1083  137  -19 40.585612 38.812202 -5.460019588470459 1.4743670225143433 39 -0.5408229231834412 0.13025535643100739 -0.8309898376464844
1084  136  -20 40.576624 38.805938 -4.703899383544922 0.17138540744781494 37 -0.5413119792938232 0.13084730505943298 -0.8305783271789551
1085  137  -20 40.585626 38.805755 -4.539212703704834 0.12754221260547638 44 -0.5406052470207214 0.13060666620731354 -0.8310763239860535
1086  138  -17 40.594364 38.828751 -5.615225791931152 1.459536075592041 43 -0.5406898856163025 0.12910664081573486 -0.8312556743621826
1087  139  -18 40.604112 38.823774 -5.173000812530518 0.27148956060409546 46 -0.5397570729255676 0.12910719215869904 -0.8318615555763245
1088  138  -18 40.596256 38.819210 -7.017429828643799 1.7050883769989014 40 -0.5402246117591858 0.12957577407360077 -0.8314851522445679
1089  139  -18 40.603888 38.819536 -5.322731971740723 0.22707325220108032 37 -0.5396321415901184 0.12934382259845734 -0.8319058418273926
1090  140  -18 40.616706 38.820711 -6.210467338562012 0.9595646858215332 38 -0.5386670231819153 0.12892287969589233 -0.8325963616371155
1091  138  -19 40.599390 38.808991 -5.103398323059082 0.48400455713272095 43 -0.5396340489387512 0.1300448775291443 -0.8317952752113342
1092  140  -20 40.617822 38.808244 -4.687373638153076 0.5670912861824036 48 -0.5381596088409424 0.1295698881149292 -0.8328240513801575
1093  142  -15 40.636534 38.851279 -5.5195841789245605 0.3344445526599884 39 -0.5381456017494202 0.12671124935150146 -0.8332728147506714
1094  143  -15 40.654197 38.850501 -4.310175895690918 0.6008702516555786 41 -0.5367358326911926 0.12626630067825317 -0.8342491388320923
1095  142  -16 40.637627 38.837622 -5.373006820678711 0.6734918355941772 47 -0.5375877618789673 0.1274205446243286 -0.8335247039794922
1096  143  -16 40.654132 38.836826 -4.8636908531188965 0.43333834409713745 37 -0.5362610220909119 0.12700504064559937 -0.8344421982765198
1097  146  -16 40.681835 38.843556 -5.393043518066406 0.5222878456115723 38 -0.5343108773231506 0.12587380409240723 -0.8358634114265442
1098  -56 -110 38.358771 38.001469 -1.5064356327056885 0.40374356508255005 36 -0.6800891160964966 0.16040250658988953 -0.7153668403625488
1099  -54 -109 38.375560 38.015852 -1.615150809288025 0.19741317629814148 48 -0.6795742511749268 0.1591259390115738 -0.716140866279602
1100  -53 -109 38.392986 38.015919 -1.7755542993545532 0.3076888918876648 42 -0.6785516142845154 0.15872275829315186 -0.7171992659568787
1101  -54 -110 38.374216 38.002359 -1.6246755123138428 0.31092917919158936 42 -0.6792901754379272 0.16001182794570923 -0.7162129878997803
1102  -53 -110 38.394126 38.002441 -1.0365492105484009 0.4625292122364044 18 -0.6779972910881042 0.15952134132385254 -0.717546284198761
1103  -57 -112 38.349515 37.980267 -1.6666125059127808 0.3918679654598236 32 -0.6797911524772644 0.16189508140087128 -0.7153139114379883
1104  -54 -112 38.384518 37.980553 -1.8506062030792236 0.2807207405567169 46 -0.6778737306594849 0.16110335290431976 -0.7173094749450684
1105  -52 -102 38.405931 38.076057 -2.980210304260254 0.26009997725486755 48 -0.67795729637146 0.16169635951519012 -0.7170970439910889
1106  -51 -102 38.414407 38.075830 -3.535898208618164 0.28526562452316284 39 -0.6769791841506958 0.16350027918815613 -0.7176119089126587
1107  -52 -103 38.405610 38.068703 -2.995661973953247 0.37592756748199463 42 -0.6794122457504272 0.15513360500335693 -0.7171698212623596
1108  -51 -103 38.415314 38.069201 -3.0226807594299316 0.2208704650402069 53 -0.6788204312324524 0.15487374365329742 -0.7177861332893372
1109   83  -29 39.964812 38.734621 -8.996101379394531 0.5227417349815369 49 -0.5877512693405151 0.13740384578704834 -0.7972882986068726
1110   84  -28 39.973306 38.735186 -7.878992080688477 0.17845071852207184 53 -0.5871905088424683 0.13717086613178253 -0.7977415323257446
1111   83  -29 39.964095 38.728092 -8.745731353759766 0.2993689477443695 57 -0.5876244306564331 0.13775455951690674 -0.7973212599754333
1112   84  -29 39.972828 38.728085 -8.558677673339844 0.24745482206344604 51 -0.587039589881897 0.13754624128341675 -0.7977879643440247
1113   81  -30 39.940282 38.720737 -10.510889053344727 1.6725027561187744 48 -0.5890430808067322 0.13870447874069214 -0.7961089015007019
1114   80  -31 39.930693 38.713029 -7.578893661499023 2.137883186340332 40 -0.5894970893859863 0.13933321833610535 -0.7956628799438477
1115   81  -31 39.937082 38.713875 -8.671932220458984 0.6475592851638794 46 -0.5890815854072571 0.13913431763648987 -0.796005368232727
1116   79  -32 39.909585 38.706787 -8.215699195861816 0.3429178297519684 36 -0.5907822251319885 0.14016827940940857 -0.7945622801780701
1117   79  -32 39.918706 38.705779 -9.471652030944824 0.5387875437736511 40 -0.5901395082473755 0.14000004529953003 -0.7950694561004639
1118   79  -32 39.909863 38.700497 -8.10275650024414 0.3685636818408966 26 -0.5905987024307251 0.1404852420091629 -0.7946427464485168
1119   79  -32 39.918708 38.700626 -8.276729583740234 0.6468263864517212 8 -0.5900090336799622 0.1402657926082611 -0.7951194047927856
1120   80  -32 39.928190 38.707056 -8.514253616333008 0.5118123888969421 21 -0.5895311236381531 0.13970522582530975 -0.7955724596977234
1121   81  -32 39.936558 38.707808 -8.999417304992676 0.5265448689460754 36 -0.5889716148376465 0.13946124911308289 -0.7960295677185059
1122   82  -30 39.946220 38.721153 -8.910356521606445 1.4071590900421143 6 -0.5886445641517639 0.1385384202003479 -0.7964325547218323
1123   83  -30 39.955016 38.721126 -8.953380584716797 0.45366334915161133 5 -0.588040828704834 0.13832613825798035 -0.7969152927398682
1124   82  -31 39.946005 38.714294 -8.417585372924805 0.17295967042446136 29 -0.5884798169136047 0.13889554142951965 -0.7964920401573181
1125   83  -30 39.964094 38.721227 -9.201510429382324 0.4662899971008301 24 -0.587436854839325 0.13810430467128754 -0.7973989844322205
1126   73  -34 39.840108 38.690682 -8.541718482971191 0.9982908964157104 41 -0.5952062606811523 0.14271695911884308 -0.7907979488372803
1127   74  -33 39.856340 38.694123 -8.382529258728027 0.3153281509876251 39 -0.5941089987754822 0.14212378859519958 -0.7917293310165405
1128   75  -33 39.863927 38.692772 -7.700173377990723 0.6299565434455872 40 -0.5935221910476685 0.1420004665851593 -0.7921915054321289
1129   74  -34 39.856035 38.686416 -7.391708850860596 0.3481597602367401 13 -0.5938856601715088 0.1425192952156067 -0.7918257713317871
1130   75  -34 39.864731 38.686631 -6.817610740661621 0.128951296210289 29 -0.593278706073761 0.14229129254817963 -0.7923216819763184
1131   72  -35 39.837646 38.679939 -7.706814765930176 0.2946587800979614 41 -0.5950314402580261 0.1433185487985611 -0.7908207178115845
1132   73  -35 39.846684 38.679894 -7.701764106750488 0.45890969038009644 36 -0.594372034072876 0.14308951795101166 -0.7913578748703003
1133   72  -35 39.837490 38.672842 -7.6531877517700195 0.3250584602355957 43 -0.5948144197463989 0.14367957413196564 -0.7909184694290161
1134   73  -36 39.846776 38.672630 -7.602266311645508 0.39103055000305176 40 -0.5941223502159119 0.14345020055770874 -0.7914800643920898
1135   74  -35 39.854856 38.680634 -7.603492736816406 0.32219555974006653 42 -0.5937877297401428 0.14284029603004456 -0.791841447353363
1136   75  -35 39.865371 38.680109 -8.507064819335938 1.0220541954040527 43 -0.5930448770523071 0.14260773360729218 -0.7924398183822632
1137   74  -36 39.854694 38.671925 -8.018830299377441 0.7567923665046692 39 -0.5935429930686951 0.14328764379024506 -0.7919440269470215
1138   76  -33 39.874493 38.693115 -7.635047912597656 0.8480951189994812 37 -0.5927934050559998 0.14172062277793884 -0.7927870750427246
1139   76  -33 39.882691 38.693490 -8.315792083740234 0.5497817397117615 41 -0.5922362804412842 0.14150011539459229 -0.7932426929473877
1140   76  -34 39.873607 38.686607 -6.759189128875732 0.15402589738368988 51 -0.5926620364189148 0.14207319915294647 -0.7928221225738525
1141   76  -34 39.882724 38.686385 -6.9131574630737305 0.1506175398826599 41 -0.5920219421386719 0.1418592780828476 -0.7933385372161865
1142   77  -33 39.891693 38.694001 -8.003243446350098 0.25287407636642456 44 -0.5916528105735779 0.1412581354379654 -0.7937210202217102
1143   78  -33 39.900730 38.693320 -7.907227516174316 0.2571254372596741 49 -0.5910279750823975 0.14107537269592285 -0.7942189574241638
1144   77  -34 39.891807 38.686385 -6.87467098236084 0.387252539396286 51 -0.5913898944854736 0.14163464307785034 -0.7938499450683594
1145   76  -35 39.873571 38.679528 -8.397494316101074 0.5988462567329407 36 -0.5924713611602783 0.1424374133348465 -0.7928993105888367
1146   72  -36 39.837489 38.666030 -6.9453206062316895 0.14488333463668823 43 -0.5945864915847778 0.14402000606060028 -0.7910279631614685
1147   73  -36 39.846517 38.665575 -7.128747940063477 0.3204362988471985 55 -0.5939235091209412 0.14381344616413116 -0.7915633916854858
1148   76  -39 39.873200 38.644734 -4.713752746582031 0.16981175541877747 57 -0.5915362238883972 0.14422856271266937 -0.7932736277580261
1149   76  -39 39.882149 38.644219 -5.530863285064697 0.2977534830570221 51 -0.5909114480018616 0.14403480291366577 -0.7937743663787842
1150   77  -38 39.891332 38.651475 -5.4678635597229 0.30553123354911804 51 -0.5905301570892334 0.14344874024391174 -0.7941640615463257
1151   78  -38 39.900371 38.651430 -4.564014911651611 0.1996811479330063 50 -0.5899166464805603 0.1432303786277771 -0.7946593761444092
1152   77  -39 39.891217 38.644228 -5.0884623527526855 0.29372963309288025 53 -0.590300977230072 0.1438131034374237 -0.7942686080932617
1153   78  -39 39.900195 38.644100 -4.8232855796813965 0.22120636701583862 52 -0.5897085070610046 0.14360448718070984 -0.7947462797164917
1154  155    6 40.797571 39.042131 -4.3312153816223145 0.7019023895263672 53 -0.5296549201011658 0.12223562598228455 -0.8393594026565552
1155  156    6 40.808295 39.042282 -3.5645148754119873 0.7865668535232544 53 -0.5288590788841248 0.12194386124610901 -0.8399034142494202
1156  154    5 40.780232 39.035087 -4.48413610458374 0.23869460821151733 54 -0.5307433605194092 0.1230805441737175 -0.8385480046272278
1157  154    5 40.788710 39.035201 -4.603789806365967 0.4818536937236786 50 -0.5301108956336975 0.12284896522760391 -0.8389818668365479
1158  154    4 40.779924 39.028224 -4.655627250671387 0.34622710943222046 50 -0.5305941104888916 0.12347086519002914 -0.8385850787162781
1159  154    4 40.788440 39.028403 -5.101477146148682 0.9619274735450745 53 -0.5299707055091858 0.12323672324419022 -0.8390135765075684
1160  155    5 40.797324 39.034982 -4.548327445983887 0.7400949597358704 53 -0.5294755101203918 0.12263579666614532 -0.8394141793251038
1161  156    5 40.807502 39.035034 -3.625764846801758 0.822368323802948 7 -0.5286964774131775 0.12235835194587708 -0.8399455547332764
1162  155    4 40.796738 39.029736 -3.997295618057251 1.2512915134429932 12 -0.5293700098991394 0.1229393482208252 -0.8394363522529602
1163  156    4 40.807346 39.027011 -3.684889554977417 0.7777461409568787 26 -0.5284297466278076 0.12279116362333298 -0.840050220489502
1164  157    6 40.821895 39.045684 -3.650601625442505 0.7110357880592346 38 -0.5278568863868713 0.12137956917285919 -0.8406152725219727
1165  159    6 40.838853 39.044235 -3.7462565898895264 0.5537398457527161 47 -0.5264814496040344 0.12099583446979523 -0.8415327072143555
1166   83  -34 39.963403 38.686096 -5.9291534423828125 0.08606420457363129 229 -0.5864819288253784 0.13990049064159393 -0.7977887392044067
1167   84  -34 39.972323 38.685668 -5.8852858543396 0.11289999634027481 212 -0.585889458656311 0.13971155881881714 -0.7982569932937622
1168   83  -35 39.954281 38.678996 -4.930347442626953 0.31287339329719543 39 -0.586936354637146 0.14049090445041656 -0.7973506450653076
1169   82  -35 39.945438 38.671924 -4.850442886352539 0.3797506093978882 49 -0.5873807072639465 0.14107486605644226 -0.7969202399253845
1170   82  -35 39.953722 38.672227 -4.231001377105713 0.20739950239658356 43 -0.5868213176727295 0.14085711538791656 -0.7973707318305969
1171   83  -35 39.963479 38.679015 -5.323349475860596 0.32352113723754883 39 -0.5862874984741211 0.1402599811553955 -0.797868549823761
1172   84  -35 39.972576 38.678865 -5.906913757324219 0.17725060880184174 53 -0.585691511631012 0.14005279541015625 -0.7983425259590149
1173   83  -35 39.963491 38.671882 -5.057439804077148 0.703477680683136 41 -0.586077094078064 0.14061935245990753 -0.7979598641395569
1174   84  -35 39.972003 38.672067 -5.740971088409424 0.3026314973831177 38 -0.5855317115783691 0.1404094099998474 -0.7983970642089844
1175   79  -36 39.918403 38.665250 -5.026995658874512 0.21544387936592102 39 -0.5890170335769653 0.14207027852535248 -0.7955344319343567
1176   79  -37 39.909153 38.657962 -4.723186492919922 0.07684653997421265 45 -0.5894849300384521 0.14267832040786743 -0.7950788736343384
1177   79  -37 39.918167 38.658222 -4.609653949737549 0.17692476511001587 45 -0.5888510942459106 0.14243796467781067 -0.7955915331840515
1178   80  -36 39.927290 38.665229 -5.6329569816589355 0.1816549450159073 27 -0.5884342193603516 0.1418595016002655 -0.7960031628608704
1179   81  -36 39.936509 38.664936 -5.262241363525391 0.30256184935569763 42 -0.5878479480743408 0.14166109263896942 -0.7964715957641602
1180   80  -37 39.927281 38.658092 -5.291875839233398 0.3461035192012787 40 -0.5882136225700378 0.14221790432929993 -0.7961022257804871
1181   81  -37 39.936230 38.658013 -5.456913471221924 0.31656476855278015 23 -0.587653398513794 0.14201515913009644 -0.7965520620346069
1182   79  -38 39.909207 38.651232 -4.493960380554199 0.18587355315685272 49 -0.5893154740333557 0.14302518963813782 -0.7951422333717346
1183   79  -38 39.918412 38.650970 -4.087514877319336 0.1598096489906311 22 -0.5886459946632385 0.1428048461675644 -0.7956775426864624
1184   79  -39 39.908784 38.644085 -4.909712314605713 0.2904854118824005 30 -0.5891491770744324 0.14340083301067352 -0.7951977849006653
1185   79  -39 39.918120 38.644237 -3.9372670650482178 0.13351288437843323 34 -0.5885011553764343 0.14316034317016602 -0.7957208156585693
1186   81  -38 39.931555 38.647631 -4.884332656860352 0.3232852816581726 36 -0.5876431465148926 0.14264851808547974 -0.7964465022087097
1187   82  -36 39.945326 38.665033 -4.214344501495361 0.22166107594966888 38 -0.5872929692268372 0.14145132899284363 -0.7969181537628174
1188   83  -36 39.954233 38.665255 -3.7116811275482178 0.1131148487329483 46 -0.5866383910179138 0.14121009409427643 -0.7974428534507751
1189   82  -37 39.945053 38.658022 -4.458988666534424 0.20964758098125458 45 -0.5870821475982666 0.14180633425712585 -0.7970104217529297
1190   83  -37 39.953950 38.657843 -4.027849197387695 0.14675918221473694 39 -0.5864213705062866 0.1415860652923584 -0.7975358366966248
1191   84  -37 39.967557 38.661359 -4.544198513031006 0.4984375536441803 54 -0.5854907035827637 0.14105024933815002 -0.7983141541481018
1192   82  -38 39.949311 38.647370 -4.6142354011535645 0.17745277285575867 48 -0.5864128470420837 0.14222344756126404 -0.7974286675453186
1193   84  -38 39.967244 38.647245 -4.476715087890625 0.18531708419322968 45 -0.5851032137870789 0.14176978170871735 -0.7984707951545715
1194   60  -40 39.698261 38.635084 -7.140861988067627 0.37335625290870667 50 -0.6055731177330017 0.1394084095954895 -0.7834835648536682
1195   62  -40 39.715668 38.634786 -7.025324821472168 0.16114442050457 47 -0.6041887998580933 0.13963189721107483 -0.7845118045806885
1196   60  -41 39.698027 38.621123 -6.707970142364502 0.4939851462841034 47 -0.6053082942962646 0.14016522467136383 -0.7835531830787659
1197   61  -41 39.711232 38.624549 -6.700569152832031 0.19468216598033905 45 -0.6044409871101379 0.13965554535388947 -0.7843133807182312
1198   62  -41 39.720484 38.624405 -6.754666805267334 0.2985573709011078 42 -0.6037608981132507 0.13943025469779968 -0.7848770618438721
1199   61  -42 39.711517 38.617261 -6.576225280761719 0.307972252368927 46 -0.6042448878288269 0.14003314077854156 -0.7843971252441406
1200   62  -42 39.720457 38.617277 -6.581283092498779 0.2010231465101242 49 -0.6035794019699097 0.13980434834957123 -0.7849501371383667
1201   63  -40 39.733181 38.633981 -6.955929756164551 0.2205495685338974 46 -0.6026539206504822 0.14038726687431335 -0.7855569124221802
1202   64  -40 39.746259 38.630383 -7.241909980773926 0.6118080019950867 31 -0.6020573973655701 0.13847602903842926 -0.7863531708717346
1203   65  -40 39.755940 38.628618 -7.727218151092529 0.2300855666399002 806 -0.6013429760932922 0.13833411037921906 -0.7869246006011963
1204   63  -41 39.729355 38.624229 -6.402397632598877 0.3063622713088989 794 -0.6031140685081482 0.13921792805194855 -0.7854118943214417
1205   64  -41 39.738265 38.624249 -6.374379634857178 0.2635522186756134 782 -0.6024670004844666 0.138994038105011 -0.7859479784965515
1206   63  -42 39.729020 38.617326 -6.258781433105469 0.19925186038017273 187 -0.6029608845710754 0.13958798348903656 -0.785463809967041
1207   64  -42 39.738139 38.617350 -6.0659942626953125 0.1347646564245224 175 -0.6022902131080627 0.1393560916185379 -0.7860193848609924
1208   65  -41 39.747363 38.624153 -7.01632022857666 0.2687342166900635 168 -0.6018162369728088 0.13877414166927338 -0.7864851951599121
1209   65  -41 39.756382 38.624153 -7.569973945617676 0.18636733293533325 37 -0.6011945009231567 0.13855603337287903 -0.7869990468025208
1210   65  -42 39.747163 38.617203 -6.65170431137085 0.3989036977291107 23 -0.6016375422477722 0.13913917541503906 -0.7865574359893799
1211  -74  -98 38.152091 38.106970 -4.387602806091309 0.8572723865509033 5 -0.6926193237304688 0.1638474017381668 -0.7024474740028381
1212  -69  -97 38.205235 38.121073 -3.8199081420898438 0.5707683563232422 708 -0.6888895034790039 0.1676035374403 -0.705223560333252
1213  -66  -97 38.239357 38.120814 -4.509707450866699 1.0315380096435547 223 -0.6871183514595032 0.1668904572725296 -0.7071180939674377
1214  -69 -100 38.206207 38.091941 -4.261352062225342 0.7245951294898987 193 -0.69013911485672 0.1599368304014206 -0.7057820558547974
1215  -66 -100 38.239512 38.091811 -5.638363838195801 1.3666999340057373 207 -0.6881512999534607 0.1607612818479538 -0.7075334191322327
1216  165   18 40.918340 39.152484 -5.583547592163086 1.0013359785079956 37 -0.5212476253509521 0.12310603260993958 -0.8444796204566956
1217  164   17 40.900042 39.138897 -5.170510768890381 0.4309326112270355 36 -0.5222582817077637 0.1243385523557663 -0.8436743021011353
1218  165   17 40.909177 39.145885 -6.376917362213135 1.0657764673233032 38 -0.5217412710189819 0.12370714545249939 -0.8440868258476257
1219  165   17 40.918512 39.145586 -6.526905536651611 0.9325829148292542 29 -0.5210371017456055 0.12347427010536194 -0.8445557951927185
1220  165   17 40.909502 39.138709 -5.361155986785889 0.5739607810974121 178 -0.5215232968330383 0.12409006059169769 -0.8441653847694397
1221  165   17 40.918099 39.138913 -5.706486225128174 0.610684335231781 45 -0.5208675861358643 0.1238439604640007 -0.8446062207221985
1222  169   21 40.956529 39.181015 -4.486486911773682 0.6189712285995483 49 -0.5191332697868347 0.12053295969963074 -0.84615159034729
1223  167   20 40.936661 39.166430 -4.4299726486206055 0.49824216961860657 20 -0.5202297568321228 0.1218530610203743 -0.8452886343002319
1224  169   21 40.955775 39.172798 -4.4162068367004395 0.6081479787826538 25 -0.5189825296401978 0.121001698076725 -0.8461771607398987
1225  168   20 40.946757 39.166079 -4.291857719421387 0.75083327293396 42 -0.5194644927978516 0.12160276621580124 -0.8457951545715332
1226  168   20 40.954939 39.166380 -4.411567211151123 0.7076619863510132 22 -0.5188563466072083 0.12136834859848022 -0.8462019562721252
1227  169   22 40.964672 39.187331 -4.318161487579346 0.7421302795410156 41 -0.518658459186554 0.11996611952781677 -0.8465232253074646
1228  170   22 40.972077 39.187256 -5.396856784820557 0.43401408195495605 30 -0.518067479133606 0.11976694315671921 -0.84691321849823
1229  169   21 40.964801 39.180222 -4.826611042022705 0.5135741829872131 11 -0.5184661149978638 0.1203504428267479 -0.8465865254402161
1230  170   21 40.973518 39.179131 -4.2104902267456055 0.7455211877822876 15 -0.5177194476127625 0.1201634332537651 -0.8470698595046997
1231  144   -4 40.669617 38.945290 -4.779290199279785 0.5132554173469543 163 -0.5362997651100159 0.13097335398197174 -0.8338037133216858
1232  145   -4 40.679129 38.945382 -3.8451623916625977 0.12781140208244324 44 -0.5356077551841736 0.13071435689926147 -0.834289014339447
1233  146   -3 40.688538 38.952131 -3.9753456115722656 0.09876140207052231 43 -0.5351046323776245 0.1300867199897766 -0.8347098231315613
1234  147   -3 40.696836 38.951903 -3.839787244796753 0.0754026398062706 32 -0.534461259841919 0.12986986339092255 -0.835155725479126
1235  146   -4 40.688100 38.945149 -4.052177906036377 0.08352572470903397 16 -0.5348836779594421 0.1304713636636734 -0.8347914218902588
1236  147   -4 40.695919 38.944917 -3.7149205207824707 0.14557866752147675 40 -0.5342943072319031 0.13027232885360718 -0.8351998329162598
1237  143   -6 40.660464 38.931674 -4.110800266265869 0.27342796325683594 40 -0.5365561842918396 0.13196910917758942 -0.8334816098213196
1238  -25  -78 38.703781 38.291605 -5.961956024169922 0.6743026971817017 38 -0.6638503670692444 0.15729671716690063 -0.7311364412307739
1239  -22  -78 38.737747 38.292361 -4.973442077636719 0.481167197227478 41 -0.6620854735374451 0.15651750564575195 -0.7329018712043762
1240  -25  -81 38.703081 38.264186 -4.971484184265137 0.6209620833396912 43 -0.6631126999855042 0.15901966392993927 -0.731433093547821
1241  -22  -81 38.739753 38.263435 -4.643176078796387 0.30868077278137207 37 -0.6609175205230713 0.1582147777080536 -0.7335912585258484
1242  -19  -78 38.774669 38.291230 -4.936837196350098 0.5840193629264832 46 -0.6598349809646606 0.1557275801897049 -0.7350963950157166
1243  -16  -78 38.811240 38.291952 -4.930057048797607 0.6878927946090698 44 -0.657543420791626 0.15480415523052216 -0.7373414039611816
1244  -46 -120 38.473068 37.913299 -1.242081880569458 0.7031468152999878 41 -0.672099232673645 0.1595693975687027 -0.7230631113052368
1245  -25 -163 38.716309 37.527848 -0.4212050437927246 1.8824163675308228 43 -0.6527426242828369 0.15481747686862946 -0.7415919303894043
1246  -51  -39 38.413233 38.640270 -6.428381443023682 1.3707643747329712 50 -0.6838139891624451 0.16192853450775146 -0.7114615440368652
1247  -82 -122 38.066324 37.894372 -1.7066786289215088 0.2690701484680176 51 -0.6950770020484924 0.16197285056114197 -0.7004518508911133
1248  -79 -122 38.101320 37.894448 -2.435323715209961 0.9890522360801697 43 -0.6932227611541748 0.16121628880500793 -0.7024610042572021
1249  -82 -125 38.066642 37.866147 -1.2454330921173096 0.5023233294487 46 -0.6942170858383179 0.16375307738780975 -0.7008905410766602
1250  -79 -125 38.101593 37.866807 -1.6588149070739746 0.35122933983802795 46 -0.6923913955688477 0.1629607081413269 -0.7028783559799194
1251   38  -58 39.441195 38.470952 -3.4811344146728516 0.3425593972206116 49 -0.6204417943954468 0.1443900763988495 -0.7708459496498108
1252   39  -58 39.449814 38.470888 -3.319777727127075 0.276793509721756 205 -0.61988765001297 0.1441931575536728 -0.7713285088539124
1253   38  -59 39.441285 38.464050 -3.111131191253662 0.060065098106861115 15526 -0.6202280521392822 0.14475014805793762 -0.770950436592102
1254   39  -59 39.450241 38.463647 -3.230344533920288 0.15117333829402924 38256 -0.6196247935295105 0.14455918967723846 -0.7714712023735046
1255   40  -59 39.463763 38.467437 -2.9955978393554688 0.1461004912853241 29766 -0.6188278794288635 0.14403651654720306 -0.7722082138061523
1256   38  -60 39.445925 38.453179 -3.105356454849243 0.2716837227344513 186177 -0.6196090579032898 0.14521445333957672 -0.7713606953620911
1257   40  -60 39.463310 38.453112 -3.247685432434082 0.1349037140607834 163135 -0.6184594631195068 0.1448056995868683 -0.7723595499992371
1258   36  -62 39.419278 38.431831 -2.5488948822021484 0.3186936378479004 83820 -0.620781660079956 0.14698192477226257 -0.7700821161270142
1259   39  -62 39.454817 38.432219 -3.0988025665283203 0.485087126493454 10683 -0.6184235215187073 0.1461097002029419 -0.7721427083015442
1260   42  -59 39.489796 38.460360 -3.517780303955078 0.6444843411445618 11046 -0.6169395446777344 0.14380110800266266 -0.773761510848999
1261   45  -59 39.524885 38.459374 -3.9114580154418945 0.7513515949249268 12082 -0.6145631670951843 0.14301563799381256 -0.7757955193519592
1262   42  -62 39.490373 38.431823 -2.9101576805114746 0.3069854974746704 2126 -0.6161109209060669 0.145295187830925 -0.7741425037384033
1263   46  -62 39.526891 38.431842 -2.7842319011688232 0.39521506428718567 3147 -0.6137065887451172 0.14442738890647888 -0.7762119174003601
1264   47  -53 39.549152 38.519767 -4.018957138061523 0.1879311501979828 3203 -0.6123939752578735 0.14903265237808228 -0.7763780951499939
1265   48  -53 39.558480 38.519519 -4.8651509284973145 0.5076190233230591 2718 -0.611799955368042 0.14882823824882507 -0.776885449886322
1266   49  -52 39.566740 38.526983 -4.594771862030029 0.3358219265937805 7000 -0.6114782094955444 0.14824116230010986 -0.7772509455680847
1267   50  -52 39.576141 38.526504 -3.934284210205078 0.4536837637424469 1944 -0.6108490824699402 0.14804117381572723 -0.7777835726737976
1268   49  -53 39.566742 38.519600 -4.807263374328613 0.3314740061759949 3187 -0.6112934947013855 0.14863382279872894 -0.7773212194442749
1269   50  -53 39.576181 38.519656 -4.661975383758545 0.32403528690338135 3076 -0.6106864213943481 0.1484067291021347 -0.7778415679931641
1270   47  -53 39.549145 38.512514 -4.326586723327637 0.47607314586639404 2586 -0.6122050285339355 0.14941687881946564 -0.7764532566070557
1271   48  -53 39.558175 38.512891 -4.607903957366943 0.38446468114852905 2936 -0.6116568446159363 0.14918816089630127 -0.7769291400909424
1272   47  -54 39.548940 38.505680 -4.69274377822876 0.379594624042511 2472 -0.6120490431785583 0.14978571236133575 -0.776505172252655
1273   48  -54 39.557883 38.505473 -4.325239658355713 0.2159801870584488 2838 -0.6115213632583618 0.14959785342216492 -0.7769569754600525
1274   49  -54 39.571078 38.509066 -4.29014253616333 0.34284478425979614 864 -0.6107772588729858 0.1490972489118576 -0.7776381969451904
1275   51  -52 39.585617 38.526705 -3.677427053451538 0.3499968647956848 34486 -0.6102351546287537 0.14780423045158386 -0.7783103585243225
1276   51  -52 39.593968 38.526183 -3.8893918991088867 0.25540563464164734 39093 -0.6096864938735962 0.14763538539409637 -0.7787722945213318
1277   51  -53 39.585346 38.519612 -3.9994699954986572 0.24369005858898163 11021 -0.6100861430168152 0.14819030463695526 -0.778353750705719
1278   51  -53 39.593748 38.519317 -3.8744962215423584 0.22038453817367554 11142 -0.6095302700996399 0.14800475537776947 -0.7788244485855103
1279   52  -52 39.603116 38.526360 -3.9652020931243896 0.22528591752052307 20 -0.6090914011001587 0.14740720391273499 -0.779280960559845
1280   53  -52 39.612216 38.526510 -4.302359580993652 0.4140167534351349 35 -0.6085081100463867 0.1471838355064392 -0.7797787189483643
1281   52  -53 39.603096 38.519581 -3.599120855331421 0.13528470695018768 43 -0.6089251637458801 0.14776743948459625 -0.7793426513671875
1282   53  -53 39.611765 38.519543 -3.583265542984009 0.1899259239435196 35 -0.6083595156669617 0.14756274223327637 -0.7798230648040771
1283   51  -54 39.589130 38.509430 -3.751250743865967 0.327607661485672 157 -0.609583854675293 0.14863990247249603 -0.7786614894866943
1284   52  -54 39.607504 38.508756 -3.8190667629241943 0.5727714896202087 150 -0.6083065867424011 0.1482210010290146 -0.779739499092102
1285   48  -56 39.561519 38.488306 -3.803055763244629 0.37922507524490356 163 -0.6121214628219604 0.14446395635604858 -0.777455747127533
1286   52  -56 39.598624 38.487630 -3.898085117340088 0.5516311526298523 156 -0.6093072295188904 0.14504799246788025 -0.7795548439025879
1287   54  -52 39.625089 38.522895 -3.683666467666626 0.5800055265426636 145 -0.6075805425643921 0.14706890285015106 -0.7805233001708984
1288   56  -52 39.643457 38.522593 -3.1369788646698 0.6572439074516296 563 -0.6063258647918701 0.1466352641582489 -0.781579852104187
1289   54  -54 39.625264 38.508819 -4.05560302734375 0.3251274526119232 574 -0.6071465611457825 0.147792249917984 -0.7807243466377258
1290   56  -54 39.642905 38.508835 -3.9686667919158936 0.4718590974807739 2395 -0.6060324907302856 0.14737892150878906 -0.7816674709320068
1291   58  -53 39.670113 38.516377 -3.6269688606262207 0.6392930150032043 2752 -0.6044147610664368 0.1463237851858139 -0.7831169962882996
1292   55  -56 39.633367 38.487425 -3.1498074531555176 0.7889113426208496 10237 -0.606768012046814 0.14573107659816742 -0.7814058065414429
1293   58  -56 39.669297 38.487310 -2.31857967376709 0.31292852759361267 2779 -0.6039040088653564 0.14675316214561462 -0.7834306359291077
1294   50  -61 39.579428 38.445954 -3.192455291748047 0.5590329766273499 2496 -0.6106610894203186 0.14244692027568817 -0.7789749503135681
1295   56  -61 39.652045 38.445812 -3.0668890476226807 0.41838619112968445 10799 -0.6056951880455017 0.1406984031200409 -0.783158540725708
1296   37  -67 39.434622 38.391021 -3.192413568496704 0.64851313829422 10982 -0.6186546087265015 0.14878378808498383 -0.7714466452598572
1297    0  119 39.006222 40.080295 0.7780705094337463 0.5988479256629944 9993 -0.666854202747345 0.16345956921577454 -0.7270395159721375
1298    6  119 39.080005 40.079751 0.6764901280403137 0.8840512633323669 318557 -0.662775456905365 0.16186118125915527 -0.7311154007911682
1299  126  -24 40.450051 38.772293 -4.329928874969482 0.14683495461940765 157 -0.5501264333724976 0.1362726241350174 -0.8238875865936279
1300  126  -24 40.459027 38.772466 -4.342750549316406 0.13296982645988464 175 -0.5494146347045898 0.13600441813468933 -0.8244067430496216
1301  126  -25 40.450377 38.765426 -4.5185370445251465 0.1409517377614975 185 -0.5518282055854797 0.12829920649528503 -0.8240296840667725
1302  126  -25 40.458921 38.765310 -4.363825798034668 0.04645986109972 37 -0.5506928563117981 0.12998831272125244 -0.8245243430137634
1303  127  -24 40.468058 38.772323 -4.524026393890381 0.11695355176925659 42 -0.5486854910850525 0.13575197756290436 -0.8249337673187256
1304  128  -24 40.477088 38.771800 -4.564756393432617 0.22553755342960358 41 -0.5479595065116882 0.13552474975585938 -0.8254534602165222
1305  129  -21 40.486160 38.800229 -4.536355018615723 0.16217643022537231 42 -0.5483179092407227 0.13372722268104553 -0.8255086541175842
1306  129  -21 40.494729 38.799849 -4.569702625274658 0.40306615829467773 161 -0.5476238131523132 0.13350450992584229 -0.8260053396224976
1307  129  -21 40.485938 38.792765 -5.012534141540527 0.23533962666988373 40 -0.5480806827545166 0.13414469361305237 -0.8255984783172607
1308  129  -21 40.495248 38.792947 -5.0951738357543945 0.31751078367233276 34 -0.5473121404647827 0.13386087119579315 -0.8261542320251465
1309  130  -21 40.504459 38.800124 -4.327771186828613 0.08208034187555313 36 -0.5468212962150574 0.13320383429527283 -0.8265852928161621
1310  131  -21 40.513379 38.799491 -4.237728118896484 0.0749981552362442 35 -0.546062171459198 0.13297830522060394 -0.8271232843399048
1311  130  -21 40.504540 38.792832 -4.5543012619018555 0.11472726613283157 40 -0.5465587973594666 0.1336003541946411 -0.826694905757904
1312  129  -22 40.486446 38.786259 -4.949300289154053 0.10790619999170303 40 -0.5477750301361084 0.13447774946689606 -0.8257471323013306
1313  129  -22 40.495496 38.785501 -4.495283126831055 0.24148793518543243 30 -0.5470151305198669 0.1342577189207077 -0.8262864947319031
1314  129  -23 40.486057 38.778865 -4.877747058868408 0.12387990206480026 34 -0.5475196838378906 0.13488715887069702 -0.8258496522903442
1315  134  -22 40.549531 38.785099 -4.546321392059326 0.2032032161951065 35 -0.5427029132843018 0.1327398270368576 -0.8293694853782654
1316  133  -23 40.540124 38.778221 -5.088128089904785 0.22533206641674042 34 -0.5432063937187195 0.13338147103786469 -0.8289368152618408
1317  134  -23 40.549061 38.778223 -4.3011980056762695 0.24678108096122742 40 -0.542507529258728 0.13312914967536926 -0.829434871673584
1318    3  129 39.044434 40.163410 1.7313227653503418 0.6331376433372498 33 -0.6666334867477417 0.1587667018175125 -0.7282808423042297
1319   91   -8 40.052784 38.921060 -7.2624969482421875 0.8241925239562988 152 -0.5840542912483215 0.13887198269367218 -0.7997469305992126
1320  103   -8 40.192037 38.917868 -6.346789836883545 0.703823983669281 2344 -0.5742121338844299 0.13540685176849365 -0.8074313998222351
1321   87  -17 40.013341 38.838136 -8.137939453125 0.7876923084259033 138 -0.585249662399292 0.14048179984092712 -0.798591136932373
1322   94  -17 40.085823 38.837533 -8.080216407775879 1.09196937084198 179 -0.5799714922904968 0.1394583284854889 -0.8026110529899597
1323   86  -22 39.995617 38.794901 -7.627914905548096 1.5403200387954712 47 -0.5851707458496094 0.14308732748031616 -0.7981862425804138
1324   89  -22 40.031060 38.793309 -7.878292560577393 0.9781271815299988 46 -0.5826442837715149 0.14228038489818573 -0.8001762628555298
1325   85  -24 39.987131 38.774052 -7.6664018630981445 0.3658980131149292 47 -0.5862573385238647 0.1395876705646515 -0.7980085015296936
1326   65  -46 39.755622 38.574955 -4.816794395446777 0.18207839131355286 46 -0.5999807715415955 0.1411437839269638 -0.7874652743339539
1327   63  -47 39.728488 38.568082 -4.172358989715576 0.11537506431341171 32 -0.6015737652778625 0.1421419233083725 -0.7860691547393799
1328   64  -47 39.738171 38.567929 -5.220044136047363 0.4917163848876953 52 -0.6009024381637573 0.1419127732515335 -0.7866238355636597
1329   63  -48 39.728830 38.560658 -4.948051929473877 0.6750040054321289 42 -0.6013575196266174 0.1425214558839798 -0.7861658930778503
1330   64  -48 39.737670 38.560986 -5.4407477378845215 0.43285879492759705 55 -0.6007860898971558 0.14229470491409302 -0.7866436839103699
1331   65  -48 39.750693 38.564452 -4.647065162658691 0.593359649181366 47 -0.6000604629516602 0.14181426167488098 -0.7872840166091919
1332   60  -49 39.696957 38.550633 -3.974372148513794 0.4561878740787506 53 -0.6033684015274048 0.14384505152702332 -0.7843819856643677
1333   62  -49 39.715133 38.550369 -4.762420177459717 0.3318685293197632 47 -0.6021167635917664 0.14341436326503754 -0.7854220271110535
1334   60  -51 39.697357 38.536253 -4.250796318054199 0.4002842903137207 58 -0.6029905676841736 0.1445939838886261 -0.7845348715782166
1335   62  -51 39.714976 38.536348 -4.441936016082764 0.5195634365081787 45 -0.6018636226654053 0.14417533576488495 -0.7854766845703125
1336   64  -50 39.741485 38.543866 -3.233689546585083 0.8451650142669678 52 -0.6002141237258911 0.1431269496679306 -0.7869292497634888
1337   66  -46 39.764512 38.581753 -4.550491809844971 0.1320796012878418 50 -0.5994933843612671 0.14056070148944855 -0.7879406213760376
1338   67  -46 39.773740 38.581624 -5.200927734375 0.1902688890695572 35 -0.5988765954971313 0.1403478980064392 -0.7884474396705627
1339   66  -46 39.764414 38.574866 -4.21721887588501 0.2097451388835907 209 -0.5993796586990356 0.14093555510044098 -0.7879601716995239
1340   67  -46 39.773921 38.574861 -4.7056756019592285 0.3794289529323578 170 -0.5987158417701721 0.14070157706737518 -0.7885064482688904
1341   68  -46 39.787169 38.578255 -4.525760650634766 0.42132747173309326 174 -0.5979071855545044 0.14020627737045288 -0.789207935333252
1342   67  -48 39.769338 38.563824 -3.8754711151123047 0.2970007359981537 50 -0.5987916588783264 0.14139911532402039 -0.7883240580558777
1343   68  -48 39.786658 38.564390 -3.6291494369506836 0.4646875262260437 46 -0.5976322889328003 0.14095120131969452 -0.7892834544181824
1344   70  -46 39.804791 38.578034 -4.3267011642456055 0.5019158720970154 48 -0.5967215895652771 0.1397964060306549 -0.7901774048805237
1345   71  -46 39.823307 38.578076 -4.5068230628967285 0.554313063621521 36 -0.5954962968826294 0.13935500383377075 -0.7911790609359741
1346   70  -48 39.804964 38.563900 -3.565965414047241 0.27184510231018066 229 -0.5963395833969116 0.14052517712116241 -0.7903364896774292
1347   71  -48 39.823332 38.564100 -3.49164080619812 0.2800871729850769 187 -0.5951263308525085 0.1400776505470276 -0.7913298606872559
1348   67  -50 39.777222 38.543034 -3.638289451599121 0.5457897186279297 183 -0.5977060794830322 0.14228764176368713 -0.7889876961708069
1349   70  -50 39.813271 38.542859 -3.3304154872894287 0.6288407444953918 629 -0.5952040553092957 0.14140959084033966 -0.7910344004631042
1350   73  -40 39.846150 38.630391 -5.545380115509033 0.15955962240695953 163 -0.5929356217384338 0.1456174999475479 -0.7919740676879883
1351   40  -50 39.459673 38.541263 -6.556812286376953 0.1526278257369995 186 -0.6188848614692688 0.1500500738620758 -0.7710165977478027
1352   40  -50 39.468516 38.541237 -7.26473331451416 0.23316746950149536 180 -0.6183128356933594 0.14984138309955597 -0.7715159058570862
1353   40  -51 39.459288 38.534110 -6.8593668937683105 0.15005016326904297 192 -0.6186952590942383 0.15043392777442932 -0.7710939645767212
1354   40  -51 39.468604 38.534309 -6.880755424499512 0.15501302480697632 641 -0.6180750727653503 0.15019650757312775 -0.7716373205184937
1355   42  -46 39.482467 38.579936 -7.304897785186768 0.1191410943865776 665 -0.6182835698127747 0.14741547405719757 -0.7720065116882324
1356   43  -46 39.500617 38.579746 -7.275230884552002 0.2598555088043213 587 -0.6170961260795593 0.14699609577655792 -0.7730358839035034
1357   41  -48 39.481687 38.566137 -7.167043209075928 0.3874368369579315 720 -0.6180930733680725 0.1481979340314865 -0.7720092535018921
1358   43  -48 39.500943 38.565479 -7.235190391540527 0.35252106189727783 624 -0.6167674660682678 0.14776280522346497 -0.7731519937515259
1359   45  -46 39.518396 38.579695 -7.8913702964782715 0.6868312358856201 738 -0.6160229444503784 0.14659836888313293 -0.7739668488502502
1360   46  -46 39.535565 38.579403 -7.536490440368652 0.3413466513156891 541 -0.6150088310241699 0.14623431861400604 -0.7748417258262634
1361   45  -48 39.518442 38.565498 -7.806384086608887 0.5502600073814392 2517 -0.6157316565513611 0.1473715752363205 -0.7740517854690552
1362   46  -47 39.531758 38.569106 -7.88633918762207 0.2247001677751541 135 -0.615069568157196 0.14689022302627563 -0.7746694087982178
1363   47  -47 39.540538 38.568932 -7.049314022064209 0.29724374413490295 39 -0.6145862936973572 0.14671415090560913 -0.7750862240791321
1364   46  -48 39.531596 38.562132 -7.986947059631348 0.30382663011550903 42 -0.6149068474769592 0.14726698398590088 -0.7747271060943604
1365   47  -48 39.540674 38.562248 -7.504996299743652 0.22244103252887726 9 -0.6144077181816101 0.14706654846668243 -0.7751610279083252
1366   42  -49 39.482015 38.551588 -6.878139495849609 0.2886251211166382 28 -0.6177887320518494 0.14898891746997833 -0.7721006274223328
1367   43  -49 39.495202 38.555255 -6.857355117797852 0.2048831582069397 30 -0.616963267326355 0.14846467971801758 -0.7728613018989563
1368   43  -49 39.504052 38.555191 -6.530759811401367 0.23829305171966553 26 -0.6164036989212036 0.1482621133327484 -0.7733465433120728
1369   43  -50 39.495573 38.548064 -6.652504920959473 0.22557678818702698 20 -0.6167992949485779 0.14885063469409943 -0.7729179263114929
1370   43  -50 39.504263 38.548141 -6.353886604309082 0.13016436994075775 37 -0.6162403225898743 0.14864078164100647 -0.7734040021896362
1371   41  -50 39.477263 38.541175 -7.48970365524292 0.18927916884422302 2837 -0.6177884340286255 0.14964745938777924 -0.7719735503196716
1372   42  -50 39.486667 38.541110 -7.018565654754639 0.10229452699422836 2751 -0.617178738117218 0.14942823350429535 -0.7725034356117249
1373   41  -51 39.477622 38.534008 -7.3369550704956055 0.30133292078971863 2664 -0.6174803972244263 0.14999711513519287 -0.7721521258354187
1374   42  -51 39.486124 38.534103 -7.404355525970459 0.35104209184646606 2507 -0.6169858574867249 0.1498030424118042 -0.7725849747657776
1375   43  -50 39.495544 38.541181 -6.879676818847656 0.2801404893398285 9360 -0.6166127920150757 0.1492156982421875 -0.7729963660240173
1376   43  -50 39.504680 38.541118 -6.526092052459717 0.09489738196134567 1507 -0.6160096526145935 0.1489993929862976 -0.7735188007354736
1377   44  -49 39.513814 38.555001 -7.078683853149414 0.3898833394050598 2218 -0.6157516837120056 0.14803773164749146 -0.7739087343215942
1378   45  -49 39.522461 38.555018 -7.764686584472656 0.20428518950939178 1526 -0.6152402758598328 0.1478438675403595 -0.7743523716926575
1379   44  -50 39.513887 38.548019 -6.841245174407959 0.2790137231349945 1552 -0.6155907511711121 0.14841344952583313 -0.7739648222923279
1380   45  -50 39.522611 38.548161 -6.966684818267822 0.3346133828163147 2646 -0.6150631308555603 0.14820747077465057 -0.7744236588478088
1381   46  -49 39.531129 38.554936 -7.293791770935059 0.5046643018722534 1400 -0.6147473454475403 0.14765997231006622 -0.7747788429260254
1382   47  -49 39.540750 38.554974 -6.674227714538574 0.281347393989563 1871 -0.6141588687896729 0.1474384218454361 -0.7752876281738281
1383   46  -50 39.531531 38.547995 -6.616994380950928 0.20565912127494812 2296 -0.614483654499054 0.14800570905208588 -0.7749220728874207
1384   44  -50 39.513140 38.540915 -6.537352085113525 0.07604779303073883 2532 -0.6154511570930481 0.14880844950675964 -0.7739999890327454
1385   49  -41 39.564428 38.626203 -7.740024089813232 0.4144818186759949 2730 -0.6141849756240845 0.14303356409072876 -0.7760916352272034
1386   52  -41 39.599147 38.627743 -8.158408164978027 0.4366965889930725 1217 -0.6120010018348694 0.14214730262756348 -0.777977466583252
1387   49  -44 39.563773 38.600575 -7.407630443572998 0.4358912706375122 994 -0.6137204170227051 0.14444437623023987 -0.7761978507041931
1388   51  -43 39.589537 38.607485 -7.675001621246338 0.9734486937522888 1492 -0.6123762130737305 0.1435079425573349 -0.7774322032928467
1389   52  -43 39.608113 38.607198 -7.27650260925293 0.518765389919281 1770 -0.6111626029014587 0.14308783411979675 -0.7784639596939087
1390   51  -44 39.588745 38.593822 -6.947132587432861 0.8683409094810486 200 -0.6122220754623413 0.14428433775901794 -0.7774099111557007
1391   52  -44 39.608188 38.593817 -6.1942644119262695 0.38139766454696655 1411 -0.6109026670455933 0.143815279006958 -0.7785339951515198
1392   55  -41 39.634889 38.627813 -7.987696170806885 0.6959216594696045 677 -0.6097013354301453 0.14131346344947815 -0.7799325585365295
1393  174   18 41.012876 39.147763 -4.3220438957214355 0.7188364863395691 640 -0.5133440494537354 0.12067905068397522 -0.8496555089950562
1394  177   18 41.049653 39.147764 -4.44303035736084 0.9346699714660645 573 -0.5103277564048767 0.11964041739702225 -0.8516170978546143
1395  182   20 41.106013 39.161125 -4.131936550140381 0.7750998139381409 31 -0.505875289440155 0.11780539900064468 -0.8545244932174683
1396  175   15 41.030626 39.121602 -4.165096759796143 0.8942013382911682 32 -0.5110763907432556 0.12155583500862122 -0.8508966565132141
1397  181   15 41.098630 39.116625 -3.645381450653076 1.0027732849121094 36 -0.5051605701446533 0.11984384804964066 -0.8546639084815979
1398  160    9 40.854305 39.074476 -4.00497579574585 0.5614565014839172 40 -0.5239673852920532 0.12910544872283936 -0.841896653175354
1399  162    9 40.881315 39.068822 -3.272885322570801 1.072292447090149 28 -0.5215755105018616 0.12862376868724823 -0.8434541821479797
1400  160    8 40.851612 39.059517 -3.9345035552978516 0.6520064473152161 27 -0.5238686800003052 0.12931884825229645 -0.8419253826141357
1401  162    7 40.875947 39.055961 -3.7952048778533936 0.5749465227127075 29 -0.521554172039032 0.12945474684238434 -0.8433402180671692
1402  164    8 40.895140 39.061567 -3.7707180976867676 0.5424692630767822 8 -0.5201503038406372 0.12859393656253815 -0.8443383574485779
1403  161    5 40.866654 39.036447 -3.5653305053710938 0.40876173973083496 29 -0.5238496661186218 0.12099041044712067 -0.8431742787361145
1404  164    5 40.900092 39.037006 -3.1484875679016113 0.6074270606040955 41 -0.5207613706588745 0.12178261578083038 -0.8449713587760925
1405  169    5 40.955236 39.033806 -2.9729692935943604 0.5875411033630371 30 -0.5157493948936462 0.1219172403216362 -0.8480204939842224
1406  163    1 40.885448 38.995589 -3.4850943088531494 0.5465407371520996 41 -0.520847499370575 0.12223049253225327 -0.8448536396026611
1407  154    3 40.781641 39.017531 -4.777252197265625 0.6410303711891174 47 -0.5301610827445984 0.12401259690523148 -0.8387789130210876
1408  156    3 40.804605 39.015752 -3.7457449436187744 0.7359652519226074 46 -0.5282667875289917 0.12346970289945602 -0.8400532007217407
1409  154    1 40.783601 39.003208 -3.871424674987793 0.3806864321231842 47 -0.5295637845993042 0.12473643571138382 -0.8390489220619202
1410  156    1 40.803580 39.001187 -3.5828521251678467 0.5788905024528503 53 -0.5278785824775696 0.12428268790245056 -0.8401774168014526
1411  -40  -97 38.539653 38.119277 -3.762235164642334 0.5467612743377686 46 -0.6708889603614807 0.16040819883346558 -0.7240008115768433
1412  -41  -98 38.532049 38.112001 -3.6782944202423096 0.3613787889480591 39 -0.671055018901825 0.161021426320076 -0.723710834980011
1413  -40  -98 38.539801 38.112218 -3.5381250381469727 0.6282613277435303 45 -0.6706920266151428 0.16085019707679749 -0.7240852117538452
1414  -46  -99 38.475154 38.104518 -5.176072120666504 0.5384128093719482 42 -0.6742672324180603 0.16282451152801514 -0.7203137278556824
1415  -44  -99 38.496034 38.103719 -2.645392894744873 0.5117953419685364 37 -0.6730880737304688 0.1624108999967575 -0.7215089201927185
1416  -43  -99 38.503893 38.104212 -2.3143389225006104 0.2668622136116028 45 -0.6725354790687561 0.1621728539466858 -0.722077488899231
1417  -44 -100 38.496106 38.096933 -3.1980626583099365 0.5825880169868469 33 -0.6728051900863647 0.1628134399652481 -0.7216820120811462
1418  -43 -100 38.503508 38.097538 -2.0520966053009033 0.37904787063598633 36 -0.6723749041557312 0.16260142624378204 -0.7221307158470154
1419  -45 -101 38.480129 38.088614 -2.620709180831909 0.15891052782535553 39 -0.6734210252761841 0.16368529200553894 -0.7209100723266602
1420  -45 -100 38.485672 38.089434 -2.9671313762664795 0.27578917145729065 44 -0.6731064915657043 0.16350190341472626 -0.7212453484535217
1421  -45 -101 38.476581 38.083298 -2.887667655944824 0.38838639855384827 42 -0.6734115481376648 0.16408386826515198 -0.7208281755447388
1422  -45 -101 38.485182 38.083445 -2.8082735538482666 0.2238093912601471 42 -0.672886848449707 0.16386951506137848 -0.7213668823242188
1423  -44 -100 38.495906 38.090135 -3.440101146697998 0.2902436852455139 56 -0.672515869140625 0.16321855783462524 -0.7218601703643799
1424  -42  -99 38.512985 38.103060 -3.3283755779266357 0.595133900642395 47 -0.6719281673431396 0.16202472150325775 -0.7226759195327759
1425  -42  -99 38.519608 38.106027 -3.5221548080444336 0.12362585216760635 45 -0.6716244220733643 0.16168507933616638 -0.7230343222618103
1426  -42 -100 38.512736 38.097897 -3.304069757461548 0.6740235686302185 38 -0.6717725396156311 0.16234777867794037 -0.7227481007575989
1427  -58 -101 38.338793 38.086222 -3.6243066787719727 0.2826911509037018 37 -0.6817052960395813 0.16305536031723022 -0.7132256627082825
1428  -56 -101 38.356292 38.085730 -3.323211669921875 0.40114569664001465 40 -0.680377721786499 0.16467882692813873 -0.7141197919845581
1429  -24 -105 38.722732 38.051810 -1.7576165199279785 0.6837202310562134 34 -0.6588743329048157 0.15868739783763885 -0.7353250980377197
1430  -18 -105 38.794012 38.051924 -1.8577722311019897 0.863545298576355 40 -0.6544650197029114 0.15859292447566986 -0.7392725348472595
1431  -24 -111 38.720585 37.995507 -2.663316011428833 1.6478285789489746 39 -0.6597498059272766 0.1527358442544937 -0.7358002662658691
1432  -18 -111 38.792088 37.997639 -0.397243469953537 1.126224398612976 40 -0.6556423902511597 0.15133358538150787 -0.7397508025169373
1433  -33 -120 38.618065 37.912305 -1.7570981979370117 1.3294376134872437 37 -0.6634529829025269 0.15803931653499603 -0.7313369512557983
1434  -21 -120 38.756314 37.911762 -1.0848748683929443 0.9339206218719482 32 -0.6552282571792603 0.1566733866930008 -0.7390056848526001
1435  -47  132 38.445886 40.188976 -0.3983834385871887 1.2072961330413818 38 -0.6982865929603577 0.16831326484680176 -0.6957489252090454
1436   51  -35 39.586842 38.676042 -7.981334209442139 0.6242955327033997 40 -0.612147331237793 0.1482352912425995 -0.776725172996521
1437   56  -36 39.654410 38.673209 -7.911221504211426 0.7730805277824402 42 -0.6076786518096924 0.1463765650987625 -0.7805771231651306
1438   38  -44 39.439817 38.593916 -7.643177032470703 1.1528304815292358 45 -0.6213768720626831 0.14766636490821838 -0.7694708704948425
1439   46  -42 39.529587 38.620230 -7.807185649871826 0.4684981107711792 46 -0.6162768006324768 0.1441628336906433 -0.774222195148468
1440   42  -44 39.492613 38.599309 -8.082804679870605 1.034190058708191 43 -0.6181058287620544 0.1461382359266281 -0.772391676902771
1441   45  -44 39.527813 38.600380 -7.453752040863037 0.311805784702301 45 -0.6158990263938904 0.14526496827602386 -0.7743167877197266
1442   36  -47 39.420567 38.572783 -7.362117767333984 0.5890553593635559 43 -0.6221434473991394 0.1492682546377182 -0.7685418128967285
1443   39  -47 39.454554 38.572788 -6.928414821624756 0.4634014964103699 41 -0.620065450668335 0.14849421381950378 -0.7703689336776733
1444   35  -49 39.410022 38.551766 -8.414587020874023 0.870115339756012 46 -0.622409999370575 0.15067574381828308 -0.7680512070655823
1445   37  -49 39.427975 38.552322 -6.505031585693359 0.5566600561141968 49 -0.6213210225105286 0.1502344310283661 -0.7690187692642212
1446   35  -51 39.409674 38.538151 -7.465697765350342 1.001250147819519 42 -0.6220691204071045 0.1514115333557129 -0.768182635307312
1447   37  -51 39.427913 38.537578 -6.398982524871826 0.1576116681098938 40 -0.6209079623222351 0.15101708471775055 -0.769199013710022
1448   38  -49 39.446165 38.551990 -6.57776403427124 0.29744040966033936 43 -0.6201134920120239 0.1498154103755951 -0.7700744271278381
1449   40  -49 39.464433 38.551862 -7.046505451202393 0.4206429123878479 43 -0.6189343929290771 0.14939089119434357 -0.7711047530174255
1450   38  -51 39.445972 38.537738 -6.503810882568359 0.15188910067081451 40 -0.6196919679641724 0.15056677162647247 -0.7702671885490417
1451   97  -22 40.127368 38.790015 -6.382688999176025 0.13253119587898254 42 -0.5772479772567749 0.13336661458015442 -0.8056042194366455
1452   98  -22 40.135359 38.789946 -6.849078178405762 0.5236786603927612 43 -0.576689600944519 0.1331656277179718 -0.8060373067855835
1453   97  -23 40.126612 38.783114 -6.160501956939697 0.05214013159275055 46 -0.577042818069458 0.13377714157104492 -0.8056831359863281
1454   98  -23 40.135800 38.783039 -6.269077301025391 0.23475754261016846 43 -0.5763587951660156 0.13353653252124786 -0.8062124848365784
1455   99  -22 40.143726 38.789506 -7.792924404144287 0.3876464366912842 42 -0.5761185884475708 0.13298280537128448 -0.8064756989479065
1456  100  -22 40.153250 38.789984 -7.0591864585876465 0.49631619453430176 45 -0.5754433274269104 0.132705956697464 -0.8070032000541687
1457   99  -23 40.144041 38.782958 -6.996833324432373 0.12336504459381104 42 -0.575800895690918 0.1333349198102951 -0.8066443800926208
1458  100  -23 40.153549 38.782818 -7.052247047424316 0.16152361035346985 46 -0.5751097202301025 0.13309386372566223 -0.8071771264076233
1459  101  -21 40.168661 38.800150 -6.448342323303223 0.2806068956851959 50 -0.5747131705284119 0.131804957985878 -0.8076708316802979
1460  102  -21 40.184777 38.800020 -6.8021392822265625 0.4297858476638794 47 -0.5733962655067444 0.13232837617397308 -0.8085208535194397
1461  101  -22 40.162915 38.789627 -6.0312933921813965 0.15665189921855927 54 -0.574691116809845 0.13246490061283112 -0.8075786232948303
1462  101  -22 40.171217 38.789792 -6.350857734680176 0.23816654086112976 32 -0.574146568775177 0.13224945962429047 -0.8080011606216431
1463  101  -23 40.162976 38.782533 -6.4002251625061035 0.38379621505737305 42 -0.5744208693504333 0.13286463916301727 -0.8077051639556885
1464  101  -23 40.171848 38.782560 -5.7255988121032715 0.1784898191690445 47 -0.5737980008125305 0.1326349675655365 -0.8081855177879333
1465  102  -22 40.180714 38.789263 -6.30826997756958 0.2951047718524933 39 -0.573458731174469 0.13203558325767517 -0.8085244297981262
1466  103  -22 40.190057 38.788932 -6.241740703582764 0.321399450302124 35 -0.5727687478065491 0.13181038200855255 -0.8090500831604004
1467  102  -23 40.180521 38.782370 -5.593939304351807 0.2570270597934723 38 -0.5731729865074158 0.13242071866989136 -0.8086640238761902
1468  103  -23 40.189525 38.782329 -6.7317304611206055 0.3056102395057678 37 -0.572563648223877 0.13219739496707916 -0.8091321587562561
1469   97  -24 40.126183 38.776141 -6.264466762542725 0.07475531846284866 38 -0.5768949389457703 0.13420245051383972 -0.8057183027267456
1470   98  -24 40.135709 38.776238 -6.4460225105285645 0.21812057495117188 45 -0.5761240124702454 0.13392773270606995 -0.8063154220581055
1471   99  -24 40.144144 38.775686 -6.804594039916992 0.19113197922706604 39 -0.575505256652832 0.13374003767967224 -0.8067882657051086
1472  100  -24 40.153818 38.775744 -6.659797668457031 0.13665471971035004 39 -0.5747990012168884 0.1334812343120575 -0.8073344826698303
1473  101  -24 40.162316 38.775657 -6.531918525695801 0.1635582000017166 40 -0.5742042064666748 0.13326869904994965 -0.8077927231788635
1474  101  -24 40.171625 38.775311 -6.3425774574279785 0.237806037068367 36 -0.5735341310501099 0.13304810225963593 -0.8083049058914185
1475  102  -24 40.180364 38.775489 -5.943538188934326 0.2350115180015564 41 -0.5729767084121704 0.13282407820224762 -0.8087369799613953
1476  103  -24 40.188855 38.775456 -6.044727802276611 0.23463614284992218 42 -0.5724158883094788 0.1326160430908203 -0.8091681599617004
1477  104  -21 40.204828 38.800066 -6.188753128051758 0.6114151477813721 39 -0.5711634159088135 0.13448305428028107 -0.8097448348999023
1478  106  -21 40.222248 38.798803 -5.4433794021606445 0.5660771131515503 32 -0.5696814656257629 0.13440877199172974 -0.8108003735542297
1479  104  -22 40.198743 38.789565 -5.455227375030518 0.3087984025478363 38 -0.5720961689949036 0.1315329521894455 -0.8095709085464478
1480  104  -22 40.207565 38.789366 -4.9189605712890625 0.19286294281482697 37 -0.571383535861969 0.13129928708076477 -0.8101119995117188
1481  104  -23 40.197846 38.782394 -6.502124786376953 0.3261871039867401 34 -0.572002112865448 0.13198469579219818 -0.8095638751983643
1482  104  -23 40.207837 38.782578 -5.825201988220215 0.4026212692260742 40 -0.5711631178855896 0.13168621063232422 -0.8102046251296997
1483  106  -23 40.221834 38.785768 -6.039632797241211 0.8148960471153259 28 -0.5701796412467957 0.1311207413673401 -0.8109886050224304
1484  107  -21 40.239671 38.799441 -6.491018295288086 0.666478157043457 43 -0.5678083896636963 0.13651226460933685 -0.811762273311615
1485  109  -21 40.256272 38.799347 -6.732392311096191 0.9752378463745117 45 -0.5662563443183899 0.13785165548324585 -0.812619686126709
1486  107  -23 40.238945 38.785508 -6.795261383056641 0.5411475896835327 34 -0.5690164566040039 0.13070738315582275 -0.8118718266487122
1487  109  -23 40.255961 38.785272 -5.876730442047119 0.35461893677711487 47 -0.5678231716156006 0.1302872598171234 -0.8127743005752563
1488  104  -24 40.197858 38.775316 -6.046736240386963 0.16339272260665894 47 -0.5717353820800781 0.13238239288330078 -0.8096873164176941
1489  104  -24 40.207519 38.774988 -5.8322834968566895 0.19577862322330475 53 -0.5709182024002075 0.1321246325969696 -0.8103057742118835
1490  105  -24 40.216510 38.774760 -6.18817138671875 0.30525675415992737 52 -0.5701825022697449 0.13188497722148895 -0.81086266040802
1491  106  -24 40.225405 38.774874 -6.956451416015625 0.5769393444061279 50 -0.5695505142211914 0.13164736330509186 -0.8113452792167664
1492  106  -24 40.225317 38.768851 -9.48879623413086 1.2335189580917358 47 -0.5693619847297668 0.1319952756166458 -0.8114210963249207
1493  107  -24 40.234128 38.774995 -6.358650207519531 0.33574986457824707 43 -0.5689807534217834 0.13142520189285278 -0.8117809295654297
1494  108  -24 40.243670 38.775060 -6.589255332946777 0.17130663990974426 44 -0.5683424472808838 0.13118340075016022 -0.8122671246528625
1495  -74 -123 38.154415 37.880921 -1.8197942972183228 0.765344500541687 41 -0.6901924014091492 0.1609741747379303 -0.7054939866065979
1496  -68 -123 38.225035 37.880917 -1.709009051322937 0.6674532294273376 49 -0.6865718960762024 0.1594848781824112 -0.7093543410301208
1497  -39 -102 38.549545 38.077100 -2.0698883533477783 0.6973670721054077 45 -0.6690515279769897 0.1628042310476303 -0.7251653075218201
1498  -38 -102 38.557050 38.076803 -2.4540233612060547 0.4173997640609741 45 -0.668743908405304 0.16268286108970642 -0.7254762649536133
1499  -39 -103 38.549746 38.069863 -1.9829225540161133 0.7015915513038635 49 -0.6687393188476562 0.16322864592075348 -0.7253578901290894
1500  -38 -103 38.556682 38.069597 -2.767326593399048 0.7205207943916321 46 -0.6684153079986572 0.1631055474281311 -0.7256841659545898
1501  -38 -102 38.566576 38.076583 -1.4372460842132568 0.23235934972763062 48 -0.6681979298591614 0.16248147189617157 -0.7260243892669678
1502  -37 -102 38.575416 38.076395 -1.1620433330535889 0.4360131025314331 53 -0.6676658987998962 0.16228635609149933 -0.726557195186615
1503  -38 -103 38.566519 38.069694 -1.7454286813735962 0.18261092901229858 46 -0.6678564548492432 0.16287674009799957 -0.7262498736381531
1504  -37 -103 38.574829 38.069695 -1.7596864700317383 0.38630884885787964 53 -0.6674139499664307 0.16269366443157196 -0.726697564125061
1505  -39 -104 38.553370 38.059214 -1.5060219764709473 0.4283011257648468 43 -0.6688264012336731 0.1608630269765854 -0.7258059978485107
1506  -37 -104 38.570981 38.059565 -2.074718713760376 0.7917354106903076 47 -0.6674413084983826 0.16226403415203094 -0.7267684936523438
1507  -36 -102 38.588566 38.073103 -1.7898790836334229 0.46774983406066895 44 -0.6667441725730896 0.16217294335365295 -0.7274283766746521
1508  -34 -102 38.607586 38.073229 -2.4980034828186035 1.154860496520996 44 -0.6656463742256165 0.16172750294208527 -0.7285321354866028
1509  -36 -104 38.589180 38.059232 -2.4608824253082275 1.0360324382781982 42 -0.6661694645881653 0.16298812627792358 -0.7277727723121643
1510  -34 -104 38.606135 38.059518 -2.7799723148345947 1.0342680215835571 47 -0.6652625799179077 0.16259606182575226 -0.728689432144165
1511  -38 -106 38.562824 38.038124 -2.824157238006592 1.6598538160324097 47 -0.6696649193763733 0.15355685353279114 -0.7266148924827576
1512  122  -26 40.413957 38.751768 -5.471076965332031 0.24279652535915375 45 -0.5546641945838928 0.1279226690530777 -0.8221821784973145
1513  124  -25 40.431565 38.758335 -5.877514839172363 0.3587954640388489 49 -0.5535489320755005 0.12708382308483124 -0.8230633735656738
1514  125  -25 40.440766 38.758568 -5.056327819824219 0.545261561870575 45 -0.5528363585472107 0.12681955099105835 -0.8235828876495361
1515   72  110 39.853419 39.991870 0.42316704988479614 0.9689016938209534 47 -0.6148381233215332 0.14767427742481232 -0.7747040390968323
1516  172   87 41.018105 39.771111 -3.0137276649475098 0.9593249559402466 38 -0.5251227021217346 0.12559644877910614 -0.8417076468467712
1517   57  182 39.679190 40.645362 0.8567701578140259 1.0079277753829956 51 -0.635135293006897 0.15338066220283508 -0.7570188045501709
1518   50   69 39.587658 39.626628 -5.6962690353393555 1.120977520942688 179 -0.6269493699073792 0.14846131205558777 -0.764783501625061
1519   50   63 39.590640 39.571433 -5.936922550201416 0.8785638213157654 166 -0.6255571246147156 0.15141522884368896 -0.7653442025184631
1520   56   63 39.660856 39.573538 -5.651349067687988 0.725814938545227 42 -0.6210784316062927 0.14964744448661804 -0.7693291306495667
1521   42   53 39.494749 39.479771 -6.545215129852295 0.834079384803772 37 -0.6314445734024048 0.1500224471092224 -0.7607700228691101
1522   53   55 39.622864 39.496700 -6.4202494621276855 0.7982251644134521 41 -0.6232432723045349 0.14896713197231293 -0.7677086591720581
1523   62   58 39.731907 39.523033 -5.6461262702941895 0.821689784526825 8 -0.6158427000045776 0.14996711909770966 -0.7734647393226624
1524   70   57 39.816400 39.511584 -5.617808818817139 0.7047661542892456 36 -0.6094666719436646 0.14925609529018402 -0.7786353230476379
1525   70  -31 39.813942 38.715196 -7.095818519592285 0.5952839255332947 43 -0.5977949500083923 0.14212201535701752 -0.7889502644538879
1526   61  -34 39.706868 38.684500 -8.0602388381958 0.8478214740753174 39 -0.6040986180305481 0.1462925672531128 -0.7833666801452637
1527   64  -34 39.743556 38.684036 -8.356300354003906 0.7370417714118958 36 -0.6016067266464233 0.14542241394519806 -0.7854436635971069
1528   61  -38 39.711203 38.653661 -8.241144180297852 1.0740516185760498 39 -0.6029331684112549 0.14736546576023102 -0.7840631604194641
1529   64  -37 39.742283 38.656828 -7.40838098526001 0.9082211256027222 35 -0.6008288860321045 0.14683638513088226 -0.785775899887085
1530   67  -34 39.779015 38.683784 -7.926794052124023 0.8594859838485718 40 -0.5991758108139038 0.14456504583358765 -0.7874575257301331
1531   70  -34 39.806150 38.690683 -8.351031303405762 0.5041797757148743 40 -0.5975462794303894 0.14355209469795227 -0.7888797521591187
1532   71  -34 39.825795 38.689894 -8.855990409851074 1.0835040807724 15 -0.5961549878120422 0.14310574531555176 -0.7900126576423645
1533   70  -35 39.806227 38.676528 -8.172310829162598 0.845958411693573 9 -0.597101092338562 0.14426860213279724 -0.789086103439331
1534   71  -35 39.824502 38.676249 -8.092931747436523 0.40793630480766296 26 -0.595820426940918 0.14382874965667725 -0.7901337146759033
1535   67  -37 39.770325 38.662810 -7.458472728729248 0.37309762835502625 38 -0.5990956425666809 0.14583976566791534 -0.7872834205627441
1536   68  -37 39.787951 38.662874 -7.812301158905029 0.3198854923248291 50 -0.5978918075561523 0.145402193069458 -0.7882788777351379
1537   67  -38 39.770305 38.650207 -7.574449062347412 1.286237120628357 158 -0.5987138748168945 0.14648295938968658 -0.7874544262886047
1538   68  -38 39.783320 38.652190 -7.235123634338379 1.4730340242385864 138 -0.5978792905807495 0.1460595428943634 -0.788166880607605
1539   68  -38 39.791649 38.653734 -8.543197631835938 1.9663622379302979 143 -0.5973511338233948 0.1457744836807251 -0.7886199951171875
1540   68  -38 39.781763 38.646218 -8.074488639831543 1.521866798400879 161 -0.5978075861930847 0.14640292525291443 -0.78815758228302
1541   69  -36 39.801434 38.666031 -7.112060070037842 0.37425243854522705 84 -0.5970749855041504 0.1449120193719864 -0.7889879941940308
1542   70  -36 39.810386 38.666018 -7.5741777420043945 0.2984449863433838 140 -0.5964670181274414 0.1446935534477234 -0.7894877195358276
1543   69  -37 39.801399 38.659016 -8.063881874084473 1.0284680128097534 593 -0.5968408584594727 0.14526386559009552 -0.7891003489494324
1544   70  -37 39.810467 38.659322 -8.012914657592773 0.2742916941642761 159 -0.5962342023849487 0.14502593874931335 -0.7896026372909546
1545   71  -36 39.819463 38.665799 -8.060219764709473 0.23718544840812683 150 -0.5958346724510193 0.14448024332523346 -0.7900041341781616
1546   72  -36 39.828384 38.666074 -7.31149959564209 0.5207026600837708 160 -0.5952374339103699 0.1442480832338333 -0.7904966473579407
1547   71  -37 39.819312 38.658930 -7.827681064605713 0.3135560154914856 175 -0.5956264734268188 0.1448303908109665 -0.7900970578193665
1548   72  -37 39.828544 38.658789 -6.736047267913818 0.3014853298664093 135 -0.5949732065200806 0.14460603892803192 -0.7906301617622375
1549   69  -38 39.798459 38.654822 -11.431160926818848 0.5104010701179504 722 -0.5969161987304688 0.1455492377281189 -0.78899085521698
1550   70  -38 39.812230 38.652282 -6.4470062255859375 4.468022346496582 785 -0.5958971977233887 0.14533957839012146 -0.7897993326187134
1551   71  -38 39.819814 38.652318 -6.0168657302856445 1.5769522190093994 29 -0.595375120639801 0.1451500803232193 -0.7902277708053589
1552   74  -28 39.851744 38.739628 -7.434272289276123 0.6407563090324402 40 -0.595875084400177 0.1399417370557785 -0.7907902598381042
1553   76  -28 39.883845 38.742153 -7.147768497467041 1.0036646127700806 33 -0.5936495065689087 0.13901185989379883 -0.7926259636878967
1554   74  -31 39.852854 38.711891 -7.720187187194824 0.6714977622032166 45 -0.5949220657348633 0.14131572842597961 -0.7912633419036865
1555   76  -30 39.875327 38.717788 -7.870388984680176 0.38140901923179626 31 -0.5935036540031433 0.1404557228088379 -0.7924806475639343
1556   76  -32 39.878006 38.704682 -8.418614387512207 0.4352538287639618 50 -0.5929253697395325 0.1410549283027649 -0.7928070425987244
1557   77  -32 39.891610 38.707352 -8.264801979064941 0.19546127319335938 43 -0.5920458436012268 0.14058136940002441 -0.7935481667518616
1558   78  -32 39.900707 38.707468 -8.279497146606445 0.21132892370224 48 -0.5914101004600525 0.1403498649597168 -0.7940630316734314
1559   77  -32 39.892263 38.700352 -8.233728408813477 0.38289427757263184 8 -0.5917863249778748 0.14091859757900238 -0.7936819195747375
1560   78  -32 39.900633 38.700614 -7.995840072631836 0.2783782482147217 12 -0.5912320613861084 0.1407037079334259 -0.7941329479217529
1561   78  -27 39.908322 38.747969 -6.058882236480713 1.577940583229065 38 -0.5920832753181458 0.1381099671125412 -0.793954074382782
1562   81  -27 39.940021 38.749684 -8.717022895812988 1.9283196926116943 33 -0.5899161100387573 0.13724666833877563 -0.7957150340080261
1563   81  -29 39.939629 38.729122 -6.750777244567871 1.4828191995620728 24 -0.5893367528915405 0.1382967084646225 -0.7959624528884888
1564   82  -27 39.952876 38.745021 -9.244702339172363 1.5683393478393555 39 -0.5888822078704834 0.13716843724250793 -0.7964939475059509
1565   84  -27 39.969579 38.745504 -8.218908309936523 1.0072752237319946 44 -0.5877370238304138 0.13673722743988037 -0.7974134087562561
1566   82  -28 39.946419 38.735100 -7.616157531738281 1.5038940906524658 39 -0.5890390276908875 0.1378278136253357 -0.7962641716003418
1567   83  -28 39.955149 38.735289 -9.083572387695312 0.6858996748924255 25 -0.5884358882904053 0.13760432600975037 -0.7967485785484314
1568   82  -29 39.945977 38.728125 -8.592789649963379 1.0793226957321167 35 -0.5888627767562866 0.1381911039352417 -0.7963314652442932
1569   83  -29 39.955141 38.728236 -8.325385093688965 0.5024551749229431 40 -0.5882321000099182 0.13796202838420868 -0.7968372106552124
1570  -75 -115 38.140098 37.952606 -5.200572490692139 0.48522964119911194 40 -0.6905933022499084 0.16830319166183472 -0.7033881545066833
1571  -74 -115 38.150300 37.954485 -3.5259947776794434 0.9317665100097656 47 -0.6901429891586304 0.16797153651714325 -0.7039092779159546
1572  -77 -116 38.122688 37.947562 -2.3250269889831543 0.48976069688796997 47 -0.691224217414856 0.16896545886993408 -0.7026091814041138
1573  -76 -116 38.131372 37.947849 -3.757338762283325 0.8008767366409302 41 -0.6908159852027893 0.1687690168619156 -0.7030578255653381
1574  -77 -117 38.122393 37.940292 -2.2768893241882324 0.45671790838241577 51 -0.6928219199180603 0.16148634254932404 -0.7027943730354309
1575  -76 -117 38.131075 37.941569 -4.603346347808838 2.278233766555786 47 -0.6912476420402527 0.1662774235010147 -0.7032272219657898
1576  -75 -116 38.140382 37.948063 -5.9991326332092285 1.3386141061782837 45 -0.6904277801513672 0.16858018934726715 -0.703484296798706
1577  -74 -116 38.149310 37.948062 -3.260000228881836 0.913756251335144 43 -0.6900814175605774 0.16841763257980347 -0.7038630247116089
1578  -75 -117 38.141553 37.941378 -8.032930374145508 1.80306875705719 14 -0.6909468173980713 0.1654234081506729 -0.7037240862846375
1579  -74 -117 38.149094 37.940869 -4.094267845153809 2.0244009494781494 37 -0.6901979446411133 0.16710227727890015 -0.7040622234344482
1580  -74 -114 38.157338 37.962524 -2.663200616836548 0.5767462253570557 38 -0.6898018717765808 0.16725954413414001 -0.7044129967689514
1581  -73 -114 38.165320 37.964819 -3.1834099292755127 0.36930975317955017 37 -0.6894588470458984 0.16694478690624237 -0.7048234343528748
1582  -74 -115 38.155161 37.957195 -3.2706587314605713 0.4564751088619232 36 -0.6898972988128662 0.16767778992652893 -0.7042199969291687
1583  -71 -114 38.188319 37.961390 -1.6327074766159058 0.5676871538162231 43 -0.6882186532020569 0.166682630777359 -0.7060964107513428
1584  -71 -115 38.185188 37.954290 -1.4714415073394775 0.41552436351776123 45 -0.688312292098999 0.1672326922416687 -0.7058749794960022
1585  -73 -117 38.159771 37.941349 -2.235727071762085 0.6698234677314758 40 -0.6892618536949158 0.16859853267669678 -0.7046223282814026
1586  -71 -117 38.184076 37.943147 -1.383351445198059 0.3352953791618347 127 -0.687916100025177 0.1679292917251587 -0.7060957551002502
1587  -76 -118 38.127360 37.929674 -3.6342697143554688 1.7102141380310059 34 -0.6930463910102844 0.15846309065818787 -0.7032610774040222
1588  -75 -118 38.143993 37.930077 -2.8703386783599854 1.137439250946045 25 -0.6923410296440125 0.1581183522939682 -0.7040330767631531
1589  -76 -119 38.127947 37.915958 -3.575108766555786 1.6319938898086548 35 -0.6925743818283081 0.1593117117881775 -0.7035343050956726
1590  -75 -119 38.144540 37.916372 -2.0193240642547607 1.0177592039108276 42 -0.6918909549713135 0.15897153317928314 -0.7042832970619202
1591  -72 -119 38.173127 37.921406 -1.6693021059036255 0.33650925755500793 46 -0.690325140953064 0.1587313562631607 -0.7058722376823425
1592  -70 -115 38.199065 37.958148 -2.0616612434387207 0.5103779435157776 30 -0.6874812841415405 0.1666361391544342 -0.7068252563476562
1593  -68 -115 38.216586 37.958882 -2.1900112628936768 0.21757772564888 43 -0.6864612698554993 0.16618198156356812 -0.7079226970672607
1594  -70 -116 38.199340 37.944236 -1.6205090284347534 0.2587049603462219 36 -0.6869792342185974 0.16748937964439392 -0.7071115970611572
1595  -68 -116 38.215697 37.944652 -1.9248560667037964 0.3275023102760315 32 -0.6860685348510742 0.16709376871585846 -0.7080886960029602
1596  -66 -116 38.242752 37.951883 -2.192180633544922 0.6925474405288696 30 -0.6848255395889282 0.16604462265968323 -0.7095373272895813
1597  -69 -119 38.208710 37.923501 -1.654605507850647 0.4144938290119171 23 -0.6878947019577026 0.15997464954853058 -0.7079611420631409
1598  -66 -119 38.243051 37.923663 -1.7192516326904297 0.8818768858909607 36 -0.685577392578125 0.16107751429080963 -0.7099560499191284
1599   -2  -74 38.967085 38.324924 -5.242992877960205 0.2909644544124603 33 -0.6489086747169495 0.1491084098815918 -0.7461127638816833
1600   -5  -75 38.940173 38.316944 -4.220722675323486 0.1873253732919693 37 -0.6503840684890747 0.15024125576019287 -0.7445992827415466
1601   -4  -75 38.949287 38.316892 -3.8187122344970703 0.08238397538661957 43 -0.6498061418533325 0.15002700686454773 -0.7451468706130981
1602   -5  -76 38.939879 38.309903 -3.9275431632995605 0.1698310822248459 40 -0.6501169204711914 0.15066134929656982 -0.7447477579116821
1603   31  -66 39.356545 38.397265 -2.5663516521453857 0.38565075397491455 38 -0.6239688992500305 0.15032270550727844 -0.7668545246124268
1604   33  -66 39.382683 38.404074 -2.486898899078369 0.4641711413860321 41 -0.6224101781845093 0.14932769536972046 -0.7683142423629761
1605   30  -69 39.347572 38.376787 -2.387274980545044 0.30924052000045776 42 -0.6239420175552368 0.1516178697347641 -0.7666214108467102
1606   33  -69 39.383365 38.375717 -2.7955684661865234 0.4505128264427185 46 -0.6214902400970459 0.1507977545261383 -0.7687717080116272
1607   25  -73 39.292978 38.333081 -3.0329511165618896 1.069700002670288 40 -0.6282970905303955 0.14616693556308746 -0.7641191482543945
1608  120  -15 40.383356 38.847725 -5.549508094787598 0.4886328876018524 33 -0.5578799247741699 0.13394764065742493 -0.8190409541130066
1609  111  -22 40.284800 38.791964 -5.695611000061035 0.5990731120109558 48 -0.564522385597229 0.13465851545333862 -0.8143596649169922
1610  114  -22 40.317887 38.791712 -6.050878047943115 0.4228686988353729 43 -0.5617917776107788 0.13563965260982513 -0.8160833120346069
1611  110  -24 40.270256 38.774169 -5.437286853790283 0.14587357640266418 33 -0.5662494897842407 0.1305091381072998 -0.8138359189033508
1612  111  -24 40.279608 38.774363 -6.032244682312012 0.3830454647541046 33 -0.5655545592308044 0.13024725019931793 -0.8143609762191772
1613  110  -25 40.270212 38.767465 -5.690992832183838 0.26949918270111084 9 -0.5660520792007446 0.13089606165885925 -0.8139111399650574
1614  111  -25 40.280281 38.767742 -5.711324214935303 0.27744245529174805 3 -0.565247118473053 0.13059736788272858 -0.8145183324813843
1615  111  -24 40.288236 38.774414 -5.830670356750488 0.12896090745925903 34 -0.5649624466896057 0.1300266832113266 -0.8148070573806763
1616  112  -24 40.297208 38.774116 -6.171906471252441 0.2853598892688751 41 -0.5642574429512024 0.12979891896247864 -0.815331757068634
1617  111  -25 40.288244 38.767278 -5.383399963378906 0.20646758377552032 44 -0.5646488666534424 0.13041406869888306 -0.8149625062942505
1618  112  -25 40.296970 38.766961 -6.636871814727783 0.6096675395965576 30 -0.564015805721283 0.1302059143781662 -0.8154339790344238
1619  110  -25 40.269862 38.760461 -5.923123359680176 0.6610265970230103 41 -0.5658994913101196 0.13131479918956757 -0.8139498233795166
1620  111  -25 40.278892 38.760514 -4.87964391708374 0.2533407211303711 52 -0.5651677250862122 0.13105779886245728 -0.8144994378089905
1621  111  -25 40.288468 38.760585 -5.166289806365967 0.4973105192184448 43 -0.5643762350082397 0.13077986240386963 -0.8150926828384399
1622  112  -25 40.297096 38.760302 -7.687566757202148 0.5264300107955933 46 -0.5637940764427185 0.13058187067508698 -0.8155272603034973
1623  113  -24 40.310365 38.770383 -6.265867710113525 0.5448828339576721 39 -0.5632184743881226 0.12967544794082642 -0.8160693645477295
1624  115  -24 40.328089 38.770513 -6.978964805603027 0.6850574016571045 33 -0.562008798122406 0.129220649600029 -0.8169749975204468
1625  113  -25 40.305829 38.760214 -6.821442127227783 0.4614918828010559 21 -0.5631894469261169 0.13036523759365082 -0.815979540348053
1626  114  -25 40.315291 38.760271 -6.874793529510498 0.4752112329006195 44 -0.5624927878379822 0.13011154532432556 -0.8165003657341003
1627  113  -26 40.305299 38.753316 -5.64439058303833 1.0494483709335327 38 -0.5629581212997437 0.1307600736618042 -0.8160759806632996
1628  114  -26 40.314743 38.752888 -6.47995138168335 1.5187956094741821 43 -0.5622146129608154 0.13052675127983093 -0.816625714302063
1629  115  -25 40.323796 38.759750 -7.519816875457764 0.5953853726387024 45 -0.5618546009063721 0.129917174577713 -0.8169705867767334
1630  115  -25 40.332515 38.759792 -6.895845413208008 0.6325980424880981 55 -0.5612640380859375 0.1296958029270172 -0.8174116015434265
1631  115  -26 40.323433 38.752666 -7.783441543579102 0.7521182298660278 48 -0.5616015791893005 0.13031700253486633 -0.8170809149742126
1632  115  -26 40.332603 38.753001 -6.306726932525635 0.40813469886779785 43 -0.560985267162323 0.13006635010242462 -0.8175440430641174
1633  117  -22 40.356520 38.784965 -5.368529796600342 0.6451782584190369 43 -0.5586100816726685 0.13536913692951202 -0.8183092474937439
1634  121  -23 40.392914 38.784515 -5.002623081207275 0.4500338137149811 43 -0.5551371574401855 0.13708963990211487 -0.8203835487365723
1635  117  -24 40.347885 38.769952 -5.527889728546143 0.4453449547290802 42 -0.5604737401008606 0.12871834635734558 -0.8181080222129822
1636  118  -24 40.364632 38.769990 -6.154865264892578 0.6472054719924927 44 -0.5591777563095093 0.12826059758663177 -0.8190662264823914
1637  116  -25 40.341481 38.759789 -5.178142547607422 0.41969019174575806 52 -0.5606048107147217 0.12945975363254547 -0.8179012537002563
1638  117  -25 40.350684 38.759495 -4.82007360458374 0.19861820340156555 48 -0.5598406791687012 0.12921635806560516 -0.8184629082679749
1639  116  -26 40.341778 38.752574 -5.579468250274658 0.4300535321235657 40 -0.5602813363075256 0.12984463572502136 -0.818061888217926
1640  117  -26 40.350926 38.752255 -5.006693363189697 0.28151872754096985 52 -0.5595433712005615 0.12960873544216156 -0.8186041712760925
1641  118  -25 40.360366 38.759398 -5.178559303283691 0.15620720386505127 40 -0.559053361415863 0.1289498656988144 -0.8190429210662842
1642  119  -25 40.369500 38.758971 -5.501669406890869 0.11871883273124695 40 -0.5583671927452087 0.12873290479183197 -0.8195449709892273
1643  118  -26 40.360310 38.752277 -5.182278156280518 0.19741548597812653 50 -0.5587832927703857 0.12934359908103943 -0.8191651105880737
1644  118  -26 40.368515 38.752307 -5.626100063323975 0.1820179671049118 41 -0.5582000017166138 0.1291295289993286 -0.8195964694023132
1645  120  -24 40.382898 38.769803 -5.2509379386901855 0.192069873213768 41 -0.5577544569969177 0.12788966298103333 -0.8200940489768982
1646  121  -24 40.400847 38.769299 -5.214028358459473 0.16519476473331451 44 -0.5560235381126404 0.12882299721240997 -0.8211227059364319
1647  119  -25 40.377661 38.759568 -5.201244831085205 0.22233547270298004 39 -0.5578141808509827 0.12849102914333344 -0.8199594020843506
1648  120  -25 40.386833 38.759283 -5.2881598472595215 0.20478330552577972 34 -0.5570747256278992 0.12825316190719604 -0.8204992413520813
1649  119  -26 40.378049 38.752335 -5.310867786407471 0.18569354712963104 36 -0.5574960112571716 0.12887512147426605 -0.8201155066490173
1650  120  -26 40.386391 38.752295 -5.764214992523193 0.14039254188537598 34 -0.556851863861084 0.12865132093429565 -0.8205881118774414
1651  121  -25 40.396016 38.758911 -5.3559675216674805 0.1269770860671997 28 -0.5563304424285889 0.128019317984581 -0.8210405111312866
1652  122  -25 40.404996 38.758642 -5.357517242431641 0.20028460025787354 19 -0.5556314587593079 0.12779147922992706 -0.8215491771697998
1653  121  -26 40.395291 38.751722 -5.529816150665283 0.31418657302856445 39 -0.5561196208000183 0.12843595445156097 -0.8211182355880737
1654  122  -26 40.404683 38.752065 -5.420224666595459 0.26274582743644714 30 -0.5553983449935913 0.12815961241722107 -0.8216494917869568
1655  124  -15 40.428679 38.848555 -5.103524208068848 0.37961092591285706 40 -0.5544993281364441 0.13266871869564056 -0.8215409517288208
1656  127  -16 40.465499 38.845736 -4.651330471038818 0.4032711386680603 23 -0.5514973998069763 0.13179340958595276 -0.8236996531486511
1657  124  -19 40.435442 38.816893 -5.145353317260742 0.37654349207878113 23 -0.5529594421386719 0.1342565417289734 -0.8223205208778381
1658  127  -19 40.464904 38.818169 -4.827268123626709 0.3008740544319153 10 -0.5506267547607422 0.13334180414676666 -0.8240329027175903
1659  129  -15 40.491923 38.852930 -4.65171480178833 0.2183808535337448 8 -0.5495485067367554 0.13063043355941772 -0.8251860737800598
1660  131  -15 40.510041 38.852621 -4.8492913246154785 0.13642369210720062 15 -0.5480839610099792 0.13013601303100586 -0.8262375593185425
1661  129  -16 40.492288 38.838580 -4.7954559326171875 0.2906763255596161 134 -0.5490753650665283 0.13142326474189758 -0.8253751993179321
1662  131  -16 40.509915 38.838628 -4.908265113830566 0.3866308927536011 105 -0.5476735234260559 0.13092383742332458 -0.8263852596282959
1663  132  -15 40.527770 38.852450 -5.216322422027588 0.3592865765094757 48 -0.546665370464325 0.12964797019958496 -0.827253520488739
1664  133  -14 40.541251 38.855267 -5.7878851890563965 0.2443632036447525 50 -0.5456925630569458 0.12911687791347504 -0.8279785513877869
1665  134  -14 40.551061 38.855918 -7.413364410400391 1.243599534034729 50 -0.5449441075325012 0.12880857288837433 -0.828519344329834
1666  133  -15 40.541139 38.848582 -5.4604172706604 0.29568880796432495 37 -0.5454868674278259 0.1294899880886078 -0.8280557990074158
1667  134  -15 40.548906 38.847489 -5.77542781829834 0.2426781803369522 49 -0.5448362827301025 0.1293332427740097 -0.8285084962844849
1668  132  -16 40.523554 38.841954 -4.935356140136719 0.19793766736984253 36 -0.5466902852058411 0.13035491108894348 -0.8271259665489197
1669  133  -16 40.532101 38.841734 -4.987178325653076 0.21866610646247864 50 -0.5460094213485718 0.13012845814228058 -0.8276112079620361
1670  132  -17 40.523240 38.835045 -4.654310703277588 0.16892090439796448 47 -0.5465168952941895 0.13075236976146698 -0.8271778225898743
1671  133  -17 40.532249 38.834528 -4.662949085235596 0.10153260827064514 45 -0.5457667708396912 0.13052307069301605 -0.8277091383934021
1672  133  -16 40.541420 38.841638 -4.854977130889893 0.19698673486709595 44 -0.5452494025230408 0.12986840307712555 -0.8281529545783997
1673  134  -16 40.550381 38.841242 -5.464477062225342 0.32910680770874023 40 -0.5445204973220825 0.12963749468326569 -0.8286685347557068
1674  133  -17 40.541400 38.834466 -4.725633144378662 0.09923334419727325 46 -0.5450267195701599 0.13026680052280426 -0.828236997127533
1675  129  -18 40.491770 38.824735 -4.631113529205322 0.19229286909103394 43 -0.5486829280853271 0.1322113275527954 -0.8255102634429932
1676  131  -18 40.509256 38.824337 -4.448002338409424 0.27763617038726807 41 -0.5472671389579773 0.13173621892929077 -0.8265253901481628
1677  129  -19 40.490931 38.810853 -4.516247749328613 0.2496468424797058 53 -0.5483071208000183 0.13300789892673492 -0.8256319761276245
1678  130  -19 40.505087 38.813998 -4.436819076538086 0.33328917622566223 57 -0.5472501516342163 0.13242419064044952 -0.8264267444610596
1679  131  -19 40.514103 38.813978 -4.441584587097168 0.2800256609916687 48 -0.5465113520622253 0.13216477632522583 -0.8269569873809814
1680  130  -20 40.504531 38.806797 -4.166606426239014 0.16150473058223724 54 -0.5470386743545532 0.13283373415470123 -0.8265010118484497
1681  131  -20 40.514084 38.806776 -4.0106658935546875 0.12223204225301743 48 -0.5462537407875061 0.1325581967830658 -0.8270642161369324
1682  132  -18 40.522902 38.827651 -4.685791969299316 0.10633322596549988 36 -0.5462818145751953 0.13116544485092163 -0.8272677063941956
1683  133  -18 40.531938 38.827658 -4.463375568389893 0.17700795829296112 50 -0.5455623865127563 0.13091053068637848 -0.8277826905250549
1684  132  -18 40.523019 38.820675 -4.731316566467285 0.26151955127716064 41 -0.5460373759269714 0.1315462738275528 -0.8273686170578003
1685  133  -18 40.532148 38.820759 -4.276237487792969 0.19574731588363647 186 -0.5453090667724609 0.13128264248371124 -0.8278906345367432
1686  132  -19 40.522892 38.813432 -4.443217754364014 0.131363645195961 48 -0.5457943081855774 0.13194596767425537 -0.8274653553962708
1687  123  -21 40.421008 38.796808 -5.448788642883301 0.5318117737770081 30 -0.5534154772758484 0.13578154146671295 -0.8217631578445435
1688  124  -21 40.438051 38.797331 -5.06812047958374 0.64406818151474 44 -0.5520641207695007 0.13526257872581482 -0.8227570652961731
1689  123  -23 40.417928 38.782413 -4.902937889099121 0.44989070296287537 33 -0.5531160831451416 0.13665571808815002 -0.8218197822570801
1690  124  -23 40.437102 38.782747 -4.358112812042236 0.2752329707145691 151 -0.55159991979599 0.1360873579978943 -0.8229324221611023
1691  126  -21 40.455178 38.797120 -4.489270210266113 0.29196566343307495 164 -0.5506635904312134 0.1347782015800476 -0.823774516582489
1692  127  -21 40.473082 38.796987 -5.01443338394165 0.37249958515167236 166 -0.5492268204689026 0.1342730075120926 -0.8248155117034912
1693  126  -23 40.454707 38.782504 -4.346349716186523 0.19098486006259918 173 -0.5501568913459778 0.13558799028396606 -0.8239801526069641
1694  127  -22 40.468186 38.786303 -4.047109127044678 0.20158767700195312 152 -0.549206554889679 0.13499127328395844 -0.824711799621582
1695  128  -22 40.477820 38.786037 -4.786909103393555 0.3063693642616272 162 -0.5484268665313721 0.13472934067249298 -0.825273334980011
1696  127  -23 40.468025 38.778966 -4.3412556648254395 0.27435410022735596 41 -0.5489370226860046 0.1353926956653595 -0.8248254060745239
1697  128  -23 40.476895 38.779188 -4.539772987365723 0.20533685386180878 41 -0.5482444763183594 0.13512784242630005 -0.8253293037414551
1698  123  -24 40.418063 38.769229 -5.066193103790283 0.2172856330871582 38 -0.5543567538261414 0.1298353523015976 -0.8220896124839783
1699  124  -24 40.432437 38.772588 -4.553508281707764 0.09966302663087845 37 -0.5519263744354248 0.13515737652778625 -0.8228667974472046
1700  125  -24 40.440958 38.771909 -4.54514741897583 0.201251819729805 132 -0.550913393497467 0.1362408995628357 -0.8233668208122253
1701  124  -25 40.431724 38.765652 -4.679814338684082 0.2253342866897583 22 -0.5538358092308044 0.12668360769748688 -0.8229320645332336
1702  125  -25 40.441025 38.765346 -4.533207893371582 0.2286139726638794 11 -0.5530091524124146 0.12671732902526855 -0.8234825730323792
1703   -9  -87 38.891114 38.214780 -3.887157917022705 0.2537897825241089 36 -0.6505354046821594 0.15769270062446594 -0.7429244518280029
1704  -11  -88 38.873896 38.200601 -3.737560987472534 0.4232286214828491 42 -0.6511399745941162 0.15896399319171906 -0.7421234250068665
1705   -9  -88 38.890954 38.201017 -4.056345462799072 0.431325763463974 41 -0.650245189666748 0.15856537222862244 -0.7429927587509155
1706  143   -7 40.660378 38.924545 -4.384707450866699 0.29630357027053833 38 -0.5363091826438904 0.13235415518283844 -0.8335795402526855
1707  143   -7 40.651179 38.917575 -5.059898853302002 0.31635215878486633 41 -0.5367587208747864 0.13298289477825165 -0.8331900238990784
1708  143   -7 40.659981 38.917502 -4.567306041717529 0.13007816672325134 44 -0.5360782742500305 0.13274069130420685 -0.8336666226387024
1709  144   -5 40.669138 38.938482 -3.6600935459136963 0.4759179353713989 42 -0.5361310839653015 0.1313622146844864 -0.8338509798049927
1710  145   -5 40.678664 38.938030 -3.3172943592071533 0.15398786962032318 40 -0.5353611707687378 0.13111647963523865 -0.8343841433525085
1711  144   -6 40.669292 38.931137 -3.3049793243408203 0.2252412587404251 3005 -0.5358695983886719 0.13175511360168457 -0.8339570760726929
1712  145   -6 40.678467 38.931304 -2.953535318374634 0.0899980291724205 654 -0.5351334810256958 0.1314816176891327 -0.8344727754592896
1713  146   -5 40.691686 38.934606 -3.332434892654419 0.38151824474334717 738 -0.5342105031013489 0.13093139231204987 -0.8351503610610962
1714  144   -7 40.669074 38.924356 -3.848306655883789 0.29657381772994995 654 -0.5356312990188599 0.13212153315544128 -0.8340522050857544
1715  145   -7 40.678170 38.924138 -3.5995004177093506 0.3393290042877197 805 -0.5349004864692688 0.13187400996685028 -0.8345602750778198
1716  144   -7 40.668778 38.917201 -4.348443508148193 0.11277454346418381 40 -0.5353826284408569 0.132508784532547 -0.8341504335403442
1717  145   -7 40.678338 38.916959 -4.323644638061523 0.13718515634536743 36 -0.5346227884292603 0.13225135207176208 -0.8346784114837646
1718  146   -7 40.691620 38.919457 -3.730368137359619 0.541959822177887 34 -0.5336950421333313 0.1317485123872757 -0.8353513479232788
1719  135   -8 40.565333 38.908454 -4.908979415893555 0.3610967695713043 40 -0.5455803275108337 0.12552422285079956 -0.8286046981811523
1720  136   -8 40.579141 38.911559 -4.653257846832275 0.11336888372898102 37 -0.5446068644523621 0.12497719377279282 -0.8293274641036987
1721  137   -8 40.587833 38.911367 -4.5452656745910645 0.16924147307872772 40 -0.5439159274101257 0.1247498169541359 -0.8298150300979614
1722  136   -9 40.578753 38.904197 -4.221146106719971 0.12149430066347122 30 -0.5443822145462036 0.1253909319639206 -0.829412579536438
1723  137   -9 40.587776 38.904295 -4.071415901184082 0.07231561839580536 36 -0.5436797142028809 0.1251390427350998 -0.8299112319946289
1724  135  -10 40.560484 38.897509 -4.292252063751221 0.2818489968776703 36 -0.5455825924873352 0.1262567937374115 -0.8284919261932373
1725  136  -10 40.569648 38.897179 -4.111284255981445 0.253609299659729 35 -0.5448583960533142 0.1260252594947815 -0.829003632068634
1726  135  -10 40.560452 38.890641 -4.509991645812988 0.19690574705600739 41 -0.5453590154647827 0.12663686275482178 -0.8285810947418213
1727  136  -10 40.569581 38.890497 -4.618087291717529 0.4214925169944763 33 -0.5446428656578064 0.12639504671096802 -0.8290889263153076
1728  136  -10 40.578726 38.897541 -4.634947776794434 0.3551732003688812 38 -0.5441630482673645 0.12575773894786835 -0.8295008540153503
1729  137  -10 40.587662 38.897496 -4.785562992095947 0.33763715624809265 32 -0.5434649586677551 0.12551625072956085 -0.8299949169158936
1730  136  -11 40.578242 38.890219 -5.131574630737305 0.25133174657821655 36 -0.5439592599868774 0.1261737048625946 -0.8295713067054749
1731  138   -8 40.596896 38.911331 -4.422816276550293 0.09113722294569016 36 -0.5432019233703613 0.12450402975082397 -0.8303195238113403
1732  135  -11 40.560409 38.883732 -5.241264343261719 0.5031682252883911 37 -0.5451344847679138 0.12701915204524994 -0.82867032289505
1733  136  -11 40.569396 38.883500 -5.463435173034668 0.4781349003314972 35 -0.5444276928901672 0.1267859786748886 -0.8291705846786499
1734  135  -12 40.560385 38.876755 -5.541104793548584 1.007465124130249 37 -0.5449057817459106 0.12740392982959747 -0.8287617564201355
1735  136  -12 40.569335 38.876315 -5.19368314743042 0.1548023223876953 36 -0.5441944003105164 0.12718304991722107 -0.829262912273407
1736  137  -11 40.579141 38.883446 -5.914116382598877 0.2782133221626282 30 -0.5436679124832153 0.1265222579240799 -0.8297091722488403
1737  135  -13 40.559940 38.869627 -5.078019142150879 0.1122647374868393 36 -0.5447048544883728 0.12780922651290894 -0.8288313746452332
1738  136  -13 40.568698 38.869520 -5.324970722198486 0.25921541452407837 39 -0.5440192222595215 0.12757407128810883 -0.8293178081512451
1739  135  -14 40.560001 38.862651 -5.775566101074219 0.8931043744087219 40 -0.5444695949554443 0.12819167971611023 -0.8289269208908081
1740  140  -11 40.623493 38.882630 -4.2917609214782715 0.267666757106781 41 -0.5402372479438782 0.12536601722240448 -0.8321220278739929
1741  140  -12 40.614653 38.875781 -4.946955680847168 0.4978066682815552 41 -0.5406990647315979 0.12598158419132233 -0.8317290544509888
1742  140  -12 40.623068 38.875795 -3.7271440029144287 0.13905425369739532 38 -0.5400956273078918 0.12576274573802948 -0.8321541547775269
1743  140  -13 40.614150 38.869050 -4.7992167472839355 0.27636125683784485 35 -0.5404963493347168 0.1263597160577774 -0.8318034410476685
1744  140  -13 40.622850 38.868485 -4.192552089691162 0.3216061592102051 36 -0.539810836315155 0.1261548399925232 -0.8322795033454895
1745  140  -14 40.614622 38.861608 -5.277417182922363 0.38778960704803467 26 -0.5401901006698608 0.12674875557422638 -0.8319432139396667
1746  140  -14 40.623048 38.861697 -5.042131423950195 0.3193739950656891 23 -0.5395324230194092 0.12651142477989197 -0.8324059844017029
1747  142   -8 40.642137 38.910516 -4.907794952392578 0.22699688374996185 31 -0.5386554598808289 0.12759004533290863 -0.8328091502189636
1748  142   -9 40.641682 38.903481 -4.824121952056885 0.28668829798698425 22 -0.5395174026489258 0.12373204529285431 -0.8328334093093872
1749  143   -8 40.650698 38.910425 -4.9249796867370605 0.205012708902359 31 -0.5376277565956116 0.12893180549144745 -0.8332664966583252
1750  144   -8 40.660279 38.910371 -5.183234214782715 0.24426056444644928 27 -0.536423921585083 0.13054877519607544 -0.8337903618812561
1751  143   -9 40.650778 38.903131 -4.632804870605469 0.09775812178850174 15 -0.5388072729110718 0.12350622564554214 -0.8333263993263245
1752  143   -9 40.659707 38.903239 -4.737130165100098 0.2586623430252075 35 -0.5381053686141968 0.1232559010386467 -0.8338168859481812
1753  141  -10 40.632544 38.896758 -4.870863437652588 0.09460113197565079 19 -0.5399757623672485 0.12434089928865433 -0.8324455618858337
1754  142  -10 40.641641 38.896512 -4.681761741638184 0.11802848428487778 36 -0.5392910242080688 0.1241137906908989 -0.832923173904419
1755  141  -10 40.632390 38.889602 -4.567251205444336 0.24622532725334167 27 -0.5397863984107971 0.12474411725997925 -0.8325080275535583
1756  142  -10 40.641813 38.889445 -4.294776439666748 0.1736023873090744 15 -0.5390514135360718 0.12449685484170914 -0.8330211043357849
1757  143  -10 40.655025 38.892751 -4.4548420906066895 0.2224586308002472 17 -0.5381439924240112 0.12395931035280228 -0.8336877226829529
1758  145   -9 40.673686 38.906793 -4.17685079574585 0.5020189881324768 23 -0.5358816385269165 0.12798169255256653 -0.8345367312431335
1759  146   -8 40.691622 38.906701 -3.5811359882354736 0.2603384256362915 33 -0.5340113639831543 0.1294301152229309 -0.8355116844177246
1760  145  -10 40.673143 38.892578 -4.046589374542236 0.27820566296577454 25 -0.5367270708084106 0.1234760731458664 -0.8346721529960632
1761  146  -10 40.691211 38.892428 -3.4286675453186035 0.2791346609592438 15 -0.5352920293807983 0.12298841029405594 -0.8356651663780212
1762  141  -11 40.632124 38.882690 -4.056762218475342 0.1416388303041458 22 -0.5395632386207581 0.12512579560279846 -0.8325954079627991
1763  142  -11 40.641423 38.882571 -4.284443378448486 0.1689024418592453 13 -0.538818359375 0.1248745545744896 -0.8331153392791748
1764  141  -12 40.632216 38.875420 -3.705052137374878 0.11573503166437149 45 -0.539317786693573 0.1255214661359787 -0.8326948881149292
1765  142  -12 40.641308 38.875606 -4.371031761169434 0.277461439371109 32 -0.5385802984237671 0.1252540647983551 -0.8332123160362244
1766  143  -12 40.654798 38.878728 -4.233312606811523 0.3317185342311859 37 -0.5376747250556946 0.12472480535507202 -0.8338763117790222
1767  142  -13 40.636587 38.865082 -4.785825252532959 0.7235550880432129 34 -0.5385951399803162 0.1259564608335495 -0.8330968022346497
1768  143  -13 40.654227 38.864624 -5.23131799697876 0.5416063070297241 42 -0.5372000336647034 0.12549683451652527 -0.8340663909912109
1769  145  -12 40.681099 38.871182 -4.31521463394165 0.7223523855209351 35 -0.5353901386260986 0.12442021816968918 -0.8353903293609619
1770  -81 -118 38.077920 37.933020 -2.0420024394989014 0.12592388689517975 36 -0.6956445574760437 0.15928024053573608 -0.7005058526992798
1771  -81 -118 38.069913 37.926338 -1.8198065757751465 0.12962068617343903 34 -0.6958306431770325 0.15986789762973785 -0.700187087059021
1772  -81 -118 38.078383 37.926237 -2.067533493041992 0.10951466858386993 42 -0.6953325271606445 0.159682035446167 -0.700724184513092
1773  -83 -119 38.051487 37.919485 -2.035130023956299 0.34910401701927185 36 -0.696727991104126 0.16072410345077515 -0.6990978717803955
1774  -82 -119 38.061251 37.919114 -1.6417975425720215 0.22455908358097076 39 -0.6961501240730286 0.1605277955532074 -0.6997183561325073
1775  -83 -120 38.052366 37.911927 -1.8064922094345093 0.2781195044517517 44 -0.6964089274406433 0.16117455065250397 -0.699312150478363
1776  -82 -120 38.060773 37.911821 -1.4499727487564087 0.19678306579589844 50 -0.6959265470504761 0.1609938144683838 -0.6998337507247925
1777  -81 -119 38.073875 37.915490 -1.738566279411316 0.3436015248298645 45 -0.6952826976776123 0.1604670137166977 -0.7005943059921265
1778  -20  -80 38.767041 38.270913 -5.630025863647461 0.6424945592880249 34 -0.6595070362091064 0.15711605548858643 -0.735095202922821
1779  -18  -80 38.784135 38.270745 -4.797329425811768 0.32573091983795166 47 -0.6585195064544678 0.15673820674419403 -0.736060619354248
1780  -20  -82 38.766429 38.256984 -5.171669006347656 0.29136985540390015 39 -0.6590005159378052 0.1579592525959015 -0.7353687882423401
1781  -18  -82 38.784311 38.256756 -4.604513168334961 0.16280366480350494 40 -0.6579078435897827 0.15755170583724976 -0.7364338040351868
1782  -17  -80 38.801406 38.270872 -4.484456539154053 0.22215630114078522 746 -0.6574606895446777 0.15632107853889465 -0.7370951175689697
1783  -15  -80 38.820050 38.271137 -4.672891139984131 0.344022274017334 661 -0.6562533974647522 0.1558469831943512 -0.7382704615592957
1784  -17  -82 38.801458 38.256943 -4.730707168579102 0.31392842531204224 650 -0.6569172739982605 0.15714707970619202 -0.737403929233551
1785  -16  -82 38.814975 38.260476 -4.011967182159424 0.08332619816064835 580 -0.6562420725822449 0.15662144124507904 -0.7381165623664856
1786  -15  -82 38.824555 38.260513 -4.385384559631348 0.24803389608860016 495 -0.6556057333946228 0.15638060867786407 -0.7387328743934631
1787  -48 -106 38.442048 38.040952 -1.810015082359314 0.11955168843269348 642 -0.6765028834342957 0.156055748462677 -0.7197154760360718
1788  -48 -106 38.450780 38.041254 -1.5679205656051636 0.12839846312999725 11563 -0.6760618686676025 0.15585234761238098 -0.7201739549636841
1789  -47 -106 38.459590 38.041175 -1.5571991205215454 0.33162882924079895 24629 -0.6755813956260681 0.15566527843475342 -0.7206650972366333
1790  -46 -106 38.468641 38.040940 -1.5653049945831299 0.21851912140846252 39925 -0.6750641465187073 0.15547893941402435 -0.7211897373199463
1791  -48 -107 38.442220 38.034154 -1.6928025484085083 0.12117604911327362 656 -0.6763949990272522 0.15650059282779694 -0.7197203040122986
1792  -48 -107 38.450833 38.034267 -1.9194718599319458 0.19055677950382233 861 -0.6759939789772034 0.15631996095180511 -0.720136284828186
1793  -48 -107 38.442263 38.027276 -1.5828306674957275 0.2622903883457184 670 -0.6763523817062378 0.15696753561496735 -0.7196586728096008
1794  -48 -107 38.451176 38.027165 -1.3691256046295166 0.35047292709350586 798 -0.6758391857147217 0.1567741334438324 -0.7201827764511108
1795  -47 -107 38.459417 38.034156 -1.5345118045806885 0.12191390991210938 48 -0.6755154132843018 0.15613853931427002 -0.7206244468688965
1796  -46 -107 38.468618 38.034426 -1.7012401819229126 0.18063829839229584 43 -0.674985408782959 0.1559114158153534 -0.72117018699646
1797  -47 -107 38.459730 38.027171 -1.4274275302886963 0.254599928855896 43 -0.6753290891647339 0.1565767377614975 -0.7207040190696716
1798  -46 -107 38.468589 38.026892 -1.5895726680755615 0.2609270513057709 45 -0.674737274646759 0.1563778668642044 -0.721301257610321
1799  -43 -104 38.504289 38.055490 -1.973473072052002 0.18701016902923584 169 -0.6734064817428589 0.15376020967960358 -0.7231054902076721
1800  -41 -103 38.531528 38.069831 -2.09110426902771 0.7955290079116821 168 -0.6697158217430115 0.1636306196451187 -0.7243658304214478
1801  -40 -103 38.538974 38.069284 -2.7497899532318115 0.9954479932785034 182 -0.6693642735481262 0.16351623833179474 -0.7247164249420166
1802  -41 -104 38.521814 38.062034 -1.514901041984558 0.16711141169071198 648 -0.6704791188240051 0.16248293220996857 -0.7239178419113159
1803  -42 -104 38.512879 38.055618 -2.4608521461486816 0.26202288269996643 705 -0.6729012727737427 0.1535550057888031 -0.7236192226409912
1804  -41 -104 38.521809 38.055602 -2.1885523796081543 0.39443811774253845 680 -0.6723973751068115 0.15335816144943237 -0.7241291999816895
1805  -41 -103 38.531573 38.062665 -1.7997429370880127 0.26010873913764954 615 -0.6694902181625366 0.16390198469161987 -0.7245129346847534
1806  -40 -103 38.539449 38.062999 -1.8560675382614136 0.3164481818675995 723 -0.669040858745575 0.163870170712471 -0.7249351143836975
1807  -41 -104 38.531210 38.055274 -2.4963531494140625 0.3119026720523834 700 -0.6717736721038818 0.15354035794734955 -0.7246692180633545
1808  -40 -104 38.539558 38.055800 -1.667165994644165 0.3696761131286621 41 -0.6707702279090881 0.15591412782669067 -0.7250917553901672
1809  -45 -105 38.477644 38.048233 -1.8618710041046143 0.15526939928531647 47 -0.6746289730072021 0.15479032695293427 -0.721744954586029
1810  -45 -105 38.486325 38.048161 -1.9780213832855225 0.22024314105510712 50 -0.6741452813148499 0.15460382401943207 -0.722236692905426
1811  -45 -106 38.477583 38.041530 -1.7452539205551147 0.10525847971439362 42 -0.6745687127113342 0.1552407592535019 -0.7217044830322266
1812  -45 -106 38.486653 38.041537 -1.7856831550598145 0.24125604331493378 45 -0.674065351486206 0.15504026412963867 -0.7222177386283875
1813  -44 -105 38.495405 38.048245 -2.524935007095337 0.3818434178829193 48 -0.6736471652984619 0.15439948439598083 -0.7227450013160706
1814  -43 -105 38.504103 38.048294 -2.224701166152954 0.33347439765930176 45 -0.6731696128845215 0.15420539677143097 -0.7232311367988586
1815  -44 -106 38.495584 38.041294 -2.471346855163574 0.408464640378952 54 -0.6735937595367432 0.15486526489257812 -0.7226951122283936
1816  -43 -106 38.504257 38.041460 -2.2973015308380127 0.2822639048099518 45 -0.6731474995613098 0.1546708643436432 -0.7231523990631104
1817  -45 -107 38.482183 38.030730 -2.09480619430542 0.34089189767837524 52 -0.6740652322769165 0.15583036839962006 -0.722047746181488
1818  -43 -107 38.499966 38.031011 -1.980365514755249 0.32094305753707886 52 -0.6730319857597351 0.1554076224565506 -0.7231019139289856
1819  -42 -105 38.513171 38.048051 -2.185757637023926 0.20695900917053223 50 -0.6726621389389038 0.1540214717388153 -0.7237423658370972
1820  -41 -105 38.522064 38.048494 -1.9133106470108032 0.21596767008304596 188 -0.6721778512001038 0.15379740297794342 -0.7242398262023926
1821  -42 -106 38.513328 38.041655 -2.3813135623931885 0.2630535066127777 45 -0.6726505160331726 0.15445858240127563 -0.7236600518226624
1822  -41 -106 38.521893 38.041654 -1.5784634351730347 0.36087727546691895 43 -0.6721621155738831 0.15426716208457947 -0.7241544723510742
1823  -40 -105 38.535442 38.045573 -1.238953709602356 0.7065731883049011 38 -0.6713399887084961 0.15368282794952393 -0.725040853023529
1824  -42 -107 38.517463 38.030582 -1.7564107179641724 0.469650000333786 51 -0.6720471382141113 0.15504775941371918 -0.7240944504737854
1825  -40 -107 38.535731 38.030747 -1.0880740880966187 0.5109121203422546 50 -0.6709768176078796 0.1546206921339035 -0.7251776456832886
1826  -50 -109 38.419907 38.009109 -2.8928780555725098 1.4344481229782104 48 -0.6769281029701233 0.15856945514678955 -0.7187656760215759
1827  -47 -109 38.457751 38.008763 -1.2609524726867676 0.6385645866394043 44 -0.6748112440109253 0.15775233507156372 -0.7209327220916748
1828  -50 -112 38.420881 37.981497 -1.8530861139297485 0.497369647026062 39 -0.6758955121040344 0.16023880243301392 -0.7193669676780701
1829  -47 -112 38.455107 37.981961 -1.1209230422973633 0.44139182567596436 171 -0.6740250587463379 0.15945301949977875 -0.7212939858436584
1830  -44 -109 38.491550 38.009221 -1.6290220022201538 0.5378819108009338 169 -0.6729050278663635 0.15696506202220917 -0.7228836417198181
1831  -41 -109 38.526906 38.009891 -1.191742181777954 0.32604682445526123 693 -0.670904278755188 0.15612749755382538 -0.7249218225479126
1832  -44 -112 38.491634 37.981617 -2.0519261360168457 1.3906426429748535 726 -0.6720141172409058 0.15866898000240326 -0.7233403325080872
1833  -41 -112 38.527290 37.981537 -0.8658104538917542 0.8694836497306824 188 -0.6699899435043335 0.1578723043203354 -0.7253894209861755
1834  -61 -117 38.296552 37.937708 -1.993733286857605 0.7002661824226379 176 -0.6819294691085815 0.1638774871826172 -0.7128228545188904
1835  -55 -117 38.367044 37.938846 -1.6641147136688232 0.5139120221138 182 -0.6778027415275574 0.16393503546714783 -0.716734766960144
1836  -61 -123 38.297617 37.881902 -1.3474936485290527 0.5814231634140015 138 -0.6826332807540894 0.15783540904521942 -0.7135123610496521
1837  -55 -123 38.368115 37.882355 -0.9290748834609985 0.3406117856502533 609 -0.6787351965904236 0.15662844479084015 -0.7174859046936035
1838   10  -68 39.118806 38.387343 -7.038514137268066 0.26906657218933105 682 -0.6386745572090149 0.1564117819070816 -0.7534123659133911
1839   11  -67 39.127662 38.387529 -7.544896602630615 0.3916735351085663 612 -0.6381155848503113 0.15619248151779175 -0.7539313435554504
1840   10  -68 39.119014 38.380458 -6.726541519165039 0.3407058119773865 2586 -0.639732837677002 0.15100052952766418 -0.7536184787750244
1841   11  -67 39.136996 38.388773 -7.815872669219971 0.3623242974281311 2790 -0.6375808715820312 0.1559111475944519 -0.7544417977333069
1842   12  -67 39.146263 38.388873 -7.906062126159668 0.1877465844154358 2640 -0.636997401714325 0.1556878685951233 -0.7549805045127869
1843   15  -70 39.172281 38.366091 -2.813016653060913 0.42683055996894836 2844 -0.6370166540145874 0.14631538093090057 -0.7568365931510925
1844   15  -70 39.181570 38.365473 -2.1090312004089355 0.37111467123031616 2927 -0.6365216374397278 0.14616098999977112 -0.7572828531265259
1845   16  -64 39.190365 38.415294 -6.403416633605957 0.40195193886756897 32 -0.6349188089370728 0.15322203934192657 -0.7572325468063354
1846   17  -64 39.199405 38.415328 -5.6209397315979 0.14660653471946716 37 -0.6343390941619873 0.15300697088241577 -0.7577617168426514
1847   16  -65 39.190536 38.408438 -6.419947624206543 0.17070026695728302 37 -0.6347055435180664 0.15358500182628632 -0.7573378086090088
1848  -81 -117 38.069904 37.933367 -2.067918062210083 0.11067236959934235 33 -0.6960475444793701 0.1594230830669403 -0.7000728845596313
1849  122  -25 40.413299 38.758888 -5.035264492034912 0.2302147001028061 35 -0.5550251007080078 0.12755826115608215 -0.8219951391220093
1850  123  -25 40.422661 38.758754 -5.413054943084717 0.4138208031654358 36 -0.5542643666267395 0.1273048371076584 -0.8225476145744324
1851  -72 -114 38.175953 37.969238 -2.700151205062866 0.8222154378890991 35 -0.6889193058013916 0.16640926897525787 -0.7054772973060608
1852  -71 -114 38.185073 37.969421 -3.376525640487671 0.5423438549041748 33 -0.6884813904762268 0.16620926558971405 -0.7059516906738281
1853  -71 -108 38.191285 38.018681 -3.0470364093780518 0.7773169279098511 35 -0.6892555356025696 0.16287969052791595 -0.7059723734855652
1854  -69 -108 38.203442 38.018776 -4.128709316253662 1.0197627544403076 37 -0.688630223274231 0.1626156121492386 -0.7066431641578674
1855  -71 -109 38.191124 38.011374 -2.257089614868164 0.2144370675086975 42 -0.6890689134597778 0.16335012018680573 -0.7060458660125732
1856  -66 -110 38.237761 37.997775 -3.132795572280884 0.12789765000343323 36 -0.6863185167312622 0.16323015093803406 -0.708747386932373
1857  -66 -110 38.246795 38.004930 -4.580605983734131 0.6491587162017822 37 -0.686211347579956 0.16262178122997284 -0.7089909911155701
1858  -65 -110 38.255658 38.004819 -4.914440631866455 0.6240789294242859 37 -0.6858187317848206 0.1624564230442047 -0.7094086408615112
1859  -66 -110 38.246765 37.997829 -3.1420772075653076 0.2290729582309723 40 -0.6859033107757568 0.16304677724838257 -0.7091914415359497
1860  -65 -110 38.255536 37.997782 -3.249643087387085 0.4840541183948517 41 -0.6854881644248962 0.16287240386009216 -0.7096327543258667
1861  -69 -112 38.210939 37.983409 -3.256492853164673 0.19707809388637543 33 -0.6873480677604675 0.16472378373146057 -0.7074028253555298
1862  -68 -112 38.220313 37.983662 -3.104799747467041 0.15085221827030182 39 -0.6868878602981567 0.16451212763786316 -0.7078988552093506
1863  -70 -113 38.194389 37.976703 -2.7516894340515137 0.17075088620185852 30 -0.6880545616149902 0.16551204025745392 -0.7065314650535583
1864  -70 -113 38.201906 37.976414 -2.9445157051086426 0.41107892990112305 34 -0.6876896023750305 0.16537754237651825 -0.7069181799888611
1865  -70 -114 38.193969 37.968165 -2.279745578765869 0.25570785999298096 32 -0.6879825592041016 0.1660992056131363 -0.7064638137817383
1866  -70 -114 38.199971 37.969558 -2.9064035415649414 0.2775929868221283 37 -0.6876936554908752 0.1658770591020584 -0.706797182559967
1867  -69 -113 38.210974 37.977160 -3.5777382850646973 0.37345942854881287 33 -0.6872453689575195 0.16513758897781372 -0.7074060440063477
1868  -68 -113 38.220548 37.976778 -2.8674027919769287 0.25992533564567566 37 -0.6867411136627197 0.16495800018310547 -0.7079375386238098
1869  -69 -114 38.211636 37.969262 -2.5310776233673096 0.41473188996315 35 -0.6870995163917542 0.1656515747308731 -0.7074275612831116
1870  -68 -114 38.220380 37.969633 -2.440755605697632 0.2443288117647171 32 -0.6866159439086914 0.1654312014579773 -0.7079485058784485
1871  -67 -111 38.228875 37.990705 -2.9858155250549316 0.12676209211349487 37 -0.6865734457969666 0.16386651992797852 -0.7083534598350525
1872  -66 -111 38.237931 37.990777 -2.8843936920166016 0.20493870973587036 35 -0.6861045360565186 0.1636686623096466 -0.7088534235954285
1873  -67 -112 38.228861 37.983539 -3.065462589263916 0.18197576701641083 38 -0.6864848732948303 0.16434809565544128 -0.7083277106285095
1874  -66 -112 38.237676 37.983607 -3.1439690589904785 0.2240159511566162 35 -0.6860491037368774 0.1641600877046585 -0.7087934017181396
1875  -65 -112 38.251282 37.987410 -2.7486190795898438 0.24087926745414734 37 -0.685330331325531 0.16359984874725342 -0.7096177339553833
1876  -67 -113 38.235817 37.973621 -3.427438974380493 0.6179649233818054 39 -0.685907781124115 0.16484303772449493 -0.7087716460227966
1877  -65 -113 38.251116 37.972713 -2.9714746475219727 0.776963472366333 37 -0.6851431131362915 0.16458649933338165 -0.7095704674720764
1878  -89 -114 37.980472 37.960502 -2.3782403469085693 0.09628520160913467 39 -0.6995739936828613 0.16661547124385834 -0.6948636174201965
1879  -88 -114 37.989667 37.960487 -2.814889430999756 0.24042724072933197 35 -0.6987091898918152 0.1680443286895752 -0.6953895092010498
1880  -89 -115 37.980376 37.953420 -2.6023011207580566 0.19550821185112 38 -0.7010132670402527 0.15997543931007385 -0.6949736475944519
1881  -88 -115 37.989265 37.953627 -2.7580418586730957 0.19608157873153687 38 -0.7006027698516846 0.15978434681892395 -0.6954313516616821
1882  -88 -114 37.998155 37.960716 -2.652459144592285 0.14211127161979675 35 -0.6978037357330322 0.17004089057445526 -0.6958132386207581
1883  -87 -114 38.006679 37.960791 -2.5461509227752686 0.1892721801996231 42 -0.6972339749336243 0.17051322758197784 -0.6962686777114868
1884  -88 -115 37.998016 37.953804 -2.2282402515411377 0.16915351152420044 30 -0.7002150416374207 0.1596028357744217 -0.6958633661270142
1885  -87 -115 38.007108 37.953650 -2.204498052597046 0.07619685679674149 37 -0.6994633078575134 0.16068457067012787 -0.6963703036308289
1886  -89 -116 37.980373 37.946553 -2.1832492351531982 0.18399566411972046 35 -0.7008313536643982 0.16041778028011322 -0.6950550079345703
1887  -88 -116 37.989609 37.946691 -2.3539037704467773 0.236166313290596 37 -0.7003857493400574 0.1602204591035843 -0.6955495476722717
1888  -89 -117 37.980543 37.939536 -2.6127068996429443 0.29146888852119446 34 -0.7006439566612244 0.16086724400520325 -0.6951400637626648
1889  -88 -116 37.998135 37.946442 -2.3920912742614746 0.18086478114128113 36 -0.6999788880348206 0.16006623208522797 -0.6959945559501648
1890  -87 -116 38.006914 37.946787 -2.3526549339294434 0.12070505321025848 38 -0.6995565891265869 0.15986424684524536 -0.6964653134346008
1891  -86 -114 38.016024 37.960969 -2.438101053237915 0.2789185643196106 35 -0.6967262625694275 0.1702950894832611 -0.6968300342559814
1892  -85 -114 38.024773 37.961089 -2.6529767513275146 0.27216172218322754 38 -0.6962677836418152 0.17009803652763367 -0.6973361968994141
1893  -86 -115 38.016231 37.953977 -2.035161256790161 0.09337161481380463 11884 -0.6984102129936218 0.16296952962875366 -0.6968961358070374
1894  -85 -115 38.024692 37.954113 -2.234614372253418 0.15105976164340973 10325 -0.6974990963935852 0.1647927612066269 -0.6973795890808105
1895  -84 -114 38.033665 37.961209 -2.634098768234253 0.18732552230358124 10038 -0.6958235502243042 0.16990333795547485 -0.6978269815444946
1896  -84 -114 38.042828 37.961296 -2.9897866249084473 0.17302176356315613 2675 -0.6953730583190918 0.16970714926719666 -0.6983236074447632
1897  -84 -115 38.034085 37.953896 -3.2999634742736816 0.5662211775779724 2024 -0.6965799927711487 0.1665351241827011 -0.697884202003479
1898   19  -61 39.226261 38.443329 -6.9035725593566895 0.27939659357070923 595 -0.6335092782974243 0.150893896818161 -0.7588788270950317
1899   20  -61 39.235113 38.443497 -6.810564041137695 0.4020994305610657 448 -0.6329439878463745 0.15067672729492188 -0.7593935132026672
1900   19  -62 39.226375 38.436236 -6.29334831237793 0.2455873042345047 170 -0.6332105398178101 0.1512504667043686 -0.7590571045875549
1901   20  -62 39.235470 38.436184 -6.09494161605835 0.17628321051597595 49 -0.6326236128807068 0.1510394662618637 -0.759588360786438
1902   21  -61 39.244214 38.443160 -6.0779547691345215 0.11579786241054535 43 -0.6323009133338928 0.1504693478345871 -0.7599700689315796
1903   22  -61 39.252650 38.443130 -6.225327014923096 0.09944581985473633 50 -0.631736695766449 0.15026824176311493 -0.7604789733886719
1904   21  -62 39.244299 38.436195 -5.939138412475586 0.14179842174053192 43 -0.6320391297340393 0.1508275866508484 -0.7601168751716614
1905   22  -62 39.253003 38.436352 -6.4820780754089355 0.20036965608596802 50 -0.6314697265625 0.1506110578775406 -0.7606328725814819
1906   19  -63 39.226263 38.429401 -5.758461952209473 0.15644879639148712 187 -0.6330167651176453 0.1516190767288208 -0.759145200252533
1907   20  -63 39.235017 38.429412 -5.926814556121826 0.19635462760925293 167 -0.6324247121810913 0.1514049768447876 -0.759681224822998
1908  -16  -82 38.815075 38.253317 -4.383142948150635 0.1362791806459427 198 -0.6559766530990601 0.1570480763912201 -0.7382618188858032
1909  -15  -82 38.824233 38.253310 -4.437911510467529 0.12108372896909714 187 -0.6553955078125 0.15682673454284668 -0.7388248443603516
1910  -25  -84 38.704118 38.235463 -4.805883884429932 0.7696616053581238 210 -0.6619611978530884 0.16071489453315735 -0.7321052551269531
1911  -23  -84 38.730606 38.242115 -4.3940935134887695 0.22178839147090912 680 -0.660711407661438 0.15971669554710388 -0.7334514260292053
1912  -22  -84 38.748570 38.242946 -4.465742111206055 0.41790273785591125 45 -0.6596083045005798 0.15923209488391876 -0.7345488667488098
1913  -23  -85 38.730744 38.228729 -4.225086688995361 0.14148922264575958 50 -0.66018146276474 0.1605096310377121 -0.7337554693222046
1914  -22  -85 38.748359 38.228542 -4.05948543548584 0.1826392412185669 43 -0.6591191291809082 0.16010741889476776 -0.7347976565361023
1915  -26  -87 38.694926 38.214290 -4.144357204437256 0.16922074556350708 55 -0.6618995070457458 0.16196614503860474 -0.7318852543830872
1916  -25  -87 38.713029 38.214727 -4.285003662109375 0.4013268053531647 180 -0.6607270836830139 0.16176582872867584 -0.732988178730011
1917  -26  -88 38.694862 38.200241 -4.520434379577637 0.17916138470172882 157 -0.6639875173568726 0.1520283818244934 -0.7321255803108215
1918  -25  -88 38.708285 38.203906 -4.4771013259887695 0.17519362270832062 172 -0.6627298593521118 0.15396375954151154 -0.7328603863716125
1919  -24  -88 38.717159 38.203959 -4.456325054168701 0.16239751875400543 184 -0.6617318391799927 0.1558184027671814 -0.7333700060844421
1920  -25  -89 38.708419 38.197073 -4.60715913772583 0.09184012562036514 188 -0.6631489992141724 0.15167982876300812 -0.7329574823379517
1921  -24  -89 38.717276 38.196950 -4.342226505279541 0.1496509462594986 166 -0.6626111268997192 0.15148286521434784 -0.7334843873977661
1922  -23  -87 38.730551 38.214447 -4.228969573974609 0.11700618267059326 161 -0.6597006320953369 0.16137874126434326 -0.7339972257614136
1923  -22  -86 38.743968 38.218233 -4.419773578643799 0.09776525944471359 683 -0.6590372323989868 0.1608371138572693 -0.7347117066383362
1924  -21  -86 38.752716 38.218052 -4.010021209716797 0.2393817901611328 705 -0.658521294593811 0.16064544022083282 -0.7352161407470703
1925  -22  -87 38.744025 38.211172 -4.044915199279785 0.15848182141780853 12 -0.6588180661201477 0.16126888990402222 -0.7348136901855469
1926  -21  -87 38.752508 38.211149 -3.8486170768737793 0.0610012412071228 46 -0.6583067178726196 0.16107018291950226 -0.7353153228759766
1927  -23  -88 38.726139 38.203982 -4.165876865386963 0.10490790754556656 27 -0.6607543230056763 0.15748877823352814 -0.7338944673538208
1928  -23  -88 38.735302 38.204125 -3.9761760234832764 0.21093159914016724 43 -0.6596844792366028 0.15943557024002075 -0.7344363331794739
1929  -24  -89 38.725964 38.196935 -4.031942367553711 0.17424163222312927 45 -0.6621136665344238 0.15128925442695618 -0.7339734435081482
1930  -23  -89 38.735172 38.196904 -3.819030523300171 0.1700832098722458 47 -0.6615592241287231 0.15107890963554382 -0.7345165610313416
1931  -22  -88 38.744090 38.203838 -4.076536178588867 0.14144311845302582 44 -0.6587756872177124 0.16081486642360687 -0.7349511384963989
1932  -20  -84 38.766148 38.242680 -4.636552810668945 0.2305404096841812 45 -0.658547043800354 0.15883667767047882 -0.7355859875679016
1933  -19  -83 38.779691 38.246452 -4.520550727844238 0.17807289958000183 177 -0.657874345779419 0.1582936942577362 -0.7363045811653137
1934  -18  -83 38.788613 38.246452 -4.5939860343933105 0.165802001953125 188 -0.6573066115379333 0.15807735919952393 -0.7368578910827637
1935  -19  -84 38.779717 38.239302 -4.167029857635498 0.05921049416065216 167 -0.6576210856437683 0.15872393548488617 -0.7364382147789001
1936  -18  -84 38.788471 38.239488 -4.382315635681152 0.07243558764457703 203 -0.6571142673492432 0.15851016342639923 -0.7369364500045776
1937  -20  -85 38.761397 38.231899 -4.280780792236328 0.11978413909673691 217 -0.6584407091140747 0.15959541499614716 -0.7355169057846069
1938  -20  -85 38.770407 38.232176 -4.494649887084961 0.11599502712488174 204 -0.6579052805900574 0.15936584770679474 -0.7360456585884094
1939  -20  -85 38.761559 38.225094 -4.065386772155762 0.19758839905261993 216 -0.6582112312316895 0.16000640392303467 -0.7356330156326294
1940  -20  -85 38.770587 38.225135 -4.179722785949707 0.12085901200771332 60 -0.6576633453369141 0.1597897857427597 -0.7361698746681213
1941  -19  -85 38.778801 38.232412 -4.403797149658203 0.18945510685443878 48 -0.6574207544326782 0.15915708243846893 -0.7365236282348633
1942  -18  -85 38.788398 38.232258 -4.412101745605469 0.1361381560564041 61 -0.6568394899368286 0.1589411348104477 -0.7370885610580444
1943  -19  -86 38.779313 38.225057 -4.876827239990234 0.3504394292831421 51 -0.6571277976036072 0.1595873385667801 -0.7366918921470642
1944  -17  -83 38.797488 38.246341 -4.679426193237305 0.17224813997745514 164 -0.6567500829696655 0.15787053108215332 -0.7373983263969421
1945  -16  -83 38.806685 38.246536 -4.544584274291992 0.099091537296772 48 -0.6561870574951172 0.1576390415430069 -0.7379487752914429
1946  -17  -84 38.797475 38.239332 -4.338095664978027 0.07159209251403809 49 -0.6565549969673157 0.1583051234483719 -0.7374787926673889
1947  -16  -84 38.806627 38.239124 -4.371443748474121 0.10399686545133591 47 -0.6559480428695679 0.15809091925621033 -0.7380645871162415
1948  -16  -83 38.815312 38.246412 -4.506385803222656 0.0635278970003128 46 -0.6557068824768066 0.15745492279529572 -0.7384148240089417
1949  -17  -85 38.797514 38.232219 -4.513186454772949 0.07512491941452026 52 -0.6562896966934204 0.15872952342033386 -0.7376236915588379
1950  -20  -86 38.761899 38.218085 -3.855186939239502 0.08526504039764404 45 -0.6579505801200867 0.16042208671569824 -0.7357755899429321
1951  -20  -86 38.770813 38.218215 -4.326662540435791 0.27945050597190857 50 -0.6574090719223022 0.16020196676254272 -0.7363075017929077
1952  -20  -87 38.761713 38.211117 -4.071399211883545 0.26441094279289246 48 -0.6577309370040894 0.1608497053384781 -0.7358786463737488
1953  -15  -87 38.824142 38.211186 -4.676609992980957 0.1765342801809311 48 -0.654263436794281 0.15944328904151917 -0.7392680048942566
1954  -16  -89 38.806586 38.197189 -4.319293975830078 0.06974722445011139 43 -0.6549087762832642 0.1607188582420349 -0.7384198307991028
1955  -16  -88 38.815274 38.204260 -4.31844425201416 0.10695666074752808 46 -0.6545860767364502 0.16007675230503082 -0.7388454079627991
1956  -15  -88 38.824168 38.204280 -4.164459705352783 0.37002819776535034 43 -0.6541138291358948 0.15988054871559143 -0.7393059134483337
1957  -16  -89 38.815572 38.197268 -4.067737579345703 0.11656831949949265 50 -0.6544269919395447 0.1605156511068344 -0.7388911843299866
1958  -15  -89 38.824367 38.197127 -3.5451886653900146 0.21422867476940155 53 -0.6539433002471924 0.16032910346984863 -0.7393597364425659
1959  -38  -91 38.560465 38.179024 -4.444779872894287 0.49882712960243225 50 -0.6712640523910522 0.15616630017757416 -0.7245803475379944
1960  -35  -91 38.597817 38.178805 -5.164796829223633 1.1409986019134521 51 -0.6691025495529175 0.155334934592247 -0.7267550230026245
1961  -39  -93 38.552536 38.157273 -4.415042400360107 0.5723193883895874 54 -0.6711012721061707 0.15770691633224487 -0.7243974208831787
1962  -37  -93 38.570110 38.157792 -3.9835054874420166 0.5543829798698425 40 -0.6701403856277466 0.15728510916233063 -0.7253780364990234
1963  -39  -94 38.552315 38.143472 -4.907464504241943 0.6952818036079407 40 -0.6706349849700928 0.15855585038661957 -0.7246439456939697
1964  -38  -94 38.565767 38.147084 -5.817207336425781 0.24226711690425873 44 -0.6699222326278687 0.15801475942134857 -0.7254209518432617
1965  -37  -94 38.574746 38.146965 -5.417059898376465 0.6088919043540955 45 -0.6694278717041016 0.15782468020915985 -0.7259185314178467
1966  -38  -95 38.566439 38.140075 -5.261092662811279 0.27430489659309387 46 -0.669731080532074 0.15844927728176117 -0.7255026698112488
1967  -37  -95 38.575164 38.140316 -4.842896938323975 0.2839713394641876 46 -0.6692335605621338 0.15823549032211304 -0.7260082960128784
1968  -36  -93 38.588294 38.157903 -4.482995986938477 1.0407073497772217 41 -0.6689733862876892 0.1568373590707779 -0.7265512347221375
1969  -34  -92 38.601346 38.161745 -6.838577747344971 1.1333301067352295 41 -0.6683961153030396 0.15631602704524994 -0.7271945476531982
1970  -34  -93 38.610566 38.161507 -4.631893157958984 0.6558391451835632 42 -0.6679889559745789 0.15615305304527283 -0.7276036143302917
1971  -34  -93 38.602527 38.153923 -6.720117568969727 1.068654179573059 40 -0.6681696176528931 0.1567928045988083 -0.7273001074790955
1972  -34  -93 38.610148 38.154383 -4.731454372406006 0.39531785249710083 44 -0.6678022742271423 0.1566058099269867 -0.727677583694458
1973  -36  -94 38.583485 38.147063 -4.314261436462402 0.27750781178474426 604 -0.6689146161079407 0.15761753916740417 -0.7264365553855896
1974  -35  -94 38.593085 38.147472 -5.088278293609619 1.0745956897735596 742 -0.668357253074646 0.1573696881532669 -0.7270030379295349
1975  -86 -105 38.017680 38.047985 -3.8650999069213867 0.5562136173248291 832 -0.6991530060768127 0.16471591591835022 -0.6957396268844604
1976  -80 -105 38.081290 38.049264 -3.6772148609161377 0.7638494372367859 223 -0.6960766911506653 0.16332870721817017 -0.6991430521011353
1977  -88 -109 37.997698 38.006287 -3.443450689315796 0.44936373829841614 180 -0.6988115310668945 0.16775771975517273 -0.6953558921813965
1978  -85 -109 38.028772 38.007042 -3.6447956562042236 0.49312180280685425 213 -0.6973288655281067 0.1670733541250229 -0.6970071792602539
1979  -89 -112 37.985191 37.985169 -3.2206838130950928 0.5369616150856018 140 -0.6989887952804565 0.16940373182296753 -0.6947784423828125
1980  -87 -112 38.002352 37.985136 -3.0567243099212646 0.3618169128894806 726 -0.6980546712875366 0.16902920603752136 -0.695807933807373
1981  -89 -113 37.984789 37.971135 -2.5354228019714355 0.17993322014808655 340 -0.6986297369003296 0.1703130006790161 -0.6949172019958496
1982  -87 -113 38.002516 37.971105 -2.737189769744873 0.30481192469596863 252 -0.6976908445358276 0.1699313074350357 -0.6959531307220459
1983  -86 -112 38.019378 37.983613 -3.8164334297180176 0.758449375629425 690 -0.6971147060394287 0.16875989735126495 -0.696815013885498
1984  -84 -112 38.038086 37.985737 -3.9305524826049805 0.6029459238052368 277 -0.6962295770645142 0.16823068261146545 -0.6978272795677185
1985  -86 -113 38.020267 37.971428 -3.005988836288452 0.17839770019054413 278 -0.6967846751213074 0.16953261196613312 -0.696957528591156
1986  -84 -113 38.033459 37.975268 -3.5633413791656494 0.33690476417541504 72 -0.6961947083473206 0.16900219023227692 -0.6976755261421204
1987  -84 -113 38.042621 37.975225 -3.5358312129974365 0.4313700795173645 16 -0.6957294940948486 0.16881190240383148 -0.6981855630874634
1988  -84 -114 38.033484 37.968233 -2.709110975265503 0.13048209249973297 19 -0.6960259675979614 0.169458270072937 -0.6977333426475525
1989  -84 -114 38.042629 37.967967 -2.5983874797821045 0.0969977006316185 38 -0.6955519914627075 0.16928143799304962 -0.6982486844062805
1990  121  -30 40.394509 38.715852 -5.16731071472168 0.3731476068496704 186 -0.5548682808876038 0.13043685257434845 -0.8216492533683777
1991  122  -30 40.403647 38.716805 -5.46322774887085 0.3747783899307251 442 -0.5542282462120056 0.13014060258865356 -0.8221280574798584
1992  121  -31 40.394784 38.710041 -4.991508483886719 0.19551387429237366 536 -0.5546819567680359 0.1307605504989624 -0.8217235803604126
1993  122  -31 40.403434 38.709438 -5.859578609466553 0.4059617221355438 811 -0.5540112257003784 0.13056056201457977 -0.8222077488899231
1994  120  -32 40.381594 38.699422 -5.14797830581665 0.2941845655441284 2085 -0.5554320216178894 0.1317363977432251 -0.8210607767105103
1995  121  -32 40.398552 38.699426 -5.485401153564453 0.34914883971214294 100 -0.5541666746139526 0.13127952814102173 -0.8219884634017944
1996  111  -34 40.282410 38.678213 -4.382782459259033 0.5284429788589478 26 -0.5623906850814819 0.13567422330379486 -0.8156649470329285
1997  114  -34 40.318927 38.679354 -4.575340270996094 0.2155110239982605 117 -0.5595756769180298 0.13458766043186188 -0.8177782297134399
1998  111  -37 40.281209 38.651631 -4.20472526550293 0.647097110748291 77 -0.561542809009552 0.1371944099664688 -0.8159946799278259
1999  114  -37 40.317386 38.651354 -4.608502388000488 0.4495624303817749 34 -0.5587605237960815 0.136203795671463 -0.8180679678916931
2000  119   69 40.390029 39.617156 -2.2555997371673584 1.3918267488479614 19 -0.5717431306838989 0.13484016060829163 -0.8092762231826782
2001  119   64 40.385658 39.570425 -2.6728007793426514 0.796902596950531 18 -0.5711464881896973 0.13539329171180725 -0.809605062007904
2002  125   69 40.464494 39.620578 -2.326467752456665 0.8552109599113464 17 -0.565758228302002 0.13528375327587128 -0.8133978247642517
2003  131   69 40.534750 39.617509 -2.295938014984131 0.9441206455230713 14 -0.5600314140319824 0.13507743179798126 -0.8173853754997253
2004  126   64 40.467767 39.567788 -2.293257713317871 0.8698145747184753 19 -0.5651233196258545 0.1333814114332199 -0.8141529560089111
2005  131   64 40.526118 39.567430 -2.556105375289917 0.9679560661315918 19 -0.560771107673645 0.1318417191505432 -0.8174065947532654
2006  148   -2 40.710400 38.962619 -4.32732629776001 0.37162846326828003 31 -0.5337294936180115 0.12890470027923584 -0.8357729315757751
2007  149   -2 40.728557 38.962052 -4.017706394195557 0.3641575574874878 5 -0.5322769284248352 0.12842576205730438 -0.8367724418640137
2008  148   -4 40.710141 38.948309 -3.70989727973938 0.24672497808933258 19 -0.5332452654838562 0.12967868149280548 -0.8359622359275818
2009  149   -4 40.728283 38.948033 -3.9967188835144043 0.3947918117046356 22 -0.5317854285240173 0.12917815148830414 -0.8369691371917725
2010  152   -3 40.755332 38.954857 -3.927980661392212 0.43984168767929077 23 -0.529922604560852 0.128061905503273 -0.8383210897445679
2011  149   -6 40.719612 38.927095 -3.884720802307129 0.3304688334465027 15 -0.5317365527153015 0.1305423229932785 -0.8367884755134583
2012  152   -6 40.754893 38.926553 -3.7341222763061523 0.3379061222076416 27 -0.5289455652236938 0.12957733869552612 -0.8387051224708557
2013  154   13 40.781085 39.105854 -4.775451183319092 0.42028379440307617 14 -0.5305904150009155 0.12944357097148895 -0.8376862406730652
2014  154   13 40.790203 39.105552 -4.4857001304626465 0.48521894216537476 33 -0.5298200845718384 0.1291932463645935 -0.8382123112678528
2015  154   12 40.781697 39.098943 -4.4128737449646 0.38408738374710083 13 -0.5303063988685608 0.12979674339294434 -0.8378114104270935
2016  154   12 40.790821 39.098582 -4.222837448120117 0.34262555837631226 4 -0.5295221209526062 0.1295459121465683 -0.8383461236953735
2017  155   13 40.799908 39.105115 -4.671145439147949 0.31170275807380676 34 -0.5289669036865234 0.12892530858516693 -0.8387922048568726
2018  155   12 40.799706 39.098157 -4.502493858337402 0.34774401783943176 19 -0.5287732481956482 0.12930981814861298 -0.8388550877571106
2019  154   11 40.781392 39.091680 -4.551479816436768 0.5144640803337097 19 -0.5301042795181274 0.13019990921020508 -0.8378767967224121
2020  154   11 40.790956 39.091335 -4.490942001342773 0.8057254552841187 155 -0.5292918682098389 0.12993647158145905 -0.8384311199188232
2021  154   10 40.781432 39.084361 -5.141909599304199 0.6828233003616333 99 -0.5298402905464172 0.13058757781982422 -0.8379834294319153
2022  159   11 40.844853 39.090286 -7.190728187561035 0.9542137384414673 2806 -0.5250979065895081 0.1284947693347931 -0.8412855267524719
2023  158   10 40.835813 39.083794 -7.3094096183776855 0.6196665167808533 3246 -0.5255593657493591 0.12908685207366943 -0.8409066200256348
2024  159   10 40.844058 39.083499 -6.706441879272461 1.0329654216766357 3360 -0.5250049829483032 0.12889622151851654 -0.841282069683075
2025  138    6 40.600771 39.050182 -4.081465721130371 0.6595333218574524 2802 -0.545517086982727 0.1272282749414444 -0.8283864259719849
2026  142    8 40.645000 39.061615 -4.28712797164917 0.696191132068634 12528 -0.5425004959106445 0.12540069222450256 -0.8306430578231812
2027  146    8 40.690178 39.061716 -4.530580520629883 0.7556414008140564 11953 -0.5388866066932678 0.1244676262140274 -0.8331320881843567
2028  142    5 40.649068 39.040652 -4.541499137878418 0.5743510723114014 980 -0.5414230823516846 0.12642520666122437 -0.8311905264854431
2029  145    6 40.675612 39.046981 -4.1529974937438965 0.29442059993743896 1329 -0.539598286151886 0.1253596991300583 -0.8325374722480774
2030  146    6 40.696598 39.046943 -4.7893171310424805 0.42005518078804016 1748 -0.5378144979476929 0.12475546449422836 -0.8337815403938293
2031  144    5 40.671821 39.036846 -4.731597423553467 0.3721526861190796 597 -0.539443850517273 0.12599113583564758 -0.8325423002243042
2032  145    5 40.679978 39.036774 -4.296386241912842 0.2687585651874542 255 -0.5388620495796204 0.12578514218330383 -0.8329500555992126
2033  144    4 40.671266 39.029871 -5.175554275512695 0.33214646577835083 605 -0.5392132997512817 0.1263769567012787 -0.8326331377029419
2034  145    4 40.679805 39.030418 -4.523379325866699 0.2356434315443039 788 -0.5386240482330322 0.12612749636173248 -0.8330522179603577
2035  146    5 40.690100 39.036823 -4.749411106109619 0.17599862813949585 783 -0.5379630923271179 0.12548018991947174 -0.8335768580436707
2036  147    5 40.699423 39.036341 -4.995372295379639 0.21065129339694977 703 -0.5371233820915222 0.1252291053533554 -0.8341559767723083
2037  146    4 40.691450 39.028539 -5.209445476531982 0.40183791518211365 217 -0.5374510288238525 0.12586382031440735 -0.8338493704795837
2038  147    4 40.698955 39.029331 -5.631735801696777 0.42330026626586914 183 -0.536917507648468 0.12562036514282227 -0.8342297077178955
2039  136    2 40.576723 39.013740 -4.784380912780762 0.42549651861190796 195 -0.5461025238037109 0.12988248467445374 -0.8275884389877319
2040  139    2 40.613251 39.013091 -5.261707782745361 0.7165015935897827 164 -0.5431389212608337 0.12888577580451965 -0.8296918272972107
2041  136    0 40.577669 38.986053 -4.480498790740967 0.5547124147415161 169 -0.5452064275741577 0.1314060240983963 -0.8279386758804321
2042  138    0 40.602881 38.992767 -4.408517360687256 0.6000847220420837 185 -0.5434398651123047 0.1303294450044632 -0.8292691707611084
2043  140    0 40.621855 38.991662 -4.447877883911133 0.4451882839202881 170 -0.5418125987052917 0.12983660399913788 -0.8304104804992676
2044  138   -1 40.602602 38.977560 -4.654335021972656 0.5642699003219604 34 -0.5429080724716187 0.13116082549095154 -0.8294863700866699
2045  140   -1 40.620692 38.977592 -4.4555888175964355 0.32569098472595215 42 -0.5414098501205444 0.13063351809978485 -0.8305481672286987
2046  141    3 40.639170 39.019726 -5.7074103355407715 0.6608335971832275 39 -0.5414405465126038 0.12783025205135345 -0.8309642672538757
2047  143    3 40.658417 39.019121 -5.4265313148498535 0.7263727784156799 41 -0.5398346185684204 0.12731382250785828 -0.8320875763893127
2048  142    1 40.639454 39.005450 -7.332795143127441 1.3196958303451538 33 -0.5407934784889221 0.12856848537921906 -0.8312716484069824
2049  143    2 40.652116 39.009274 -5.061366081237793 0.36621928215026855 33 -0.5400304198265076 0.12803292274475098 -0.8318502306938171
2050  144    2 40.664552 39.009333 -6.805026054382324 1.2470591068267822 42 -0.5389013290405273 0.1276477724313736 -0.8326412439346313
2051  143    1 40.652832 39.002248 -5.164851665496826 0.43613362312316895 42 -0.5396841168403625 0.12838318943977356 -0.8320209383964539
2052  143    1 40.661362 39.001157 -4.985350608825684 0.18656988441944122 149 -0.5389457941055298 0.1281987428665161 -0.8325278162956238
2053  144    3 40.671000 39.022755 -5.418832302093506 0.5885794758796692 119 -0.538959801197052 0.12676498293876648 -0.8327383399009705
2054  145    3 40.679843 39.022826 -4.733297348022461 0.2736198604106903 35 -0.5382563471794128 0.12651535868644714 -0.8332310914993286
2055  144    3 40.670551 39.016004 -6.784482479095459 1.4540014266967773 45 -0.538755476474762 0.12714160978794098 -0.8328130841255188
2056  145    3 40.680042 39.015353 -4.587442398071289 0.15319135785102844 35 -0.5379751920700073 0.12691280245780945 -0.8333522081375122
2057  146    3 40.690650 39.022374 -6.119037628173828 0.3862486481666565 40 -0.5372819900512695 0.12621445953845978 -0.8339052796363831
2058  144    2 40.671029 39.008596 -6.580252170562744 1.0421141386032104 41 -0.5384129285812378 0.12751895189285278 -0.8329768776893616
2059  144    1 40.671576 39.001965 -5.532151222229004 0.4012698233127594 32 -0.5380643010139465 0.12784558534622192 -0.8331520557403564
2060   81  -35 39.936628 38.672200 -5.335550308227539 0.19336296617984772 46 -0.5879771709442139 0.14127318561077118 -0.7964450716972351
2061  163   22 40.892884 39.188356 -4.5654096603393555 0.571387529373169 47 -0.524353563785553 0.12187911570072174 -0.8427329659461975
2062  164   22 40.901556 39.187935 -4.581148147583008 0.5417472720146179 32 -0.5236313939094543 0.12165745347738266 -0.8432139158248901
2063  163   21 40.892439 39.181074 -4.704514980316162 0.6163703203201294 33 -0.5241326093673706 0.12227581441402435 -0.8428129553794861
2064  164   21 40.901388 39.181114 -4.982278347015381 0.5820889472961426 35 -0.5234270095825195 0.12202713638544083 -0.8432874083518982
2065  165   22 40.910667 39.187955 -5.079366683959961 0.4284827411174774 34 -0.522901177406311 0.12140398472547531 -0.8437034487724304
2066  163   21 40.891930 39.174318 -6.180878639221191 0.6124904155731201 43 -0.5239790081977844 0.1226566806435585 -0.8428530693054199
2067  160   19 40.855594 39.161143 -5.5412397384643555 0.23873715102672577 39 -0.5264353156089783 0.12436963617801666 -0.8410696387290955
2068  161   19 40.864689 39.160861 -5.202151298522949 0.5886300802230835 32 -0.5256971716880798 0.12413042038679123 -0.8415665030479431
2069  160   18 40.855722 39.153709 -5.7915449142456055 0.9393566846847534 20 -0.5261833667755127 0.12476444989442825 -0.8411688208580017
2070   19  -79 39.219944 38.279473 -3.0040340423583984 1.044371485710144 24 -0.6316301822662354 0.1498951017856598 -0.7606409788131714
2071   13  -86 39.150806 38.221837 -2.1636195182800293 0.8157215714454651 23 -0.6346955299377441 0.1523454189300537 -0.757596492767334
2072   19  -86 39.223083 38.224133 -2.3594532012939453 1.425560712814331 7 -0.6299230456352234 0.15221095085144043 -0.7615962624549866
2073   28  -83 39.328369 38.249202 -2.0336861610412598 1.0014957189559937 25 -0.6238526105880737 0.1489747315645218 -0.7672120928764343
2074   15  -95 39.176629 38.139960 -1.6584348678588867 1.961517095565796 28 -0.6326444149017334 0.14843474328517914 -0.760084331035614
2075   28  -95 39.328445 38.138845 -0.8573073148727417 0.8142324090003967 35 -0.6226739287376404 0.14601974189281464 -0.7687362432479858
2076  116    4 40.343443 39.028703 -5.841309547424316 0.6017941236495972 22 -0.5641704201698303 0.13538053631782532 -0.8144837617874146
2077  125    7 40.453060 39.056577 -5.268219947814941 0.6474649906158447 24 -0.5569301843643188 0.13086052238941193 -0.8201855421066284
2078  130    7 40.512580 39.058246 -4.707637786865234 0.6641596555709839 37 -0.5525731444358826 0.1291811466217041 -0.8233925104141235
2079  125    0 40.445614 38.999410 -5.440805912017822 0.6239677667617798 39 -0.5556581616401672 0.13427990674972534 -0.8204954862594604
2080    8  -81 39.097547 38.263056 -2.596140146255493 1.060943841934204 45 -0.6386666893959045 0.15357044339179993 -0.7540033459663391
2081    0  -86 39.006586 38.223883 -3.3760461807250977 1.8798588514328003 39 -0.6445931196212769 0.15268059074878693 -0.7491250038146973
2082    6  -86 39.077887 38.221233 -1.453750491142273 0.8431834578514099 49 -0.6398283839225769 0.1521187722682953 -0.753312349319458
2083  -14  -90 38.837555 38.186386 -3.3293707370758057 0.18961654603481293 33 -0.6546648144721985 0.15328800678253174 -0.7402140498161316
2084  -12  -90 38.855527 38.186779 -3.459214925765991 0.21194063127040863 38 -0.653048574924469 0.15525902807712555 -0.7412301898002625
2085  -14  -91 38.837992 38.172279 -4.096073150634766 0.580981969833374 53 -0.6551127433776855 0.1503254622220993 -0.7404252290725708
2086  -12  -91 38.855413 38.172744 -4.210218906402588 0.4261355996131897 33 -0.6542055010795593 0.14992210268974304 -0.7413086295127869
2087  -10  -90 38.882081 38.180571 -3.870577335357666 0.4281529188156128 25 -0.6516878604888916 0.1538165658712387 -0.7427269816398621
2088  -13  -94 38.846350 38.151437 -4.438251972198486 0.9817753434181213 28 -0.6540979743003845 0.15143617987632751 -0.7410957217216492
2089  -10  -94 38.881664 38.152485 -4.183156967163086 0.6972812414169312 43 -0.6522101163864136 0.15059900283813477 -0.7429279685020447
2090   -5  -92 38.935848 38.171193 -2.6653311252593994 1.048781156539917 39 -0.6485846042633057 0.15264345705509186 -0.7456796169281006
2091  -11  -98 38.864483 38.108595 -2.1403958797454834 1.0856188535690308 16 -0.6519740223884583 0.15369819104671478 -0.742500364780426
2092   -5  -99 38.936019 38.104592 -1.128584384918213 0.9647763967514038 37 -0.6469900012016296 0.15534284710884094 -0.7465068697929382
2093    3  -95 39.043665 38.135919 -1.264593243598938 1.173170566558838 136 -0.640937089920044 0.15171651542186737 -0.7524505257606506
2094  117  -34 40.353973 38.679070 -4.8967108726501465 0.2780618369579315 128 -0.5568732023239136 0.13363493978977203 -0.8197768330574036
2095  120  -34 40.388955 38.677943 -5.121417999267578 0.27056193351745605 33 -0.5542052388191223 0.13274641335010529 -0.8217268586158752
2096  117  -37 40.353570 38.650206 -4.5015692710876465 0.3159371018409729 33 -0.5559524893760681 0.13526441156864166 -0.8201343417167664
2097  121  -37 40.390060 38.649505 -4.765158653259277 0.431198388338089 32 -0.5531235337257385 0.13428953289985657 -0.8222047686576843
2098  122  -29 40.413378 38.723562 -5.165309429168701 0.12649661302566528 28 -0.5537174940109253 0.12950105965137482 -0.8225730657577515
2099  123  -29 40.422291 38.723339 -5.0138325691223145 0.1153518483042717 164 -0.5530319809913635 0.12927217781543732 -0.8230701088905334
2100  124  -29 40.431198 38.723450 -4.772572994232178 0.105443075299263 180 -0.552344560623169 0.12902219593524933 -0.8235707879066467
2101  125  -29 40.440193 38.723306 -4.757102966308594 0.1601552665233612 161 -0.5516310930252075 0.1287814825773239 -0.8240864872932434
2102  128  -28 40.475959 38.736808 -4.1573920249938965 0.07620203495025635 182 -0.5492990016937256 0.12705308198928833 -0.8259105086326599
2103  126  -28 40.457908 38.730636 -4.647124767303467 0.1751626431941986 136 -0.5504908561706543 0.12788669764995575 -0.8249878287315369
2104  125  -29 40.448607 38.723368 -4.862119674682617 0.16168786585330963 29 -0.5509682297706604 0.1285443902015686 -0.8245668411254883
2105  126  -29 40.458249 38.722336 -5.254621505737305 0.33347365260124207 30 -0.5501880049705505 0.12833857536315918 -0.82511967420578
2106  127  -28 40.466566 38.730092 -4.576829433441162 0.3546627163887024 22 -0.549798309803009 0.12768016755580902 -0.8254814743995667
2107  128  -28 40.475340 38.730924 -4.22751522064209 0.3059048056602478 33 -0.5491451621055603 0.12739484012126923 -0.8259601593017578
2108  127  -29 40.467113 38.722126 -5.4180216789245605 0.2896892726421356 32 -0.549508810043335 0.128110870718956 -0.8256074786186218
2109  128  -29 40.476229 38.722805 -4.827372074127197 0.15036198496818542 49 -0.548829972743988 0.12782539427280426 -0.8261030912399292
2110  122  -30 40.412933 38.716726 -5.043560028076172 0.2185608297586441 33 -0.5535055994987488 0.12989048659801483 -0.8226542472839355
2111  123  -30 40.421866 38.716474 -5.3418803215026855 0.2515212893486023 22 -0.5528146028518677 0.1296614706516266 -0.8231549263000488
2112  122  -31 40.413065 38.710125 -5.910053253173828 0.3832516670227051 32 -0.5533199310302734 0.13026519119739532 -0.822719931602478
2113  123  -31 40.421761 38.709887 -5.445969104766846 0.29485365748405457 29 -0.5526422262191772 0.13004028797149658 -0.8232108354568481
2114  124  -30 40.431280 38.716009 -5.123801231384277 0.18643850088119507 7 -0.5520816445350647 0.12943200767040253 -0.8236827254295349
2115  125  -30 40.440198 38.716026 -4.887636661529541 0.10357192903757095 29 -0.5513894557952881 0.12918604910373688 -0.8241848349571228
2116  124  -31 40.430532 38.709492 -4.552114486694336 0.23567654192447662 38 -0.5519734621047974 0.12982682883739471 -0.8236931562423706
2117  125  -31 40.439843 38.709156 -4.4886016845703125 0.19642575085163116 26 -0.5512272119522095 0.12958672642707825 -0.8242304921150208
2118  123  -32 40.417271 38.699088 -5.1818013191223145 0.35234275460243225 35 -0.552735447883606 0.13078944385051727 -0.8230295181274414
2119  124  -32 40.435181 38.698594 -4.99753475189209 0.30738821625709534 38 -0.551301896572113 0.13031673431396484 -0.8240653872489929
2120  126  -30 40.448744 38.715685 -4.908174514770508 0.09068211913108826 39 -0.5507281422615051 0.1289736032485962 -0.8246601819992065
2121  126  -30 40.457702 38.716268 -5.026102542877197 0.1631746143102646 46 -0.5500622391700745 0.1286977380514145 -0.8251475095748901
2122  126  -31 40.448811 38.709113 -5.016624450683594 0.09024199843406677 3232 -0.550542950630188 0.12934567034244537 -0.8247255086898804
2123  126  -31 40.457321 38.708983 -5.009533882141113 0.11443912982940674 3162 -0.5498961806297302 0.12912295758724213 -0.8251917958259583
2124  127  -30 40.470995 38.712245 -4.897040843963623 0.2511095106601715 46 -0.5489630699157715 0.128571555018425 -0.8258988261222839
2125  126  -32 40.452434 38.698783 -5.172730445861816 0.19419275224208832 62 -0.5499875545501709 0.1298351287841797 -0.825019121170044
2126  127  -32 40.470445 38.697820 -4.856152534484863 0.29596608877182007 38 -0.5486037731170654 0.12940333783626556 -0.8260076642036438
2127  129  -27 40.494553 38.743584 -4.464354515075684 0.15612897276878357 55 -0.5480794906616211 0.12617062032222748 -0.8268554210662842
2128  129  -28 40.484481 38.737334 -4.840441703796387 0.5205866098403931 34 -0.5486454963684082 0.12678919732570648 -0.8263853192329407
2129  129  -28 40.494441 38.737302 -5.440351963043213 0.8682004809379578 32 -0.5478719472885132 0.1265198439359665 -0.8269396424293518
2130  130  -27 40.502998 38.743615 -4.170650959014893 0.10938166081905365 40 -0.5474191904067993 0.12593872845172882 -0.8273280262947083
2131  131  -27 40.512274 38.744062 -4.877810955047607 0.3820759952068329 45 -0.5467077493667603 0.12565942108631134 -0.8278408050537109
2132  130  -28 40.502774 38.736222 -4.98645544052124 0.5965246558189392 187 -0.5471894145011902 0.12635232508182526 -0.8274170160293579
2133  131  -28 40.512301 38.736135 -4.973708629608154 0.21086423099040985 166 -0.5464503765106201 0.1260986328125 -0.8279439806938171
2134  -74 -110 38.157468 37.997070 -3.2649078369140625 0.5612914562225342 156 -0.6906030774116516 0.16502082347869873 -0.7041559219360352
2135  -72 -110 38.174947 38.004536 -2.780860424041748 0.4374332129955292 184 -0.6898666024208069 0.1641646772623062 -0.7050773501396179
2136  -77 -111 38.121946 37.990020 -2.6036617755889893 0.3607548475265503 175 -0.6921639442443848 0.1662077009677887 -0.7023417949676514
2137  -76 -111 38.130987 37.989992 -2.797616481781006 0.2954200804233551 178 -0.6916857957839966 0.16601459681987762 -0.7028583884239197
2138  -77 -112 38.122537 37.983006 -2.554717779159546 0.17796805500984192 786 -0.6919286251068115 0.16663961112499237 -0.7024714350700378
2139  -75 -111 38.139998 37.990174 -3.0365054607391357 0.27103421092033386 34 -0.69122314453125 0.16581013798713684 -0.7033615708351135
2140  167   18 40.936607 39.152728 -4.834940433502197 0.7902384996414185 40 -0.5198306441307068 0.12259168177843094 -0.845427393913269
2141  168   19 40.946315 39.159011 -4.043811321258545 0.5515304803848267 37 -0.5192766785621643 0.12199199199676514 -0.8458544015884399
2142  168   19 40.954681 39.159185 -4.444591999053955 0.6991565823554993 40 -0.5186309814453125 0.12175416946411133 -0.846284806728363
2143  168   18 40.945985 39.152694 -4.58701753616333 1.027168869972229 34 -0.5191138982772827 0.12234041094779968 -0.8459040522575378
2144  168   18 40.953894 39.152623 -5.15259313583374 0.8165167570114136 38 -0.5184747576713562 0.12212245911359787 -0.8463274240493774
2145  166   17 40.927310 39.145645 -5.193150520324707 0.8338756561279297 2157 -0.5203776955604553 0.12323541194200516 -0.8449971079826355
2146  167   17 40.936328 39.145102 -5.057345867156982 0.8084220886230469 36319 -0.5196569561958313 0.12301626056432724 -0.8454724550247192
2147  166   17 40.926896 39.138061 -4.312307834625244 0.7174921035766602 21811 -0.5201801657676697 0.12365306168794632 -0.8450577259063721
2148  167   17 40.935479 39.137987 -3.7434234619140625 0.7961694002151489 44012 -0.5195246934890747 0.12342534214258194 -0.8454941511154175
2149  168   17 40.950396 39.141237 -4.149814128875732 0.9070960879325867 2649 -0.5184121131896973 0.12282966077327728 -0.8462633490562439
2150  170   19 40.968589 39.154986 -3.8619065284729004 0.6671045422554016 2291 -0.5172917246818542 0.12156923115253448 -0.8471305966377258
2151  171   19 40.986117 39.155269 -3.726038932800293 0.8103203773498535 3011 -0.5157992243766785 0.12104392051696777 -0.8481153249740601
2152  170   17 40.969662 39.140860 -3.706949472427368 0.652163028717041 3009 -0.516751766204834 0.12228686362504959 -0.8473567962646484
2153  171   17 40.986229 39.140980 -3.90671443939209 0.6393570899963379 2520 -0.5153439044952393 0.12179781496524811 -0.8482841849327087
2154  162   15 40.881872 39.125191 -6.0478644371032715 0.6601412296295166 1973 -0.5232710838317871 0.12558068335056305 -0.8428623676300049
2155  161   14 40.862973 39.111581 -7.056940078735352 0.3974268138408661 2472 -0.5242868661880493 0.1268281787633896 -0.842043936252594
2156  161   14 40.872195 39.118309 -9.514899253845215 1.2715777158737183 2496 -0.5238023996353149 0.12621644139289856 -0.8424372673034668
2157  162   14 40.881804 39.118298 -7.730040073394775 1.196914792060852 4349 -0.5231051445007324 0.12596294283866882 -0.8429083228111267
2158  161   14 40.872291 39.111738 -7.389547824859619 1.011749505996704 7872 -0.5236345529556274 0.12657776474952698 -0.8424873352050781
2159  162   14 40.881354 39.111159 -6.724043846130371 1.2149826288223267 1178 -0.5229688286781311 0.12637130916118622 -0.8429317474365234
2160  163   16 40.890903 39.131910 -5.379491806030273 0.48708051443099976 2561 -0.5227503180503845 0.12496457993984222 -0.8432769775390625
2161  164   16 40.899928 39.131835 -5.810300350189209 0.7472977638244629 2697 -0.5220591425895691 0.12472283840179443 -0.8437407612800598
2162  163   15 40.890761 39.125028 -6.108960151672363 0.7248728275299072 1826 -0.5225960612297058 0.1253492683172226 -0.8433154821395874
2163  164   15 40.899645 39.125152 -6.833474636077881 1.0513030290603638 2554 -0.5219413042068481 0.1251048892736435 -0.843757152557373
2164  165   16 40.909126 39.131704 -5.55355167388916 0.721286952495575 2420 -0.5213404893875122 0.12447666376829147 -0.8442213535308838
2165  165   16 40.919270 39.130811 -5.138455867767334 0.5910517573356628 2142 -0.5205514430999756 0.1242518201470375 -0.8447412252426147
2166  165   15 40.908556 39.124929 -5.446438789367676 0.7112249732017517 2333 -0.5212574601173401 0.12487512826919556 -0.8442137837409973
2167  165   15 40.917467 39.125065 -5.127457618713379 0.5059453248977661 1236 -0.5205596685409546 0.1246194913983345 -0.844681978225708
2168  163   14 40.894338 39.116016 -6.010394096374512 1.3469353914260864 1050 -0.5221292972564697 0.12575580179691315 -0.843544065952301
2169  164   14 40.907613 39.118905 -5.487660884857178 0.60428786277771 483 -0.5212169289588928 0.12524138391017914 -0.8441845178604126
2170  160   13 40.854254 39.104052 -6.683170318603516 0.6327834725379944 662 -0.5247512459754944 0.12748047709465027 -0.8416560292243958
2171  161   13 40.863775 39.104416 -5.904026985168457 0.4303029477596283 662 -0.524036169052124 0.1271996796131134 -0.8421439528465271
2172  160   12 40.853967 39.098240 -7.296653747558594 0.8493546843528748 390 -0.5246248841285706 0.12780863046646118 -0.8416850566864014
2173  161   12 40.862667 39.097641 -6.421176910400391 1.0288468599319458 631 -0.5240048170089722 0.12761759757995605 -0.842100203037262
2174  161   13 40.872083 39.104340 -5.778776168823242 0.7689657211303711 658 -0.5234454274177551 0.12698675692081451 -0.842543363571167
2175  162   13 40.881393 39.104191 -7.605649471282959 1.4323039054870605 158 -0.5228134393692017 0.1267598420381546 -0.8429698348045349
2176  162   12 40.873066 39.097133 -5.556445121765137 0.5870736837387085 127 -0.5231258273124695 0.12734268605709076 -0.8426880836486816
2177  162   12 40.880412 39.096921 -5.709023952484131 0.8556873202323914 177 -0.5225890278816223 0.1271592676639557 -0.8430487513542175
2178  160   11 40.853463 39.090860 -7.436504364013672 0.6756248474121094 160 -0.5245014429092407 0.12823694944381714 -0.8416968584060669
2179  161   11 40.862369 39.089911 -6.077469348907471 1.0894852876663208 166 -0.5238474607467651 0.128056600689888 -0.8421314358711243
2180  160   10 40.854062 39.083749 -5.907228469848633 1.3918806314468384 162 -0.5243198871612549 0.12862421572208405 -0.8417508602142334
2181  161   10 40.861378 39.083409 -4.418776512145996 0.880641520023346 132 -0.5237890481948853 0.1284506916999817 -0.8421077728271484
2182  162   11 40.873961 39.090660 -4.9347100257873535 0.47502565383911133 36 -0.522955596446991 0.12768997251987457 -0.8427412509918213
2183   60  -43 39.692857 38.610508 -7.366715908050537 0.2932015359401703 16 -0.6052943468093872 0.14082558453083038 -0.7834455370903015
2184   61  -43 39.702661 38.610189 -7.01422119140625 0.2010907083749771 10 -0.604572057723999 0.1405961662530899 -0.7840442657470703
2185   60  -43 39.693681 38.603313 -6.580850124359131 0.1589520275592804 49 -0.6049390435218811 0.14115792512893677 -0.7836601138114929
2186   61  -43 39.702661 38.603602 -6.511662006378174 0.1968148648738861 41 -0.6043172478675842 0.14092236757278442 -0.7841821312904358
2187   61  -43 39.711379 38.610260 -7.15792989730835 0.18523448705673218 36 -0.6039618849754333 0.1403779238462448 -0.7845534682273865
2188   62  -43 39.720409 38.610290 -6.7567009925842285 0.15950101613998413 40 -0.6033310890197754 0.14015574753284454 -0.7850783467292786
2189   65  -45 39.755756 38.587067 -5.051299095153809 0.3780284821987152 44 -0.6001986265182495 0.14048875868320465 -0.787416398525238
2190   66  -41 39.765241 38.623913 -7.197011470794678 0.16230645775794983 45 -0.6005855202674866 0.13835617899894714 -0.7874990105628967
2191   72  -42 39.828058 38.616579 -4.7607269287109375 0.47583645582199097 40 -0.596047043800354 0.13721616566181183 -0.791138231754303
2192  -68   -7 38.210444 38.925996 -5.999037742614746 0.9705535173416138 40 -0.6977306604385376 0.16626206040382385 -0.696799099445343
2193  -72  -54 38.173698 38.509589 -6.127898216247559 1.2074830532073975 3 -0.6950730681419373 0.16504888236522675 -0.6997373700141907
2194  -58  -83 38.327490 38.249288 -5.237723350524902 0.9683238863945007 7 -0.6846073865890503 0.16196586191654205 -0.7106896638870239
2195  -46  -82 38.471885 38.253041 -4.887475490570068 0.8824027180671692 32 -0.6763730645179749 0.16100630164146423 -0.7187464833259583
2196  -61  -92 38.294154 38.164284 -4.091989517211914 0.8416222929954529 29 -0.6853187680244446 0.16292022168636322 -0.7097854018211365
2197  -55  -92 38.365108 38.163569 -4.3777756690979 0.5986434817314148 8 -0.6815747618675232 0.16144217550754547 -0.7137172818183899
2198  -63  -97 38.276796 38.120908 -3.447990655899048 0.5234455466270447 8 -0.685019314289093 0.16604410111904144 -0.7093503475189209
2199  -60  -97 38.313568 38.121385 -4.662013530731201 0.8170852661132812 654 -0.683050274848938 0.16520771384239197 -0.7114412784576416
2200  -63 -100 38.277615 38.092741 -3.4188761711120605 0.51318359375 427 -0.685457706451416 0.16256703436374664 -0.709732174873352
2201  -60  -99 38.305604 38.100123 -4.5852556228637695 0.5762150287628174 596 -0.6828183531761169 0.16671165823936462 -0.7113131284713745
2202  -59  -99 38.320606 38.100624 -4.515546798706055 0.6337148547172546 103 -0.6821408271789551 0.16637901961803436 -0.7120406627655029
2203  -61 -101 38.303923 38.085471 -5.677212715148926 1.3096952438354492 130 -0.6844937801361084 0.15950919687747955 -0.7113544344902039
2204  -59 -101 38.321054 38.086952 -3.8923473358154297 0.6102930307388306 37 -0.6828930974006653 0.16252851486206055 -0.7122089266777039
2205  -57  -97 38.348313 38.122084 -4.25849723815918 0.5351497530937195 45 -0.6814299821853638 0.16445894539356232 -0.7131664752960205
2206  -54  -97 38.383220 38.121549 -4.066153526306152 0.5497004389762878 40 -0.6795747876167297 0.1637384444475174 -0.7150998711585999
2207  -57  -99 38.339698 38.100784 -3.5555238723754883 0.4911586046218872 48 -0.681177020072937 0.1659647673368454 -0.7130593061447144
2208  -56  -99 38.357148 38.100024 -3.90630841255188 0.5189586877822876 24 -0.6802143454551697 0.16562968492507935 -0.7140555381774902
2209  109  -25 40.260973 38.767183 -7.490152835845947 1.0830307006835938 10 -0.5667736530303955 0.1311672478914261 -0.81336510181427
2210  109  -25 40.261043 38.760831 -8.305047988891602 0.6313025951385498 10 -0.5665389895439148 0.13152211904525757 -0.813471257686615
2211  116   -7 40.344182 38.922941 -5.794533729553223 0.48277297616004944 81 -0.56267911195755 0.13299787044525146 -0.8159067034721375
2212  125   -5 40.449271 38.943993 -5.5059709548950195 0.39218470454216003 160 -0.5544342994689941 0.13280266523361206 -0.821563184261322
2213  130   -3 40.503126 38.957160 -5.144038677215576 0.35542258620262146 41 -0.5498384237289429 0.13503699004650116 -0.8242831826210022
2214  133   -3 40.539331 38.956338 -4.559861183166504 0.5042237043380737 41 -0.5470448136329651 0.1340782642364502 -0.8262959122657776
2215  130   -6 40.502689 38.930015 -5.439054489135742 0.282691091299057 43 -0.5501559376716614 0.13077355921268463 -0.8247585296630859
2216  133   -6 40.538615 38.929812 -5.0674309730529785 0.4380333423614502 47 -0.54692143201828 0.13177207112312317 -0.8267484903335571
2217  125  -11 40.448651 38.888935 -5.234736442565918 0.41079947352409363 50 -0.5541065335273743 0.12981946766376495 -0.822260856628418
2218  130   -9 40.502351 38.902230 -5.460326194763184 0.31799086928367615 39 -0.5502901077270508 0.12758909165859222 -0.8251677751541138
2219  133   -9 40.538434 38.901649 -5.182341575622559 0.7146120071411133 43 -0.5474486947059631 0.12663286924362183 -0.8272024989128113
2220  130  -12 40.501750 38.874074 -4.99058198928833 0.2560712993144989 31 -0.5494242310523987 0.12917278707027435 -0.8254982829093933
2221  132  -12 40.528274 38.880453 -5.95438814163208 0.5069231986999512 16 -0.547544538974762 0.12808459997177124 -0.8269155025482178
2222  134  -12 40.548361 38.880273 -7.26046895980835 1.6665195226669312 28 -0.5459601283073425 0.12754039466381073 -0.828046441078186
2223  132  -13 40.527882 38.866427 -5.409355640411377 0.2901056110858917 21 -0.5471119284629822 0.12887096405029297 -0.8270796537399292
2224  133  -13 40.542185 38.870084 -7.019501686096191 0.6439372301101685 14 -0.5461037755012512 0.12827220559120178 -0.8278387188911438
2225  134  -13 40.554242 38.869616 -5.570979595184326 0.27095988392829895 44 -0.5451483130455017 0.1279667466878891 -0.8285154700279236
2226  133  -14 40.539442 38.861440 -5.892935276031494 0.40481194853782654 49 -0.5460330843925476 0.12882493436336517 -0.8277995586395264
2227  134  -14 40.554504 38.863089 -7.720301628112793 1.4890739917755127 45 -0.5449104309082031 0.1283179670572281 -0.8286176323890686
2228  173   22 41.005619 39.182852 -4.6280317306518555 0.6626822352409363 24 -0.5151487588882446 0.1190534308552742 -0.8487920761108398
2229  174   22 41.021493 39.181952 -5.055817127227783 0.6999648213386536 53 -0.5137520432472229 0.1186414435505867 -0.8496958613395691
2230  173   20 41.005844 39.168888 -4.320093154907227 0.6393594145774841 45 -0.5146386623382568 0.11977390199899673 -0.8490001559257507
2231  174   20 41.022698 39.169015 -4.6943464279174805 0.6719699501991272 13 -0.5132059454917908 0.11928127706050873 -0.8499362468719482
2232  177   21 41.048271 39.172324 -4.797767639160156 0.882466733455658 46 -0.511198878288269 0.1183866560459137 -0.8512698411941528
2233  166   16 40.928476 39.130753 -4.597914695739746 0.9152188897132874 32 -0.5198586583137512 0.12400709837675095 -0.8452036380767822
2234  169   16 40.954511 39.129249 -4.586548328399658 0.4778139293193817 5 -0.5176842212677002 0.12334679067134857 -0.846633791923523
2235  170   15 40.974616 39.126108 -3.8868625164031982 0.7740784287452698 8 -0.5159059762954712 0.12293392419815063 -0.8477784395217896
2236  124  -34 40.425302 38.677903 -5.016993045806885 0.3240378797054291 3 -0.5514764189720154 0.13176289200782776 -0.8237186074256897
2237  127  -34 40.461512 38.676866 -5.25380802154541 0.3685697019100189 17 -0.5486316680908203 0.1308177411556244 -0.825766384601593
2238  123  -37 40.424352 38.649549 -4.902358531951904 0.35285764932632446 57 -0.5506029725074768 0.13336385786533356 -0.8240451812744141
2239  127  -37 40.459929 38.649901 -5.0845441818237305 0.32378098368644714 54 -0.547913670539856 0.1323671042919159 -0.8259960412979126
2240   16   79 39.189558 39.713482 -5.094088554382324 0.8757421970367432 203 -0.652471661567688 0.15764492750167847 -0.7412346601486206
2241   25   82 39.299759 39.742208 -4.637761116027832 0.7831418514251709 177 -0.645880937576294 0.15725991129875183 -0.7470656633377075
2242   25   76 39.297063 39.684668 -5.776823043823242 1.2433507442474365 223 -0.6465333104133606 0.15192104876041412 -0.7476059794425964
2243   69   82 39.807962 39.736186 -1.6291569471359253 1.1950582265853882 197 -0.6142886281013489 0.1475294828414917 -0.7751674056053162
2244   75   82 39.878030 39.736566 -1.5777336359024048 0.8432793021202087 609 -0.6097491979598999 0.14585749804973602 -0.7790580987930298
2245   82   82 39.956821 39.737316 -1.377249002456665 0.6215684413909912 77 -0.6045542359352112 0.14394207298755646 -0.7834506034851074
2246   82   76 39.963702 39.682581 -1.9896467924118042 0.9217830300331116 143 -0.602577805519104 0.14662013947963715 -0.7844759821891785
2247   23   31 39.272242 39.286174 -7.164733409881592 0.6079640984535217 145 -0.641757071018219 0.15471035242080688 -0.751140832901001
2248   15  183 39.179489 40.649239 2.130986213684082 0.9356296062469482 180 -0.6643500328063965 0.16115032136440277 -0.7298421859741211
2249   59  147 39.695269 40.325198 1.6899833679199219 0.9734519124031067 748 -0.6296348571777344 0.15155525505542755 -0.7619652152061462
2250  104  -82 40.192107 38.250093 -2.6037120819091797 1.0217965841293335 719 -0.5618859529495239 0.1327172964811325 -0.8164988160133362
2251  -11  119 38.860244 40.080061 0.16629116237163544 0.6144433617591858 748 -0.6750149726867676 0.16521431505680084 -0.7190682291984558
2252   -5  119 38.933728 40.079417 0.43708527088165283 0.5598734617233276 37 -0.6707996129989624 0.1650306135416031 -0.7230440974235535
2253  -27  -39 38.681765 38.644580 -6.701664924621582 0.90775066614151 46 -0.6689455509185791 0.15919283032417297 -0.7260643839836121
2254  -52  -66 38.399277 38.397376 -6.0950927734375 0.8829874396324158 42 -0.6818826794624329 0.1614229381084442 -0.7134274244308472
2255  -27  158 38.674191 40.429554 3.0115575790405273 0.7380295991897583 41 -0.6895282864570618 0.16564905643463135 -0.7050610780715942
2256  -43  141 38.492217 40.269828 -0.07575973868370056 3.762774705886841 30 -0.6969752907752991 0.16711576282978058 -0.6973505020141602
2257   75  -17 39.870126 38.837347 -7.698668003082275 0.8611450791358948 33 -0.5951518416404724 0.14406150579452515 -0.7905950546264648
2258   81  -17 39.942917 38.836051 -7.876284122467041 1.072224736213684 154 -0.5900589823722839 0.14232346415519714 -0.7947165966033936
2259   75  -23 39.870394 38.782001 -7.267504692077637 0.9824628233909607 650 -0.595035970211029 0.14067725837230682 -0.7912914752960205
2260   80  -22 39.924932 38.795654 -7.765717029571533 0.7747410535812378 589 -0.5902550220489502 0.14432695508003235 -0.7942095398902893
2261   83  -22 39.960072 38.795183 -7.63193941116333 1.3234399557113647 699 -0.5876815915107727 0.143967404961586 -0.7961807250976562
2262   80  -24 39.926539 38.771467 -7.178763389587402 2.4218826293945312 2879 -0.5915012359619141 0.13649454712867737 -0.7946669459342957
2263   83  -25 39.963377 38.764339 -7.78834867477417 1.739120602607727 748 -0.588565468788147 0.136612206697464 -0.7968235611915588
2264   -3  -38 38.963933 38.649083 -7.357051372528076 0.9879099726676941 639 -0.6523196697235107 0.15559133887290955 -0.7418021559715271
2265   16  -33 39.186525 38.702466 -8.15576457977295 0.7825430631637573 610 -0.6394754648208618 0.15167385339736938 -0.7537016868591309
2266   28  -32 39.326490 38.702832 -7.819723129272461 0.7433006167411804 31 -0.6304181218147278 0.15032096207141876 -0.7615619897842407
2267   15  -45 39.178895 38.589095 -7.021780967712402 0.997886061668396 51 -0.6380071043968201 0.15286220610141754 -0.7547053098678589
2268   25  -40 39.290668 38.633793 -7.489961624145508 2.1486775875091553 37 -0.6320059895515442 0.14901050925254822 -0.7605026960372925
2269   30  -41 39.345462 38.628043 -17.164207458496094 9.100493431091309 33 -0.6283525824546814 0.1480449140071869 -0.7637118697166443
2270   26  -50 39.301492 38.546330 -7.400485038757324 1.1195875406265259 32 -0.628916323184967 0.15338079631328583 -0.7621933221817017
2271   30  -48 39.354645 38.565840 -9.099024772644043 3.0215039253234863 41 -0.6260462999343872 0.15115727484226227 -0.7649950981140137
2272   33  -47 39.386458 38.569041 -7.299243450164795 0.6475950479507446 41 -0.6241483092308044 0.15025044977664948 -0.7667226195335388
2273   30  -50 39.348290 38.544096 -7.0671515464782715 0.7606493830680847 49 -0.6258675456047058 0.15247215330600739 -0.7648804187774658
2274   33  -50 39.384045 38.544867 -7.36570405960083 0.6013743281364441 38 -0.623702347278595 0.1516118198633194 -0.7668176293373108
2275   44  -67 39.508296 38.390043 -2.477447748184204 0.5752193927764893 27 -0.6138418912887573 0.14708785712718964 -0.7756052017211914
2276    1  -76 39.011587 38.309667 -3.4988954067230225 0.23514717817306519 33 -0.6449165940284729 0.15292353928089142 -0.7487969398498535
2277    1  -76 39.020678 38.310076 -3.4209606647491455 0.107879139482975 30 -0.6444019079208374 0.15270179510116577 -0.7492852807044983
2278    2  -75 39.029508 38.316854 -3.4644174575805664 0.1327158361673355 40 -0.6440536379814148 0.15213321149349213 -0.7497002482414246
2279    3  -75 39.038502 38.317018 -3.103633165359497 0.30562296509742737 41 -0.6435422301292419 0.15192832052707672 -0.7501807808876038
2280    2  -76 39.029349 38.309925 -3.1328866481781006 0.2113286554813385 38 -0.6439069509506226 0.15252256393432617 -0.7497471570968628
2281    3  -76 39.038779 38.310005 -2.5465505123138428 0.1290675550699234 48 -0.6433653831481934 0.15231196582317352 -0.7502546906471252
2282  -11   88 38.862197 39.798517 -5.465639591217041 0.5257430076599121 175 -0.6723769903182983 0.16154681146144867 -0.7223654389381409
2283   -5   88 38.934774 39.798908 -5.337831497192383 0.5877336263656616 180 -0.6684576272964478 0.15994113683700562 -0.7263492345809937
2284    0   94 39.006974 39.854712 -4.790802001953125 0.6845558881759644 45 -0.665662944316864 0.15738384425640106 -0.7294677495956421
2285    6   94 39.078325 39.853499 -4.623649597167969 0.723651647567749 34 -0.6612861752510071 0.1573837548494339 -0.7334377765655518
2286    0   88 39.007049 39.798104 -5.063218116760254 0.6490206122398376 36 -0.6644735336303711 0.15840573608875275 -0.7303304076194763
2287    6   88 39.080507 39.797674 -4.949869155883789 0.7392008304595947 41 -0.6604107022285461 0.156816303730011 -0.7343475222587585
2288   63  -30 39.725927 38.726295 -7.8181562423706055 0.7710992693901062 47 -0.6041024923324585 0.14368823170661926 -0.7838455438613892
2289   67  -28 39.780371 38.739899 -8.010675430297852 0.7004974484443665 44 -0.6008427143096924 0.14167751371860504 -0.7867118716239929
2290  147    0 40.697263 38.980425 -5.019548416137695 0.2116750031709671 43 -0.5353307127952576 0.12830160558223724 -0.8348411917686462
2291  147   -1 40.697325 38.972976 -5.117246150970459 0.1859738677740097 42 -0.535062313079834 0.12869976460933685 -0.8349519371986389
2292  148    9 40.715163 39.074378 -4.914033889770508 0.49654489755630493 247 -0.5359126329421997 0.12896953523159027 -0.8343647718429565
2293  149    9 40.732777 39.075388 -4.850675582885742 0.6377564072608948 286 -0.5337951183319092 0.13147543370723724 -0.8353304266929626
2294  148    8 40.714579 39.060981 -5.135946750640869 0.34890222549438477 110 -0.5369352102279663 0.1235133707523346 -0.8345329165458679
2295  149    8 40.725635 39.064124 -5.140554428100586 0.4194609522819519 161 -0.5362042784690857 0.12304776906967163 -0.8350714445114136
2296  150    8 40.736148 39.063764 -4.635599136352539 0.5379974246025085 34 -0.5353306531906128 0.12277308851480484 -0.83567214012146
2297  149    7 40.726633 39.056561 -5.144098281860352 0.40581566095352173 29 -0.5358393788337708 0.12342410534620285 -0.8352500796318054
2298  150    7 40.735885 39.057020 -4.475765705108643 0.2952640652656555 38 -0.5350965261459351 0.12313905358314514 -0.8357682228088379
2299  150   10 40.744586 39.078094 -4.94093132019043 0.5891565084457397 30 -0.5326662659645081 0.13200291991233826 -0.8359676599502563
2300  151   10 40.754435 39.077912 -5.172242641448975 0.3221459686756134 32 -0.5318512916564941 0.13172407448291779 -0.836530327796936
2301  151    9 40.745084 39.070730 -4.910033226013184 0.4980473220348358 43 -0.5325772166252136 0.13162051141262054 -0.8360846638679504
2302  151    9 40.753954 39.070336 -4.4964776039123535 0.6481372117996216 31 -0.5316062569618225 0.13213850557804108 -0.8366207480430603
2303  152   10 40.763132 39.077593 -4.8761420249938965 0.24739289283752441 48 -0.531117856502533 0.13148492574691772 -0.8370338082313538
2304  153   10 40.771731 39.077967 -4.707042217254639 0.33570754528045654 145 -0.5304469466209412 0.13121967017650604 -0.8375006914138794
2305  152    9 40.764197 39.070977 -4.544765472412109 0.42047038674354553 142 -0.530705988407135 0.13178348541259766 -0.8372480869293213
2306  151    8 40.745331 39.063997 -3.9476747512817383 0.4546256959438324 39 -0.5345471501350403 0.12249506264925003 -0.8362143039703369
2307  151    8 40.754299 39.063535 -3.547200918197632 0.29171687364578247 34 -0.5335026979446411 0.12321262061595917 -0.8367756605148315
2308  150    7 40.743512 39.057030 -4.273065090179443 0.37728649377822876 33 -0.5344393849372864 0.12291815876960754 -0.8362210988998413
2309  -60 -107 38.307494 38.026708 -3.3100109100341797 0.44267016649246216 35 -0.6838061809539795 0.15998004376888275 -0.7119097113609314
2310  -59 -107 38.327020 38.032939 -3.597764730453491 0.6572308540344238 35 -0.6829546093940735 0.15916703641414642 -0.7129088044166565
2311  -59 -107 38.326764 38.028063 -3.9301300048828125 0.7476679086685181 39 -0.6829109191894531 0.15950001776218414 -0.7128762006759644
2312  -58 -102 38.334887 38.075868 -4.350190162658691 0.3489919602870941 34 -0.6834332942962646 0.1562114655971527 -0.713103711605072
2313  -57 -102 38.344381 38.075569 -4.078551292419434 0.26824021339416504 40 -0.682955801486969 0.15603414177894592 -0.7135998010635376
2314  -58 -103 38.334804 38.068341 -3.5920512676239014 0.37576261162757874 379 -0.683172345161438 0.15667779743671417 -0.7132514715194702
2315  -57 -103 38.344483 38.068475 -3.51039981842041 0.26604774594306946 474 -0.6826494932174683 0.15645819902420044 -0.7138000130653381
2316  -56 -102 38.352136 38.076050 -3.0628011226654053 0.6220794916152954 227 -0.6826088428497314 0.15584932267665863 -0.7139721512794495
2317  -56 -102 38.360171 38.075869 -2.6390366554260254 0.2794506549835205 497 -0.6820923089981079 0.15567027032375336 -0.714504599571228
2318  -56 -103 38.352174 38.068837 -3.3426730632781982 0.3480128347873688 139 -0.6822910904884338 0.15627992153167725 -0.714181661605835
2319  -56 -103 38.361227 38.068338 -2.92503023147583 0.09203677624464035 139 -0.6817729473114014 0.15611235797405243 -0.714712917804718
2320  -55 -102 38.370572 38.075996 -3.118807077407837 0.21750468015670776 134 -0.6814343333244324 0.15595543384552002 -0.7150700688362122
2321  -54 -102 38.379258 38.075673 -3.014320135116577 0.1535605937242508 158 -0.6808574795722961 0.15600933134555817 -0.7156075835227966
2322  -55 -103 38.370385 38.068669 -2.8826255798339844 0.13250230252742767 139 -0.6812602877616882 0.15588654577732086 -0.7152508497238159
2323  -54 -103 38.378942 38.068875 -3.597621440887451 0.4137139618396759 30 -0.6807825565338135 0.15568320453166962 -0.7157498598098755
2324  -53 -102 38.387644 38.076715 -3.249030590057373 0.1458645462989807 5 -0.6794589757919312 0.1597953587770462 -0.7161011695861816
2325  -52 -102 38.397474 38.075443 -3.1841535568237305 0.38413962721824646 36 -0.6790297627449036 0.15939956903457642 -0.7165963649749756
2326  -53 -103 38.387589 38.068478 -3.2371935844421387 0.48799487948417664 20 -0.6803668737411499 0.15553531050682068 -0.7161771655082703
2327  -52 -103 38.398060 38.069545 -2.9725558757781982 0.24738092720508575 38 -0.6798804998397827 0.15525120496749878 -0.7167004942893982
2328  -56 -106 38.361807 38.040834 -2.6999738216400146 0.07548172026872635 34 -0.6809366345405579 0.1578298807144165 -0.7151329517364502
2329  -58 -107 38.335501 38.033109 -2.195732831954956 0.43731337785720825 37 -0.6824480891227722 0.15896019339561462 -0.7134397029876709
2330  -57 -107 38.343807 38.033604 -1.9806201457977295 0.2079935371875763 33 -0.6818855404853821 0.15871889889240265 -0.7140311002731323
2331  -58 -107 38.335123 38.026952 -2.396418809890747 0.7823862433433533 36 -0.6824609637260437 0.15939560532569885 -0.7133302688598633
2332  -57 -107 38.344435 38.026357 -1.4457526206970215 0.46011728048324585 36 -0.6817966103553772 0.15919800102710724 -0.7140093445777893
2333  158    2 40.831403 39.012591 -3.582860231399536 0.5279830694198608 38 -0.5258962512016296 0.12286611646413803 -0.8416275978088379
2334  155    0 40.793501 38.982254 -3.815227508544922 0.3445037305355072 33 -0.5279374122619629 0.1255524903535843 -0.8399516344070435
2335  158    0 40.827581 38.980933 -3.253716468811035 0.6916334629058838 139 -0.525204062461853 0.12467607855796814 -0.8417937159538269
2336  160   22 40.860650 39.184701 -4.2885847091674805 0.5617548823356628 129 -0.5269374251365662 0.12299669533967972 -0.8409570455551147
2337  161   22 40.873761 39.188363 -3.8648674488067627 0.601787805557251 130 -0.5259532928466797 0.12242431193590164 -0.8416563868522644
2338  162   22 40.884224 39.188425 -4.137864589691162 0.7237858772277832 36 -0.5250689387321472 0.12211953848600388 -0.8422526717185974
2339  161   21 40.873898 39.181748 -4.011786937713623 0.617315411567688 33 -0.5256929993629456 0.12276707589626312 -0.8417690396308899
2340  162   21 40.882955 39.181357 -4.235500812530518 0.6099264025688171 37 -0.5249163508415222 0.12252724170684814 -0.8422884941101074
2341  160   21 40.856036 39.174736 -4.604343414306641 0.2715281844139099 34 -0.5269288420677185 0.12364780157804489 -0.8408669829368591
2342  161   21 40.864664 39.175322 -4.310500144958496 0.36029931902885437 37 -0.5262329578399658 0.12337080389261246 -0.8413432836532593
2343  160   20 40.855523 39.167865 -4.8254547119140625 0.46342259645462036 38 -0.5267024636268616 0.12402097135782242 -0.8409538269042969
2344  161   20 40.864300 39.166986 -4.387700080871582 0.640142023563385 35 -0.5259428024291992 0.12381628900766373 -0.8414592742919922
2345  162   21 40.874645 39.174275 -4.251620292663574 0.5824934244155884 37 -0.525348424911499 0.12313677370548248 -0.8419302105903625
2346  162   21 40.883771 39.174162 -5.032466411590576 1.0484592914581299 35 -0.5246027112007141 0.12288623303174973 -0.8424316644668579
2347  161   20 40.874386 39.167108 -4.766546249389648 0.7094385623931885 35 -0.5251278281211853 0.12352588772773743 -0.8420107960700989
2348  162   20 40.883044 39.167499 -5.359542369842529 0.6789219379425049 38 -0.5244819521903992 0.12327145785093307 -0.8424504995346069
2349   87  -24 40.004868 38.773802 -7.630706310272217 0.6663849949836731 36 -0.5847094058990479 0.14048469066619873 -0.7989861965179443
2350   85  -26 39.987039 38.759750 -8.210268020629883 0.413949579000473 36 -0.5869548916816711 0.13559605181217194 -0.7981839179992676
2351   87  -26 40.004880 38.759288 -8.511908531188965 0.670662522315979 39 -0.5857393145561218 0.13519467413425446 -0.799144446849823
2352   88  -24 40.021774 38.774110 -8.429829597473145 0.648928701877594 40 -0.5832295417785645 0.14132702350616455 -0.7999187111854553
2353   90  -24 40.041078 38.777454 -7.775772571563721 0.6986414194107056 39 -0.5814839601516724 0.14269880950450897 -0.8009453415870667
2354   88  -25 40.018447 38.762858 -9.112326622009277 0.249314084649086 37 -0.5849099159240723 0.13468781113624573 -0.7998372316360474
2355   89  -25 40.027309 38.762795 -8.83675479888916 0.3984260857105255 37 -0.5843120217323303 0.1344803273677826 -0.8003090620040894
2356   88  -26 40.018149 38.755717 -9.424752235412598 0.286935418844223 37 -0.5847602486610413 0.13506288826465607 -0.7998834252357483
2357   89  -26 40.026669 38.756255 -8.465851783752441 0.5155642032623291 38 -0.5841870903968811 0.13482975959777832 -0.8003414869308472
2358   90  -25 40.036471 38.762737 -7.793628215789795 0.5018472075462341 45 -0.5836668610572815 0.13425981998443604 -0.8008166551589966
2359   90  -25 40.044198 38.761991 -7.882488250732422 0.5564103722572327 102 -0.583079993724823 0.13410361111164093 -0.8012702465057373
2360   90  -26 40.035808 38.755694 -7.350211143493652 0.39744487404823303 104 -0.5834627747535706 0.13461996614933014 -0.8009049892425537
2361   90  -26 40.045488 38.755601 -7.432949542999268 0.2558629512786865 116 -0.5827131271362305 0.13437265157699585 -0.8014919757843018
2362   92  -21 40.059487 38.801039 -7.834476947784424 1.1955050230026245 122 -0.5808843374252319 0.14118343591690063 -0.8016486763954163
2363   93  -21 40.076810 38.803100 -9.153233528137207 0.8842292428016663 139 -0.5797548294067383 0.1406538039445877 -0.8025588989257812
2364   92  -23 40.059867 38.786860 -8.533757209777832 0.7220208048820496 111 -0.5804365277290344 0.14188188314437866 -0.8018497228622437
2365   93  -23 40.077716 38.785579 -8.624157905578613 0.5195353627204895 35 -0.5792019367218018 0.14147540926933289 -0.802813708782196
2366   95  -21 40.097109 38.800578 -8.159299850463867 0.572002649307251 39 -0.5796379446983337 0.1345953494310379 -0.8036814332008362
2367   96  -21 40.112916 38.800946 -7.349693775177002 0.451983779668808 30 -0.5788151025772095 0.13314779102802277 -0.8045152425765991
2368   95  -23 40.094234 38.787223 -7.879430294036865 0.3852180540561676 40 -0.5795210599899292 0.13524100184440613 -0.8036574125289917
2369   96  -22 40.109022 38.790036 -6.886455535888672 0.24881932139396667 144 -0.5786791443824768 0.13386856019496918 -0.8044934272766113
2370   97  -22 40.117698 38.790204 -6.594064712524414 0.2674049139022827 31 -0.5780138373374939 0.1336212158203125 -0.8050127029418945
2371   96  -23 40.108530 38.783245 -6.9949140548706055 0.23809826374053955 25 -0.5784701108932495 0.134269580245018 -0.8045769333839417
2372   97  -23 40.117752 38.783140 -6.369940757751465 0.13917747139930725 34 -0.5777244567871094 0.13401681184768677 -0.8051546812057495
2373   91  -24 40.054963 38.776935 -8.607844352722168 0.32098710536956787 38 -0.580485463142395 0.14250004291534424 -0.8017047047615051
2374   92  -24 40.063428 38.776638 -8.203587532043457 0.16428115963935852 209 -0.5799151659011841 0.14231054484844208 -0.8021509647369385
2375   91  -25 40.056441 38.769195 -8.844664573669434 0.4511229693889618 196 -0.580197811126709 0.14286069571971893 -0.8018487095832825
2376   92  -25 40.063311 38.769906 -8.229391098022461 0.3605467975139618 211 -0.5797374248504639 0.14265267550945282 -0.8022186756134033
2377   93  -24 40.072562 38.776668 -8.535808563232422 0.3505599796772003 43 -0.5792766213417053 0.14207974076271057 -0.8026530742645264
2378   94  -24 40.081919 38.776271 -8.337181091308594 0.15571343898773193 40 -0.5787562131881714 0.14139394462108612 -0.803149402141571
2379   93  -25 40.072531 38.769434 -7.686654567718506 0.2211000621318817 40 -0.579076886177063 0.1424444317817688 -0.8027325868606567
2380   93  -24 40.081388 38.769819 -7.74685001373291 0.16630688309669495 41 -0.5788044929504395 0.14095744490623474 -0.8031914234161377
2381   91  -25 40.054787 38.762497 -8.037047386169434 0.44257786870002747 43 -0.5819824934005737 0.13542790710926056 -0.801845133304596
2382   92  -25 40.063970 38.762676 -7.480119705200195 0.08728925883769989 37 -0.5807843208312988 0.13725030422210693 -0.8024038672447205
2383   91  -26 40.053327 38.755761 -7.5113654136657715 0.194798082113266 39 -0.5821834802627563 0.1341765820980072 -0.8019096851348877
2384   93  -25 40.072491 38.762510 -7.401050090789795 0.1178794801235199 36 -0.5798461437225342 0.1383434683084488 -0.8028944730758667
2385   93  -25 40.080793 38.762274 -7.6271443367004395 0.12723034620285034 157 -0.5790003538131714 0.13925693929195404 -0.8033468127250671
2386   94  -24 40.090615 38.776416 -7.675849914550781 0.33171170949935913 37 -0.5795761942863464 0.1353527307510376 -0.8035988211631775
2387   95  -24 40.099016 38.775898 -6.885623931884766 0.1871127188205719 41 -0.5790533423423767 0.13497553765773773 -0.8040391206741333
2388   94  -25 40.090771 38.769080 -7.4307122230529785 0.08962222188711166 34 -0.5793402791023254 0.13556750118732452 -0.8037327527999878
2389   95  -25 40.099562 38.769212 -6.990231990814209 0.3305087387561798 43 -0.5787370800971985 0.1353348046541214 -0.8042064309120178
2390   96  -24 40.108710 38.776036 -6.740943908691406 0.18334484100341797 125 -0.5782657265663147 0.13469238579273224 -0.8046532273292542
2391   97  -24 40.117067 38.776409 -6.564863681793213 0.1850217878818512 138 -0.5776316523551941 0.1344417929649353 -0.8051503896713257
2392   96  -25 40.107916 38.768819 -6.486191749572754 0.2342344969511032 37 -0.5781208276748657 0.135138601064682 -0.8046824932098389
2393  100  -17 40.159058 38.836810 -7.615187644958496 1.2937631607055664 33 -0.5741488337516785 0.14027462899684906 -0.8066450357437134
2394  156   57 40.817090 39.500715 -3.4061975479125977 0.8942683339118958 33 -0.5363057851791382 0.12761494517326355 -0.8343204259872437
2395  138   -4 40.602001 38.950029 -4.675047874450684 0.23237590491771698 40 -0.5418486595153809 0.1326405107975006 -0.8299437165260315
2396  140   -3 40.615574 38.953338 -4.0964436531066895 0.1329704076051712 36 -0.5408851504325867 0.13207508623600006 -0.8306620717048645
2397  140   -3 40.624740 38.953256 -4.635852336883545 0.2163994312286377 36 -0.5401201248168945 0.13181111216545105 -0.8312016129493713
2398  140   -4 40.615867 38.946229 -4.009697437286377 0.2144668996334076 36 -0.5405572056770325 0.13243861496448517 -0.8308176398277283
2399  140   -4 40.625125 38.945983 -4.6139235496521 0.18961471319198608 37 -0.5397844910621643 0.1321815699338913 -0.8313608169555664
2400  135   -5 40.565895 38.936347 -4.428778171539307 0.32491809129714966 36 -0.54414302110672 0.1343904286623001 -0.8281591534614563
2401  137   -5 40.583552 38.935987 -4.927298069000244 0.3069174885749817 37 -0.5427464246749878 0.1339106410741806 -0.8291527628898621
2402  135   -7 40.565733 38.922088 -4.544267654418945 0.39070114493370056 36 -0.5448552966117859 0.12992531061172485 -0.8284033536911011
2403  136   -7 40.579167 38.925905 -4.524080276489258 0.15153244137763977 42 -0.5427054166793823 0.13457490503787994 -0.8290720582008362
2404  137   -7 40.588392 38.925320 -4.247523784637451 0.09160352498292923 40 -0.5419546961784363 0.13434351980686188 -0.8296005129814148
2405  136   -7 40.579141 38.918538 -4.366491794586182 0.09504488855600357 42 -0.5442361235618591 0.12730468809604645 -0.8292168378829956
2406  137   -7 40.587968 38.918417 -4.444628715515137 0.11523234844207764 37 -0.5431364178657532 0.1287434846162796 -0.8297155499458313
2407  138   -5 40.597418 38.939358 -4.614585876464844 0.19691163301467896 40 -0.541800320148468 0.13334083557128906 -0.8298630714416504
2408  139   -5 40.606518 38.939358 -4.283111572265625 0.08735870569944382 32 -0.5410582423210144 0.13307730853557587 -0.8303893208503723
2409  138   -6 40.597250 38.932195 -4.600751876831055 0.16760976612567902 35 -0.5415127277374268 0.13372255861759186 -0.8299893736839294
2410  139   -6 40.605899 38.932247 -4.443437576293945 0.1766451746225357 38 -0.540828287601471 0.13347291946411133 -0.8304756283760071
2411  140   -5 40.615539 38.939133 -4.054649353027344 0.13450445234775543 36 -0.5403026342391968 0.1328245848417282 -0.8309215903282166
2412  140   -6 40.615172 38.932167 -4.260440349578857 0.15838515758514404 40 -0.5400723218917847 0.13320893049240112 -0.8310098052024841
2413  138   -7 40.597193 38.925109 -4.2613677978515625 0.10619930177927017 38 -0.541251540184021 0.1341041773557663 -0.8300981521606445
2414  139   -7 40.606368 38.925321 -4.385015964508057 0.1601598858833313 35 -0.5405166149139404 0.1338271200656891 -0.8306214809417725
2415  138   -7 40.597300 38.918284 -4.384958744049072 0.06982339173555374 35 -0.5419847369194031 0.1301879733800888 -0.8302431702613831
2416  141   -2 40.634091 38.967078 -4.92446756362915 0.133406862616539 37 -0.5399079918861389 0.13080886006355286 -0.8314977288246155
2417  142   -2 40.643081 38.966711 -4.670562744140625 0.13883201777935028 40 -0.5391679406166077 0.1305711269378662 -0.8320151567459106
2418  141   -3 40.633712 38.960038 -5.23533821105957 0.19712010025978088 42 -0.5396600961685181 0.1311931163072586 -0.8315980434417725
2419  146   -2 40.687989 38.966201 -5.124833106994629 0.22756880521774292 45 -0.535566508769989 0.1293274164199829 -0.8345315456390381
2420  147   -2 40.697575 38.966509 -5.275076866149902 0.40982648730278015 35 -0.534850537776947 0.12904910743236542 -0.8350337147712708
2421  146   -3 40.688020 38.958707 -4.649488925933838 0.4855740964412689 32 -0.5353741645812988 0.12974725663661957 -0.8345897793769836
2422  147   -3 40.697492 38.958852 -3.9341750144958496 0.11991529911756516 36 -0.5346315503120422 0.1294735074043274 -0.83510822057724
2423  145   -3 40.678908 38.952571 -4.343492031097412 0.8999500870704651 36 -0.5358683466911316 0.1303311437368393 -0.8341816067695618
2424  104  -28 40.197836 38.732918 -6.178008556365967 0.1632072776556015 38 -0.5701680183410645 0.13477113842964172 -0.8103981614112854
2425  104  -29 40.205827 38.732163 -5.519006729125977 0.2100239396095276 34 -0.5695634484291077 0.134603351354599 -0.8108510971069336
2426  104  -29 40.197844 38.726158 -5.8453569412231445 0.22952143847942352 41 -0.5699656009674072 0.135162353515625 -0.8104754090309143
2427  104  -29 40.206484 38.725669 -5.46492338180542 0.3118308186531067 40 -0.5693727731704712 0.13497349619865417 -0.8109234571456909
2428  105  -29 40.215983 38.731724 -5.360368251800537 0.26997771859169006 32 -0.5687767863273621 0.13435141742229462 -0.8114448189735413
2429  106  -28 40.224624 38.732674 -6.175015449523926 0.3725404739379883 35 -0.5682120323181152 0.13407588005065918 -0.8118859529495239
2430  105  -29 40.215446 38.726015 -4.529876708984375 0.3755711615085602 32 -0.5687121152877808 0.13471141457557678 -0.8114304542541504
2431  -30  -80 38.650018 38.278267 -5.158787250518799 0.6470932960510254 34 -0.666426420211792 0.15931858122348785 -0.7283498048782349
2432  -36  -86 38.579393 38.221856 -5.011790752410889 0.7688248157501221 41 -0.6701297163963318 0.15869520604610443 -0.7250807285308838
2433  -32  -84 38.632247 38.235383 -4.653566837310791 0.44914916157722473 40 -0.6662631034851074 0.16240765154361725 -0.7278167605400085
2434  -29  -84 38.667955 38.235692 -4.633148670196533 0.4843398928642273 38 -0.6641400456428528 0.161551371216774 -0.72994464635849
2435  -32  -87 38.632927 38.207443 -4.463077068328857 0.37456968426704407 38 -0.6673790216445923 0.1552024930715561 -0.7283662557601929
2436  -29  -87 38.668050 38.207375 -4.589057922363281 0.39997607469558716 37 -0.6648808121681213 0.1561817228794098 -0.730438768863678
2437  -53  103 38.378300 39.929231 -4.935687065124512 0.8248676657676697 37 -0.7002128958702087 0.1660553365945816 -0.6943539977073669
2438  -49  107 38.422097 39.965233 -5.1931915283203125 0.7551102638244629 38 -0.6970124840736389 0.17043401300907135 -0.6965097188949585
2439  -43  107 38.495799 39.965699 -4.365009307861328 0.8965601325035095 40 -0.6930708289146423 0.17013239860534668 -0.7005054354667664
2440  -49  101 38.422837 39.909426 -4.979407787322998 0.8404363393783569 47 -0.6980370879173279 0.1637469083070755 -0.6970875859260559
2441  -43  101 38.495541 39.909785 -5.012587070465088 0.7124374508857727 40 -0.6941444277763367 0.1628267765045166 -0.701178252696991
2442  -23  101 38.719639 39.913522 -3.848367691040039 0.5994470715522766 52 -0.6813095808029175 0.16470740735530853 -0.7132241725921631
2443  -48   83 38.437212 39.754683 -6.782261371612549 1.158460021018982 36 -0.694661557674408 0.16630133986473083 -0.6998493671417236
2444  -75 -103 38.135352 38.064196 -3.978372097015381 0.9280043244361877 38 -0.6936326622962952 0.16121667623519897 -0.7020562291145325
2445  -72 -103 38.168680 38.064471 -3.691969633102417 0.4973940849304199 37 -0.6919734477996826 0.1605076938867569 -0.7038536667823792
2446  -76 -106 38.133626 38.036642 -3.3591175079345703 0.6861960887908936 34 -0.6929963231086731 0.1630207598209381 -0.7022679448127747
2447  -73 -106 38.161237 38.042055 -3.652446985244751 0.547863781452179 35 -0.6915794610977173 0.16205745935440063 -0.7038857340812683
2448  -72 -105 38.179007 38.042642 -3.1130833625793457 0.3807244598865509 41 -0.6907488703727722 0.16166013479232788 -0.7047920823097229
2449  -73 -107 38.161885 38.029556 -2.94006609916687 0.41944578289985657 39 -0.6912236213684082 0.16284628212451935 -0.7040532827377319
2450  -72 -107 38.179453 38.029218 -2.8357996940612793 0.36036819219589233 32 -0.6901909112930298 0.1624680459499359 -0.7051529288291931
2451  -69 -103 38.205452 38.063738 -3.6174192428588867 0.5512081980705261 34 -0.6898918151855469 0.1597406268119812 -0.7060680985450745
2452  -67 -102 38.234167 38.073759 -6.074311256408691 1.1864527463912964 42 -0.6885906457901001 0.1584748774766922 -0.7076217532157898
2453  -65 -102 38.249104 38.071356 -4.862273216247559 0.8602470755577087 35 -0.6878323554992676 0.15832996368408203 -0.7083913683891296
2454  -67 -104 38.229719 38.058124 -3.406230926513672 0.21963612735271454 46 -0.6883959770202637 0.15956532955169678 -0.7075662016868591
2455  -65 -103 38.254502 38.063302 -4.628787994384766 0.2825602889060974 38 -0.6872155666351318 0.1587017923593521 -0.7089065909385681
2456  -66 -104 38.247479 38.052209 -5.115761756896973 0.18942977488040924 43 -0.687285840511322 0.15955890715122223 -0.7086460590362549
2457  -65 -104 38.255242 38.052927 -4.968886375427246 0.19855079054832458 37 -0.6868963837623596 0.1593468338251114 -0.7090712189674377
2458  -70 -105 38.197500 38.043043 -3.302149772644043 0.3794516623020172 37 -0.6897451281547546 0.16122931241989136 -0.7058731317520142
2459  -69 -105 38.210434 38.046877 -3.548595428466797 0.3155950903892517 40 -0.6891762614250183 0.16071057319641113 -0.7065467238426208
2460  -68 -105 38.219475 38.046907 -3.795193910598755 0.19737529754638672 42 -0.6886742115020752 0.16050876677036285 -0.7070819139480591
2461  -69 -106 38.210174 38.039826 -3.42305850982666 0.25880691409111023 43 -0.6890037059783936 0.1611665040254593 -0.7066110372543335
2462  -68 -106 38.219510 38.039802 -3.380635976791382 0.17601309716701508 39 -0.688505232334137 0.16096656024456024 -0.7071423530578613
2463  -70 -107 38.193070 38.032729 -3.015862226486206 0.16708846390247345 40 -0.6895602345466614 0.16195034980773926 -0.7058886289596558
2464  -70 -107 38.201784 38.032739 -3.4997925758361816 0.27124008536338806 167 -0.6891091465950012 0.1617644727230072 -0.7063716053962708
2465  -70 -107 38.192538 38.025911 -3.4498181343078613 0.225655198097229 162 -0.6893885135650635 0.16239282488822937 -0.7059546709060669
2466  -70 -107 38.201981 38.025864 -4.147696495056152 0.8247784972190857 144 -0.6888961791992188 0.162195086479187 -0.7064806222915649
2467  -69 -107 38.210538 38.032744 -3.78599214553833 0.4021715819835663 162 -0.688668429851532 0.1615810990333557 -0.7068432569503784
2468  -68 -107 38.219585 38.032670 -3.4743824005126953 0.19836080074310303 144 -0.6881971955299377 0.16139383614063263 -0.7073448300361633
2469  -69 -107 38.210763 38.025450 -4.2035698890686035 0.43698590993881226 39 -0.68844074010849 0.16203704476356506 -0.7069606781005859
2470  -67 -105 38.228184 38.047049 -3.634864330291748 0.19927965104579926 41 -0.6882035732269287 0.16031019389629364 -0.7075850367546082
2471  -66 -105 38.237248 38.045797 -4.670542240142822 1.0350450277328491 32 -0.6876460313796997 0.16018523275852203 -0.7081550359725952
2472  -67 -106 38.228569 38.039601 -3.254777431488037 0.22307176887989044 38 -0.6879981756210327 0.16077952086925507 -0.7076781988143921
2473  -66 -106 38.236935 38.040117 -4.515608310699463 0.6068347692489624 170 -0.6875805854797363 0.16056931018829346 -0.7081316709518433
2474  -66 -105 38.245800 38.046515 -5.149056911468506 0.6170593500137329 143 -0.687292218208313 0.1599731147289276 -0.7085464596748352
2475  -65 -105 38.255027 38.047455 -4.568892002105713 0.30404478311538696 163 -0.6868433952331543 0.15971912443637848 -0.7090387344360352
2476  -66 -106 38.245917 38.040102 -3.9344115257263184 0.6236915588378906 668 -0.6870982050895691 0.16037586331367493 -0.7086434960365295
2477  -67 -107 38.228298 38.032853 -3.498767137527466 0.11052241176366806 124 -0.6877620816230774 0.1611998826265335 -0.7078120112419128
2478  -76 -109 38.125786 38.014326 -4.744819641113281 0.8128831386566162 104 -0.6928567886352539 0.1646272987127304 -0.7020308375358582
2479  -75 -109 38.143825 38.013715 -3.143618583679199 0.6547864079475403 46 -0.6919467449188232 0.16429272294044495 -0.7030060887336731
2480   31  -73 39.364688 38.334051 -3.106630802154541 1.3582735061645508 35 -0.623349130153656 0.14615939557552338 -0.7681623101234436
2481   40  -31 39.469734 38.717837 -7.912235736846924 0.7846481800079346 44 -0.6208459734916687 0.1496283859014511 -0.7695204019546509
2482   50  -30 39.581547 38.727410 -7.705557346343994 0.5844534039497375 30 -0.6137725114822388 0.1471020132303238 -0.7756573557853699
2483   56  -30 39.654209 38.727052 -8.01523494720459 0.7437899112701416 41 -0.6089192628860474 0.1453736126422882 -0.7797973155975342
2484  -54  -99 38.374920 38.100642 -4.488868713378906 0.5992109775543213 40 -0.6794609427452087 0.16524559259414673 -0.7148613333702087
2485  -53  -99 38.392476 38.101019 -3.0417051315307617 0.33934009075164795 33 -0.6786162257194519 0.16485942900180817 -0.715752363204956
2486  -54 -101 38.374309 38.087490 -3.863602876663208 0.7449848055839539 164 -0.6791194081306458 0.16598644852638245 -0.7150142192840576
2487  -53 -101 38.393424 38.086554 -3.060366153717041 0.43034255504608154 169 -0.677927553653717 0.1656939834356308 -0.7162120342254639
2488  -49  -92 38.437059 38.162549 -4.066734313964844 0.5742437243461609 156 -0.6777442693710327 0.15995655953884125 -0.7176883220672607
2489  -44  -91 38.490685 38.177559 -4.108580112457275 0.4332898259162903 176 -0.6751222014427185 0.15780815482139587 -0.7206292748451233
2490  -41  -91 38.525627 38.178606 -4.220712661743164 0.422121524810791 171 -0.6732183694839478 0.1569705754518509 -0.7225906848907471
2491  -44  -94 38.490186 38.150453 -3.7728171348571777 0.45591649413108826 169 -0.6743876934051514 0.15952299535274506 -0.7209394574165344
2492  -41  -94 38.525722 38.150570 -4.1504645347595215 0.49409520626068115 171 -0.6723735332489014 0.15871603786945343 -0.7229958772659302
2493  -51  -97 38.418152 38.121082 -3.7893049716949463 0.5507959723472595 189 -0.677666425704956 0.1629994958639145 -0.7170769572257996
2494  -47  -97 38.454823 38.122054 -4.392620086669922 0.5816941261291504 41 -0.6757638454437256 0.1621454805135727 -0.7190633416175842
2495  -51  -99 38.409647 38.100854 -3.8094897270202637 0.4687623381614685 38 -0.6776213049888611 0.1644763946533203 -0.7167823314666748
2496  -50  -99 38.428686 38.101893 -3.4835593700408936 0.4307744801044464 44 -0.6765053868293762 0.16396452486515045 -0.7179527282714844
2497  -51 -101 38.409904 38.086869 -3.698756694793701 0.21073485910892487 50 -0.6770040988922119 0.16530068218708038 -0.7171757817268372
2498  -50 -101 38.428641 38.086476 -3.6659936904907227 0.32345861196517944 45 -0.6760512590408325 0.16493025422096252 -0.7181593179702759
2499  -48  -99 38.446078 38.100717 -4.50570821762085 0.5429038405418396 48 -0.6755004525184631 0.16364741325378418 -0.7189704775810242
2500  -47  -99 38.461907 38.100759 -5.104943752288818 0.562817394733429 44 -0.6747226119041443 0.16331568360328674 -0.7197759747505188
2501  -48 -100 38.442263 38.090580 -3.932637929916382 0.325603187084198 55 -0.6753513813018799 0.16435222327709198 -0.7189498543739319
2502  -48 -100 38.450355 38.090179 -5.080074310302734 0.33792024850845337 46 -0.6749668717384338 0.16421473026275635 -0.7193422913551331
2503  -48 -101 38.442075 38.083060 -3.8819847106933594 0.4706619679927826 47 -0.6751475930213928 0.16482840478420258 -0.7190322279930115
2504  -48 -101 38.450670 38.083465 -5.115563869476318 0.3420165777206421 52 -0.6747683882713318 0.16463230550289154 -0.7194330096244812
2505  -47 -100 38.458935 38.090293 -4.367006778717041 0.533191978931427 50 -0.6745999455451965 0.1640419214963913 -0.7197257280349731
2506  -47 -101 38.458586 38.083633 -3.8862059116363525 0.7553252577781677 45 -0.6744070649147034 0.16446268558502197 -0.7198105454444885
2507  -46 -101 38.467316 38.081947 -2.745147228240967 0.513806164264679 36 -0.6739093065261841 0.16438131034374237 -0.7202951908111572
2508  -45  -96 38.481749 38.130151 -3.5705976486206055 0.6937733292579651 38 -0.6745449304580688 0.1610487550497055 -0.7204529047012329
2509  -43  -96 38.499646 38.130366 -3.042363166809082 0.6181952953338623 36 -0.673413097858429 0.16060234606266022 -0.7216104865074158
2510  -45  -97 38.479458 38.116924 -4.1419453620910645 0.7431401014328003 36 -0.6744479537010193 0.16196699440479279 -0.7203379273414612
2511  -43  -97 38.501423 38.116500 -2.425272226333618 0.5508610010147095 35 -0.6730526685714722 0.16146449744701385 -0.7217543125152588
2512  -42  -96 38.517566 38.129802 -3.7691328525543213 0.8320950269699097 28 -0.6722981333732605 0.16021381318569183 -0.722735583782196
2513  -40  -96 38.534699 38.129669 -4.740512847900391 0.9216538071632385 25 -0.6713846325874329 0.15984994173049927 -0.7236647605895996
2514  -42  -97 38.513057 38.119372 -3.1203558444976807 0.25863856077194214 44 -0.6723563075065613 0.16099309921264648 -0.7225083112716675
2515  -41  -97 38.521519 38.118913 -3.0616602897644043 0.22567486763000488 29 -0.671812117099762 0.16081838309764862 -0.7230531573295593
2516  -42  -98 38.512414 38.111772 -3.048483371734619 0.33667469024658203 50 -0.6721358299255371 0.1614743322134018 -0.7226060628890991
2517  -42  -98 38.520185 38.113555 -3.5385003089904785 0.15004882216453552 44 -0.6717047095298767 0.16117613017559052 -0.7230733036994934
2518  -41  -97 38.530573 38.119296 -4.218906879425049 0.7150013446807861 51 -0.6712852120399475 0.16058392822742462 -0.7235944867134094
2519   70  -28 39.815483 38.739647 -7.465303897857666 0.6206721663475037 37 -0.5984600186347961 0.14084434509277344 -0.78867506980896
2520   67  -31 39.779955 38.712195 -8.09971809387207 0.7450723648071289 46 -0.6000264286994934 0.14310365915298462 -0.7870765924453735
2521  122  -64 40.402702 38.411704 -3.6061208248138428 0.6459094882011414 46 -0.548141598701477 0.13060136139392853 -0.8261259198188782
2522  199  180 41.358352 40.605465 -1.8216625452041626 0.9305418133735657 50 -0.5134865045547485 0.12439572066068649 -0.8490331172943115
2523  100   69 40.172698 39.618524 -2.3415188789367676 0.7810685038566589 40 -0.5864313840866089 0.14261023700237274 -0.7973459959030151
2524  106   69 40.241965 39.619485 -1.9562749862670898 0.8576808571815491 54 -0.5812568068504333 0.14251407980918884 -0.8011430501937866
2525  138   19 40.598170 39.169065 -5.476815223693848 0.601001501083374 55 -0.5471027493476868 0.1311292052268982 -0.8267307877540588
2526  -35 -106 38.598298 38.038291 -2.8770666122436523 1.856184720993042 35 -0.6675364971160889 0.1538589745759964 -0.7285069227218628
2527  -32 -103 38.632776 38.065807 -2.7373452186584473 1.1121994256973267 39 -0.6640903949737549 0.16163845360279083 -0.7299705743789673
2528  -29 -103 38.668881 38.066308 -1.3290797472000122 0.515947699546814 38 -0.6620732545852661 0.160791277885437 -0.7319871783256531
2529  -32 -106 38.632525 38.037969 -1.5931994915008545 0.7718395590782166 45 -0.6653236150741577 0.154790997505188 -0.7303315997123718
2530  -29 -106 38.669533 38.037728 -1.620557188987732 0.5724600553512573 31 -0.6627786159515381 0.15566465258598328 -0.7324568033218384
2531  -36 -111 38.579969 37.995928 -1.9369903802871704 1.2927368879318237 37 -0.6674948334693909 0.15580874681472778 -0.7281306385993958
2532  -30 -111 38.650485 37.995459 -1.357952356338501 1.2114691734313965 43 -0.6635602712631226 0.15427358448505402 -0.7320433855056763
2533  -23  -89 38.726230 38.189900 -4.401437759399414 0.14804038405418396 43 -0.6618667244911194 0.15171313285827637 -0.7341087460517883
2534  -21  -92 38.753060 38.168976 -4.077208518981934 0.2572248876094818 45 -0.6599039435386658 0.1524454802274704 -0.7357222437858582
2535  -24  -95 38.717404 38.140546 -4.53922176361084 0.2405332624912262 47 -0.6612071394920349 0.15502937138080597 -0.7340102791786194
2536  -23  -93 38.735127 38.154854 -4.057514667510986 0.19448979198932648 39 -0.6605486869812012 0.15373021364212036 -0.7348757982254028
2537  -22  -93 38.744109 38.161787 -4.0901689529418945 0.10895270854234695 45 -0.6602012515068054 0.15309059619903564 -0.7353214621543884
2538  -21  -93 38.753089 38.161952 -3.6650633811950684 0.21277162432670593 37 -0.6597250699996948 0.15288576483726501 -0.7357912659645081
2539  -22  -93 38.744242 38.154915 -3.665668249130249 0.23924286663532257 44 -0.6600351929664612 0.1535223424434662 -0.7353804111480713
2540  -21  -93 38.753175 38.154733 -3.3192665576934814 0.1150083988904953 44 -0.6595098972320557 0.153329998254776 -0.7358917593955994
2541  -23  -94 38.726433 38.147724 -4.259757995605469 0.15842239558696747 46 -0.6608585119247437 0.15437190234661102 -0.7344626188278198
2542  -23  -94 38.734756 38.148088 -3.8136677742004395 0.3525291085243225 50 -0.6604335308074951 0.15417103469371796 -0.734886884689331
2543  -23  -95 38.726533 38.140807 -4.012852668762207 0.27402761578559875 45 -0.6607204079627991 0.1548137068748474 -0.7344939112663269
2544  -23  -95 38.735359 38.140774 -3.416130781173706 0.10549735277891159 46 -0.6602188348770142 0.15461763739585876 -0.7349860668182373
2545  -22  -94 38.744282 38.147662 -3.157160997390747 0.057353898882865906 56 -0.6598555445671082 0.15397776663303375 -0.7354465126991272
2546  -21  -94 38.753421 38.147817 -3.151688575744629 0.16365312039852142 50 -0.6593036651611328 0.1537545621395111 -0.7359879016876221
2547  -22  -95 38.744021 38.140479 -3.3550658226013184 0.1313004046678543 48 -0.6596962213516235 0.15443609654903412 -0.7354933619499207
2548  -21  -95 38.753310 38.140652 -3.7421975135803223 0.12536779046058655 47 -0.6591613292694092 0.15421335399150848 -0.736019492149353
2549  -18  -89 38.788597 38.190055 -3.9949092864990234 0.10788727551698685 53 -0.658400297164917 0.15032556653022766 -0.7375034689903259
2550  -19  -90 38.779560 38.182698 -3.428905487060547 0.1469642072916031 46 -0.6587071418762207 0.15098369121551514 -0.7370948195457458
2551  -18  -90 38.788826 38.183027 -3.6564409732818604 0.13486754894256592 155 -0.6582112908363342 0.15076115727424622 -0.7375831604003906
2552  -20  -91 38.770595 38.175894 -3.331045627593994 0.15288054943084717 196 -0.6590098738670349 0.1516037881374359 -0.7366968393325806
2553  -20  -92 38.761792 38.168837 -3.5138282775878906 0.1973244547843933 54 -0.6594042181968689 0.15225878357887268 -0.7362087965011597
2554  -20  -92 38.771104 38.168814 -3.3625223636627197 0.07723627984523773 48 -0.6588393449783325 0.1520436704158783 -0.7367587685585022
2555  -19  -91 38.779922 38.176231 -3.207132339477539 0.14678342640399933 49 -0.658437967300415 0.151361346244812 -0.7372578382492065
2556  -18  -91 38.788724 38.175613 -3.7154860496520996 0.2249516248703003 42 -0.6579491496086121 0.1512090563774109 -0.7377254366874695
2557  -19  -92 38.780651 38.168724 -3.655024290084839 0.3721201419830322 167 -0.6582292914390564 0.151820108294487 -0.7373499274253845
2558  -18  -92 38.788791 38.169180 -3.4924049377441406 0.14290645718574524 185 -0.6577689051628113 0.15160799026489258 -0.7378042340278625
2559  163   30 40.898707 39.261853 -4.867932319641113 0.8366714119911194 183 -0.5242030024528503 0.1279677152633667 -0.841923713684082
2560  168   33 40.951470 39.286306 -5.184892654418945 0.5931904911994934 907 -0.5207599997520447 0.12516896426677704 -0.8444771766662598
2561  170   33 40.981832 39.287192 -5.579063892364502 0.7698581218719482 649 -0.5182335376739502 0.12423813343048096 -0.8461671471595764
2562  -13  -75 38.846849 38.320282 -4.580654144287109 0.5576496124267578 814 -0.6563981175422668 0.15226759016513824 -0.7388883829116821
2563  -11  -74 38.872987 38.327310 -5.299870014190674 0.36149540543556213 682 -0.6549874544143677 0.1512189507484436 -0.7403541803359985
2564   -9  -74 38.890994 38.327618 -4.983221530914307 0.2643979489803314 716 -0.6538643836975098 0.1507721096277237 -0.7414372563362122
2565  -11  -76 38.873252 38.313219 -4.537550449371338 0.17394743859767914 697 -0.6544918417930603 0.152064710855484 -0.7406191825866699
2566   -9  -76 38.890878 38.313347 -4.587284088134766 0.1321752369403839 796 -0.6533547639846802 0.15162965655326843 -0.7417115569114685
2567   -7  -72 38.917135 38.349570 -6.474462032318115 1.596359133720398 714 -0.6512424349784851 0.15482278168201447 -0.7429085969924927
2568   -4  -71 38.945256 38.354897 -6.215891361236572 1.672581434249878 2980 -0.6485068798065186 0.15898941457271576 -0.744420051574707
2569   -3  -71 38.962415 38.355640 -7.113409996032715 0.6959826946258545 3235 -0.6476458311080933 0.15841977298259735 -0.7452905774116516
2570   -4  -72 38.945279 38.342636 -6.894030570983887 0.5514239072799683 3147 -0.6498792171478271 0.15229137241840363 -0.7446236610412598
2571   -3  -73 38.961719 38.341447 -6.226559162139893 0.6690487265586853 3067 -0.6488360166549683 0.152792289853096 -0.7454303503036499
2572   -8  -74 38.908474 38.327439 -4.587284088134766 0.2796383202075958 42 -0.652749240398407 0.15036515891551971 -0.7425017356872559
2573   -6  -74 38.926980 38.327194 -4.441640853881836 0.252215176820755 39 -0.6515242457389832 0.14992882311344147 -0.7436649203300476
2574   -8  -75 38.904176 38.316973 -4.4568963050842285 0.09507331252098083 35 -0.6526331305503845 0.15109212696552277 -0.7424561977386475
2575   -7  -75 38.912954 38.316862 -4.349118709564209 0.09010856598615646 31 -0.6520688533782959 0.15088795125484467 -0.7429932951927185
2576   -8  -76 38.904519 38.309598 -4.4395599365234375 0.1023421511054039 24 -0.6523407697677612 0.15152470767498016 -0.7426248788833618
2577   -7  -76 38.913492 38.309913 -4.234759330749512 0.07916916906833649 22 -0.6517574787139893 0.1512850970029831 -0.7431856989860535
2578   -6  -75 38.922219 38.316988 -4.382463455200195 0.0359969325363636 39 -0.6514841914176941 0.15065887570381165 -0.7435524463653564
2579   -5  -75 38.931449 38.316858 -4.4777512550354 0.06138854846358299 10 -0.6509106755256653 0.15044939517974854 -0.7440969944000244
2580   -6  -76 38.922153 38.309954 -4.2682671546936035 0.06278830766677856 8 -0.6512278318405151 0.15107907354831696 -0.7436918020248413
2581   -6  -76 38.930935 38.309935 -4.0885396003723145 0.2167937457561493 6 -0.6506966352462769 0.15087635815143585 -0.74419766664505
2582   -5  -74 38.939936 38.330948 -5.127930641174316 0.44346633553504944 33 -0.6507638096809387 0.14937902987003326 -0.7444409728050232
2583   -4  -74 38.949103 38.331227 -5.927104473114014 1.079315423965454 50 -0.6501442790031433 0.14913251996040344 -0.745031476020813
2584   -5  -75 38.940088 38.323829 -4.291909694671631 0.16675135493278503 35 -0.6506107449531555 0.1498260349035263 -0.7444849610328674
2585   -4  -75 38.948898 38.323788 -4.012738227844238 0.27033522725105286 42 -0.6500250101089478 0.1496129035949707 -0.7450392842292786
2586   -3  -74 38.958175 38.331234 -6.788661479949951 0.3757432699203491 21 -0.6496453881263733 0.14893223345279694 -0.7455066442489624
2587   -2  -74 38.966768 38.330927 -5.562148571014404 0.5765225291252136 44 -0.6490819454193115 0.14929108321666718 -0.7459254860877991
2588   -3  -75 38.957858 38.323712 -4.921330451965332 0.803885817527771 34 -0.649407148361206 0.14939235150814056 -0.7456220388412476
2589  106  -29 40.224596 38.725655 -4.795287132263184 0.4333272874355316 44 -0.5680055618286133 0.13448236882686615 -0.8119631409645081
2590  107  -29 40.233289 38.732207 -6.316551208496094 0.2677864730358124 44 -0.5675832033157349 0.13387736678123474 -0.8123584389686584
2591  108  -28 40.242530 38.732524 -6.418024063110352 0.1569608598947525 41 -0.5668913125991821 0.13360744714736938 -0.8128858208656311
2592  107  -29 40.233645 38.725206 -5.554208755493164 0.2750926613807678 41 -0.5673763751983643 0.1342773735523224 -0.8124368786811829
2593  108  -29 40.242376 38.725141 -5.982078552246094 0.13163694739341736 53 -0.5668610334396362 0.1340787559747696 -0.812829315662384
2594  108  -28 40.251725 38.732863 -5.58882474899292 0.2878602147102356 54 -0.5662596821784973 0.13335087895393372 -0.813368022441864
2595  109  -28 40.260101 38.732405 -5.115349769592285 0.39274123311042786 48 -0.5657045841217041 0.13317179679870605 -0.8137835264205933
2596  108  -29 40.251457 38.724691 -5.064901828765869 0.25018078088760376 53 -0.5662260055541992 0.13387362658977509 -0.8133055567741394
2597  109  -29 40.260851 38.725172 -4.458910942077637 0.19602547585964203 44 -0.5655167102813721 0.13358712196350098 -0.8138460516929626
2598  104  -30 40.202342 38.715632 -5.41219425201416 0.337852418422699 49 -0.5694177746772766 0.13567370176315308 -0.8107749819755554
2599  106  -30 40.220560 38.714670 -4.956787109375 0.4052383303642273 26 -0.5681387186050415 0.1352630853652954 -0.8117402791976929
2600  104  -32 40.201413 38.701214 -4.680950164794922 0.2519046366214752 45 -0.5691383481025696 0.13655272126197815 -0.8108236193656921
2601  105  -32 40.218045 38.701635 -4.824424743652344 0.3481736481189728 42 -0.5681012272834778 0.13612276315689087 -0.8116227984428406
2602  107  -30 40.238347 38.715493 -5.3833513259887695 0.46049726009368896 38 -0.5669229030609131 0.13475508987903595 -0.8126742839813232
2603  109  -30 40.256562 38.715282 -4.2779221534729 0.4731375277042389 35 -0.5655583143234253 0.13427631556987762 -0.8137036561965942
2604  107  -32 40.237026 38.701309 -4.14818811416626 0.7519747614860535 47 -0.5667378306388855 0.13564220070838928 -0.8126558065414429
2605  109  -32 40.255896 38.701694 -3.3274266719818115 0.30611786246299744 36 -0.5653170347213745 0.1351039558649063 -0.8137343525886536
2606  100  -35 40.156668 38.673864 -4.658651351928711 0.9466059803962708 39 -0.5717813372612 0.13929787278175354 -0.8084937930107117
2607  106  -36 40.226770 38.660956 -3.797322988510132 0.737061083316803 33 -0.5660685300827026 0.13819220662117004 -0.8126926422119141
2608   88  -42 40.012002 38.612517 -4.576504707336426 0.8245331048965454 29 -0.5817574262619019 0.13966122269630432 -0.8012821078300476
2609   93  -42 40.076937 38.611177 -3.844770908355713 0.6815134882926941 33 -0.5781269073486328 0.13436372578144073 -0.8048078417778015
2610   87  -48 40.007220 38.554574 -3.4473299980163574 0.5108160376548767 39 -0.5818880200386047 0.1364593654870987 -0.8017388582229614
2611   94  -48 40.079841 38.553710 -3.9930195808410645 1.2040929794311523 44 -0.575797975063324 0.1375536024570465 -0.8059378266334534
2612  150   57 40.753503 39.502189 -2.711869955062866 0.8248534202575684 45 -0.5413236021995544 0.12929390370845795 -0.830814003944397
2613   -8  129 38.894503 40.163442 1.4972221851348877 0.6645556092262268 31 -0.6750182509422302 0.16068977117538452 -0.7200897336006165
2614   -8   79 38.897949 39.713645 -5.570910930633545 0.4873673617839813 35 -0.6694760918617249 0.16035431623458862 -0.725319504737854
2615    3   79 39.045077 39.714244 -5.393549919128418 0.5856678485870361 48 -0.6608017086982727 0.15909594297409058 -0.7335049510002136
2616   13   88 39.151942 39.797835 -4.830646991729736 0.71290522813797 43 -0.6565864086151123 0.15526051819324493 -0.7380979061126709
2617   19   88 39.226411 39.798505 -4.359915733337402 0.568333089351654 43 -0.6522672176361084 0.15352821350097656 -0.7422779202461243
2618   91   39 40.063524 39.354765 -6.408364295959473 0.9291006922721863 47 -0.5904589891433716 0.14169520139694214 -0.7945317625999451
2619  102   45 40.184567 39.400496 -6.0593342781066895 0.8049132227897644 43 -0.5833000540733337 0.13639995455741882 -0.8007221817970276
2620  107   44 40.244227 39.396586 -6.353918075561523 1.1144521236419678 30 -0.5783551931381226 0.1374695748090744 -0.8041189908981323
2621  100   37 40.165141 39.327618 -7.1954779624938965 0.8388024568557739 18 -0.5825451612472534 0.14054158329963684 -0.8005555272102356
2622  107   39 40.243578 39.346437 -5.925380229949951 0.7833607196807861 44 -0.5767661929130554 0.14084701240062714 -0.8046756982803345
2623   92   28 40.070400 39.251667 -6.637031078338623 0.8741926550865173 40 -0.5884609222412109 0.1401762217283249 -0.7962815761566162
2624  103   29 40.202606 39.256050 -6.720964431762695 0.6805833578109741 46 -0.5788924098014832 0.1376488208770752 -0.8037016987800598
2625  113   44 40.313542 39.394968 -5.820979595184326 1.7328585386276245 41 -0.5730343461036682 0.13661013543605804 -0.8080651760101318
2626   97  110 40.142064 39.985301 0.1692129224538803 1.0013337135314941 49 -0.5952162146568298 0.14251939952373505 -0.7908260226249695
2627  121  109 40.427503 39.980034 -0.5137391686439514 1.1574656963348389 47 -0.5747593641281128 0.13770431280136108 -0.8066530823707581
2628   91   91 40.065039 39.822546 -0.9991730451583862 1.0621126890182495 34 -0.597523033618927 0.1442919373512268 -0.7887623310089111
2629  103   91 40.211936 39.821216 -1.0707744359970093 1.3950514793395996 47 -0.5869885683059692 0.14241594076156616 -0.796970546245575
2630   91   79 40.062150 39.709773 -1.8791277408599854 0.852581799030304 45 -0.596476674079895 0.14277774095535278 -0.7898291349411011
2631  103   79 40.210407 39.708280 -1.7517170906066895 1.1227315664291382 44 -0.5859136581420898 0.13918550312519073 -0.7983311414718628
2632  122   85 40.423854 39.762723 -1.8821179866790771 1.377047061920166 10 -0.5709145665168762 0.13749739527702332 -0.8094139695167542
2633   -1  -78 38.984766 38.295765 -3.33662748336792 0.19650910794734955 40 -0.6461758613586426 0.1542927473783493 -0.7474292516708374
2634    0  -77 39.002926 38.302697 -3.9576690196990967 0.15022480487823486 40 -0.6452397704124451 0.1534968912601471 -0.7484012842178345
2635    0  -78 38.993756 38.295639 -3.5285370349884033 0.23067326843738556 48 -0.6456260085105896 0.15409530699253082 -0.7479449510574341
2636    0  -78 39.002661 38.295862 -3.7904775142669678 0.18138675391674042 39 -0.6450988054275513 0.1538834571838379 -0.7484433054924011
2637   -2  -78 38.975348 38.288800 -3.7674481868743896 0.13066716492176056 32 -0.6465719938278198 0.15489034354686737 -0.7469629049301147
2638   -1  -78 38.984633 38.288784 -3.4226176738739014 0.14731217920780182 36 -0.6460242867469788 0.15468445420265198 -0.7474793195724487
2639   -2  -79 38.975879 38.281692 -3.308593511581421 0.15903891623020172 26 -0.6463779807090759 0.1552748680114746 -0.7470510005950928
2640   -1  -79 38.984969 38.281616 -3.3546667098999023 0.20052102208137512 26 -0.6458333730697632 0.15507455170154572 -0.7475634813308716
2641  166   66 40.934537 39.583697 -3.3307595252990723 1.1889545917510986 29 -0.527829647064209 0.12758475542068481 -0.8397130370140076
2642  176   67 41.055018 39.589565 -3.498171091079712 1.3958375453948975 25 -0.5181207060813904 0.1256246566772461 -0.8460315465927124
2643  162   57 40.894753 39.503590 -3.465658187866211 0.9539114832878113 42 -0.5303118228912354 0.1253141164779663 -0.8384901881217957
2644  169   57 40.969229 39.504973 -3.600947618484497 0.8414179682731628 48 -0.5243322849273682 0.12314742803573608 -0.8425618410110474
2645  156   -5 40.807946 38.939758 -3.7973406314849854 0.4065699279308319 41 -0.5252239108085632 0.12738338112831116 -0.8413758873939514
2646  150  -11 40.737264 38.885175 -3.7243523597717285 0.42059797048568726 51 -0.5307122468948364 0.12502001225948334 -0.8382807374000549
2647  156  -11 40.807908 38.884302 -3.6080424785614014 0.5202986001968384 47 -0.5245966911315918 0.12488897144794464 -0.8421407341957092
2648  135  -14 40.561285 38.855613 -6.381648063659668 0.787067711353302 30 -0.544136643409729 0.12854322791099548 -0.8290910720825195
2649  139  -14 40.604800 38.854828 -5.216924667358398 0.14863906800746918 20 -0.5407343506813049 0.12739059329032898 -0.8314914703369141
2650  139  -15 40.604210 38.848033 -5.845312595367432 0.39463740587234497 47 -0.5405521988868713 0.1277777999639511 -0.8315504789352417
2651  140  -14 40.613447 38.854883 -5.261954307556152 0.29516857862472534 47 -0.5400578379631042 0.12714849412441254 -0.8319680690765381
2652  140  -14 40.622929 38.855123 -5.072632789611816 0.27570074796676636 44 -0.5393314957618713 0.1268753558397293 -0.832480788230896
2653  139  -15 40.610744 38.850052 -5.486358165740967 0.19112703204154968 51 -0.5401146411895752 0.12748822569847107 -0.8318791389465332
2654  140  -15 40.620939 38.847294 -6.415280342102051 1.1993299722671509 43 -0.539222002029419 0.12735678255558014 -0.8324782252311707
2655  138  -16 40.594863 38.841409 -6.385587215423584 0.39692336320877075 48 -0.5410605669021606 0.12839831411838531 -0.8311241865158081
2656  138  -17 40.594490 38.833170 -5.11815881729126 1.1553601026535034 47 -0.5408243536949158 0.1288609802722931 -0.8312063217163086
2657  140  -17 40.615612 38.835637 -8.458940505981445 1.6708794832229614 36 -0.5392519235610962 0.12814009189605713 -0.8323385119438171
2658   53  -70 39.615939 38.359873 -2.46502685546875 0.5742509365081787 58 -0.6058232188224792 0.14528822898864746 -0.7822209000587463
2659   63  -55 39.722299 38.502159 -3.1926515102386475 0.6909492015838623 60 -0.6004082560539246 0.14575646817684174 -0.7862982749938965
2660   69  -55 39.795210 38.501086 -3.106168031692505 0.47180286049842834 55 -0.5952246785163879 0.14398688077926636 -0.790553867816925
2661   62  -61 39.720851 38.443789 -2.8979060649871826 0.5441306233406067 54 -0.600925862789154 0.1397387683391571 -0.7869950532913208
2662  174   56 41.028722 39.494807 -3.6217360496520996 1.1143765449523926 51 -0.5192692875862122 0.12203854322433472 -0.845852255821228
2663  182   56 41.120858 39.487559 -2.7030715942382812 0.8857203125953674 49 -0.5113758444786072 0.1198519915342331 -0.8509584069252014
2664  176   50 41.046340 39.433636 -2.68267822265625 0.7198119759559631 62 -0.5156382918357849 0.12472479045391083 -0.8476797342300415
2665  181   51 41.112036 39.440913 -3.212186574935913 0.7878901958465576 61 -0.5104523301124573 0.12245583534240723 -0.8511422276496887
2666  169    1 40.956058 38.993044 -3.1780283451080322 0.5168745517730713 51 -0.5149195194244385 0.12035837769508362 -0.848747193813324
2667  177    1 41.050628 38.991880 -3.6665616035461426 0.5281325578689575 49 -0.5069886445999146 0.11804325878620148 -0.8538315892219543
2668  136   -3 40.576830 38.956567 -4.465066432952881 0.5605795979499817 56 -0.5441157221794128 0.13300950825214386 -0.8284000158309937
2669  138   -2 40.602554 38.963551 -4.569720268249512 0.23764312267303467 53 -0.5423719882965088 0.13191261887550354 -0.8297178149223328
2670  140   -2 40.616156 38.967370 -4.304070949554443 0.37287551164627075 48 -0.541405439376831 0.1313154101371765 -0.8304435014724731
2671  140   -2 40.625126 38.967563 -4.624532699584961 0.3012707829475403 54 -0.540669858455658 0.13104382157325745 -0.830965518951416
2672  140   -3 40.616044 38.960377 -4.167486190795898 0.1204366460442543 49 -0.5411456227302551 0.1316923052072525 -0.8305532336235046
2673  140   -3 40.625208 38.959980 -4.500776290893555 0.24560560286045074 43 -0.5403568744659424 0.13144302368164062 -0.8311060667037964
2674  147  109 40.725634 39.971333 -1.0069096088409424 1.2994911670684814 42 -0.5520566701889038 0.13233204185962677 -0.8232385516166687
2675  172  110 41.023041 39.973757 -1.8661168813705444 1.1112651824951172 46 -0.5283340215682983 0.1274816393852234 -0.8394114971160889
2676  146   86 40.708493 39.766606 -2.2362899780273438 1.470850944519043 49 -0.5495961904525757 0.13226741552352905 -0.824893593788147
2677   22  134 39.264908 40.215168 1.7636539936065674 0.6991434693336487 50 -0.6544968485832214 0.15691502392292023 -0.7396023273468018
2678   96   10 40.117526 39.087048 -6.7167558670043945 0.8930437564849854 60 -0.5819875597953796 0.13941441476345062 -0.8011579513549805
2679  116   17 40.347084 39.147665 -6.195037364959717 1.1361960172653198 56 -0.5659697651863098 0.13606886565685272 -0.8131195902824402
2680  128   17 40.490499 39.146185 -5.273207664489746 0.7343528270721436 40 -0.5548901557922363 0.13386045396327972 -0.8210836052894592
2681  104  -46 40.193874 38.574253 -3.474015712738037 0.5994105339050293 47 -0.5679446458816528 0.13379815220832825 -0.8121187686920166
2682  110  -29 40.270683 38.724660 -3.9758336544036865 0.13557958602905273 18 -0.5647091865539551 0.13333836197853088 -0.8144473433494568
2683  111  -29 40.277981 38.724894 -4.005496025085449 0.15109635889530182 16 -0.5641655921936035 0.13312749564647675 -0.8148584961891174
2684  111  -29 40.287161 38.725202 -4.240063667297363 0.15457984805107117 46 -0.5634109973907471 0.132844939827919 -0.8154264688491821
2685  112  -29 40.296447 38.725082 -5.02498197555542 0.4696296453475952 45 -0.5626318454742432 0.13258303701877594 -0.8160068392753601
2686  113  -29 40.304786 38.724493 -5.9553141593933105 0.1426912546157837 35 -0.561958909034729 0.1323847770690918 -0.8165026307106018
2687  114  -29 40.313549 38.726939 -5.045020580291748 0.6226851940155029 45 -0.5613422393798828 0.13200151920318604 -0.8169887065887451
2688  110  -30 40.269719 38.717837 -3.9964356422424316 0.15720899403095245 52 -0.5645881295204163 0.1337587535381317 -0.8144623637199402
2689  111  -30 40.277424 38.718575 -3.8551268577575684 0.16734999418258667 43 -0.5640903115272522 0.13352185487747192 -0.8148460388183594
2690  110  -31 40.269355 38.711569 -4.130668640136719 0.2474389672279358 53 -0.5643817186355591 0.13411827385425568 -0.8145462870597839
2691  111  -31 40.278171 38.710679 -4.574305057525635 0.16006268560886383 49 -0.5636745095252991 0.13392625749111176 -0.8150674104690552
2692  111  -30 40.287317 38.717910 -4.374209403991699 0.30158731341362 175 -0.5632200837135315 0.13326779007911682 -0.8154893517494202
2693  112  -30 40.296528 38.718134 -5.363709926605225 0.3368831276893616 150 -0.5624165534973145 0.13297830522060394 -0.8160909414291382
2694  111  -31 40.287088 38.710799 -5.038820266723633 0.28418296575546265 178 -0.5629625916481018 0.13366727530956268 -0.8156017661094666
2695  112  -31 40.296265 38.711100 -5.287149906158447 0.2918637692928314 44 -0.5622243285179138 0.1333877146244049 -0.8161565661430359
2696  110  -32 40.274993 38.701394 -3.960092782974243 0.4726566672325134 57 -0.5636723637580872 0.13455423712730408 -0.8149654269218445
2697  112  -32 40.291380 38.700307 -4.557039260864258 0.2613903284072876 52 -0.5623220801353455 0.13415096700191498 -0.8159641027450562
2698  113  -30 40.305053 38.718019 -5.636140823364258 0.09618858247995377 61 -0.5617164969444275 0.132741317152977 -0.8166115283966064
2699  114  -30 40.314523 38.715924 -5.7919135093688965 0.19012172520160675 53 -0.5609214305877686 0.13260005414485931 -0.8171808123588562
2700  113  -31 40.305259 38.710780 -5.082462787628174 0.2251279205083847 51 -0.5615209937095642 0.13315822184085846 -0.8166781067848206
2701  114  -31 40.314457 38.711035 -5.4663543701171875 0.1776420921087265 51 -0.5608144998550415 0.13288940489292145 -0.8172071576118469
2702  115  -30 40.323846 38.716973 -6.234091758728027 0.16814622282981873 55 -0.5602637529373169 0.13229116797447205 -0.8176818490028381
2703  115  -30 40.332002 38.717359 -6.172685146331787 0.30168846249580383 49 -0.5597074031829834 0.13205908238887787 -0.8181002140045166
2704  115  -31 40.323063 38.710625 -5.9182353019714355 0.2520240247249603 52 -0.5601681470870972 0.13268260657787323 -0.8176839351654053
2705  115  -31 40.331880 38.710499 -5.564721584320068 0.47811955213546753 51 -0.5595569610595703 0.13246403634548187 -0.8181377649307251
2706  113  -32 40.309425 38.699585 -4.95841121673584 0.3198425769805908 61 -0.5609179139137268 0.133696049451828 -0.8170045614242554
2707  115  -32 40.326425 38.700070 -5.379025936126709 0.5215248465538025 54 -0.5596851110458374 0.1332143396139145 -0.8179281949996948
2708  -60 -109 38.315967 38.011451 -2.762173652648926 0.6117070317268372 53 -0.6830722689628601 0.16079647839069366 -0.7124301791191101
2709  -61 -110 38.304413 38.001473 -2.084902763366699 0.43723028898239136 56 -0.6832518577575684 0.16164185106754303 -0.712066650390625
2710  -59 -110 38.322410 38.001719 -2.3877413272857666 0.6662967205047607 41 -0.6822938919067383 0.16123491525650024 -0.713076651096344
2711  -64 -112 38.268830 37.987161 -2.4690215587615967 0.35679298639297485 47 -0.6843745708465576 0.163231760263443 -0.7106242775917053
2712  -62 -112 38.286776 37.987792 -2.606100559234619 0.3127254545688629 46 -0.6834525465965271 0.16280622780323029 -0.7116085290908813
2713  -64 -113 38.269276 37.973549 -2.016462802886963 0.4367408752441406 43 -0.6840981245040894 0.16411511600017548 -0.7106870412826538
2714  -62 -113 38.287164 37.973793 -2.3563485145568848 0.6360564827919006 52 -0.6830363273620605 0.16368316113948822 -0.7118070721626282
2715  -60 -113 38.313960 37.979445 -2.232896089553833 0.5205126404762268 51 -0.6817379593849182 0.16273657977581024 -0.7132672071456909
2716  -57 -108 38.343938 38.016747 -1.0140597820281982 0.5958331823348999 46 -0.6816367506980896 0.15983501076698303 -0.7140196561813354
2717  -56 -109 38.358656 38.015300 -0.8183712959289551 0.522007942199707 42 -0.6805375814437866 0.15954475104808807 -0.7151322364807129
2718  -57 -110 38.339661 38.000980 -1.510783076286316 0.432863712310791 43 -0.6813047528266907 0.16089694201946259 -0.7140980958938599
2719  172   25 40.991890 39.209312 -4.7777323722839355 0.544410765171051 52 -0.514708936214447 0.12801510095596313 -0.8477540016174316
2720  170   23 40.973448 39.194321 -4.439023494720459 0.6938754916191101 54 -0.5181559920310974 0.11934775114059448 -0.8469182848930359
2721  167   31 40.940333 39.270709 -5.033640384674072 0.691407322883606 52 -0.5211034417152405 0.12630319595336914 -0.8440963625907898
2722  168   31 40.954556 39.269198 -4.86837100982666 0.5538209676742554 55 -0.5198366641998291 0.1259617805480957 -0.8449280858039856
2723  166   29 40.932886 39.253613 -4.20863151550293 0.664130449295044 48 -0.5211069583892822 0.127413809299469 -0.8439273834228516
2724  168   29 40.955257 39.253598 -4.4322004318237305 0.6048692464828491 41 -0.5192169547080994 0.12675535678863525 -0.8451904058456421
2725  170   31 40.971990 39.267568 -4.8463945388793945 0.7507120966911316 41 -0.5183097720146179 0.12553620338439941 -0.8459289073944092
2726  171   31 40.988803 39.267767 -5.591979026794434 0.5826318860054016 43 -0.5169240832328796 0.12503962218761444 -0.846849799156189
2727  169   30 40.966957 39.257693 -4.884521961212158 0.652641773223877 32 -0.5183817148208618 0.12619847059249878 -0.8457861542701721
2728  170   30 40.975752 39.257154 -5.170844078063965 0.36383017897605896 41 -0.5176339149475098 0.12597167491912842 -0.8462778925895691
2729  169   29 40.966257 39.250580 -4.350700855255127 0.6047184467315674 36 -0.5181993842124939 0.12659311294555664 -0.8458390235900879
2730  170   29 40.976210 39.250654 -4.846372604370117 0.6275264024734497 45 -0.5173622965812683 0.1262965202331543 -0.8463956117630005
2731  171   30 40.984874 39.256977 -5.607983589172363 0.5394497513771057 38 -0.516875684261322 0.12571735680103302 -0.8467790484428406
2732  172   30 40.994404 39.257226 -5.299849510192871 0.6383909583091736 39 -0.5160958766937256 0.1254284679889679 -0.8472973108291626
2733  171   29 40.984587 39.250447 -5.238663673400879 0.6099075078964233 37 -0.5166699886322021 0.12606564164161682 -0.8468527793884277
2734  172   29 40.992631 39.251251 -5.164608955383301 0.43573495745658875 45 -0.5160346627235413 0.12579166889190674 -0.8472808003425598
2735  161   27 40.873111 39.231233 -4.784665107727051 0.5768190622329712 43 -0.5256847739219666 0.12857785820960999 -0.8409062027931213
2736  163   28 40.899376 39.241910 -4.9877519607543945 0.550683319568634 726 -0.5233848094940186 0.12898561358451843 -0.8422773480415344
2737  165   28 40.916503 39.240359 -4.581308841705322 0.500870406627655 155 -0.5219299793243408 0.12857115268707275 -0.843242883682251
2738  163   26 40.898741 39.226015 -4.845770835876465 0.6176434755325317 168 -0.5228636860847473 0.12983791530132294 -0.8424700498580933
2739  165   26 40.916381 39.226794 -4.612687110900879 0.4104944169521332 181 -0.521448016166687 0.12928368151187897 -0.8434321284294128
2740  160   25 40.861781 39.213458 -4.688523769378662 0.651610255241394 173 -0.5279724597930908 0.12146207690238953 -0.8405308127403259
2741  162   25 40.878389 39.212170 -4.603204727172852 0.6880491971969604 172 -0.526497483253479 0.12123528122901917 -0.8414881825447083
2742  160   23 40.860790 39.199706 -4.060959339141846 0.6080459356307983 180 -0.5275047421455383 0.12220710515975952 -0.840716540813446
2743  162   23 40.879872 39.198869 -4.2550201416015625 0.7169626355171204 180 -0.5258452296257019 0.12170045077800751 -0.8418288826942444
2744  163   25 40.897134 39.212954 -4.465288162231445 0.5147770047187805 47 -0.5245075225830078 0.1222461462020874 -0.8425840139389038
2745  165   25 40.911723 39.216216 -4.584650039672852 0.46035832166671753 48 -0.522305428981781 0.12641173601150513 -0.8433368802070618
2746  165   25 40.920617 39.216277 -4.346342086791992 0.46819522976875305 44 -0.5209859609603882 0.12860378623008728 -0.8438215255737305
2747  165   24 40.911045 39.209380 -4.704905986785889 0.5593235492706299 46 -0.523657500743866 0.12026993930339813 -0.8433967232704163
2748  165   24 40.919898 39.209051 -4.2588911056518555 0.6302598118782043 193 -0.5229243040084839 0.12004069983959198 -0.8438841700553894
2749  163   24 40.892963 39.202165 -4.368777751922607 0.6710562109947205 45 -0.524869441986084 0.12115447223186493 -0.842516303062439
2750  164   24 40.901498 39.202260 -4.329995155334473 0.5170007348060608 47 -0.5241832137107849 0.12091231346130371 -0.8429781198501587
2751  163   23 40.892992 39.195818 -4.878438949584961 0.6559288501739502 45 -0.5246269106864929 0.12148559838533401 -0.8426196575164795
2752  164   23 40.901569 39.195301 -3.963181257247925 0.5921727418899536 41 -0.5239212512969971 0.1212754100561142 -0.8430888652801514
2753  165   24 40.911050 39.202064 -3.8109333515167236 0.49386462569236755 48 -0.5233972668647766 0.12065575271844864 -0.8435031175613403
2754  165   24 40.919991 39.201453 -3.694401979446411 0.5682954788208008 48 -0.5226472616195679 0.12043832987546921 -0.8439990878105164
2755  165   23 40.910156 39.194988 -3.8994014263153076 0.4766843020915985 50 -0.523205578327179 0.12105035036802292 -0.8435655236244202
2756  165   23 40.919867 39.194966 -4.022309303283691 0.6898469924926758 43 -0.5224193930625916 0.1207815408706665 -0.8440911173820496
2757    4  -71 39.047006 38.359192 -6.782384872436523 0.6798311471939087 44 -0.6443460583686829 0.1494743525981903 -0.7499836683273315
2758    4  -71 39.056128 38.359078 -5.773379325866699 0.13411371409893036 44 -0.6437790393829346 0.14927443861961365 -0.7505103349685669
2759  147    6 40.708611 39.050477 -5.139878273010254 0.22493518888950348 44 -0.5370409488677979 0.12424537539482117 -0.8343561291694641
2760  148    6 40.718474 39.050004 -5.091310977935791 0.3160380721092224 48 -0.5361905097961426 0.12398722022771835 -0.8349412679672241
2761  147    6 40.708123 39.043211 -5.1123456954956055 0.13424432277679443 190 -0.5367306470870972 0.1246299222111702 -0.8344984650611877
2762  148    6 40.716482 39.043393 -4.565062999725342 0.4323313236236572 43 -0.5361123085021973 0.1243978813290596 -0.834930419921875
2763  149    6 40.726309 39.050250 -4.899688720703125 0.22431160509586334 44 -0.5356171131134033 0.12376724928617477 -0.8353418707847595
2764  150    7 40.734932 39.050202 -4.782088279724121 0.1525789499282837 46 -0.5348833203315735 0.12352140992879868 -0.8358482122421265
2765  149    6 40.726555 39.042987 -4.1533427238464355 0.2538715898990631 48 -0.5352769494056702 0.12413714081048965 -0.8355050086975098
2766  147    5 40.707987 39.035790 -5.754947185516357 0.3779488205909729 46 -0.5364909172058105 0.12503616511821747 -0.834591805934906
2767  152    4 40.762065 39.028265 -4.703286170959473 0.21269725263118744 41 -0.531895101070404 0.12393559515476227 -0.8376918435096741
2768  153    4 40.771497 39.028150 -4.480100631713867 0.139129638671875 46 -0.531201958656311 0.12369469553232193 -0.838167130947113
2769  156    7 40.807823 39.056113 -5.03176736831665 0.9724909663200378 46 -0.5288954377174377 0.12214664369821548 -0.8398510813713074
2770  158   10 40.826792 39.076683 -6.709000110626221 0.46679964661598206 47 -0.5260213017463684 0.12971799075603485 -0.8405206203460693
2771  158    9 40.826466 39.069835 -5.579498291015625 0.29026493430137634 48 -0.525787353515625 0.13008511066436768 -0.8406102061271667
2772  158   10 40.835543 39.076671 -6.709883689880371 0.7081817984580994 38 -0.5254215002059937 0.1294940561056137 -0.840930163860321
2773  159   10 40.844418 39.076609 -5.057685852050781 0.7145164608955383 43 -0.5247933864593506 0.12926499545574188 -0.8413575291633606
2774  158    9 40.835658 39.069575 -5.395646095275879 0.41133636236190796 45 -0.525101900100708 0.12985029816627502 -0.8410748243331909
2775  159    9 40.844389 39.069589 -4.652319431304932 0.6399747133255005 48 -0.5245271921157837 0.12963148951530457 -0.8414670825004578
2776  157    8 40.816696 39.063211 -8.550240516662598 1.814094066619873 42 -0.5262488722801208 0.13069389760494232 -0.8402268886566162
2777  158    8 40.825693 39.062769 -5.4095635414123535 0.4591485857963562 39 -0.5255976915359497 0.13048052787780762 -0.8406676054000854
2778  157    7 40.816897 39.055490 -6.181328773498535 0.8981636762619019 48 -0.5279467701911926 0.12305419892072678 -0.8403153419494629
2779  158    7 40.825899 39.055608 -4.863607883453369 0.8343040943145752 38 -0.5267559885978699 0.12540921568870544 -0.8407143950462341
2780  159    8 40.838798 39.059536 -4.539406776428223 0.5615718364715576 43 -0.5249651670455933 0.12891270220279694 -0.841304361820221
2781  154    6 40.789279 39.042205 -4.7699480056762695 0.3117900788784027 47 -0.5302592515945435 0.12244675308465958 -0.8389469385147095
2782  155    6 40.798970 39.048507 -6.255614280700684 1.4657458066940308 44 -0.5296361446380615 0.12182758003473282 -0.8394305109977722
2783  156    6 40.807887 39.048587 -4.955920219421387 0.813972532749176 39 -0.5289965867996216 0.12159261107444763 -0.8398677706718445
2784  173   33 41.007825 39.281675 -5.043724060058594 0.6422650218009949 42 -0.5158491134643555 0.12376940250396729 -0.8476914763450623
2785  174   33 41.021636 39.284953 -5.682868480682373 0.5852105021476746 44 -0.5148146152496338 0.12320049107074738 -0.8484029769897461
2786  157    5 40.822417 39.031380 -3.625234365463257 0.637721598148346 42 -0.5272790193557739 0.1221185103058815 -0.8408709168434143
2787  159    4 40.838438 39.030423 -3.983585834503174 0.49231472611427307 48 -0.5259882211685181 0.12173114717006683 -0.8417350649833679
2788  150    2 40.734891 39.007968 -4.210261344909668 0.2347913235425949 44 -0.5333576798439026 0.12578155100345612 -0.8364858627319336
2789  149    1 40.724839 39.000702 -3.804797649383545 0.5747570991516113 56 -0.5339361429214478 0.12646017968654633 -0.8360143899917603
2790  150    1 40.733490 39.000900 -3.6788036823272705 0.35151419043540955 42 -0.5333234667778015 0.12622369825839996 -0.8364410996437073
2791  151    3 40.752430 39.021734 -5.033164978027344 0.22129684686660767 42 -0.5323864817619324 0.12454195320606232 -0.8372896909713745
2792  150    3 40.742846 39.014221 -4.9607157707214355 0.39149153232574463 43 -0.5329408645629883 0.12522321939468384 -0.8368352651596069
2793  151    3 40.752687 39.014413 -4.582038402557373 0.2396029233932495 41 -0.5322163701057434 0.12495211511850357 -0.8373367190361023
2794  152    3 40.761714 39.021397 -5.243802070617676 0.33265936374664307 42 -0.5317042469978333 0.1243181899189949 -0.8377562761306763
2795  153    3 40.771077 39.021188 -4.521951675415039 0.24809280037879944 49 -0.5310146808624268 0.12408427149057388 -0.8382282257080078
2796  152    3 40.762064 39.014437 -5.096766471862793 0.20342935621738434 44 -0.5314743518829346 0.12469059228897095 -0.8378468751907349
2797  153    3 40.770706 39.014102 -4.896769046783447 0.25002628564834595 49 -0.5308499336242676 0.124485544860363 -0.8382731080055237
2798  151    2 40.743323 39.007702 -3.8659157752990723 0.3411657214164734 42 -0.5327355265617371 0.12557440996170044 -0.8369134068489075
2799  151    2 40.752300 39.007643 -3.6925454139709473 0.46284282207489014 45 -0.5320761203765869 0.12534058094024658 -0.8373677730560303
2800  151    1 40.743292 39.000740 -3.8777027130126953 0.32283177971839905 52 -0.5325758457183838 0.125967338681221 -0.8369559645652771
2801  151    1 40.752826 39.000467 -3.553858518600464 0.559966504573822 52 -0.5318496823310852 0.12572616338729858 -0.8374537825584412
2802  152    1 40.765773 39.003788 -4.156691551208496 0.6836749315261841 48 -0.5309802293777466 0.12519751489162445 -0.8380844593048096
2803  148    0 40.715363 38.993688 -4.109324932098389 0.15591847896575928 50 -0.5344355702400208 0.12709973752498627 -0.8355981707572937
2804  147    0 40.706622 38.987244 -4.641797065734863 0.18391937017440796 50 -0.5348617434501648 0.1276807188987732 -0.8352368474006653
2805  148    0 40.715579 38.986867 -4.227163314819336 0.08607441931962967 53 -0.5341898798942566 0.12746243178844452 -0.8357000350952148
2806  149    0 40.725009 38.993477 -3.914132833480835 0.18449796736240387 41 -0.5337072014808655 0.12685170769691467 -0.8361012935638428
2807  150    0 40.733855 38.993726 -4.1027936935424805 0.31552907824516296 47 -0.533056914806366 0.12660129368305206 -0.8365539312362671
2808  149    0 40.725438 38.986461 -4.046654224395752 0.10239686071872711 50 -0.5334179401397705 0.12721405923366547 -0.8362307548522949
2809  150    0 40.734029 38.986593 -4.157729148864746 0.20961301028728485 53 -0.5327932238578796 0.12697893381118774 -0.8366647362709045
2810  147    0 40.706753 38.979910 -4.610055446624756 0.14563661813735962 58 -0.5345903038978577 0.1280701458454132 -0.8353509902954102
2811  148    0 40.715454 38.979673 -4.475508213043213 0.1800975799560547 56 -0.5339285135269165 0.12784793972969055 -0.8358081579208374
2812  147   -1 40.706570 38.972828 -4.966839790344238 0.178514301776886 51 -0.5343614816665649 0.12845714390277863 -0.8354380130767822
2813  148   -1 40.715441 38.972921 -4.447237014770508 0.37805986404418945 56 -0.5337191224098206 0.12821687757968903 -0.8358854651451111
2814  149   -1 40.729152 38.976338 -3.7742397785186768 0.22307221591472626 53 -0.532767653465271 0.1276528388261795 -0.836578369140625
2815  151    0 40.747026 38.989685 -3.6965742111206055 0.33571505546569824 52 -0.5319334268569946 0.1264650523662567 -0.8372893333435059
2816  152    0 40.765839 38.989270 -3.773165464401245 0.374683141708374 52 -0.530448853969574 0.12596693634986877 -0.8383057117462158
2817  151   -1 40.747616 38.975504 -4.202559471130371 0.27347734570503235 51 -0.5312963128089905 0.12718531489372253 -0.8375847339630127
2818  152   -1 40.765277 38.975663 -3.5828607082366943 0.33596929907798767 58 -0.5299319624900818 0.12668955326080322 -0.8385236263275146
2819   89  -37 40.029894 38.653783 -5.723370552062988 1.0364069938659668 52 -0.5810837149620056 0.13992029428482056 -0.8017256855964661
2820   92  -34 40.067396 38.681272 -5.045778274536133 0.48037266731262207 53 -0.5785868763923645 0.13969577848911285 -0.8035685420036316
2821   95  -34 40.101928 38.680154 -5.09049654006958 0.5795488357543945 50 -0.5758658647537231 0.1404714435338974 -0.8053858280181885
2822   92  -37 40.065888 38.652993 -4.412712097167969 0.7282465696334839 723 -0.5787655711174011 0.13809922337532043 -0.8037157654762268
2823   95  -37 40.100395 38.656340 -4.6840596199035645 0.6656156182289124 760 -0.5755490064620972 0.14085255563259125 -0.8055457472801208
2824   97  -28 40.126379 38.740350 -6.212560653686523 0.12753018736839294 173 -0.5755619406700134 0.13622811436653137 -0.80633145570755
2825   98  -28 40.134998 38.740746 -7.03804349899292 0.43727418780326843 143 -0.5749979019165039 0.1359880417585373 -0.8067741990089417
2826   99  -28 40.143403 38.740752 -6.828929424285889 0.4125816524028778 176 -0.5745593905448914 0.13580463826656342 -0.8071175217628479
2827  100  -28 40.152772 38.739424 -5.994239807128906 0.09524618089199066 48 -0.5739092826843262 0.1356508880853653 -0.8076057434082031
2828   97  -28 40.126261 38.733939 -5.859918117523193 0.30736908316612244 45 -0.5753647089004517 0.1366019994020462 -0.8064090013504028
2829   98  -28 40.134890 38.733640 -6.176025390625 0.3035832345485687 46 -0.5747891664505005 0.13640441000461578 -0.8068526983261108
2830   97  -29 40.126160 38.726482 -5.363786220550537 0.26417988538742065 47 -0.5751591920852661 0.13704177737236023 -0.8064809441566467
2831   98  -29 40.134803 38.726586 -5.840543270111084 0.1342228651046753 143 -0.5745893716812134 0.13681848347187042 -0.8069249391555786
2832   99  -28 40.143665 38.733821 -6.43540096282959 0.24455024302005768 58 -0.5742378234863281 0.13617956638336182 -0.8072831630706787
2833  100  -28 40.152735 38.733286 -5.924283981323242 0.1655728816986084 45 -0.5736119151115417 0.13598190248012543 -0.8077613115310669
2834   99  -29 40.142952 38.726962 -5.865403652191162 0.17393992841243744 41 -0.5740832090377808 0.13659775257110596 -0.8073224425315857
2835  100  -29 40.153058 38.726628 -5.388915538787842 0.32790523767471313 40 -0.5733421444892883 0.13634948432445526 -0.8078908920288086
2836  101  -28 40.161964 38.740115 -6.120018482208252 0.1074775904417038 36 -0.573165237903595 0.1353452503681183 -0.8081852197647095
2837  101  -28 40.170471 38.740609 -6.208798885345459 0.12039896845817566 57 -0.5724462866783142 0.13506419956684113 -0.8087416291236877
2838  102  -28 40.180082 38.740754 -6.239834785461426 0.13347430527210236 2592 -0.571735143661499 0.13479670882225037 -0.8092890977859497
2839  103  -28 40.188873 38.740154 -5.8338398933410645 0.1505701243877411 2989 -0.5710838437080383 0.1346002072095871 -0.8097814917564392
2840  101  -29 40.165637 38.729498 -5.546313762664795 0.4734543263912201 594 -0.5725456476211548 0.1358562856912613 -0.8085384964942932
2841  102  -29 40.179661 38.731972 -6.161231517791748 0.4975574016571045 831 -0.5715337991714478 0.13532565534114838 -0.8093430399894714
2842  103  -29 40.188795 38.732695 -6.392603874206543 0.2647991478443146 170 -0.5708401799201965 0.13502907752990723 -0.8098819255828857
2843  102  -29 40.180008 38.725851 -5.504602432250977 0.2707376480102539 194 -0.5713083148002625 0.1356668621301651 -0.8094450831413269
2844  103  -29 40.188555 38.725989 -5.766515254974365 0.1339607834815979 188 -0.5706551671028137 0.13542364537715912 -0.8099464178085327
2845    0  -78 38.993945 38.288826 -3.382701873779297 0.14834928512573242 185 -0.6454648971557617 0.15447233617305756 -0.748006284236908
2846    0  -78 39.002727 38.288685 -3.358090877532959 0.17168058454990387 119 -0.6449457406997681 0.1542850285768509 -0.7484925389289856
2847    0  -79 38.993488 38.281670 -3.2565300464630127 0.10577809065580368 186 -0.6453135013580322 0.15487724542617798 -0.7480531930923462
2848    0  -79 39.002664 38.281619 -3.2277133464813232 0.1126415804028511 192 -0.6447789669036865 0.15467776358127594 -0.7485552430152893
2849    1  -77 39.011732 38.302940 -3.634080410003662 0.1636853963136673 51 -0.6447443962097168 0.15329210460186005 -0.7488698959350586
2850    1  -77 39.020484 38.302892 -3.3347280025482178 0.08377771824598312 50 -0.6442506313323975 0.15310606360435486 -0.749332845211029
2851    1  -78 39.011584 38.295778 -3.5444507598876953 0.1669318825006485 51 -0.6445846557617188 0.15369275212287903 -0.7489253282546997
2852    1  -78 39.020489 38.295802 -3.588153600692749 0.16628503799438477 50 -0.6440925002098083 0.15350127220153809 -0.7493879199028015
2853    2  -77 39.033745 38.299288 -3.1710050106048584 0.3184410035610199 18 -0.6434413194656372 0.15302488207817078 -0.7500444650650024
2854    1  -79 39.016142 38.285248 -3.677753210067749 0.19767923653125763 34 -0.6441054940223694 0.154184490442276 -0.7492364645004272
2855    2  -79 39.033793 38.285204 -4.146398067474365 0.36198362708091736 37 -0.643158495426178 0.1538165956735611 -0.7501250505447388
2856   -1  -80 38.979914 38.271056 -2.914430856704712 0.24850203096866608 33 -0.6458895206451416 0.1557759791612625 -0.7473690509796143
2857    0  -80 38.998508 38.271136 -3.0101406574249268 0.3484732210636139 155 -0.6447798013687134 0.15535299479961395 -0.7484146356582642
2858   -1  -82 38.980364 38.257170 -2.9589462280273438 0.4200184643268585 135 -0.6455534100532532 0.15654176473617554 -0.7474995255470276
2859    0  -82 38.998248 38.257042 -3.9723784923553467 0.8838157653808594 477 -0.6445657014846802 0.1561661958694458 -0.7484298348426819
2860    2  -81 39.024152 38.264846 -4.088362216949463 1.1533461809158325 517 -0.6432710886001587 0.1551659256219864 -0.7497504949569702
2861    4  -77 39.052017 38.299407 -3.512399435043335 0.753787636756897 472 -0.6424193978309631 0.15262477099895477 -0.7510013580322266
2862    6  -77 39.069393 38.299774 -5.050886631011963 0.5633257627487183 548 -0.6415312886238098 0.15224869549274445 -0.751836359500885
2863    4  -79 39.050913 38.285236 -5.080600261688232 0.7540616393089294 323 -0.6422489881515503 0.15345753729343414 -0.7509773373603821
2864    6  -79 39.069035 38.285220 -3.8093230724334717 1.617044448852539 1619 -0.6412785053253174 0.15307873487472534 -0.7518835067749023
2865    8  -78 39.097145 38.292726 -2.3908731937408447 1.3494211435317993 1512 -0.6396817564964294 0.15201109647750854 -0.7534586191177368
2866    5  -81 39.060191 38.264214 -2.1249988079071045 1.223793387413025 1929 -0.6411824822425842 0.15440888702869415 -0.7516933679580688
2867  131  -36 40.514655 38.662220 -4.759115695953369 0.3977794349193573 1428 -0.5440611243247986 0.1301637589931488 -0.8288877606391907
2868  116  -45 40.334362 38.579212 -3.9387643337249756 0.4845816493034363 1940 -0.5570480823516846 0.13134485483169556 -0.8200280666351318
2869  128  -45 40.476767 38.578850 -4.343297004699707 0.38977932929992676 2085 -0.545659601688385 0.12937045097351074 -0.8279606699943542
2870   97  -64 40.115737 38.414496 -2.650481939315796 0.6303235292434692 1872 -0.5704427361488342 0.13615313172340393 -0.8099737763404846
2871  -92 -146 37.951167 37.678825 -0.6660590767860413 0.7709203958511353 1507 -0.6976578235626221 0.16659407317638397 -0.6967926621437073
2872  -86 -130 38.012863 37.823846 -1.0555996894836426 0.8560141324996948 1500 -0.6958757042884827 0.16760917007923126 -0.698329508304596
2873  -80 -130 38.086416 37.823902 -1.6400394439697266 1.2305532693862915 152 -0.6919598579406738 0.1660105288028717 -0.7025895118713379
2874  -87 -136 38.010126 37.766664 -1.255739450454712 0.9004166722297668 159 -0.6965819597244263 0.1614282727241516 -0.6990811228752136
2875  -80 -136 38.084914 37.769104 -1.8816497325897217 1.4584211111068726 146 -0.6921625733375549 0.16255149245262146 -0.7031983733177185
2876  -70 -132 38.195709 37.802674 -1.4485797882080078 0.9095057845115662 164 -0.6861153841018677 0.16348250210285187 -0.708885908126831
2877  -83 -145 38.050241 37.685504 -1.087857961654663 0.9374797940254211 597 -0.6927542686462402 0.16410192847251892 -0.7022550106048584
2878  -71 -144 38.187389 37.691410 -1.7864227294921875 1.49092435836792 622 -0.6857722401618958 0.16079804301261902 -0.7098312973976135
2879  -27 -137 38.686976 37.757132 -1.617806315422058 1.277845859527588 632 -0.6578182578086853 0.15441757440567017 -0.737177312374115
2880  -53 -166 38.393621 37.494816 -1.2499244213104248 2.7586214542388916 26 -0.6712774038314819 0.16001281142234802 -0.7237282395362854
2881   26  -64 39.297947 38.422536 -4.941833972930908 0.44742730259895325 26 -0.6283966302871704 0.1503431499004364 -0.7632264494895935
2882   26  -64 39.307373 38.422135 -4.268818378448486 0.35090336203575134 24 -0.6278282999992371 0.15015453100204468 -0.7637311220169067
2883   27  -63 39.315682 38.429183 -4.999042510986328 0.31762975454330444 25 -0.6274135708808899 0.14956390857696533 -0.764187753200531
2884   28  -63 39.324233 38.428996 -5.959380626678467 0.6177522540092468 26 -0.6268997192382812 0.14938290417194366 -0.7646447420120239
2885   27  -64 39.315643 38.422000 -4.260434627532959 0.40791618824005127 38 -0.6273279786109924 0.1499757170677185 -0.7641772627830505
2886   28  -64 39.324406 38.422114 -5.0363287925720215 0.9580422043800354 30 -0.6267558336257935 0.14976023137569427 -0.7646888494491577
2887   34  -59 39.396740 38.462474 -3.9340784549713135 0.20551905035972595 30 -0.6230215430259705 0.14586608111858368 -0.7684837579727173
2888   32  -60 39.369634 38.450151 -3.535066604614258 0.2206476628780365 26 -0.6244794726371765 0.14716795086860657 -0.7670508623123169
2889   33  -60 39.378559 38.450251 -3.9155662059783936 0.2666604518890381 18 -0.6239327192306519 0.1469600647687912 -0.7675355076789856
2890   33  -60 39.387554 38.457013 -4.04866361618042 0.21667908132076263 20 -0.623495876789093 0.14637905359268188 -0.76800137758255
2891   34  -60 39.396352 38.456959 -3.6316092014312744 0.23091398179531097 28 -0.622946560382843 0.146180659532547 -0.7684848308563232
2892   33  -60 39.387419 38.450346 -3.787433385848999 0.25792351365089417 30 -0.623394250869751 0.14675451815128326 -0.7680122256278992
2893   34  -61 39.397158 38.449657 -4.680710792541504 0.4131382703781128 27 -0.6228046417236328 0.14657647907733917 -0.7685244083404541
2894   29  -62 39.333352 38.436001 -5.242759704589844 0.44446825981140137 26 -0.6264688968658447 0.14878468215465546 -0.7651143074035645
2895   29  -62 39.342649 38.436184 -4.598795413970947 0.8809404373168945 35 -0.6259014010429382 0.14856316149234772 -0.7656216621398926
2896   30  -61 39.351811 38.443322 -4.363803863525391 0.218422532081604 39 -0.6254303455352783 0.14794835448265076 -0.7661254405975342
2897   31  -61 39.360603 38.442887 -3.7406697273254395 0.2981225550174713 31 -0.6249186396598816 0.14778096973896027 -0.7665752172470093
2898   30  -62 39.351622 38.435840 -4.743731498718262 0.31522804498672485 37 -0.625365138053894 0.14838267862796783 -0.7660946846008301
2899   31  -62 39.360167 38.436534 -3.847449779510498 0.3300010859966278 44 -0.6248840093612671 0.14815659821033478 -0.7665309309959412
2900   29  -63 39.333912 38.429082 -5.582294940948486 1.4698139429092407 31 -0.6263833045959473 0.14917467534542084 -0.7651084661483765
2901   29  -63 39.342785 38.429123 -2.5337600708007812 0.5037100911140442 42 -0.625856339931488 0.1489749252796173 -0.7655784487724304
2902   29  -64 39.334425 38.421751 -6.555727005004883 1.3289662599563599 40 -0.6262063980102539 0.1495690494775772 -0.7651762366294861
2903   29  -64 39.342553 38.421729 -3.3064515590667725 0.5674367547035217 43 -0.6257480382919312 0.14939476549625397 -0.76558518409729
2904   31  -63 39.356006 38.425926 -3.0930256843566895 0.5534672737121582 50 -0.624936580657959 0.14883960783481598 -0.7663556933403015
2905   32  -61 39.370136 38.442669 -3.270569324493408 0.16716530919075012 51 -0.6243685483932495 0.14758537709712982 -0.7670609951019287
2906   33  -61 39.378710 38.442481 -3.4950225353240967 0.20212216675281525 54 -0.6238489151000977 0.1474035233259201 -0.7675186395645142
2907   32  -62 39.369886 38.435689 -3.0140621662139893 0.20418816804885864 47 -0.624319851398468 0.14799396693706512 -0.7670218348503113
2908   33  -62 39.378257 38.436196 -2.835477352142334 0.21329490840435028 40 -0.6238100528717041 0.14777417480945587 -0.767478883266449
2909   34  -62 39.391762 38.439892 -3.304002285003662 0.6529788970947266 34 -0.6229745149612427 0.1472443789243698 -0.7682589888572693
2910   32  -63 39.373196 38.425383 -2.486726760864258 0.2311483472585678 53 -0.6237841248512268 0.1484571099281311 -0.7673681378364563
2911   34  -63 39.391610 38.425337 -2.3967702388763428 0.19979996979236603 45 -0.6224700808525085 0.1479967087507248 -0.7685232758522034
2912   10  -65 39.123744 38.411747 -6.850640296936035 0.406329482793808 1470 -0.6389504671096802 0.15495145320892334 -0.7534801959991455
2913   12  -65 39.141051 38.411903 -6.4677300453186035 0.6472015380859375 83 -0.6379187107086182 0.15455225110054016 -0.7544357776641846
2914   10  -66 39.119261 38.401366 -6.9480791091918945 0.4056655764579773 167 -0.6389957666397095 0.15563109517097473 -0.7533016800880432
2915   11  -66 39.128240 38.401262 -6.937917232513428 0.2634439170360565 429 -0.6384508609771729 0.1554325968027115 -0.7538045644760132
2916   10  -67 39.119093 38.394359 -6.639256000518799 0.2665095031261444 138 -0.6388682723045349 0.1560291349887848 -0.7533274292945862
2917   11  -67 39.127803 38.394279 -6.9330220222473145 0.3142632842063904 111 -0.6383347511291504 0.1558336764574051 -0.7538200616836548
2918   11  -66 39.136421 38.401343 -6.804141521453857 0.4293127954006195 42 -0.6379644870758057 0.15524369478225708 -0.7542551159858704
2919   12  -66 39.145341 38.401260 -6.219830513000488 0.24782690405845642 29 -0.6373853087425232 0.15503601729869843 -0.7547873258590698
2920   11  -67 39.136456 38.394278 -6.749129295349121 0.3990960419178009 51 -0.6377968788146973 0.15563270449638367 -0.7543166279792786
2921   12  -67 39.145877 38.393961 -6.917478084564209 0.5775765180587769 15 -0.6371662616729736 0.1554226577281952 -0.7548927068710327
2922   13  -64 39.154828 38.415293 -6.326563835144043 0.19547723233699799 24 -0.6371273398399353 0.1540432572364807 -0.7552082538604736
2923   14  -64 39.163774 38.415296 -6.187714099884033 0.20466971397399902 32 -0.6365646719932556 0.15383470058441162 -0.7557250261306763
2924   13  -65 39.154576 38.408317 -6.480114936828613 0.4365503191947937 19 -0.636965811252594 0.15443022549152374 -0.755265474319458
2925   14  -65 39.163823 38.408319 -6.748756408691406 0.3867585361003876 47 -0.6363911628723145 0.15421631932258606 -0.7557933926582336
2926   15  -64 39.172524 38.415377 -6.5757880210876465 0.09965962916612625 457 -0.6360152363777161 0.15362608432769775 -0.7562299370765686
2927   15  -64 39.181558 38.415323 -6.294183254241943 0.2633558511734009 444 -0.6354466080665588 0.15341883897781372 -0.7567498683929443
2928   15  -65 39.172806 38.408163 -7.591021537780762 0.5657200217247009 347 -0.6358472108840942 0.15402156114578247 -0.7562907934188843
2929   15  -65 39.181700 38.408401 -6.583319187164307 0.18653908371925354 96 -0.6352730989456177 0.15379609167575836 -0.7568188905715942
2930   13  -66 39.155041 38.401088 -7.5460286140441895 0.5471407175064087 100 -0.6367631554603577 0.1548168957233429 -0.7553571462631226
2931   14  -66 39.163348 38.401011 -7.613692283630371 0.2780090570449829 92 -0.636274516582489 0.15463612973690033 -0.7558057904243469
2932   13  -67 39.154496 38.394402 -7.806650161743164 0.31995755434036255 118 -0.6366439461708069 0.15519896149635315 -0.7553792595863342
2933   15  -66 39.172788 38.401394 -8.020033836364746 0.412253737449646 110 -0.6357064843177795 0.1543981283903122 -0.756332278251648
2934   32   76 39.373846 39.684423 -4.909043788909912 0.9602877497673035 94 -0.6416290402412415 0.15049976110458374 -0.7521050572395325
2935   41  116 39.485898 40.052298 0.8832404613494873 0.8195255994796753 156 -0.6389409303665161 0.15398357808589935 -0.7536866068840027
2936   50   94 39.588296 39.852859 -1.5288197994232178 1.2520129680633545 23 -0.6303648948669434 0.15115012228488922 -0.7614418864250183
2937   57   94 39.666517 39.851770 -1.7896171808242798 1.2284077405929565 21 -0.6250727772712708 0.15094858407974243 -0.7658319473266602
2938   38   76 39.443264 39.684906 -5.071680068969727 1.1235857009887695 30 -0.6370450854301453 0.15043090283870697 -0.7560053467750549
2939   66   92 39.776890 39.828424 -1.3687034845352173 1.1330502033233643 22 -0.617775559425354 0.14826561510562897 -0.7722503542900085
2940   78   91 39.920668 39.823580 -0.8900988698005676 0.8195816278457642 47 -0.6076983213424683 0.14637289941310883 -0.7805624604225159
2941   13  -80 39.155741 38.274772 -3.8219082355499268 1.6855148077011108 16 -0.6353095173835754 0.1515806019306183 -0.7572352290153503
2942   75   51 39.879994 39.456433 -5.943953037261963 1.1622287034988403 40 -0.6053223013877869 0.1428549736738205 -0.783056378364563
2943   81   51 39.952126 39.457176 -5.763665199279785 0.9528059959411621 18 -0.6001777052879333 0.14283420145511627 -0.7870102524757385
2944   45   34 39.528025 39.310813 -6.995194435119629 0.7171849012374878 45 -0.6261754035949707 0.15016411244869232 -0.7650850415229797
2945   71   34 39.829992 39.312152 -6.715966701507568 0.8499135375022888 37 -0.6061981320381165 0.1445908397436142 -0.7820596098899841
2946   41 -153 39.474788 37.615092 -1.429749846458435 1.227718472480774 41 -0.6044566035270691 0.1424773782491684 -0.783793568611145
2947    9   -2 39.115294 38.979927 -7.83494234085083 0.9560011029243469 21 -0.6474576592445374 0.15401336550712585 -0.7463768720626831
2948   21   63 39.251423 39.569603 -6.477165699005127 1.0026618242263794 44 -0.6471551060676575 0.15489237010478973 -0.7464573979377747
2949   -5   37 38.933863 39.334209 -6.833652496337891 0.8467628359794617 24 -0.6628044247627258 0.16023507714271545 -0.7314472198486328
2950   87  -27 40.008808 38.748937 -8.634486198425293 0.18681564927101135 34 -0.5852033495903015 0.13562962412834167 -0.7994633913040161
2951   86  -28 40.000198 38.742124 -7.673369884490967 0.4800087809562683 37 -0.5856118202209473 0.13618481159210205 -0.7990698218345642
2952   87  -28 40.008694 38.741600 -8.142999649047852 0.1770135909318924 29 -0.5849990248680115 0.13600270450115204 -0.7995495200157166
2953   85  -28 39.982056 38.735302 -8.286742210388184 0.25160926580429077 27 -0.5866341590881348 0.13696210086345673 -0.7981865406036377
2954   86  -28 39.990810 38.734939 -7.5494232177734375 0.36622950434684753 39 -0.5860494375228882 0.13677527010440826 -0.7986479997634888
2955   85  -29 39.982146 38.728021 -7.923367023468018 0.17542067170143127 41 -0.5864259004592896 0.13733015954494476 -0.7982763648033142
2956   88  -27 40.018278 38.748798 -8.40745735168457 0.30459460616111755 49 -0.5845319032669067 0.1354040503501892 -0.7999926209449768
2957   89  -27 40.025942 38.748573 -8.031003952026367 0.12707172334194183 43 -0.5840087532997131 0.13523322343826294 -0.8004035353660583
2958  -18  119 38.788761 40.079359 -0.04073147475719452 0.7557382583618164 45 -0.6791501045227051 0.16465801000595093 -0.7152921557426453
2959   48   10 39.555238 39.090497 -7.596586227416992 0.7940065860748291 49 -0.6210605502128601 0.14817480742931366 -0.7696284651756287
2960   -9 -107 38.895295 38.028191 -0.7549075484275818 0.73072350025177 30 -0.6487583518028259 0.15312421321868896 -0.7454298138618469
2961    4 -106 39.045911 38.039460 -0.7774817943572998 0.9271537065505981 46 -0.639260470867157 0.1517544835805893 -0.7538678050041199
2962   -8 -120 38.899508 37.912466 -1.2859694957733154 0.8866500854492188 43 -0.6465924978256226 0.15342743694782257 -0.7472470998764038
2963    4 -120 39.046012 37.911148 -1.076470971107483 1.0607455968856812 46 -0.6371831297874451 0.1517006754875183 -0.7556352019309998
2964   22 -115 39.259201 37.955819 -0.7003615498542786 0.5742272734642029 48 -0.6240814328193665 0.14812171459197998 -0.7671911716461182
2965   -2   60 38.969699 39.548418 -5.829531669616699 1.1434246301651 47 -0.6634659171104431 0.1585768610239029 -0.7312088012695312
2966   40   67 39.476880 39.608410 -6.318813800811768 1.3310701847076416 42 -0.633776068687439 0.1520771086215973 -0.7584196329116821
2967   10 -152 39.123633 37.627461 -1.1596919298171997 1.1935641765594482 39 -0.6284205317497253 0.14790624380111694 -0.7636828422546387
2968   47  -88 39.539706 38.205061 -1.8040626049041748 1.1701529026031494 46 -0.6090250611305237 0.14387518167495728 -0.7799926400184631
2969   72  -84 39.831963 38.235525 -2.029603958129883 1.4990884065628052 43 -0.5887941122055054 0.13900336623191833 -0.7962408661842346
2970   38 -115 39.440015 37.955228 -0.8523280620574951 0.4313965439796448 47 -0.611956000328064 0.14510753750801086 -0.7774661779403687
2971   66   -8 39.762612 38.924200 -7.823394298553467 1.094842791557312 54 -0.6049383878707886 0.14261452853679657 -0.78339684009552
2972   78   -8 39.910663 38.922460 -7.324528694152832 0.9962170124053955 23 -0.5944039821624756 0.1406034231185913 -0.7917793989181519
2973   66  -20 39.763289 38.809122 -7.927527904510498 0.8729513883590698 32 -0.6027522683143616 0.1435801237821579 -0.7849040627479553
2974  -12  -85 38.860094 38.232351 -4.105723857879639 0.18330100178718567 38 -0.6527442932128906 0.15730248391628265 -0.7410674095153809
2975  -13  -85 38.850840 38.225410 -4.00115442276001 0.19569207727909088 43 -0.653100848197937 0.15794683992862701 -0.7406160831451416
2976  -12  -85 38.859935 38.225406 -3.970055103302002 0.12061160802841187 33 -0.6525974273681641 0.1577438861131668 -0.7411028146743774
2977  -10  -84 38.877487 38.239369 -3.8899364471435547 0.13021981716156006 37 -0.6519367098808289 0.1564708799123764 -0.7419537901878357
2978   -9  -83 38.886899 38.246706 -3.5806686878204346 0.3380328118801117 41 -0.6515415906906128 0.1557902842760086 -0.7424439191818237
2979   -9  -83 38.895601 38.246457 -3.6220245361328125 0.16308332979679108 33 -0.6510341167449951 0.15560664236545563 -0.7429274320602417
2980   -9  -84 38.886354 38.239395 -3.2891504764556885 0.2665640115737915 40 -0.6514614224433899 0.15627582371234894 -0.742412269115448
2981   -9  -84 38.896003 38.239443 -3.275912284851074 0.13254716992378235 42 -0.6508443355560303 0.15603728592395782 -0.7430033683776855
2982  -11  -85 38.868634 38.232565 -3.714745044708252 0.1599877029657364 38 -0.6522923111915588 0.1571023315191269 -0.7415076494216919
2983  -10  -85 38.877629 38.232800 -3.6356005668640137 0.20647422969341278 34 -0.6517612338066101 0.1568770855665207 -0.7420220971107483
2984  -11  -85 38.868575 38.225365 -3.5621190071105957 0.17330402135849 34 -0.6521309614181519 0.15755635499954224 -0.7415532469749451
2985  -10  -85 38.877882 38.225472 -3.4153225421905518 0.1833149641752243 31 -0.6515824794769287 0.1573333591222763 -0.7420825362205505
2986   -9  -85 38.886528 38.232406 -3.531184434890747 0.17514275014400482 35 -0.6512499451637268 0.1567007303237915 -0.7425081729888916
2987   -9  -85 38.895877 38.232346 -3.489861249923706 0.21788203716278076 31 -0.6507105827331543 0.15649107098579407 -0.7430250644683838
2988   -9  -85 38.886705 38.225241 -3.8447093963623047 0.25952449440956116 26 -0.6510383486747742 0.15713843703269958 -0.7426012754440308
2989   -9  -85 38.895686 38.225388 -3.87994122505188 0.11746414005756378 28 -0.6505286693572998 0.15692448616027832 -0.7430930137634277
2990  -13  -86 38.841948 38.218569 -3.7156856060028076 0.17125548422336578 41 -0.6533981561660767 0.1585673689842224 -0.7402210831642151
2991  -14  -87 38.832990 38.211186 -4.155415058135986 0.15409503877162933 33 -0.6537917852401733 0.1592497080564499 -0.7397269010543823
2992  -13  -87 38.841542 38.211292 -3.6584842205047607 0.2950514853000641 2703 -0.653303325176239 0.1590474545955658 -0.7402017712593079
2993  -13  -86 38.850973 38.218226 -3.935272216796875 0.20804539322853088 2705 -0.6528728604316711 0.15838278830051422 -0.7407239675521851
2994  -12  -86 38.859907 38.218168 -3.676596164703369 0.13578633964061737 2332 -0.6523942351341248 0.15819072723388672 -0.7411865592002869
2995  -12  -87 38.851817 38.211315 -3.8398525714874268 0.308219313621521 11328 -0.6526239514350891 0.1587880700826645 -0.7408564686775208
2996  -12  -87 38.859972 38.211339 -3.543578624725342 0.20515936613082886 8874 -0.6521984934806824 0.1586104929447174 -0.7412691116333008
2997  -14  -88 38.832924 38.204339 -3.7833504676818848 0.3554633557796478 10947 -0.6536448001861572 0.15968462824821472 -0.7397630214691162
2998  -13  -88 38.841778 38.203944 -3.2386868000030518 0.3533075153827667 8359 -0.6530859470367432 0.15949639678001404 -0.7402970790863037
2999  -14  -89 38.833002 38.197096 -3.189610719680786 0.10943691432476044 2102 -0.6534388065338135 0.16013094782829285 -0.7398485541343689
3000  -13  -89 38.841940 38.197064 -3.130873203277588 0.18090090155601501 1303 -0.6528887152671814 0.1599188596010208 -0.7403798699378967
3001  -12  -88 38.855040 38.200967 -3.9533398151397705 0.7600982785224915 1479 -0.6522122025489807 0.1593688428401947 -0.7410943508148193
3002  -11  -87 38.873450 38.214596 -3.5637471675872803 0.302950918674469 637 -0.6515226364135742 0.15810313820838928 -0.7419715523719788
3003  141    0 40.634359 38.995340 -5.155801296234131 0.14859457314014435 2280 -0.5408412218093872 0.12926077842712402 -0.831133246421814
3004  142    0 40.644000 38.995513 -5.671030044555664 0.21375705301761627 2253 -0.5400140285491943 0.1289641410112381 -0.8317169547080994
3005  141    0 40.634630 38.988019 -4.548693656921387 0.1941070407629013 186 -0.5405913591384888 0.1296563446521759 -0.8312341570854187
3006  142    0 40.643726 38.987758 -4.946219444274902 0.25116080045700073 187 -0.5397980809211731 0.12940028309822083 -0.8317894339561462
3007  143    0 40.652572 38.994811 -5.560692310333252 0.15505224466323853 208 -0.5393526554107666 0.1287715584039688 -0.8321758508682251
3008  143    0 40.661846 38.994565 -5.285524368286133 0.10279856622219086 206 -0.5386015176773071 0.1285237818956375 -0.8327004909515381
3009  143    0 40.652979 38.987792 -5.617530822753906 0.19989845156669617 712 -0.5390341281890869 0.12913145124912262 -0.8323264122009277
3010  141    0 40.634766 38.981080 -4.475419044494629 0.2008284330368042 805 -0.5403589606285095 0.1300341635942459 -0.8313262462615967
3011  142    0 40.643406 38.980889 -4.384984016418457 0.25429767370224 513 -0.5396504402160645 0.12979762256145477 -0.8318232893943787
3012  141   -1 40.634475 38.974146 -4.672041893005371 0.1701062023639679 1839 -0.5401449203491211 0.13041973114013672 -0.8314049243927002
3013  142   -1 40.643462 38.974046 -4.250380039215088 0.1333346962928772 2636 -0.5394025444984436 0.13016565144062042 -0.8319265842437744
3014  143    0 40.651684 38.980808 -5.062956809997559 0.3295416533946991 1890 -0.5389707684516907 0.12956425547599792 -0.8323002457618713
3015  -88 -120 37.998424 37.912204 -4.062012672424316 0.6569559574127197 10283 -0.6992625594139099 0.16230809688568115 -0.6961954236030579
3016  -87 -120 38.007206 37.911369 -2.5880532264709473 0.5812472105026245 604 -0.6988556981086731 0.16219232976436615 -0.6966307163238525
3017  -84 -118 38.043926 37.925611 -2.580183506011963 0.5975781083106995 608 -0.6972501277923584 0.16048340499401093 -0.6986324787139893
3018  -86 -119 38.016047 37.919452 -2.431502342224121 0.3277086019515991 557 -0.6985193490982056 0.1614648401737213 -0.6971368789672852
3019  -85 -119 38.025870 37.919345 -2.666285991668701 0.26986849308013916 652 -0.6980370283126831 0.16127116978168488 -0.6976646184921265
3020  -86 -120 38.016470 37.911727 -3.016671895980835 0.8047976493835449 36 -0.6984080672264099 0.16197863221168518 -0.6971292495727539
3021  -85 -120 38.026541 37.913441 -2.8296291828155518 0.558810830116272 33 -0.697922945022583 0.16165362298488617 -0.6976902484893799
3022  -84 -119 38.034059 37.919288 -2.42693829536438 0.38491472601890564 37 -0.6976537108421326 0.16111071407794952 -0.6980850696563721
3023  -84 -119 38.042605 37.918898 -1.5834650993347168 0.4407660663127899 37 -0.6972184777259827 0.16095998883247375 -0.6985543966293335
3024  -84 -120 38.035459 37.911626 -1.7657890319824219 0.4754778742790222 36 -0.6974579691886902 0.16159193217754364 -0.6981694102287292
3025  -84 -120 38.043264 37.912047 -1.2532625198364258 0.18533653020858765 38 -0.6969998478889465 0.16138572990894318 -0.6986743211746216
3026  -83 -114 38.051286 37.961626 -3.1370863914489746 0.1554272472858429 35 -0.6949853897094727 0.169515460729599 -0.6987559795379639
3027  -82 -114 38.060896 37.960948 -2.644878625869751 0.18453295528888702 40 -0.6945090293884277 0.16936270892620087 -0.6992664337158203
3028  -79 -117 38.095414 37.940298 -1.5695720911026 0.1519467979669571 39 -0.6949886083602905 0.15845829248428345 -0.7013429403305054
3029  -78 -117 38.105315 37.940479 -2.122835159301758 0.3934113383293152 39 -0.6943086981773376 0.15870347619056702 -0.701960563659668
3030  -77 -117 38.113268 37.940682 -2.424226999282837 0.5279710292816162 41 -0.693623423576355 0.16028514504432678 -0.7022786140441895
3031  -83 -118 38.051342 37.926070 -2.8616344928741455 0.8148189783096313 36 -0.6969383955001831 0.16031025350093842 -0.6989832520484924
3032  -82 -118 38.060944 37.925957 -1.586559534072876 0.13261093199253082 35 -0.6963914632797241 0.16010531783103943 -0.6995750069618225
3033   87  -32 40.008296 38.706721 -6.2973222732543945 0.3267833888530731 33 -0.5838934183120728 0.1377415508031845 -0.8000599145889282
3034   86  -32 39.999384 38.699959 -5.891443252563477 0.5200366377830505 36 -0.5844277739524841 0.13832692801952362 -0.7995685935020447
3035   87  -32 40.008413 38.699857 -5.802915573120117 0.3248923122882843 35 -0.5837936997413635 0.13810932636260986 -0.8000692129135132
3036   89  -31 40.026477 38.713522 -6.27439546585083 0.30106282234191895 35 -0.5827711820602417 0.1369406133890152 -0.8010150790214539
3037   90  -30 40.044825 38.720722 -6.04976224899292 0.44012901186943054 40 -0.5817184448242188 0.13613353669643402 -0.801917314529419
3038   90  -31 40.035155 38.713111 -5.725943565368652 0.25792673230171204 41 -0.582220196723938 0.13676436245441437 -0.8014456629753113
3039   90  -31 40.044972 38.713389 -5.2893147468566895 0.11203521490097046 35 -0.581457793712616 0.13648976385593414 -0.8020457625389099
3040   88  -32 40.017371 38.706760 -6.678215026855469 0.43271195888519287 36 -0.5832511782646179 0.1375143975019455 -0.8005672097206116
3041   89  -32 40.027328 38.706630 -6.391045093536377 0.27773576974868774 38 -0.5826500654220581 0.13729813694953918 -0.8010419607162476
3042   88  -32 40.017469 38.699791 -6.095117092132568 0.23590147495269775 40 -0.5831719636917114 0.13789235055446625 -0.800559937953949
3043   89  -32 40.026669 38.699581 -6.367756366729736 0.32869428396224976 38 -0.5825507044792175 0.13768270611763 -0.801048219203949
3044   90  -32 40.035290 38.706180 -5.990830898284912 0.41273215413093567 33 -0.5821592807769775 0.1371438205242157 -0.8014250993728638
3045   90  -32 40.044185 38.706247 -4.901514530181885 0.24740734696388245 32 -0.5814893245697021 0.1369107961654663 -0.8019511103630066
3046   90  -32 40.035380 38.699320 -6.298094272613525 0.5662369728088379 35 -0.5819877982139587 0.1374937891960144 -0.8014896512031555
3047   90  -32 40.044760 38.699321 -4.876983165740967 0.1996677666902542 17 -0.5812761187553406 0.13725025951862335 -0.8020476698875427
3048   92  -29 40.063058 38.727316 -6.905313491821289 0.2773453891277313 32 -0.5805643796920776 0.13534055650234222 -0.8028873205184937
3049   93  -29 40.071486 38.727161 -6.079957485198975 0.543526291847229 20 -0.5800133943557739 0.13515225052833557 -0.803317129611969
3050   93  -29 40.080702 38.727135 -5.166894912719727 0.0865066647529602 31 -0.5789265036582947 0.13657259941101074 -0.8038607239723206
3051   97  -28 40.117071 38.740839 -6.3809099197387695 0.13266995549201965 37 -0.5762666463851929 0.13644948601722717 -0.8057905435562134
3052   94  -28 40.090117 38.734095 -5.370844841003418 0.19410280883312225 32 -0.5780010223388672 0.13743822276592255 -0.8043789863586426
3053   95  -28 40.098953 38.733750 -5.696592807769775 0.24197565019130707 36 -0.5773376226425171 0.13733690977096558 -0.8048726320266724
3054   94  -29 40.089765 38.727297 -5.773317813873291 0.17717072367668152 32 -0.5778523683547974 0.13796794414520264 -0.8043951392173767
3055   95  -29 40.098830 38.727007 -5.696236610412598 0.1342545449733734 31 -0.5772067904472351 0.1377488076686859 -0.8048960566520691
3056   96  -28 40.107985 38.733874 -5.814189910888672 0.25869297981262207 34 -0.5767014622688293 0.13709354400634766 -0.8053699731826782
3057  107  -25 40.234320 38.767757 -7.676415920257568 0.8415200114250183 35 -0.5687434673309326 0.13183706998825073 -0.8118804693222046
3058  108  -25 40.243478 38.767814 -7.204894065856934 0.5194713473320007 33 -0.5680895447731018 0.13159574568271637 -0.8123772740364075
3059  108  -24 40.252037 38.774561 -6.332385063171387 0.22775603830814362 43 -0.5677329301834106 0.13099601864814758 -0.8127234578132629
3060  109  -24 40.261421 38.774789 -5.945053577423096 0.2131619155406952 119 -0.5669771432876587 0.1307191401720047 -0.8132954239845276
3061  108  -25 40.252392 38.767556 -7.43814754486084 0.644672691822052 143 -0.5673988461494446 0.13136860728263855 -0.8128965497016907
3062  175   33 41.031150 39.284364 -5.726564884185791 0.45279988646507263 36 -0.5139999985694885 0.12295638024806976 -0.848932147026062
3063  174   32 41.021751 39.277696 -5.198172092437744 0.5406950116157532 35 -0.5145498514175415 0.12357425689697266 -0.8485092520713806
3064  175   32 41.030534 39.277338 -5.115062236785889 0.5799378752708435 35 -0.5138196349143982 0.12334233522415161 -0.8489853143692017
3065  175   33 41.039725 39.284392 -5.025191307067871 0.6118865609169006 37 -0.5133134126663208 0.12271434813737869 -0.8493824601173401
3066  176   33 41.048259 39.283848 -4.248675346374512 0.5401937961578369 118 -0.5125955939292908 0.12249975651502609 -0.8498468399047852
3067  176   32 41.039833 39.277226 -4.6455230712890625 0.5082933902740479 154 -0.5130568146705627 0.1230836808681488 -0.8494840860366821
3068  172   31 41.002574 39.270500 -5.770545959472656 0.7374147176742554 113 -0.5158858299255371 0.12450109422206879 -0.8475620150566101
3069  173   32 41.012727 39.271314 -5.532094478607178 0.7342759370803833 40 -0.5150761604309082 0.12416620552539825 -0.848103404045105
3070  172   31 41.003322 39.263401 -5.85235071182251 0.6369017362594604 37 -0.5155742168426514 0.12484873086214066 -0.8477004766464233
3071  173   31 41.012591 39.263616 -6.085209369659424 0.7259917259216309 29 -0.514815628528595 0.12457016855478287 -0.8482023477554321
3072  174   31 41.021516 39.270485 -5.671112537384033 0.7052926421165466 30 -0.5143153071403503 0.12395516782999039 -0.8485958576202393
3073  172   30 41.002678 39.256842 -5.989356517791748 0.5986748337745667 37 -0.5153982043266296 0.1252090036869049 -0.8477542996406555
3074  178   30 41.065740 39.255607 -4.68523645401001 0.5560077428817749 27 -0.510270357131958 0.12348421663045883 -0.8511027097702026
3075  177   29 41.056771 39.248840 -4.0881853103637695 0.5281442403793335 23 -0.5107532739639282 0.12408611178398132 -0.8507254719734192
3076  178   29 41.065629 39.248872 -4.459590435028076 0.6488996148109436 38 -0.5100508332252502 0.12383589148521423 -0.8511832356452942
3077  173   26 41.011252 39.221557 -4.793695449829102 0.5686782598495483 51 -0.5135203003883362 0.12680883705615997 -0.8486557006835938
3078  175   27 41.029317 39.228247 -5.064958095550537 0.6630803346633911 40 -0.5122510194778442 0.12593410909175873 -0.849552571773529
3079  174   26 41.019876 39.221844 -4.810727119445801 0.43829014897346497 46 -0.5128349661827087 0.1265469491481781 -0.8491090536117554
3080  175   26 41.028695 39.221036 -4.863890647888184 0.5709506273269653 35 -0.5120697617530823 0.12632997334003448 -0.8496030569076538
3081  176   28 41.046997 39.241858 -4.376034259796143 0.6996062994003296 45 -0.5112801790237427 0.12472059577703476 -0.8503159880638123
3082  176   28 41.038644 39.235171 -4.55853796005249 0.5152709484100342 46 -0.5117250084877014 0.1253054291009903 -0.8499624133110046
3083  176   28 41.047118 39.234740 -4.721567153930664 0.46998026967048645 52 -0.5110291838645935 0.1250869780778885 -0.8504131436347961
3084  177   28 41.056972 39.242088 -4.108848571777344 0.6991645097732544 45 -0.5104922652244568 0.12442728132009506 -0.8508322834968567
3085  178   28 41.065758 39.241536 -4.381743431091309 0.562411904335022 45 -0.5097710490226746 0.12420767545700073 -0.8512966632843018
3086  177   28 41.056972 39.234339 -4.48906946182251 0.5470789670944214 44 -0.5102018713951111 0.1248224750161171 -0.8509485721588135
3087  178   28 41.064887 39.235152 -4.573259353637695 0.49812042713165283 49 -0.5096149444580078 0.12456044554710388 -0.8513385653495789
3088  175   27 41.038168 39.228130 -5.000181198120117 0.45515909790992737 43 -0.5115333795547485 0.12568709254264832 -0.8500213623046875
3089  176   27 41.047185 39.227690 -4.715702056884766 0.7669399976730347 35 -0.510781466960907 0.1254502683877945 -0.850508451461792
3090  176   26 41.038001 39.220760 -4.990204811096191 0.6499742269515991 33 -0.5112956166267395 0.1260743886232376 -0.8501071333885193
3091  176   26 41.046977 39.220852 -4.825876712799072 0.5842481255531311 32 -0.5105767250061035 0.1258133500814438 -0.850577712059021
3092  178   27 41.061490 39.225058 -4.4446210861206055 0.7046763896942139 30 -0.5095348954200745 0.125177264213562 -0.8512959480285645
3093  172   25 41.001984 39.214882 -4.145736217498779 0.6400954127311707 27 -0.5140495896339417 0.12742529809474945 -0.8482428193092346
3094  173   25 41.011017 39.214428 -4.793598175048828 0.6363299489021301 27 -0.5132904648780823 0.12718573212623596 -0.8487383127212524
3095  172   24 41.002476 39.207241 -4.439968585968018 0.7196643948554993 36 -0.513762354850769 0.12781287729740143 -0.8483585119247437
3096  173   24 41.011247 39.207427 -4.904930591583252 0.5541653037071228 26 -0.5130488872528076 0.12754742801189423 -0.8488301038742065
3097  174   25 41.020107 39.213862 -4.645292282104492 0.6786769032478333 20 -0.512542724609375 0.12695527076721191 -0.8492245674133301
3098  175   25 41.029161 39.214129 -4.894256591796875 0.635301411151886 16 -0.5118107795715332 0.12667915225028992 -0.8497071266174316
3099  174   24 41.019745 39.207336 -4.8336286544799805 0.5463249087333679 68 -0.5123604536056519 0.1273079812526703 -0.8492817878723145
3100  175   24 41.028828 39.207048 -4.515465259552002 0.608629584312439 99 -0.5116117000579834 0.1270599514245987 -0.8497701287269592
3101  172   24 41.001725 39.200584 -4.816017150878906 0.6397623419761658 88 -0.5154424905776978 0.12062489986419678 -0.8483918309211731
3102  173   24 41.009949 39.200900 -4.648155689239502 0.7190811634063721 81 -0.5139073133468628 0.12405475974082947 -0.8488284349441528
3103  173   23 41.003441 39.194846 -5.2097673416137695 0.7657676339149475 100 -0.5157310366630554 0.11848506331443787 -0.8485180139541626
3104  173   23 41.010280 39.192685 -4.940429210662842 1.0213420391082764 40 -0.5150943398475647 0.11840710788965225 -0.8489155769348145
3105  174   23 41.024855 39.197055 -4.680416107177734 0.7336273193359375 42 -0.5129797458648682 0.1221015453338623 -0.8496723175048828
3106  176   25 41.041776 39.212319 -4.601325035095215 0.6248129606246948 33 -0.5107191801071167 0.12640798091888428 -0.8504040241241455
3107  177   25 41.060101 39.209752 -4.579127311706543 0.8089975118637085 37 -0.5091298222541809 0.12600958347320557 -0.8514155745506287
3108  176   23 41.041773 39.196740 -5.094247341156006 0.6379926204681396 37 -0.5112255215644836 0.12295336276292801 -0.8506062030792236
3109  178   23 41.060533 39.196739 -4.9283857345581055 0.6758370995521545 35 -0.5091632604598999 0.12436084449291229 -0.8516379594802856
3110  179   28 41.079738 39.238402 -4.088629722595215 0.6897995471954346 44 -0.5085213780403137 0.12396808713674545 -0.8520785570144653
3111  181   28 41.097360 39.237237 -4.275703430175781 0.6512938737869263 38 -0.5070466995239258 0.12352415174245834 -0.8530213832855225
3112  179   26 41.078676 39.223262 -4.190700531005859 0.6836699843406677 33 -0.5080663561820984 0.12477414309978485 -0.8522323966026306
3113  181   26 41.097153 39.223707 -4.369281768798828 0.6402734518051147 43 -0.5065549612045288 0.12421507388353348 -0.8532131910324097
3114  183   27 41.125334 39.231168 -4.21226692199707 0.6706892848014832 43 -0.5044573545455933 0.12301044911146164 -0.8546292781829834
3115  180   24 41.088153 39.205495 -4.590734958648682 0.6356492638587952 42 -0.5066698789596558 0.12518034875392914 -0.8530038595199585
3116  183   24 41.122208 39.201716 -4.284709930419922 0.645635187625885 44 -0.5036101937294006 0.12458439916372299 -0.8549008965492249
3117  136  -28 40.571033 38.732734 -4.1754326820373535 0.3080763518810272 45 -0.541824460029602 0.12469843029975891 -0.8311898708343506
3118  139  -28 40.606024 38.731520 -4.054819583892822 0.3971226215362549 40 -0.5389654040336609 0.1242610290646553 -0.8331119418144226
3119  136  -31 40.569755 38.703757 -4.466259479522705 0.37461385130882263 39 -0.541021466255188 0.12633450329303741 -0.8314657807350159
3120  139  -31 40.606055 38.704168 -4.156787395477295 0.40847980976104736 42 -0.5382277965545654 0.1253221035003662 -0.833429753780365
3121  143  -29 40.655062 38.719192 -3.9453587532043457 0.384346604347229 41 -0.5345444083213806 0.12468861788511276 -0.8358917236328125
3122  138  -36 40.588855 38.660678 -4.1269612312316895 0.35605528950691223 42 -0.5382909774780273 0.12820544838905334 -0.8329502940177917
3123  142  -36 40.640819 38.656794 -4.167281150817871 0.5549445152282715 41 -0.5341425538063049 0.12698578834533691 -0.8358027935028076
3124  153  -35 40.766251 38.670786 -3.8198959827423096 0.5272514820098877 36 -0.5239731669425964 0.12433111667633057 -0.8426113724708557
3125  141  -45 40.618165 38.575901 -4.067203998565674 0.39778026938438416 18 -0.5341224670410156 0.12724900245666504 -0.83577561378479
3126  154  -46 40.774385 38.570361 -3.8595736026763916 0.7077109813690186 35 -0.5209653377532959 0.12409035861492157 -0.8445097804069519
3127  166  -44 40.915267 38.580586 -4.477682113647461 1.379659652709961 36 -0.5090309977531433 0.12239992618560791 -0.8520010113716125
3128  147  -64 40.683712 38.407276 -3.9307985305786133 0.6868521571159363 117 -0.5252856612205505 0.12451647967100143 -0.841766357421875
3129  166  -63 40.911752 38.410964 -4.174006462097168 0.5527222752571106 23 -0.5059723854064941 0.11956261843442917 -0.85422283411026
3130  130  154 40.538212 40.380750 -0.0016474277945235372 1.3842411041259766 41 -0.5728321671485901 0.13831403851509094 -0.8079186677932739
